child_id,preference_id
1,1
2,1
3,2
4,2
5,3
6,3
7,2
8,3
9,3
10,3
11,1
12,1
13,1
14,3
15,1
16,3
17,3
18,2
19,3
20,1
21,1
22,3
23,3
24,3
25,2
26,3
27,1
28,3
29,3
30,3
31,2
32,2
33,3
34,3
35,1
36,2
37,3
38,2
39,1
40,1
41,3
42,3
43,1
44,3
45,1
46,1
47,1
48,1
49,3
50,3
51,1
52,1
53,3
54,2
55,2
56,1
57,3
58,1
59,1
60,2
61,2
62,1
63,3
64,2
65,3
66,3
67,1
68,1
69,3
70,2
71,2
72,1
73,3
74,3
75,3
76,3
77,3
78,1
79,1
80,2
81,3
82,1
83,3
84,3
85,1
86,1
87,2
88,2
89,3
90,1
91,1
92,3
93,2
94,1
95,2
96,2
97,3
98,2
99,1
100,3
101,3
102,1
103,3
104,3
105,1
106,2
107,1
108,3
109,1
110,1
111,2
112,1
113,3
114,1
115,3
116,3
117,2
118,1
119,3
120,2
121,2
122,1
123,3
124,3
125,1
126,1
127,1
128,1
129,1
130,1
131,3
132,1
133,3
134,3
135,1
136,3
137,2
138,2
139,3
140,3
141,2
142,3
143,2
144,1
145,3
146,3
147,3
148,2
149,1
150,3
151,1
152,3
153,3
154,3
155,1
156,3
157,3
158,2
159,3
160,2
161,1
162,1
163,3
164,1
165,3
166,1
167,1
168,1
169,1
170,2
171,1
172,3
173,3
174,1
175,1
176,3
177,3
178,3
179,2
180,3
181,1
182,3
183,1
184,3
185,2
186,3
187,1
188,3
189,1
190,3
191,3
192,1
193,1
194,1
195,2
196,1
197,1
198,2
199,1
200,1
201,2
202,1
203,2
204,3
205,2
206,2
207,1
208,1
209,1
210,2
211,2
212,1
213,3
214,1
215,3
216,2
217,3
218,2
219,3
220,1
221,1
222,3
223,2
224,3
225,2
226,3
227,3
228,3
229,1
230,1
231,3
232,3
233,3
234,2
235,3
236,1
237,3
238,3
239,3
240,2
241,2
242,3
243,1
244,3
245,1
246,3
247,1
248,3
249,3
250,1
251,2
252,1
253,3
254,3
255,1
256,3
257,1
258,3
259,2
260,3
261,2
262,1
263,3
264,3
265,1
266,2
267,3
268,3
269,3
270,3
271,3
272,1
273,1
274,2
275,2
276,3
277,3
278,3
279,3
280,3
281,3
282,1
283,2
284,2
285,189
286,3
287,2
288,3
289,2
290,3
291,1
292,1
293,3
294,2
295,2
296,1
297,1
298,3
299,1
300,1
301,3
302,1
303,3
304,3
305,2
306,2
307,3
308,3
309,1
310,1
311,1
312,2
313,3
314,1
315,584
316,3
317,1
318,3
319,3
320,3
321,3
322,2
323,3
324,1
325,1
326,2
327,3
328,3
329,2
330,3
331,2
332,1
333,1
334,2
335,1
336,2
337,2
338,1
339,1
340,1
341,2
342,2
343,1
344,1
345,2
346,1
347,3
348,3
349,1
350,2
351,1
352,1
353,3
354,3
355,3
356,3
357,1
358,1
359,3
360,1
361,1
362,3
363,933
364,3
365,1
366,3
367,1
368,1
369,1
370,1
371,1
372,2
373,1
374,3
375,3
376,1
377,1
378,2
379,3
380,3
381,3
382,3
383,1
384,2
385,2
386,3
387,2
388,1
389,3
390,3
391,1
392,2
393,3
394,3
395,3
396,3
397,1
398,3
399,1
400,1
401,1
402,2
403,1
404,3
405,1
406,3
407,1
408,1
409,1
410,1
411,3
412,1
413,1
414,1
415,3
416,3
417,3
418,3
419,2
420,3
421,2
422,1
423,1
424,1
425,1
426,3
427,2
428,3
429,2
430,3
431,1
432,3
433,3
434,2
435,1
436,1
437,1
438,2
439,2
440,3
441,3
442,3
443,3
444,3
445,2
446,1
447,3
448,3
449,3
450,1
451,3
452,3
453,3
454,3
455,1
456,3
457,3
458,1
459,1
460,1
461,1
462,2
463,1
464,3
465,3
466,1
467,3
468,3
469,2
470,1
471,1
472,3
473,3
474,2
475,3
476,3
477,1
478,2
479,2
480,3
481,1
482,1
483,1
484,2
485,2
486,1
487,3
488,1
489,1
490,1
491,1
492,3
493,1
494,3
495,1
496,3
497,2
498,1
499,2
500,3
501,2
502,3
503,3
504,1
505,1
506,2
507,3
508,3
509,3
510,1
511,1
512,3
513,3
514,1
515,3
516,3
517,3
518,3
519,3
520,2
521,2
522,3
523,3
524,2
525,2
526,2
527,1
528,3
529,2
530,3
531,3
532,2
533,3
534,1
535,3
536,2
537,3
538,3
539,3
540,1
541,1
542,1
543,3
544,3
545,2
546,3
547,1
548,3
549,3
550,2
551,1
552,1
553,3
554,3
555,1
556,1
557,1
558,3
559,2
560,1
561,2
562,1
563,1
564,3
565,3
566,1
567,1
568,3
569,3
570,1
571,3
572,2
573,1
574,3
575,1
576,3
577,3
578,3
579,3
580,3
581,3
582,3
583,3
584,1
585,2
586,2
587,2
588,3
589,3
590,1
591,3
592,3
593,2
594,1
595,1
596,2
597,1
598,3
599,1
600,2
601,1
602,1
603,1
604,1
605,3
606,2
607,3
608,2
609,3
610,3
611,1
612,1
613,3
614,1
615,3
616,1
617,3
618,2
619,2
620,3
621,3
622,3
623,2
624,1
625,1
626,3
627,2
628,1
629,3
630,1
631,1
632,2
633,1
634,2
635,2
636,1
637,1
638,3
639,3
640,1
641,1
642,2
643,2
644,2
645,3
646,1
647,3
648,3
649,3
650,3
651,2
652,1
653,2
654,3
655,1
656,1
657,3
658,1
659,3
660,1
661,2
662,1
663,3
664,1
665,1
666,3
667,2
668,3
669,3
670,3
671,1
672,1
673,1
674,1
675,3
676,3
677,1
678,1
679,2
680,1
681,3
682,3
683,3
684,3
685,3
686,3
687,2
688,3
689,1
690,3
691,1
692,1
693,2
694,1
695,1
696,3
697,3
698,1
699,3
700,1
701,1
702,1
703,3
704,3
705,3
706,2
707,1
708,1
709,3
710,3
711,1
712,3
713,3
714,3
715,3
716,3
717,2
718,2
719,1
720,3
721,2
722,1
723,3
724,1
725,1
726,2
727,3
728,3
729,3
730,1
731,3
732,1
733,3
734,2
735,1
736,1
737,3
738,2
739,1
740,3
741,3
742,2
743,1
744,1
745,2
746,1
747,1
748,3
749,2
750,2
751,1
752,1
753,2
754,3
755,3
756,3
757,3
758,2
759,3
760,1
761,1
762,3
763,3
764,3
765,1
766,3
767,2
768,3
769,1
770,1
771,1
772,1
773,3
774,2
775,3
776,1
777,3
778,1
779,3
780,3
781,2
782,3
783,1
784,3
785,2
786,1
787,3
788,1
789,3
790,3
791,3
792,2
793,3
794,3
795,2
796,3
797,2
798,2
799,3
800,2
801,1
802,2
803,1
804,1
805,2
806,3
807,3
808,2
809,1
810,2
811,2
812,1
813,3
814,3
815,3
816,2
817,3
818,3
819,1
820,3
821,928
822,1
823,3
824,3
825,3
826,2
827,3
828,2
829,1
830,2
831,2
832,1
833,3
834,1
835,3
836,3
837,3
838,1
839,2
840,2
841,1
842,1
843,1
844,3
845,1
846,2
847,1
848,3
849,1
850,3
851,3
852,1
853,3
854,1
855,3
856,2
857,3
858,3
859,1
860,1
861,3
862,3
863,1
864,3
865,3
866,1
867,3
868,3
869,1
870,3
871,3
872,1
873,3
874,2
875,3
876,3
877,3
878,3
879,2
880,2
881,1
882,1
883,3
884,1
885,1
886,3
887,3
888,3
889,1
890,1
891,1
892,3
893,1
894,592
895,1
896,1
897,3
898,3
899,3
900,3
901,2
902,1
903,1
904,2
905,2
906,3
907,3
908,1
909,1
910,3
911,1
912,3
913,1
914,3
915,3
916,3
917,1
918,2
919,3
920,1
921,3
922,3
923,3
924,3
925,2
926,1
927,1
928,3
929,2
930,3
931,3
932,1
933,1
934,3
935,1
936,1
937,1
938,1
939,3
940,1
941,3
942,3
943,1
944,3
945,3
946,3
947,2
948,3
949,1
950,2
951,2
952,3
953,1
954,2
955,2
956,3
957,3
958,1
959,3
960,3
961,3
962,3
963,3
964,3
965,1
966,3
967,3
968,3
969,2
970,1
971,1
972,2
973,1
974,1
975,2
976,1
977,2
978,3
979,1
980,2
981,2
982,1
983,3
984,1
985,1
986,3
987,3
988,2
989,3
990,1
991,1
992,1
993,3
994,3
995,2
996,3
997,1
998,1
999,2
1000,3
1001,2
1002,1
1003,3
1004,3
1005,2
1006,1
1007,2
1008,3
1009,3
1010,3
1011,3
1012,3
1013,3
1014,1
1015,3
1016,1
1017,2
1018,3
1019,3
1020,1
1021,2
1022,3
1023,891
1024,2
1025,1
1026,3
1027,3
1028,3
1029,1
1030,1
1031,3
1032,3
1033,1
1034,3
1035,3
1036,156
1037,1
1038,2
1039,1
1040,3
1041,3
1042,3
1043,2
1044,3
1045,1
1046,3
1047,3
1048,2
1049,2
1050,3
1051,3
1052,1
1053,2
1054,1
1055,1
1056,1
1057,3
1058,1
1059,2
1060,3
1061,3
1062,3
1063,3
1064,2
1065,1
1066,3
1067,1
1068,1
1069,1
1070,1
1071,2
1072,1
1073,1
1074,3
1075,3
1076,3
1077,1
1078,1
1079,1
1080,3
1081,2
1082,3
1083,3
1084,1
1085,1
1086,3
1087,3
1088,3
1089,1
1090,1
1091,1
1092,2
1093,3
1094,2
1095,1
1096,3
1097,1
1098,3
1099,3
1100,3
1101,2
1102,2
1103,1
1104,1
1105,1
1106,2
1107,1
1108,2
1109,3
1110,3
1111,1
1112,1
1113,3
1114,3
1115,2
1116,3
1117,2
1118,1
1119,3
1120,2
1121,1
1122,3
1123,3
1124,3
1125,2
1126,2
1127,2
1128,1
1129,2
1130,2
1131,3
1132,874
1133,1
1134,1
1135,2
1136,1
1137,3
1138,3
1139,2
1140,2
1141,1
1142,1
1143,1
1144,1
1145,3
1146,3
1147,1
1148,1
1149,1
1150,1
1151,1
1152,3
1153,3
1154,2
1155,1
1156,3
1157,2
1158,1
1159,3
1160,2
1161,1
1162,3
1163,1
1164,1
1165,1
1166,3
1167,3
1168,1
1169,1
1170,3
1171,1
1172,2
1173,1
1174,3
1175,1
1176,3
1177,1
1178,2
1179,1
1180,3
1181,1
1182,3
1183,2
1184,3
1185,1
1186,1
1187,3
1188,1
1189,1
1190,1
1191,3
1192,3
1193,1
1194,1
1195,3
1196,1
1197,3
1198,1
1199,3
1200,2
1201,3
1202,1
1203,3
1204,3
1205,3
1206,2
1207,1
1208,1
1209,3
1210,2
1211,3
1212,3
1213,1
1214,1
1215,2
1216,1
1217,2
1218,3
1219,3
1220,3
1221,3
1222,1
1223,1
1224,3
1225,3
1226,1
1227,1
1228,2
1229,3
1230,1
1231,2
1232,2
1233,1
1234,1
1235,2
1236,3
1237,1
1238,1
1239,2
1240,2
1241,1
1242,2
1243,2
1244,1
1245,1
1246,3
1247,3
1248,3
1249,1
1250,2
1251,1
1252,2
1253,1
1254,2
1255,3
1256,3
1257,1
1258,2
1259,1
1260,3
1261,1
1262,3
1263,1
1264,2
1265,1
1266,1
1267,1
1268,1
1269,2
1270,1
1271,1
1272,3
1273,3
1274,3
1275,3
1276,3
1277,3
1278,3
1279,1
1280,2
1281,1
1282,3
1283,3
1284,3
1285,1
1286,1
1287,3
1288,1
1289,3
1290,3
1291,3
1292,3
1293,2
1294,2
1295,1
1296,3
1297,3
1298,3
1299,1
1300,1
1301,2
1302,2
1303,3
1304,3
1305,1
1306,3
1307,3
1308,1
1309,1
1310,3
1311,3
1312,2
1313,3
1314,1
1315,3
1316,1
1317,2
1318,1
1319,1
1320,3
1321,3
1322,3
1323,1
1324,3
1325,2
1326,1
1327,2
1328,1
1329,3
1330,3
1331,2
1332,3
1333,3
1334,1
1335,1
1336,2
1337,3
1338,3
1339,2
1340,1
1341,3
1342,1
1343,3
1344,3
1345,1
1346,3
1347,1
1348,3
1349,1
1350,3
1351,1
1352,1
1353,3
1354,920
1355,3
1356,1
1357,3
1358,3
1359,3
1360,2
1361,2
1362,1
1363,1
1364,1
1365,2
1366,3
1367,2
1368,1
1369,1
1370,1
1371,2
1372,3
1373,2
1374,3
1375,1
1376,1
1377,3
1378,3
1379,2
1380,1
1381,3
1382,1
1383,2
1384,1
1385,2
1386,3
1387,1
1388,1
1389,1
1390,3
1391,1
1392,1
1393,3
1394,3
1395,1
1396,1
1397,3
1398,2
1399,2
1400,3
1401,3
1402,1
1403,3
1404,1
1405,2
1406,1
1407,2
1408,1
1409,3
1410,1
1411,3
1412,3
1413,1
1414,1
1415,2
1416,1
1417,3
1418,1
1419,3
1420,3
1421,1
1422,1
1423,1
1424,3
1425,2
1426,2
1427,3
1428,2
1429,1
1430,3
1431,1
1432,3
1433,1
1434,3
1435,571
1436,1
1437,2
1438,1
1439,2
1440,2
1441,2
1442,2
1443,1
1444,1
1445,3
1446,1
1447,2
1448,1
1449,3
1450,3
1451,3
1452,2
1453,1
1454,1
1455,1
1456,1
1457,3
1458,2
1459,1
1460,2
1461,2
1462,1
1463,2
1464,3
1465,3
1466,1
1467,3
1468,3
1469,3
1470,3
1471,1
1472,1
1473,1
1474,3
1475,1
1476,2
1477,3
1478,3
1479,1
1480,3
1481,2
1482,3
1483,3
1484,3
1485,1
1486,1
1487,3
1488,1
1489,1
1490,1
1491,3
1492,1
1493,2
1494,3
1495,3
1496,1
1497,2
1498,1
1499,3
1500,2
1501,3
1502,1
1503,3
1504,1
1505,1
1506,1
1507,1
1508,3
1509,1
1510,3
1511,1
1512,3
1513,3
1514,3
1515,3
1516,1
1517,2
1518,3
1519,1
1520,2
1521,3
1522,1
1523,3
1524,3
1525,1
1526,2
1527,1
1528,3
1529,3
1530,1
1531,1
1532,3
1533,1
1534,1
1535,2
1536,1
1537,3
1538,2
1539,3
1540,3
1541,1
1542,2
1543,1
1544,2
1545,1
1546,1
1547,3
1548,1
1549,2
1550,1
1551,3
1552,1
1553,1
1554,3
1555,1
1556,3
1557,1
1558,2
1559,2
1560,3
1561,2
1562,3
1563,3
1564,2
1565,3
1566,528
1567,3
1568,3
1569,3
1570,2
1571,3
1572,1
1573,1
1574,2
1575,1
1576,3
1577,2
1578,3
1579,1
1580,1
1581,3
1582,1
1583,1
1584,1
1585,3
1586,1
1587,1
1588,3
1589,3
1590,3
1591,1
1592,2
1593,2
1594,1
1595,1
1596,1
1597,1
1598,3
1599,3
1600,1
1601,1
1602,1
1603,3
1604,3
1605,3
1606,3
1607,1
1608,3
1609,533
1610,3
1611,1
1612,3
1613,3
1614,2
1615,1
1616,2
1617,3
1618,1
1619,2
1620,900
1621,2
1622,1
1623,2
1624,1
1625,1
1626,1
1627,3
1628,1
1629,1
1630,1
1631,1
1632,3
1633,1
1634,1
1635,1
1636,3
1637,1
1638,1
1639,1
1640,3
1641,1
1642,3
1643,1
1644,3
1645,2
1646,3
1647,3
1648,1
1649,1
1650,3
1651,1
1652,1
1653,3
1654,3
1655,2
1656,1
1657,3
1658,3
1659,3
1660,3
1661,1
1662,3
1663,3
1664,3
1665,3
1666,1
1667,3
1668,259
1669,3
1670,2
1671,1
1672,3
1673,3
1674,1
1675,3
1676,3
1677,2
1678,3
1679,3
1680,2
1681,1
1682,3
1683,1
1684,2
1685,3
1686,1
1687,3
1688,2
1689,3
1690,2
1691,3
1692,1
1693,3
1694,3
1695,2
1696,1
1697,3
1698,3
1699,3
1700,1
1701,1
1702,3
1703,3
1704,1
1705,3
1706,3
1707,2
1708,1
1709,3
1710,3
1711,1
1712,3
1713,3
1714,3
1715,3
1716,3
1717,2
1718,1
1719,1
1720,2
1721,2
1722,1
1723,2
1724,3
1725,1
1726,3
1727,1
1728,3
1729,2
1730,1
1731,1
1732,3
1733,3
1734,2
1735,2
1736,1
1737,3
1738,1
1739,3
1740,3
1741,3
1742,1
1743,3
1744,3
1745,3
1746,2
1747,1
1748,3
1749,3
1750,1
1751,1
1752,1
1753,3
1754,2
1755,3
1756,705
1757,3
1758,3
1759,3
1760,3
1761,1
1762,1
1763,3
1764,2
1765,3
1766,1
1767,1
1768,2
1769,3
1770,616
1771,1
1772,3
1773,2
1774,1
1775,3
1776,2
1777,2
1778,3
1779,3
1780,3
1781,2
1782,2
1783,2
1784,1
1785,3
1786,3
1787,1
1788,1
1789,2
1790,3
1791,1
1792,1
1793,1
1794,3
1795,1
1796,2
1797,1
1798,1
1799,3
1800,2
1801,1
1802,3
1803,1
1804,1
1805,3
1806,2
1807,3
1808,3
1809,1
1810,156
1811,1
1812,3
1813,2
1814,3
1815,1
1816,3
1817,1
1818,2
1819,3
1820,3
1821,3
1822,3
1823,3
1824,2
1825,1
1826,1
1827,3
1828,2
1829,1
1830,3
1831,3
1832,3
1833,3
1834,3
1835,2
1836,2
1837,3
1838,3
1839,3
1840,2
1841,1
1842,2
1843,2
1844,2
1845,1
1846,1
1847,1
1848,1
1849,3
1850,1
1851,3
1852,1
1853,1
1854,3
1855,2
1856,3
1857,3
1858,3
1859,2
1860,3
1861,3
1862,1
1863,3
1864,1
1865,2
1866,3
1867,1
1868,1
1869,2
1870,3
1871,2
1872,3
1873,1
1874,1
1875,3
1876,3
1877,3
1878,3
1879,3
1880,3
1881,1
1882,3
1883,3
1884,3
1885,1
1886,3
1887,3
1888,3
1889,1
1890,1
1891,3
1892,3
1893,1
1894,3
1895,1
1896,2
1897,3
1898,3
1899,2
1900,1
1901,3
1902,2
1903,3
1904,2
1905,3
1906,1
1907,3
1908,3
1909,3
1910,2
1911,1
1912,1
1913,2
1914,2
1915,1
1916,1
1917,3
1918,3
1919,3
1920,1
1921,1
1922,1
1923,2
1924,3
1925,1
1926,1
1927,2
1928,1
1929,3
1930,3
1931,3
1932,2
1933,1
1934,3
1935,3
1936,3
1937,3
1938,2
1939,2
1940,3
1941,3
1942,1
1943,3
1944,2
1945,1
1946,2
1947,2
1948,1
1949,1
1950,3
1951,2
1952,3
1953,2
1954,1
1955,1
1956,3
1957,3
1958,3
1959,2
1960,3
1961,2
1962,2
1963,2
1964,1
1965,2
1966,1
1967,3
1968,3
1969,3
1970,3
1971,3
1972,1
1973,3
1974,3
1975,3
1976,3
1977,1
1978,3
1979,3
1980,2
1981,1
1982,3
1983,1
1984,2
1985,1
1986,1
1987,3
1988,2
1989,1
1990,2
1991,2
1992,2
1993,1
1994,3
1995,1
1996,2
1997,3
1998,3
1999,3
2000,3
2001,1
2002,3
2003,3
2004,3
2005,3
2006,3
2007,2
2008,1
2009,1
2010,3
2011,3
2012,2
2013,3
2014,2
2015,1
2016,3
2017,2
2018,3
2019,3
2020,3
2021,3
2022,1
2023,3
2024,1
2025,2
2026,2
2027,3
2028,1
2029,2
2030,3
2031,2
2032,3
2033,1
2034,1
2035,1
2036,2
2037,3
2038,2
2039,3
2040,1
2041,2
2042,1
2043,1
2044,3
2045,3
2046,3
2047,2
2048,2
2049,3
2050,1
2051,2
2052,1
2053,1
2054,3
2055,3
2056,3
2057,2
2058,3
2059,1
2060,2
2061,3
2062,3
2063,3
2064,3
2065,2
2066,3
2067,2
2068,3
2069,2
2070,3
2071,2
2072,1
2073,2
2074,3
2075,3
2076,1
2077,2
2078,1
2079,1
2080,1
2081,1
2082,2
2083,3
2084,3
2085,3
2086,1
2087,3
2088,3
2089,3
2090,1
2091,2
2092,1
2093,3
2094,2
2095,3
2096,2
2097,1
2098,1
2099,1
2100,3
2101,2
2102,2
2103,3
2104,1
2105,3
2106,2
2107,1
2108,1
2109,3
2110,3
2111,2
2112,1
2113,1
2114,2
2115,1
2116,1
2117,1
2118,3
2119,3
2120,2
2121,3
2122,3
2123,2
2124,1
2125,1
2126,3
2127,2
2128,2
2129,3
2130,2
2131,2
2132,1
2133,2
2134,3
2135,3
2136,3
2137,1
2138,2
2139,1
2140,3
2141,1
2142,1
2143,3
2144,3
2145,3
2146,3
2147,3
2148,1
2149,3
2150,1
2151,2
2152,3
2153,2
2154,1
2155,2
2156,2
2157,3
2158,1
2159,3
2160,2
2161,2
2162,3
2163,1
2164,1
2165,3
2166,2
2167,1
2168,1
2169,2
2170,1
2171,3
2172,1
2173,3
2174,2
2175,1
2176,3
2177,2
2178,3
2179,1
2180,1
2181,2
2182,1
2183,3
2184,1
2185,1
2186,3
2187,3
2188,2
2189,3
2190,3
2191,2
2192,433
2193,3
2194,1
2195,3
2196,1
2197,3
2198,3
2199,3
2200,3
2201,2
2202,3
2203,1
2204,2
2205,3
2206,1
2207,1
2208,1
2209,1
2210,2
2211,2
2212,2
2213,1
2214,3
2215,3
2216,2
2217,3
2218,3
2219,2
2220,2
2221,3
2222,2
2223,1
2224,1
2225,3
2226,3
2227,1
2228,3
2229,3
2230,2
2231,1
2232,3
2233,3
2234,1
2235,2
2236,811
2237,712
2238,3
2239,3
2240,1
2241,3
2242,1
2243,1
2244,3
2245,3
2246,3
2247,3
2248,3
2249,3
2250,3
2251,1
2252,2
2253,1
2254,2
2255,3
2256,3
2257,1
2258,3
2259,3
2260,1
2261,3
2262,3
2263,1
2264,2
2265,3
2266,2
2267,3
2268,3
2269,1
2270,3
2271,3
2272,1
2273,1
2274,2
2275,1
2276,2
2277,2
2278,3
2279,3
2280,3
2281,1
2282,1
2283,3
2284,3
2285,3
2286,3
2287,1
2288,1
2289,3
2290,1
2291,3
2292,2
2293,1
2294,2
2295,1
2296,3
2297,3
2298,1
2299,1
2300,3
2301,3
2302,3
2303,1
2304,3
2305,2
2306,1
2307,3
2308,1
2309,3
2310,1
2311,2
2312,1
2313,3
2314,1
2315,1
2316,1
2317,2
2318,3
2319,1
2320,3
2321,2
2322,1
2323,1
2324,3
2325,3
2326,3
2327,2
2328,1
2329,1
2330,3
2331,3
2332,3
2333,1
2334,3
2335,3
2336,3
2337,1
2338,3
2339,3
2340,1
2341,1
2342,3
2343,1
2344,3
2345,3
2346,3
2347,2
2348,3
2349,2
2350,1
2351,3
2352,1
2353,1
2354,3
2355,3
2356,1
2357,2
2358,2
2359,1
2360,3
2361,3
2362,1
2363,3
2364,1
2365,2
2366,1
2367,3
2368,2
2369,1
2370,1
2371,1
2372,1
2373,3
2374,205
2375,3
2376,2
2377,3
2378,3
2379,3
2380,1
2381,1
2382,1
2383,2
2384,3
2385,1
2386,1
2387,1
2388,1
2389,3
2390,1
2391,2
2392,2
2393,3
2394,3
2395,1
2396,1
2397,1
2398,3
2399,3
2400,3
2401,1
2402,3
2403,2
2404,1
2405,1
2406,3
2407,3
2408,2
2409,1
2410,2
2411,1
2412,1
2413,2
2414,3
2415,1
2416,1
2417,1
2418,3
2419,2
2420,3
2421,2
2422,3
2423,1
2424,1
2425,3
2426,1
2427,1
2428,3
2429,3
2430,3
2431,3
2432,2
2433,2
2434,3
2435,3
2436,3
2437,1
2438,1
2439,1
2440,1
2441,3
2442,3
2443,3
2444,3
2445,3
2446,2
2447,2
2448,1
2449,2
2450,2
2451,1
2452,2
2453,1
2454,3
2455,1
2456,2
2457,3
2458,2
2459,1
2460,1
2461,3
2462,2
2463,1
2464,1
2465,3
2466,3
2467,2
2468,1
2469,508
2470,3
2471,1
2472,276
2473,3
2474,2
2475,3
2476,1
2477,3
2478,3
2479,3
2480,2
2481,3
2482,3
2483,1
2484,1
2485,2
2486,1
2487,3
2488,3
2489,3
2490,3
2491,2
2492,2
2493,3
2494,3
2495,2
2496,3
2497,3
2498,2
2499,1
2500,2
2501,2
2502,3
2503,3
2504,1
2505,3
2506,3
2507,3
2508,2
2509,3
2510,2
2511,1
2512,2
2513,2
2514,1
2515,1
2516,2
2517,3
2518,3
2519,1
2520,1
2521,3
2522,1
2523,1
2524,3
2525,1
2526,2
2527,3
2528,1
2529,3
2530,2
2531,3
2532,3
2533,1
2534,2
2535,3
2536,2
2537,1
2538,2
2539,3
2540,1
2541,1
2542,3
2543,1
2544,3
2545,3
2546,3
2547,3
2548,2
2549,1
2550,1
2551,1
2552,1
2553,3
2554,2
2555,1
2556,3
2557,3
2558,3
2559,3
2560,2
2561,2
2562,2
2563,3
2564,1
2565,3
2566,3
2567,1
2568,2
2569,3
2570,1
2571,1
2572,1
2573,3
2574,3
2575,1
2576,1
2577,1
2578,3
2579,1
2580,3
2581,1
2582,3
2583,3
2584,3
2585,3
2586,2
2587,2
2588,3
2589,3
2590,1
2591,1
2592,1
2593,1
2594,1
2595,3
2596,1
2597,1
2598,1
2599,3
2600,3
2601,1
2602,2
2603,1
2604,1
2605,1
2606,2
2607,3
2608,1
2609,3
2610,1
2611,1
2612,3
2613,3
2614,3
2615,3
2616,1
2617,1
2618,3
2619,1
2620,1
2621,3
2622,1
2623,3
2624,3
2625,3
2626,3
2627,1
2628,3
2629,1
2630,1
2631,3
2632,3
2633,3
2634,3
2635,3
2636,1
2637,2
2638,3
2639,2
2640,3
2641,1
2642,3
2643,3
2644,3
2645,2
2646,1
2647,3
2648,1
2649,3
2650,1
2651,1
2652,2
2653,1
2654,2
2655,1
2656,3
2657,1
2658,3
2659,1
2660,3
2661,2
2662,2
2663,1
2664,1
2665,1
2666,1
2667,1
2668,1
2669,1
2670,3
2671,3
2672,3
2673,3
2674,2
2675,3
2676,3
2677,2
2678,2
2679,2
2680,2
2681,3
2682,3
2683,2
2684,1
2685,2
2686,3
2687,1
2688,1
2689,1
2690,1
2691,1
2692,1
2693,1
2694,1
2695,1
2696,2
2697,3
2698,716
2699,3
2700,2
2701,1
2702,3
2703,3
2704,755
2705,517
2706,2
2707,3
2708,3
2709,1
2710,1
2711,1
2712,1
2713,1
2714,1
2715,1
2716,2
2717,3
2718,3
2719,1
2720,3
2721,2
2722,3
2723,2
2724,2
2725,2
2726,2
2727,1
2728,1
2729,3
2730,3
2731,3
2732,2
2733,3
2734,3
2735,3
2736,1
2737,1
2738,3
2739,3
2740,3
2741,3
2742,3
2743,2
2744,2
2745,3
2746,1
2747,3
2748,3
2749,1
2750,2
2751,1
2752,1
2753,3
2754,3
2755,3
2756,1
2757,2
2758,2
2759,2
2760,3
2761,2
2762,3
2763,3
2764,1
2765,1
2766,1
2767,3
2768,1
2769,1
2770,1
2771,3
2772,3
2773,1
2774,1
2775,1
2776,3
2777,2
2778,1
2779,3
2780,1
2781,3
2782,2
2783,3
2784,1
2785,3
2786,1
2787,3
2788,1
2789,2
2790,3
2791,3
2792,1
2793,1
2794,3
2795,2
2796,1
2797,1
2798,3
2799,1
2800,1
2801,2
2802,3
2803,1
2804,3
2805,3
2806,3
2807,2
2808,1
2809,3
2810,3
2811,2
2812,1
2813,3
2814,1
2815,1
2816,3
2817,3
2818,3
2819,3
2820,3
2821,1
2822,2
2823,1
2824,3
2825,2
2826,442
2827,2
2828,1
2829,3
2830,3
2831,3
2832,1
2833,1
2834,1
2835,1
2836,1
2837,1
2838,3
2839,3
2840,2
2841,3
2842,1
2843,3
2844,3
2845,1
2846,2
2847,2
2848,2
2849,2
2850,1
2851,3
2852,3
2853,1
2854,3
2855,2
2856,2
2857,3
2858,2
2859,2
2860,3
2861,1
2862,3
2863,3
2864,3
2865,1
2866,3
2867,3
2868,1
2869,3
2870,3
2871,1
2872,1
2873,1
2874,1
2875,3
2876,3
2877,3
2878,880
2879,1
2880,2
2881,2
2882,3
2883,1
2884,1
2885,3
2886,2
2887,3
2888,1
2889,3
2890,3
2891,3
2892,1
2893,1
2894,3
2895,2
2896,1
2897,2
2898,3
2899,3
2900,3
2901,1
2902,3
2903,3
2904,3
2905,1
2906,3
2907,3
2908,3
2909,2
2910,1
2911,2
2912,1
2913,3
2914,3
2915,1
2916,1
2917,3
2918,3
2919,3
2920,2
2921,1
2922,1
2923,3
2924,1
2925,1
2926,1
2927,3
2928,3
2929,3
2930,3
2931,1
2932,2
2933,1
2934,1
2935,3
2936,2
2937,1
2938,3
2939,316
2940,2
2941,2
2942,3
2943,3
2944,3
2945,1
2946,1
2947,2
2948,1
2949,3
2950,2
2951,3
2952,3
2953,3
2954,3
2955,3
2956,1
2957,2
2958,1
2959,1
2960,2
2961,2
2962,3
2963,1
2964,1
2965,1
2966,3
2967,3
2968,3
2969,2
2970,2
2971,1
2972,1
2973,1
2974,1
2975,3
2976,3
2977,3
2978,3
2979,1
2980,1
2981,1
2982,2
2983,3
2984,3
2985,2
2986,2
2987,3
2988,2
2989,1
2990,1
2991,3
2992,1
2993,3
2994,2
2995,2
2996,1
2997,2
2998,2
2999,3
3000,2
3001,1
3002,3
3003,3
3004,3
3005,3
3006,1
3007,2
3008,2
3009,1
3010,3
3011,2
3012,1
3013,3
3014,3
3015,3
3016,3
3017,1
3018,3
3019,2
3020,3
3021,3
3022,1
3023,3
3024,3
3025,1
3026,3
3027,2
3028,3
3029,3
3030,1
3031,3
3032,3
3033,1
3034,1
3035,1
3036,2
3037,3
3038,1
3039,1
3040,1
3041,3
3042,2
3043,3
3044,3
3045,1
3046,3
3047,2
3048,3
3049,3
3050,2
3051,1
3052,3
3053,2
3054,3
3055,1
3056,3
3057,1
3058,1
3059,3
3060,1
3061,3
3062,1
3063,3
3064,1
3065,3
3066,1
3067,3
3068,2
3069,1
3070,2
3071,3
3072,2
3073,3
3074,3
3075,138
3076,3
3077,1
3078,3
3079,363
3080,3
3081,1
3082,2
3083,2
3084,1
3085,2
3086,2
3087,1
3088,3
3089,3
3090,3
3091,1
3092,2
3093,3
3094,3
3095,2
3096,1
3097,3
3098,3
3099,3
3100,3
3101,3
3102,3
3103,1
3104,3
3105,2
3106,3
3107,3
3108,2
3109,1
3110,3
3111,3
3112,2
3113,3
3114,3
3115,3
3116,3
3117,1
3118,1
3119,3
3120,2
3121,3
3122,3
3123,1
3124,1
3125,1
3126,1
3127,3
3128,3
3129,1
3130,1
3131,3
3132,3
3133,1
3134,1
3135,1
3136,1
3137,1
3138,1
3139,3
3140,1
3141,1
3142,1
3143,2
3144,3
3145,1
3146,563
3147,2
3148,3
3149,3
3150,3
3151,1
3152,3
3153,1
3154,1
3155,2
3156,1
3157,1
3158,899
3159,1
3160,1
3161,3
3162,3
3163,2
3164,1
3165,1
3166,2
3167,3
3168,3
3169,3
3170,3
3171,1
3172,1
3173,2
3174,3
3175,1
3176,1
3177,1
3178,3
3179,1
3180,3
3181,1
3182,1
3183,2
3184,1
3185,1
3186,3
3187,3
3188,3
3189,1
3190,3
3191,2
3192,3
3193,1
3194,1
3195,3
3196,3
3197,2
3198,3
3199,2
3200,3
3201,1
3202,1
3203,3
3204,3
3205,1
3206,1
3207,834
3208,3
3209,1
3210,1
3211,2
3212,2
3213,1
3214,1
3215,3
3216,3
3217,1
3218,3
3219,1
3220,3
3221,3
3222,2
3223,3
3224,1
3225,2
3226,3
3227,3
3228,2
3229,1
3230,3
3231,3
3232,3
3233,2
3234,1
3235,3
3236,1
3237,3
3238,2
3239,1
3240,3
3241,2
3242,2
3243,3
3244,2
3245,3
3246,2
3247,3
3248,2
3249,1
3250,3
3251,2
3252,3
3253,3
3254,1
3255,1
3256,1
3257,2
3258,3
3259,3
3260,1
3261,1
3262,3
3263,3
3264,1
3265,3
3266,1
3267,3
3268,1
3269,1
3270,1
3271,3
3272,1
3273,3
3274,1
3275,2
3276,1
3277,3
3278,1
3279,3
3280,3
3281,1
3282,3
3283,2
3284,652
3285,1
3286,3
3287,2
3288,2
3289,1
3290,1
3291,3
3292,3
3293,3
3294,3
3295,3
3296,1
3297,3
3298,1
3299,3
3300,1
3301,1
3302,3
3303,2
3304,3
3305,3
3306,3
3307,3
3308,1
3309,1
3310,1
3311,3
3312,1
3313,3
3314,1
3315,2
3316,3
3317,2
3318,1
3319,1
3320,3
3321,1
3322,3
3323,1
3324,2
3325,3
3326,2
3327,1
3328,3
3329,3
3330,3
3331,3
3332,1
3333,3
3334,1
3335,1
3336,1
3337,2
3338,2
3339,3
3340,1
3341,2
3342,293
3343,1
3344,3
3345,2
3346,3
3347,1
3348,2
3349,1
3350,3
3351,1
3352,3
3353,2
3354,1
3355,1
3356,3
3357,2
3358,1
3359,2
3360,3
3361,1
3362,1
3363,1
3364,2
3365,3
3366,2
3367,1
3368,2
3369,3
3370,3
3371,3
3372,2
3373,3
3374,3
3375,3
3376,3
3377,1
3378,3
3379,881
3380,1
3381,1
3382,1
3383,2
3384,3
3385,1
3386,2
3387,1
3388,1
3389,3
3390,3
3391,1
3392,3
3393,2
3394,3
3395,1
3396,3
3397,2
3398,3
3399,3
3400,3
3401,2
3402,1
3403,3
3404,3
3405,3
3406,1
3407,1
3408,3
3409,3
3410,3
3411,1
3412,3
3413,1
3414,1
3415,3
3416,1
3417,1
3418,1
3419,1
3420,1
3421,3
3422,3
3423,3
3424,3
3425,2
3426,3
3427,2
3428,3
3429,1
3430,2
3431,1
3432,1
3433,1
3434,2
3435,3
3436,1
3437,1
3438,3
3439,3
3440,3
3441,3
3442,2
3443,3
3444,1
3445,3
3446,3
3447,1
3448,3
3449,1
3450,3
3451,1
3452,2
3453,2
3454,1
3455,1
3456,3
3457,2
3458,1
3459,3
3460,3
3461,3
3462,1
3463,1
3464,3
3465,3
3466,2
3467,1
3468,1
3469,3
3470,1
3471,3
3472,3
3473,3
3474,1
3475,2
3476,2
3477,1
3478,1
3479,2
3480,2
3481,1
3482,2
3483,1
3484,1
3485,1
3486,3
3487,707
3488,1
3489,3
3490,1
3491,3
3492,2
3493,1
3494,1
3495,3
3496,1
3497,2
3498,3
3499,1
3500,3
3501,2
3502,1
3503,2
3504,2
3505,3
3506,3
3507,2
3508,2
3509,1
3510,1
3511,1
3512,3
3513,2
3514,3
3515,3
3516,3
3517,188
3518,1
3519,3
3520,1
3521,2
3522,3
3523,2
3524,2
3525,1
3526,1
3527,3
3528,3
3529,1
3530,1
3531,1
3532,2
3533,3
3534,3
3535,3
3536,1
3537,3
3538,1
3539,1
3540,1
3541,2
3542,3
3543,3
3544,3
3545,1
3546,1
3547,3
3548,1
3549,1
3550,3
3551,3
3552,2
3553,1
3554,1
3555,3
3556,1
3557,3
3558,2
3559,2
3560,3
3561,3
3562,2
3563,3
3564,2
3565,1
3566,1
3567,1
3568,3
3569,1
3570,3
3571,1
3572,3
3573,1
3574,3
3575,1
3576,3
3577,3
3578,3
3579,2
3580,1
3581,2
3582,1
3583,3
3584,1
3585,1
3586,2
3587,1
3588,1
3589,3
3590,1
3591,1
3592,1
3593,1
3594,1
3595,3
3596,2
3597,2
3598,3
3599,3
3600,3
3601,3
3602,1
3603,1
3604,1
3605,1
3606,1
3607,1
3608,1
3609,3
3610,1
3611,2
3612,3
3613,3
3614,3
3615,1
3616,3
3617,3
3618,1
3619,2
3620,2
3621,2
3622,1
3623,3
3624,2
3625,3
3626,2
3627,1
3628,3
3629,3
3630,3
3631,1
3632,3
3633,3
3634,2
3635,3
3636,1
3637,1
3638,3
3639,1
3640,3
3641,2
3642,3
3643,3
3644,1
3645,1
3646,3
3647,1
3648,1
3649,2
3650,1
3651,3
3652,3
3653,1
3654,1
3655,2
3656,3
3657,3
3658,1
3659,1
3660,3
3661,3
3662,3
3663,2
3664,3
3665,1
3666,3
3667,3
3668,3
3669,1
3670,3
3671,3
3672,3
3673,3
3674,3
3675,1
3676,1
3677,3
3678,1
3679,3
3680,3
3681,2
3682,3
3683,1
3684,1
3685,3
3686,2
3687,2
3688,3
3689,1
3690,3
3691,1
3692,1
3693,1
3694,2
3695,2
3696,2
3697,1
3698,1
3699,3
3700,1
3701,1
3702,1
3703,3
3704,2
3705,1
3706,1
3707,3
3708,1
3709,3
3710,3
3711,3
3712,3
3713,3
3714,1
3715,1
3716,3
3717,2
3718,3
3719,3
3720,1
3721,1
3722,3
3723,2
3724,1
3725,3
3726,3
3727,1
3728,1
3729,2
3730,2
3731,2
3732,3
3733,2
3734,1
3735,1
3736,1
3737,3
3738,3
3739,3
3740,3
3741,2
3742,3
3743,1
3744,3
3745,148
3746,3
3747,702
3748,3
3749,3
3750,3
3751,3
3752,3
3753,3
3754,1
3755,1
3756,3
3757,3
3758,3
3759,1
3760,1
3761,3
3762,3
3763,1
3764,1
3765,1
3766,3
3767,1
3768,1
3769,1
3770,3
3771,1
3772,1
3773,2
3774,2
3775,1
3776,3
3777,2
3778,2
3779,3
3780,3
3781,3
3782,3
3783,3
3784,3
3785,1
3786,3
3787,2
3788,3
3789,1
3790,3
3791,1
3792,3
3793,1
3794,3
3795,1
3796,3
3797,3
3798,3
3799,3
3800,3
3801,2
3802,3
3803,1
3804,3
3805,3
3806,2
3807,3
3808,1
3809,1
3810,2
3811,1
3812,3
3813,1
3814,3
3815,1
3816,3
3817,1
3818,3
3819,1
3820,3
3821,2
3822,3
3823,3
3824,1
3825,3
3826,1
3827,2
3828,3
3829,1
3830,3
3831,1
3832,3
3833,3
3834,3
3835,3
3836,3
3837,3
3838,3
3839,1
3840,2
3841,3
3842,3
3843,1
3844,1
3845,3
3846,2
3847,1
3848,3
3849,3
3850,1
3851,3
3852,3
3853,3
3854,2
3855,1
3856,3
3857,3
3858,3
3859,1
3860,1
3861,2
3862,3
3863,3
3864,2
3865,1
3866,2
3867,3
3868,2
3869,2
3870,2
3871,3
3872,2
3873,3
3874,3
3875,1
3876,2
3877,2
3878,2
3879,2
3880,1
3881,3
3882,3
3883,2
3884,3
3885,1
3886,3
3887,2
3888,1
3889,2
3890,3
3891,3
3892,3
3893,3
3894,2
3895,2
3896,1
3897,1
3898,3
3899,2
3900,2
3901,3
3902,3
3903,3
3904,928
3905,1
3906,2
3907,1
3908,1
3909,3
3910,3
3911,3
3912,2
3913,281
3914,1
3915,3
3916,1
3917,3
3918,98
3919,1
3920,3
3921,3
3922,3
3923,1
3924,3
3925,3
3926,3
3927,2
3928,3
3929,3
3930,1
3931,1
3932,3
3933,3
3934,1
3935,3
3936,2
3937,1
3938,1
3939,1
3940,1
3941,3
3942,2
3943,2
3944,3
3945,2
3946,1
3947,3
3948,3
3949,3
3950,3
3951,2
3952,3
3953,1
3954,1
3955,1
3956,2
3957,1
3958,2
3959,1
3960,1
3961,3
3962,1
3963,3
3964,1
3965,2
3966,1
3967,1
3968,2
3969,1
3970,3
3971,1
3972,3
3973,2
3974,3
3975,1
3976,1
3977,3
3978,1
3979,3
3980,3
3981,3
3982,3
3983,3
3984,1
3985,3
3986,2
3987,2
3988,1
3989,3
3990,3
3991,3
3992,1
3993,1
3994,3
3995,2
3996,119
3997,3
3998,2
3999,2
4000,3
4001,3
4002,1
4003,2
4004,1
4005,3
4006,3
4007,1
4008,3
4009,3
4010,1
4011,1
4012,2
4013,3
4014,3
4015,3
4016,3
4017,2
4018,2
4019,3
4020,1
4021,1
4022,3
4023,1
4024,2
4025,1
4026,1
4027,2
4028,2
4029,3
4030,1
4031,3
4032,1
4033,2
4034,2
4035,3
4036,1
4037,3
4038,1
4039,1
4040,3
4041,2
4042,3
4043,109
4044,1
4045,1
4046,3
4047,3
4048,3
4049,3
4050,3
4051,3
4052,3
4053,1
4054,2
4055,1
4056,1
4057,3
4058,1
4059,3
4060,1
4061,3
4062,1
4063,1
4064,1
4065,3
4066,1
4067,3
4068,3
4069,1
4070,3
4071,3
4072,1
4073,3
4074,1
4075,1
4076,1
4077,1
4078,1
4079,3
4080,1
4081,3
4082,3
4083,1
4084,2
4085,3
4086,3
4087,3
4088,1
4089,1
4090,1
4091,3
4092,3
4093,1
4094,3
4095,3
4096,2
4097,3
4098,2
4099,2
4100,3
4101,3
4102,3
4103,1
4104,3
4105,3
4106,1
4107,2
4108,1
4109,1
4110,399
4111,1
4112,1
4113,2
4114,3
4115,3
4116,1
4117,1
4118,3
4119,3
4120,2
4121,2
4122,3
4123,3
4124,2
4125,2
4126,3
4127,3
4128,2
4129,2
4130,2
4131,3
4132,1
4133,3
4134,1
4135,3
4136,1
4137,1
4138,3
4139,1
4140,1
4141,2
4142,3
4143,2
4144,2
4145,3
4146,3
4147,3
4148,2
4149,3
4150,1
4151,1
4152,2
4153,3
4154,1
4155,1
4156,3
4157,3
4158,3
4159,1
4160,3
4161,1
4162,3
4163,1
4164,1
4165,3
4166,3
4167,3
4168,3
4169,1
4170,3
4171,2
4172,1
4173,3
4174,1
4175,531
4176,1
4177,1
4178,2
4179,2
4180,1
4181,3
4182,3
4183,1
4184,1
4185,2
4186,3
4187,3
4188,3
4189,3
4190,1
4191,2
4192,3
4193,1
4194,3
4195,1
4196,3
4197,1
4198,3
4199,3
4200,731
4201,1
4202,1
4203,1
4204,2
4205,3
4206,1
4207,3
4208,3
4209,3
4210,1
4211,2
4212,1
4213,2
4214,3
4215,1
4216,3
4217,3
4218,1
4219,1
4220,3
4221,2
4222,3
4223,1
4224,1
4225,2
4226,3
4227,3
4228,3
4229,1
4230,2
4231,1
4232,1
4233,2
4234,2
4235,3
4236,3
4237,3
4238,3
4239,3
4240,3
4241,1
4242,3
4243,1
4244,2
4245,3
4246,1
4247,3
4248,3
4249,3
4250,1
4251,3
4252,3
4253,3
4254,1
4255,1
4256,1
4257,3
4258,1
4259,3
4260,1
4261,1
4262,3
4263,1
4264,3
4265,3
4266,3
4267,3
4268,1
4269,1
4270,3
4271,2
4272,3
4273,1
4274,3
4275,3
4276,1
4277,3
4278,3
4279,655
4280,3
4281,3
4282,2
4283,2
4284,2
4285,3
4286,3
4287,2
4288,3
4289,1
4290,2
4291,1
4292,1
4293,2
4294,2
4295,1
4296,3
4297,1
4298,1
4299,3
4300,3
4301,3
4302,2
4303,3
4304,3
4305,1
4306,3
4307,3
4308,1
4309,2
4310,574
4311,3
4312,1
4313,652
4314,1
4315,3
4316,3
4317,1
4318,3
4319,3
4320,318
4321,3
4322,2
4323,3
4324,3
4325,2
4326,2
4327,2
4328,3
4329,2
4330,3
4331,3
4332,3
4333,3
4334,2
4335,2
4336,2
4337,3
4338,3
4339,3
4340,1
4341,3
4342,2
4343,3
4344,3
4345,2
4346,1
4347,1
4348,3
4349,3
4350,2
4351,2
4352,2
4353,3
4354,1
4355,3
4356,1
4357,1
4358,2
4359,1
4360,3
4361,1
4362,3
4363,1
4364,3
4365,3
4366,1
4367,1
4368,1
4369,1
4370,3
4371,2
4372,3
4373,3
4374,3
4375,3
4376,2
4377,3
4378,1
4379,2
4380,3
4381,1
4382,3
4383,2
4384,1
4385,1
4386,1
4387,3
4388,1
4389,3
4390,2
4391,2
4392,3
4393,2
4394,3
4395,1
4396,720
4397,3
4398,2
4399,1
4400,2
4401,1
4402,3
4403,3
4404,3
4405,1
4406,3
4407,1
4408,3
4409,1
4410,2
4411,1
4412,1
4413,3
4414,1
4415,3
4416,3
4417,3
4418,1
4419,3
4420,1
4421,1
4422,1
4423,1
4424,3
4425,1
4426,1
4427,3
4428,2
4429,1
4430,2
4431,2
4432,1
4433,2
4434,1
4435,1
4436,2
4437,2
4438,1
4439,1
4440,2
4441,2
4442,1
4443,3
4444,3
4445,3
4446,3
4447,2
4448,3
4449,1
4450,3
4451,3
4452,3
4453,2
4454,1
4455,3
4456,2
4457,3
4458,3
4459,1
4460,1
4461,2
4462,1
4463,3
4464,1
4465,3
4466,3
4467,1
4468,3
4469,2
4470,2
4471,1
4472,3
4473,1
4474,3
4475,1
4476,3
4477,3
4478,1
4479,3
4480,3
4481,1
4482,1
4483,3
4484,1
4485,1
4486,2
4487,3
4488,3
4489,3
4490,3
4491,2
4492,1
4493,1
4494,1
4495,3
4496,1
4497,1
4498,1
4499,1
4500,3
4501,2
4502,3
4503,3
4504,1
4505,3
4506,1
4507,2
4508,2
4509,3
4510,3
4511,1
4512,1
4513,1
4514,1
4515,3
4516,1
4517,2
4518,3
4519,1
4520,2
4521,1
4522,1
4523,1
4524,3
4525,1
4526,1
4527,1
4528,1
4529,1
4530,2
4531,2
4532,3
4533,2
4534,3
4535,1
4536,2
4537,3
4538,3
4539,1
4540,1
4541,1
4542,710
4543,3
4544,2
4545,3
4546,3
4547,2
4548,3
4549,1
4550,1
4551,1
4552,3
4553,3
4554,3
4555,3
4556,3
4557,3
4558,3
4559,3
4560,1
4561,3
4562,2
4563,3
4564,1
4565,3
4566,3
4567,3
4568,3
4569,3
4570,3
4571,1
4572,1
4573,1
4574,2
4575,3
4576,2
4577,1
4578,3
4579,2
4580,2
4581,2
4582,2
4583,2
4584,3
4585,2
4586,1
4587,2
4588,2
4589,1
4590,3
4591,2
4592,3
4593,1
4594,3
4595,3
4596,2
4597,3
4598,1
4599,2
4600,1
4601,3
4602,1
4603,3
4604,1
4605,3
4606,1
4607,3
4608,2
4609,1
4610,3
4611,3
4612,3
4613,1
4614,3
4615,1
4616,1
4617,3
4618,3
4619,1
4620,3
4621,3
4622,1
4623,1
4624,1
4625,3
4626,2
4627,3
4628,1
4629,1
4630,2
4631,1
4632,3
4633,3
4634,3
4635,1
4636,3
4637,3
4638,3
4639,3
4640,1
4641,3
4642,3
4643,2
4644,3
4645,1
4646,3
4647,1
4648,3
4649,3
4650,1
4651,1
4652,1
4653,1
4654,2
4655,1
4656,267
4657,1
4658,3
4659,1
4660,3
4661,3
4662,1
4663,3
4664,2
4665,1
4666,3
4667,2
4668,1
4669,1
4670,2
4671,3
4672,1
4673,2
4674,3
4675,1
4676,3
4677,1
4678,3
4679,3
4680,3
4681,2
4682,3
4683,1
4684,3
4685,3
4686,3
4687,3
4688,3
4689,3
4690,3
4691,2
4692,1
4693,1
4694,2
4695,1
4696,1
4697,3
4698,1
4699,1
4700,1
4701,1
4702,3
4703,2
4704,3
4705,1
4706,2
4707,3
4708,3
4709,3
4710,1
4711,1
4712,1
4713,2
4714,2
4715,1
4716,1
4717,3
4718,2
4719,175
4720,3
4721,3
4722,1
4723,1
4724,3
4725,3
4726,3
4727,3
4728,1
4729,3
4730,3
4731,3
4732,1
4733,3
4734,2
4735,3
4736,3
4737,3
4738,2
4739,2
4740,2
4741,2
4742,2
4743,3
4744,1
4745,1
4746,2
4747,1
4748,3
4749,2
4750,3
4751,3
4752,3
4753,3
4754,3
4755,2
4756,3
4757,1
4758,1
4759,1
4760,3
4761,3
4762,3
4763,3
4764,1
4765,1
4766,1
4767,1
4768,1
4769,1
4770,3
4771,1
4772,1
4773,2
4774,3
4775,1
4776,3
4777,1
4778,3
4779,1
4780,3
4781,3
4782,3
4783,2
4784,1
4785,1
4786,1
4787,3
4788,1
4789,1
4790,1
4791,1
4792,2
4793,1
4794,1
4795,3
4796,1
4797,1
4798,1
4799,1
4800,3
4801,2
4802,3
4803,2
4804,3
4805,3
4806,1
4807,3
4808,3
4809,2
4810,3
4811,1
4812,3
4813,1
4814,2
4815,1
4816,3
4817,3
4818,3
4819,3
4820,1
4821,3
4822,748
4823,3
4824,2
4825,3
4826,3
4827,2
4828,2
4829,2
4830,3
4831,3
4832,1
4833,3
4834,3
4835,1
4836,3
4837,1
4838,3
4839,1
4840,2
4841,1
4842,1
4843,3
4844,1
4845,1
4846,1
4847,2
4848,1
4849,1
4850,3
4851,1
4852,2
4853,3
4854,1
4855,3
4856,1
4857,3
4858,3
4859,3
4860,1
4861,1
4862,3
4863,3
4864,1
4865,1
4866,1
4867,1
4868,3
4869,1
4870,1
4871,3
4872,1
4873,3
4874,1
4875,3
4876,2
4877,3
4878,1
4879,1
4880,2
4881,1
4882,1
4883,3
4884,2
4885,1
4886,1
4887,2
4888,2
4889,1
4890,1
4891,2
4892,3
4893,1
4894,1
4895,1
4896,3
4897,3
4898,1
4899,820
4900,3
4901,3
4902,2
4903,3
4904,3
4905,3
4906,3
4907,3
4908,3
4909,1
4910,1
4911,2
4912,2
4913,3
4914,1
4915,3
4916,1
4917,1
4918,2
4919,1
4920,2
4921,3
4922,618
4923,1
4924,3
4925,3
4926,3
4927,3
4928,2
4929,3
4930,2
4931,1
4932,1
4933,1
4934,1
4935,1
4936,3
4937,3
4938,3
4939,3
4940,1
4941,3
4942,2
4943,1
4944,1
4945,1
4946,1
4947,3
4948,3
4949,1
4950,298
4951,1
4952,3
4953,1
4954,174
4955,3
4956,2
4957,1
4958,2
4959,1
4960,2
4961,3
4962,1
4963,3
4964,2
4965,2
4966,3
4967,3
4968,1
4969,2
4970,3
4971,2
4972,2
4973,1
4974,3
4975,3
4976,1
4977,1
4978,1
4979,3
4980,1
4981,3
4982,2
4983,2
4984,2
4985,1
4986,3
4987,3
4988,2
4989,1
4990,3
4991,3
4992,1
4993,2
4994,2
4995,1
4996,1
4997,1
4998,1
4999,2
5000,3
5001,1
5002,1
5003,2
5004,1
5005,3
5006,2
5007,2
5008,3
5009,3
5010,614
5011,3
5012,2
5013,1
5014,1
5015,1
5016,3
5017,1
5018,2
5019,3
5020,1
5021,3
5022,3
5023,3
5024,3
5025,3
5026,3
5027,3
5028,1
5029,553
5030,2
5031,1
5032,3
5033,1
5034,1
5035,2
5036,3
5037,1
5038,3
5039,3
5040,3
5041,3
5042,1
5043,1
5044,2
5045,1
5046,3
5047,1
5048,3
5049,1
5050,3
5051,3
5052,3
5053,1
5054,1
5055,3
5056,1
5057,3
5058,1
5059,1
5060,1
5061,2
5062,3
5063,1
5064,1
5065,1
5066,1
5067,3
5068,1
5069,3
5070,3
5071,3
5072,2
5073,2
5074,3
5075,2
5076,3
5077,3
5078,1
5079,3
5080,3
5081,2
5082,3
5083,2
5084,2
5085,1
5086,2
5087,1
5088,819
5089,1
5090,3
5091,3
5092,3
5093,806
5094,3
5095,3
5096,1
5097,3
5098,3
5099,3
5100,2
5101,3
5102,3
5103,1
5104,2
5105,3
5106,1
5107,3
5108,1
5109,1
5110,2
5111,3
5112,1
5113,1
5114,3
5115,2
5116,1
5117,2
5118,1
5119,1
5120,3
5121,2
5122,2
5123,1
5124,3
5125,3
5126,1
5127,2
5128,3
5129,2
5130,2
5131,3
5132,1
5133,2
5134,3
5135,3
5136,1
5137,3
5138,2
5139,1
5140,1
5141,1
5142,1
5143,3
5144,3
5145,3
5146,3
5147,3
5148,1
5149,3
5150,3
5151,3
5152,3
5153,1
5154,3
5155,1
5156,2
5157,3
5158,3
5159,2
5160,2
5161,2
5162,1
5163,1
5164,3
5165,3
5166,3
5167,2
5168,1
5169,2
5170,1
5171,3
5172,1
5173,3
5174,3
5175,3
5176,3
5177,1
5178,1
5179,1
5180,3
5181,2
5182,3
5183,2
5184,3
5185,1
5186,2
5187,3
5188,2
5189,1
5190,2
5191,2
5192,1
5193,1
5194,2
5195,1
5196,3
5197,1
5198,2
5199,2
5200,1
5201,2
5202,1
5203,3
5204,3
5205,2
5206,2
5207,3
5208,1
5209,3
5210,1
5211,3
5212,3
5213,3
5214,3
5215,3
5216,3
5217,3
5218,3
5219,1
5220,2
5221,3
5222,3
5223,1
5224,3
5225,1
5226,1
5227,1
5228,3
5229,3
5230,3
5231,1
5232,3
5233,2
5234,2
5235,3
5236,3
5237,3
5238,3
5239,1
5240,1
5241,3
5242,1
5243,1
5244,2
5245,3
5246,1
5247,3
5248,1
5249,3
5250,2
5251,1
5252,3
5253,2
5254,2
5255,1
5256,3
5257,3
5258,2
5259,1
5260,3
5261,1
5262,3
5263,2
5264,2
5265,3
5266,3
5267,1
5268,2
5269,3
5270,1
5271,3
5272,619
5273,3
5274,1
5275,2
5276,3
5277,3
5278,3
5279,1
5280,1
5281,1
5282,3
5283,3
5284,3
5285,1
5286,3
5287,2
5288,2
5289,2
5290,1
5291,1
5292,3
5293,3
5294,3
5295,1
5296,1
5297,1
5298,1
5299,1
5300,2
5301,1
5302,1
5303,3
5304,1
5305,2
5306,1
5307,1
5308,3
5309,1
5310,2
5311,3
5312,3
5313,3
5314,3
5315,3
5316,1
5317,1
5318,2
5319,1
5320,2
5321,1
5322,3
5323,2
5324,3
5325,2
5326,3
5327,2
5328,1
5329,1
5330,3
5331,3
5332,1
5333,3
5334,3
5335,2
5336,1
5337,3
5338,2
5339,2
5340,3
5341,2
5342,1
5343,3
5344,2
5345,1
5346,3
5347,2
5348,1
5349,3
5350,3
5351,1
5352,2
5353,2
5354,1
5355,3
5356,3
5357,3
5358,1
5359,3
5360,3
5361,3
5362,3
5363,3
5364,1
5365,1
5366,3
5367,1
5368,1
5369,1
5370,2
5371,3
5372,1
5373,1
5374,2
5375,1
5376,1
5377,1
5378,3
5379,3
5380,3
5381,2
5382,1
5383,2
5384,3
5385,1
5386,1
5387,1
5388,1
5389,3
5390,2
5391,3
5392,3
5393,1
5394,1
5395,1
5396,1
5397,1
5398,1
5399,1
5400,1
5401,3
5402,1
5403,1
5404,1
5405,1
5406,1
5407,1
5408,3
5409,1
5410,3
5411,1
5412,3
5413,3
5414,1
5415,3
5416,2
5417,1
5418,1
5419,2
5420,3
5421,3
5422,3
5423,2
5424,1
5425,3
5426,1
5427,1
5428,3
5429,1
5430,3
5431,1
5432,1
5433,3
5434,3
5435,3
5436,1
5437,3
5438,3
5439,1
5440,3
5441,1
5442,3
5443,1
5444,1
5445,3
5446,3
5447,1
5448,2
5449,1
5450,1
5451,1
5452,2
5453,2
5454,1
5455,2
5456,1
5457,2
5458,1
5459,1
5460,2
5461,2
5462,3
5463,3
5464,2
5465,2
5466,1
5467,1
5468,2
5469,3
5470,3
5471,3
5472,3
5473,3
5474,3
5475,1
5476,3
5477,3
5478,3
5479,1
5480,1
5481,2
5482,2
5483,1
5484,3
5485,3
5486,3
5487,3
5488,3
5489,2
5490,1
5491,3
5492,3
5493,3
5494,2
5495,3
5496,3
5497,3
5498,2
5499,1
5500,1
5501,3
5502,1
5503,3
5504,3
5505,3
5506,3
5507,3
5508,1
5509,1
5510,3
5511,2
5512,2
5513,1
5514,2
5515,1
5516,3
5517,1
5518,2
5519,3
5520,3
5521,1
5522,3
5523,3
5524,3
5525,3
5526,2
5527,3
5528,3
5529,3
5530,1
5531,2
5532,3
5533,3
5534,1
5535,2
5536,1
5537,3
5538,1
5539,3
5540,1
5541,1
5542,2
5543,1
5544,2
5545,1
5546,1
5547,3
5548,3
5549,3
5550,3
5551,1
5552,2
5553,3
5554,3
5555,2
5556,2
5557,3
5558,1
5559,3
5560,3
5561,3
5562,3
5563,398
5564,1
5565,3
5566,2
5567,2
5568,1
5569,2
5570,1
5571,1
5572,3
5573,3
5574,3
5575,2
5576,1
5577,1
5578,3
5579,1
5580,3
5581,3
5582,3
5583,3
5584,1
5585,1
5586,2
5587,3
5588,1
5589,1
5590,2
5591,2
5592,1
5593,3
5594,3
5595,3
5596,1
5597,3
5598,1
5599,3
5600,1
5601,3
5602,1
5603,2
5604,3
5605,3
5606,3
5607,1
5608,3
5609,3
5610,1
5611,2
5612,3
5613,1
5614,3
5615,3
5616,3
5617,1
5618,2
5619,3
5620,3
5621,1
5622,1
5623,1
5624,1
5625,1
5626,1
5627,3
5628,1
5629,3
5630,1
5631,1
5632,3
5633,3
5634,2
5635,1
5636,3
5637,3
5638,3
5639,2
5640,3
5641,1
5642,3
5643,3
5644,3
5645,2
5646,705
5647,3
5648,3
5649,1
5650,1
5651,1
5652,1
5653,1
5654,2
5655,3
5656,1
5657,3
5658,3
5659,3
5660,1
5661,3
5662,3
5663,2
5664,3
5665,3
5666,1
5667,2
5668,1
5669,3
5670,3
5671,1
5672,2
5673,2
5674,1
5675,2
5676,1
5677,2
5678,2
5679,2
5680,3
5681,1
5682,3
5683,3
5684,3
5685,3
5686,1
5687,3
5688,1
5689,2
5690,3
5691,3
5692,1
5693,1
5694,1
5695,2
5696,1
5697,1
5698,3
5699,1
5700,1
5701,3
5702,1
5703,2
5704,2
5705,1
5706,1
5707,3
5708,3
5709,3
5710,1
5711,1
5712,1
5713,3
5714,2
5715,3
5716,2
5717,3
5718,2
5719,3
5720,1
5721,3
5722,1
5723,3
5724,3
5725,1
5726,3
5727,3
5728,2
5729,1
5730,3
5731,1
5732,3
5733,3
5734,1
5735,1
5736,3
5737,3
5738,1
5739,3
5740,1
5741,3
5742,1
5743,3
5744,1
5745,1
5746,3
5747,108
5748,1
5749,3
5750,3
5751,1
5752,382
5753,1
5754,2
5755,1
5756,2
5757,2
5758,3
5759,3
5760,3
5761,3
5762,3
5763,1
5764,1
5765,3
5766,3
5767,3
5768,1
5769,2
5770,1
5771,3
5772,3
5773,1
5774,2
5775,3
5776,3
5777,3
5778,3
5779,3
5780,3
5781,3
5782,1
5783,1
5784,3
5785,3
5786,3
5787,3
5788,3
5789,1
5790,2
5791,3
5792,1
5793,3
5794,2
5795,3
5796,3
5797,3
5798,3
5799,1
5800,3
5801,3
5802,1
5803,1
5804,1
5805,3
5806,1
5807,1
5808,3
5809,1
5810,3
5811,1
5812,1
5813,1
5814,3
5815,3
5816,1
5817,1
5818,1
5819,1
5820,2
5821,1
5822,3
5823,3
5824,3
5825,3
5826,1
5827,3
5828,1
5829,1
5830,3
5831,1
5832,2
5833,3
5834,2
5835,3
5836,3
5837,3
5838,757
5839,1
5840,1
5841,1
5842,1
5843,3
5844,3
5845,1
5846,3
5847,2
5848,1
5849,2
5850,3
5851,3
5852,3
5853,3
5854,2
5855,1
5856,2
5857,2
5858,1
5859,1
5860,2
5861,1
5862,3
5863,1
5864,3
5865,2
5866,1
5867,2
5868,3
5869,2
5870,2
5871,3
5872,3
5873,3
5874,3
5875,2
5876,1
5877,1
5878,3
5879,3
5880,1
5881,1
5882,1
5883,3
5884,3
5885,3
5886,1
5887,3
5888,1
5889,1
5890,3
5891,1
5892,2
5893,2
5894,2
5895,3
5896,3
5897,1
5898,2
5899,3
5900,3
5901,2
5902,2
5903,3
5904,3
5905,3
5906,3
5907,3
5908,3
5909,3
5910,2
5911,2
5912,2
5913,3
5914,3
5915,3
5916,3
5917,1
5918,1
5919,3
5920,3
5921,3
5922,1
5923,2
5924,3
5925,3
5926,1
5927,3
5928,1
5929,1
5930,1
5931,3
5932,3
5933,3
5934,3
5935,3
5936,3
5937,3
5938,1
5939,3
5940,3
5941,1
5942,1
5943,3
5944,3
5945,1
5946,1
5947,1
5948,2
5949,1
5950,2
5951,3
5952,1
5953,1
5954,3
5955,3
5956,3
5957,3
5958,3
5959,1
5960,3
5961,1
5962,3
5963,2
5964,1
5965,3
5966,3
5967,3
5968,1
5969,3
5970,3
5971,3
5972,3
5973,3
5974,2
5975,1
5976,1
5977,2
5978,3
5979,2
5980,3
5981,3
5982,1
5983,3
5984,3
5985,2
5986,2
5987,1
5988,1
5989,3
5990,3
5991,1
5992,3
5993,2
5994,3
5995,3
5996,1
5997,2
5998,2
5999,2
6000,3
6001,3
6002,2
6003,2
6004,2
6005,2
6006,3
6007,2
6008,3
6009,3
6010,2
6011,1
6012,1
6013,1
6014,3
6015,1
6016,1
6017,1
6018,1
6019,1
6020,1
6021,2
6022,1
6023,1
6024,1
6025,3
6026,3
6027,1
6028,1
6029,3
6030,3
6031,3
6032,3
6033,3
6034,1
6035,3
6036,2
6037,1
6038,3
6039,1
6040,1
6041,1
6042,3
6043,1
6044,1
6045,2
6046,3
6047,1
6048,1
6049,3
6050,3
6051,3
6052,1
6053,3
6054,1
6055,3
6056,3
6057,1
6058,2
6059,3
6060,1
6061,1
6062,1
6063,3
6064,2
6065,3
6066,3
6067,3
6068,2
6069,1
6070,2
6071,1
6072,1
6073,1
6074,3
6075,1
6076,3
6077,2
6078,3
6079,1
6080,2
6081,1
6082,1
6083,1
6084,3
6085,1
6086,3
6087,3
6088,3
6089,3
6090,2
6091,1
6092,3
6093,2
6094,1
6095,3
6096,3
6097,3
6098,1
6099,1
6100,3
6101,3
6102,3
6103,2
6104,2
6105,2
6106,2
6107,1
6108,2
6109,3
6110,2
6111,1
6112,3
6113,3
6114,1
6115,3
6116,2
6117,1
6118,2
6119,1
6120,3
6121,2
6122,1
6123,3
6124,1
6125,3
6126,1
6127,1
6128,2
6129,1
6130,2
6131,1
6132,1
6133,3
6134,1
6135,1
6136,3
6137,3
6138,2
6139,1
6140,2
6141,3
6142,2
6143,3
6144,1
6145,1
6146,3
6147,1
6148,1
6149,2
6150,1
6151,1
6152,3
6153,2
6154,2
6155,2
6156,3
6157,3
6158,2
6159,1
6160,1
6161,2
6162,1
6163,2
6164,3
6165,2
6166,3
6167,1
6168,784
6169,3
6170,1
6171,1
6172,2
6173,1
6174,2
6175,2
6176,2
6177,1
6178,1
6179,2
6180,3
6181,1
6182,3
6183,2
6184,1
6185,2
6186,1
6187,3
6188,1
6189,3
6190,1
6191,3
6192,2
6193,2
6194,1
6195,1
6196,3
6197,2
6198,3
6199,1
6200,2
6201,3
6202,1
6203,3
6204,1
6205,3
6206,3
6207,1
6208,1
6209,1
6210,2
6211,3
6212,3
6213,1
6214,1
6215,1
6216,1
6217,1
6218,1
6219,3
6220,3
6221,1
6222,1
6223,3
6224,1
6225,1
6226,3
6227,2
6228,3
6229,1
6230,1
6231,2
6232,2
6233,2
6234,1
6235,1
6236,2
6237,3
6238,2
6239,3
6240,3
6241,2
6242,3
6243,1
6244,3
6245,1
6246,1
6247,2
6248,1
6249,3
6250,3
6251,1
6252,1
6253,2
6254,1
6255,3
6256,3
6257,3
6258,1
6259,1
6260,1
6261,3
6262,3
6263,1
6264,2
6265,1
6266,3
6267,1
6268,3
6269,3
6270,3
6271,1
6272,1
6273,3
6274,3
6275,3
6276,3
6277,3
6278,1
6279,3
6280,3
6281,1
6282,3
6283,3
6284,3
6285,1
6286,3
6287,3
6288,3
6289,3
6290,2
6291,3
6292,3
6293,3
6294,3
6295,1
6296,2
6297,3
6298,1
6299,3
6300,1
6301,3
6302,3
6303,3
6304,1
6305,2
6306,3
6307,1
6308,1
6309,3
6310,2
6311,1
6312,1
6313,3
6314,3
6315,3
6316,1
6317,3
6318,1
6319,1
6320,2
6321,3
6322,1
6323,3
6324,3
6325,3
6326,1
6327,3
6328,3
6329,3
6330,1
6331,1
6332,3
6333,3
6334,1
6335,1
6336,3
6337,1
6338,3
6339,3
6340,1
6341,3
6342,1
6343,3
6344,3
6345,3
6346,1
6347,1
6348,2
6349,2
6350,884
6351,3
6352,3
6353,3
6354,2
6355,3
6356,3
6357,1
6358,1
6359,3
6360,1
6361,1
6362,3
6363,3
6364,1
6365,3
6366,1
6367,3
6368,3
6369,3
6370,3
6371,3
6372,3
6373,2
6374,1
6375,2
6376,3
6377,3
6378,1
6379,2
6380,1
6381,3
6382,3
6383,3
6384,3
6385,1
6386,1
6387,3
6388,3
6389,2
6390,3
6391,3
6392,1
6393,2
6394,3
6395,1
6396,3
6397,3
6398,3
6399,1
6400,1
6401,3
6402,3
6403,2
6404,3
6405,2
6406,1
6407,1
6408,1
6409,1
6410,3
6411,3
6412,3
6413,3
6414,1
6415,2
6416,3
6417,3
6418,1
6419,2
6420,1
6421,1
6422,3
6423,3
6424,1
6425,3
6426,1
6427,3
6428,1
6429,2
6430,2
6431,1
6432,2
6433,3
6434,1
6435,1
6436,2
6437,1
6438,1
6439,3
6440,3
6441,1
6442,2
6443,3
6444,2
6445,2
6446,1
6447,1
6448,2
6449,3
6450,1
6451,3
6452,1
6453,1
6454,3
6455,2
6456,3
6457,2
6458,3
6459,3
6460,2
6461,2
6462,3
6463,2
6464,1
6465,1
6466,1
6467,1
6468,3
6469,1
6470,3
6471,1
6472,1
6473,2
6474,1
6475,3
6476,3
6477,3
6478,1
6479,3
6480,1
6481,3
6482,2
6483,3
6484,3
6485,1
6486,2
6487,2
6488,3
6489,1
6490,1
6491,3
6492,3
6493,1
6494,1
6495,3
6496,3
6497,1
6498,2
6499,3
6500,1
6501,2
6502,3
6503,3
6504,1
6505,1
6506,1
6507,2
6508,3
6509,1
6510,2
6511,2
6512,1
6513,3
6514,3
6515,3
6516,2
6517,1
6518,2
6519,1
6520,3
6521,2
6522,2
6523,3
6524,1
6525,3
6526,3
6527,3
6528,1
6529,3
6530,1
6531,1
6532,2
6533,2
6534,3
6535,3
6536,3
6537,1
6538,3
6539,1
6540,1
6541,2
6542,3
6543,3
6544,3
6545,2
6546,1
6547,3
6548,3
6549,3
6550,2
6551,3
6552,3
6553,3
6554,3
6555,1
6556,3
6557,2
6558,2
6559,2
6560,1
6561,1
6562,1
6563,3
6564,3
6565,2
6566,1
6567,3
6568,3
6569,2
6570,3
6571,1
6572,2
6573,3
6574,1
6575,3
6576,3
6577,3
6578,1
6579,2
6580,3
6581,3
6582,2
6583,2
6584,1
6585,3
6586,3
6587,3
6588,3
6589,1
6590,1
6591,3
6592,1
6593,1
6594,3
6595,3
6596,1
6597,1
6598,3
6599,3
6600,3
6601,3
6602,2
6603,3
6604,1
6605,1
6606,3
6607,3
6608,1
6609,1
6610,1
6611,1
6612,1
6613,3
6614,3
6615,3
6616,1
6617,3
6618,1
6619,3
6620,3
6621,3
6622,1
6623,2
6624,3
6625,3
6626,1
6627,1
6628,3
6629,3
6630,3
6631,3
6632,3
6633,3
6634,3
6635,3
6636,2
6637,1
6638,3
6639,3
6640,1
6641,741
6642,2
6643,3
6644,1
6645,3
6646,2
6647,1
6648,1
6649,3
6650,1
6651,3
6652,3
6653,3
6654,1
6655,1
6656,3
6657,1
6658,3
6659,3
6660,3
6661,1
6662,1
6663,1
6664,3
6665,3
6666,3
6667,3
6668,1
6669,1
6670,3
6671,3
6672,3
6673,2
6674,3
6675,1
6676,3
6677,2
6678,3
6679,1
6680,1
6681,3
6682,1
6683,2
6684,3
6685,2
6686,3
6687,1
6688,3
6689,1
6690,1
6691,3
6692,1
6693,2
6694,3
6695,1
6696,294
6697,3
6698,1
6699,1
6700,3
6701,3
6702,1
6703,2
6704,2
6705,1
6706,1
6707,3
6708,3
6709,2
6710,3
6711,3
6712,3
6713,3
6714,2
6715,3
6716,3
6717,1
6718,3
6719,2
6720,3
6721,3
6722,3
6723,1
6724,1
6725,1
6726,3
6727,1
6728,1
6729,1
6730,3
6731,1
6732,3
6733,3
6734,2
6735,3
6736,1
6737,2
6738,1
6739,1
6740,1
6741,3
6742,1
6743,2
6744,3
6745,3
6746,1
6747,3
6748,3
6749,1
6750,2
6751,1
6752,1
6753,3
6754,3
6755,2
6756,3
6757,1
6758,3
6759,3
6760,1
6761,1
6762,2
6763,1
6764,2
6765,2
6766,1
6767,2
6768,2
6769,1
6770,1
6771,1
6772,3
6773,2
6774,1
6775,1
6776,3
6777,1
6778,1
6779,3
6780,2
6781,2
6782,1
6783,3
6784,1
6785,3
6786,2
6787,3
6788,3
6789,3
6790,1
6791,1
6792,2
6793,2
6794,2
6795,1
6796,3
6797,2
6798,3
6799,2
6800,1
6801,1
6802,3
6803,3
6804,1
6805,2
6806,3
6807,3
6808,3
6809,1
6810,2
6811,3
6812,3
6813,2
6814,1
6815,3
6816,1
6817,1
6818,1
6819,1
6820,1
6821,3
6822,2
6823,2
6824,1
6825,3
6826,3
6827,3
6828,1
6829,3
6830,3
6831,1
6832,2
6833,3
6834,3
6835,3
6836,3
6837,2
6838,1
6839,3
6840,1
6841,1
6842,1
6843,2
6844,1
6845,3
6846,1
6847,1
6848,1
6849,2
6850,2
6851,1
6852,1
6853,1
6854,2
6855,3
6856,2
6857,3
6858,1
6859,2
6860,3
6861,1
6862,2
6863,2
6864,3
6865,3
6866,3
6867,2
6868,3
6869,3
6870,1
6871,2
6872,1
6873,3
6874,1
6875,3
6876,3
6877,3
6878,3
6879,3
6880,3
6881,3
6882,3
6883,3
6884,3
6885,1
6886,1
6887,1
6888,1
6889,3
6890,2
6891,1
6892,2
6893,1
6894,2
6895,3
6896,3
6897,2
6898,2
6899,1
6900,3
6901,3
6902,3
6903,3
6904,3
6905,3
6906,2
6907,2
6908,3
6909,1
6910,1
6911,3
6912,1
6913,1
6914,2
6915,935
6916,1
6917,3
6918,1
6919,1
6920,2
6921,3
6922,2
6923,3
6924,2
6925,2
6926,1
6927,1
6928,3
6929,3
6930,3
6931,1
6932,3
6933,3
6934,3
6935,3
6936,3
6937,2
6938,2
6939,3
6940,1
6941,3
6942,2
6943,3
6944,3
6945,2
6946,3
6947,2
6948,3
6949,3
6950,3
6951,3
6952,2
6953,1
6954,1
6955,1
6956,1
6957,1
6958,2
6959,3
6960,1
6961,919
6962,2
6963,3
6964,3
6965,3
6966,1
6967,1
6968,1
6969,1
6970,1
6971,2
6972,3
6973,1
6974,3
6975,3
6976,2
6977,3
6978,2
6979,3
6980,1
6981,1
6982,3
6983,3
6984,1
6985,1
6986,1
6987,1
6988,1
6989,2
6990,1
6991,2
6992,852
6993,3
6994,3
6995,1
6996,1
6997,1
6998,3
6999,1
7000,3
7001,2
7002,1
7003,1
7004,2
7005,2
7006,1
7007,3
7008,3
7009,3
7010,3
7011,3
7012,3
7013,3
7014,3
7015,3
7016,3
7017,1
7018,2
7019,1
7020,3
7021,1
7022,2
7023,1
7024,2
7025,1
7026,3
7027,2
7028,2
7029,3
7030,1
7031,3
7032,3
7033,1
7034,3
7035,1
7036,3
7037,3
7038,2
7039,3
7040,1
7041,2
7042,1
7043,2
7044,1
7045,2
7046,1
7047,3
7048,1
7049,2
7050,3
7051,2
7052,1
7053,2
7054,1
7055,1
7056,3
7057,1
7058,2
7059,1
7060,1
7061,3
7062,3
7063,3
7064,2
7065,2
7066,1
7067,1
7068,1
7069,1
7070,1
7071,3
7072,3
7073,1
7074,1
7075,3
7076,3
7077,3
7078,1
7079,2
7080,1
7081,2
7082,1
7083,3
7084,3
7085,2
7086,1
7087,429
7088,1
7089,3
7090,3
7091,1
7092,2
7093,3
7094,2
7095,1
7096,796
7097,3
7098,3
7099,3
7100,3
7101,1
7102,2
7103,3
7104,3
7105,1
7106,3
7107,1
7108,3
7109,1
7110,1
7111,1
7112,1
7113,3
7114,3
7115,1
7116,3
7117,3
7118,1
7119,2
7120,2
7121,3
7122,1
7123,1
7124,2
7125,1
7126,3
7127,2
7128,1
7129,1
7130,2
7131,3
7132,3
7133,1
7134,1
7135,3
7136,3
7137,2
7138,3
7139,3
7140,3
7141,1
7142,1
7143,1
7144,1
7145,1
7146,3
7147,3
7148,3
7149,3
7150,3
7151,3
7152,2
7153,2
7154,1
7155,3
7156,1
7157,3
7158,3
7159,1
7160,3
7161,3
7162,3
7163,3
7164,3
7165,1
7166,1
7167,3
7168,1
7169,3
7170,1
7171,3
7172,3
7173,2
7174,1
7175,3
7176,3
7177,503
7178,1
7179,1
7180,3
7181,1
7182,2
7183,2
7184,1
7185,1
7186,3
7187,3
7188,3
7189,1
7190,1
7191,2
7192,3
7193,3
7194,1
7195,1
7196,2
7197,2
7198,1
7199,3
7200,3
7201,3
7202,1
7203,3
7204,3
7205,1
7206,2
7207,2
7208,2
7209,1
7210,3
7211,1
7212,1
7213,3
7214,3
7215,1
7216,3
7217,1
7218,3
7219,3
7220,3
7221,3
7222,1
7223,1
7224,1
7225,2
7226,3
7227,3
7228,3
7229,3
7230,1
7231,3
7232,3
7233,1
7234,2
7235,2
7236,1
7237,3
7238,2
7239,1
7240,2
7241,1
7242,1
7243,3
7244,1
7245,1
7246,1
7247,1
7248,3
7249,3
7250,1
7251,3
7252,1
7253,3
7254,2
7255,1
7256,1
7257,3
7258,2
7259,3
7260,2
7261,1
7262,1
7263,3
7264,1
7265,3
7266,2
7267,3
7268,3
7269,1
7270,1
7271,3
7272,2
7273,3
7274,1
7275,3
7276,1
7277,2
7278,3
7279,3
7280,1
7281,1
7282,2
7283,2
7284,3
7285,3
7286,3
7287,3
7288,1
7289,1
7290,2
7291,1
7292,1
7293,2
7294,3
7295,1
7296,3
7297,3
7298,3
7299,3
7300,2
7301,1
7302,1
7303,2
7304,3
7305,2
7306,2
7307,3
7308,1
7309,1
7310,1
7311,1
7312,2
7313,2
7314,2
7315,2
7316,3
7317,3
7318,2
7319,2
7320,2
7321,3
7322,3
7323,1
7324,1
7325,3
7326,3
7327,1
7328,3
7329,1
7330,1
7331,1
7332,238
7333,2
7334,2
7335,1
7336,3
7337,3
7338,1
7339,1
7340,3
7341,1
7342,1
7343,3
7344,3
7345,3
7346,1
7347,2
7348,1
7349,1
7350,3
7351,2
7352,3
7353,1
7354,3
7355,1
7356,1
7357,2
7358,1
7359,3
7360,1
7361,1
7362,1
7363,3
7364,3
7365,3
7366,3
7367,1
7368,3
7369,2
7370,2
7371,2
7372,1
7373,2
7374,3
7375,3
7376,3
7377,2
7378,3
7379,1
7380,1
7381,198
7382,3
7383,3
7384,3
7385,1
7386,3
7387,3
7388,1
7389,2
7390,1
7391,3
7392,3
7393,3
7394,3
7395,1
7396,1
7397,2
7398,3
7399,1
7400,3
7401,3
7402,1
7403,2
7404,2
7405,3
7406,2
7407,3
7408,1
7409,3
7410,1
7411,3
7412,3
7413,3
7414,3
7415,1
7416,3
7417,1
7418,1
7419,1
7420,3
7421,3
7422,1
7423,2
7424,3
7425,1
7426,1
7427,1
7428,3
7429,3
7430,1
7431,3
7432,1
7433,3
7434,1
7435,1
7436,2
7437,1
7438,1
7439,1
7440,1
7441,3
7442,1
7443,1
7444,2
7445,2
7446,3
7447,3
7448,3
7449,1
7450,2
7451,3
7452,3
7453,1
7454,1
7455,3
7456,3
7457,1
7458,3
7459,3
7460,3
7461,2
7462,1
7463,1
7464,3
7465,1
7466,3
7467,1
7468,2
7469,3
7470,1
7471,1
7472,1
7473,3
7474,3
7475,3
7476,1
7477,2
7478,3
7479,3
7480,1
7481,1
7482,1
7483,3
7484,3
7485,3
7486,2
7487,2
7488,2
7489,1
7490,3
7491,1
7492,2
7493,2
7494,3
7495,3
7496,1
7497,3
7498,2
7499,1
7500,1
7501,1
7502,1
7503,3
7504,3
7505,1
7506,3
7507,3
7508,1
7509,2
7510,2
7511,2
7512,1
7513,1
7514,2
7515,3
7516,1
7517,3
7518,3
7519,3
7520,1
7521,3
7522,190
7523,1
7524,1
7525,3
7526,2
7527,1
7528,3
7529,3
7530,3
7531,3
7532,1
7533,434
7534,3
7535,2
7536,3
7537,1
7538,1
7539,1
7540,2
7541,2
7542,1
7543,3
7544,1
7545,3
7546,3
7547,1
7548,3
7549,1
7550,3
7551,2
7552,1
7553,3
7554,3
7555,3
7556,1
7557,3
7558,1
7559,2
7560,2
7561,3
7562,1
7563,3
7564,1
7565,3
7566,3
7567,3
7568,3
7569,1
7570,3
7571,2
7572,3
7573,3
7574,3
7575,3
7576,3
7577,1
7578,1
7579,1
7580,2
7581,1
7582,1
7583,2
7584,3
7585,1
7586,3
7587,1
7588,3
7589,1
7590,1
7591,1
7592,3
7593,1
7594,3
7595,3
7596,3
7597,3
7598,2
7599,3
7600,1
7601,2
7602,1
7603,3
7604,3
7605,1
7606,3
7607,3
7608,3
7609,3
7610,3
7611,2
7612,3
7613,2
7614,2
7615,1
7616,2
7617,3
7618,3
7619,1
7620,3
7621,2
7622,3
7623,1
7624,3
7625,2
7626,1
7627,1
7628,3
7629,1
7630,1
7631,3
7632,1
7633,2
7634,2
7635,1
7636,3
7637,3
7638,3
7639,1
7640,1
7641,3
7642,3
7643,1
7644,1
7645,2
7646,1
7647,1
7648,3
7649,1
7650,1
7651,2
7652,3
7653,3
7654,1
7655,1
7656,1
7657,1
7658,1
7659,3
7660,3
7661,1
7662,666
7663,2
7664,3
7665,3
7666,3
7667,3
7668,1
7669,1
7670,1
7671,3
7672,3
7673,2
7674,3
7675,3
7676,3
7677,1
7678,3
7679,1
7680,3
7681,3
7682,1
7683,3
7684,1
7685,2
7686,3
7687,3
7688,3
7689,1
7690,1
7691,2
7692,1
7693,3
7694,3
7695,1
7696,3
7697,3
7698,3
7699,2
7700,3
7701,2
7702,1
7703,1
7704,1
7705,2
7706,3
7707,1
7708,3
7709,1
7710,3
7711,1
7712,670
7713,2
7714,2
7715,1
7716,1
7717,2
7718,1
7719,2
7720,2
7721,2
7722,3
7723,3
7724,3
7725,1
7726,3
7727,1
7728,3
7729,1
7730,1
7731,1
7732,3
7733,3
7734,3
7735,1
7736,2
7737,1
7738,2
7739,3
7740,3
7741,3
7742,3
7743,3
7744,877
7745,1
7746,3
7747,1
7748,1
7749,3
7750,1
7751,2
7752,3
7753,3
7754,1
7755,1
7756,1
7757,2
7758,3
7759,1
7760,1
7761,3
7762,1
7763,1
7764,1
7765,1
7766,1
7767,3
7768,1
7769,3
7770,2
7771,3
7772,2
7773,3
7774,1
7775,1
7776,3
7777,3
7778,1
7779,2
7780,3
7781,3
7782,3
7783,2
7784,2
7785,3
7786,1
7787,2
7788,3
7789,3
7790,1
7791,2
7792,3
7793,3
7794,2
7795,1
7796,3
7797,3
7798,1
7799,1
7800,2
7801,3
7802,2
7803,2
7804,1
7805,1
7806,2
7807,2
7808,1
7809,3
7810,3
7811,2
7812,3
7813,3
7814,3
7815,1
7816,3
7817,2
7818,3
7819,2
7820,1
7821,1
7822,1
7823,3
7824,2
7825,3
7826,1
7827,3
7828,1
7829,1
7830,1
7831,3
7832,3
7833,1
7834,1
7835,3
7836,1
7837,2
7838,2
7839,3
7840,3
7841,2
7842,1
7843,2
7844,1
7845,1
7846,1
7847,2
7848,2
7849,1
7850,2
7851,1
7852,3
7853,3
7854,1
7855,2
7856,3
7857,2
7858,1
7859,2
7860,1
7861,2
7862,3
7863,2
7864,3
7865,3
7866,3
7867,1
7868,3
7869,3
7870,2
7871,3
7872,2
7873,2
7874,1
7875,3
7876,3
7877,1
7878,3
7879,2
7880,3
7881,3
7882,3
7883,2
7884,3
7885,2
7886,1
7887,2
7888,2
7889,3
7890,2
7891,3
7892,3
7893,3
7894,1
7895,1
7896,2
7897,1
7898,1
7899,2
7900,3
7901,2
7902,1
7903,1
7904,3
7905,3
7906,1
7907,2
7908,1
7909,3
7910,2
7911,3
7912,3
7913,1
7914,3
7915,3
7916,2
7917,3
7918,1
7919,2
7920,1
7921,1
7922,2
7923,3
7924,3
7925,2
7926,1
7927,2
7928,1
7929,3
7930,1
7931,3
7932,2
7933,3
7934,3
7935,3
7936,3
7937,1
7938,3
7939,3
7940,3
7941,1
7942,1
7943,2
7944,2
7945,3
7946,3
7947,3
7948,3
7949,2
7950,2
7951,2
7952,3
7953,3
7954,3
7955,3
7956,1
7957,2
7958,3
7959,2
7960,1
7961,1
7962,3
7963,2
7964,2
7965,3
7966,3
7967,3
7968,1
7969,3
7970,3
7971,1
7972,3
7973,1
7974,3
7975,1
7976,1
7977,3
7978,3
7979,1
7980,1
7981,1
7982,1
7983,3
7984,1
7985,1
7986,3
7987,1
7988,3
7989,3
7990,2
7991,1
7992,1
7993,1
7994,3
7995,3
7996,3
7997,1
7998,1
7999,1
8000,3
8001,1
8002,3
8003,2
8004,3
8005,3
8006,1
8007,3
8008,3
8009,1
8010,1
8011,1
8012,3
8013,1
8014,1
8015,1
8016,2
8017,1
8018,1
8019,3
8020,3
8021,3
8022,1
8023,3
8024,2
8025,3
8026,3
8027,3
8028,1
8029,1
8030,1
8031,1
8032,1
8033,1
8034,1
8035,1
8036,1
8037,3
8038,3
8039,3
8040,2
8041,3
8042,1
8043,1
8044,1
8045,2
8046,1
8047,3
8048,1
8049,1
8050,3
8051,3
8052,2
8053,3
8054,1
8055,2
8056,3
8057,3
8058,1
8059,1
8060,3
8061,1
8062,3
8063,1
8064,3
8065,1
8066,3
8067,3
8068,3
8069,1
8070,1
8071,3
8072,1
8073,1
8074,1
8075,1
8076,2
8077,3
8078,3
8079,1
8080,3
8081,3
8082,3
8083,3
8084,3
8085,3
8086,3
8087,3
8088,3
8089,1
8090,1
8091,3
8092,2
8093,3
8094,2
8095,3
8096,2
8097,1
8098,3
8099,1
8100,3
8101,3
8102,2
8103,1
8104,3
8105,3
8106,1
8107,1
8108,3
8109,2
8110,3
8111,2
8112,1
8113,2
8114,1
8115,3
8116,3
8117,3
8118,1
8119,3
8120,3
8121,3
8122,3
8123,1
8124,1
8125,2
8126,2
8127,3
8128,3
8129,3
8130,3
8131,1
8132,1
8133,1
8134,3
8135,1
8136,1
8137,3
8138,1
8139,3
8140,2
8141,3
8142,2
8143,2
8144,3
8145,1
8146,3
8147,1
8148,1
8149,2
8150,1
8151,3
8152,3
8153,1
8154,3
8155,3
8156,3
8157,2
8158,2
8159,3
8160,1
8161,3
8162,3
8163,3
8164,3
8165,3
8166,3
8167,1
8168,1
8169,1
8170,3
8171,3
8172,1
8173,3
8174,3
8175,3
8176,2
8177,2
8178,2
8179,3
8180,3
8181,3
8182,3
8183,3
8184,3
8185,3
8186,1
8187,3
8188,2
8189,2
8190,1
8191,3
8192,3
8193,3
8194,3
8195,3
8196,2
8197,1
8198,3
8199,3
8200,3
8201,3
8202,3
8203,1
8204,3
8205,477
8206,3
8207,3
8208,1
8209,3
8210,1
8211,1
8212,1
8213,2
8214,2
8215,3
8216,1
8217,3
8218,1
8219,1
8220,1
8221,3
8222,3
8223,3
8224,1
8225,3
8226,3
8227,3
8228,1
8229,2
8230,1
8231,3
8232,1
8233,2
8234,1
8235,3
8236,3
8237,2
8238,1
8239,2
8240,1
8241,2
8242,3
8243,3
8244,3
8245,3
8246,3
8247,3
8248,3
8249,2
8250,3
8251,3
8252,3
8253,3
8254,1
8255,1
8256,3
8257,3
8258,2
8259,2
8260,3
8261,1
8262,1
8263,1
8264,1
8265,1
8266,3
8267,3
8268,3
8269,2
8270,2
8271,3
8272,1
8273,3
8274,3
8275,1
8276,445
8277,2
8278,2
8279,1
8280,1
8281,1
8282,1
8283,1
8284,3
8285,1
8286,1
8287,1
8288,1
8289,3
8290,1
8291,3
8292,1
8293,1
8294,3
8295,2
8296,3
8297,3
8298,3
8299,1
8300,1
8301,1
8302,3
8303,3
8304,2
8305,2
8306,1
8307,3
8308,1
8309,3
8310,1
8311,1
8312,3
8313,2
8314,3
8315,1
8316,3
8317,1
8318,3
8319,2
8320,2
8321,2
8322,1
8323,3
8324,3
8325,3
8326,2
8327,3
8328,2
8329,1
8330,2
8331,1
8332,3
8333,3
8334,2
8335,3
8336,1
8337,3
8338,3
8339,1
8340,1
8341,3
8342,3
8343,1
8344,1
8345,1
8346,1
8347,3
8348,3
8349,3
8350,1
8351,2
8352,1
8353,3
8354,3
8355,3
8356,3
8357,3
8358,1
8359,3
8360,1
8361,1
8362,1
8363,1
8364,3
8365,1
8366,2
8367,3
8368,3
8369,3
8370,1
8371,2
8372,1
8373,1
8374,3
8375,3
8376,3
8377,3
8378,1
8379,3
8380,1
8381,3
8382,2
8383,1
8384,3
8385,3
8386,3
8387,3
8388,3
8389,1
8390,1
8391,3
8392,2
8393,2
8394,3
8395,2
8396,3
8397,2
8398,2
8399,1
8400,3
8401,1
8402,2
8403,2
8404,3
8405,3
8406,3
8407,3
8408,2
8409,1
8410,3
8411,3
8412,3
8413,1
8414,3
8415,2
8416,2
8417,3
8418,3
8419,3
8420,1
8421,2
8422,1
8423,3
8424,1
8425,3
8426,1
8427,2
8428,3
8429,3
8430,3
8431,3
8432,2
8433,1
8434,1
8435,1
8436,2
8437,1
8438,2
8439,2
8440,3
8441,3
8442,1
8443,3
8444,1
8445,3
8446,2
8447,2
8448,3
8449,2
8450,3
8451,3
8452,3
8453,1
8454,3
8455,3
8456,3
8457,2
8458,2
8459,3
8460,2
8461,1
8462,1
8463,2
8464,3
8465,1
8466,2
8467,2
8468,1
8469,1
8470,3
8471,3
8472,1
8473,1
8474,3
8475,3
8476,3
8477,2
8478,2
8479,3
8480,1
8481,3
8482,3
8483,3
8484,1
8485,2
8486,3
8487,2
8488,1
8489,1
8490,2
8491,1
8492,1
8493,3
8494,1
8495,3
8496,1
8497,1
8498,3
8499,3
8500,2
8501,3
8502,3
8503,3
8504,1
8505,2
8506,1
8507,3
8508,3
8509,3
8510,1
8511,1
8512,3
8513,3
8514,3
8515,3
8516,1
8517,3
8518,3
8519,1
8520,2
8521,1
8522,3
8523,1
8524,3
8525,1
8526,3
8527,2
8528,3
8529,2
8530,3
8531,3
8532,3
8533,3
8534,2
8535,2
8536,2
8537,3
8538,1
8539,2
8540,2
8541,3
8542,2
8543,3
8544,1
8545,1
8546,3
8547,1
8548,3
8549,3
8550,1
8551,3
8552,2
8553,3
8554,3
8555,1
8556,1
8557,3
8558,3
8559,3
8560,3
8561,3
8562,3
8563,3
8564,3
8565,1
8566,1
8567,1
8568,3
8569,3
8570,1
8571,1
8572,1
8573,2
8574,1
8575,2
8576,1
8577,2
8578,2
8579,2
8580,3
8581,3
8582,3
8583,3
8584,1
8585,1
8586,3
8587,3
8588,3
8589,3
8590,3
8591,1
8592,2
8593,1
8594,1
8595,3
8596,3
8597,1
8598,1
8599,2
8600,3
8601,1
8602,1
8603,3
8604,3
8605,1
8606,2
8607,3
8608,3
8609,3
8610,1
8611,2
8612,1
8613,1
8614,3
8615,1
8616,3
8617,2
8618,1
8619,1
8620,3
8621,3
8622,1
8623,1
8624,1
8625,1
8626,3
8627,3
8628,3
8629,2
8630,3
8631,1
8632,3
8633,2
8634,3
8635,1
8636,1
8637,3
8638,1
8639,2
8640,1
8641,1
8642,2
8643,3
8644,1
8645,2
8646,1
8647,3
8648,1
8649,2
8650,3
8651,2
8652,3
8653,3
8654,1
8655,3
8656,3
8657,3
8658,3
8659,3
8660,3
8661,1
8662,3
8663,2
8664,2
8665,1
8666,939
8667,2
8668,1
8669,1
8670,3
8671,1
8672,3
8673,2
8674,3
8675,2
8676,3
8677,2
8678,3
8679,3
8680,1
8681,3
8682,3
8683,1
8684,3
8685,3
8686,3
8687,1
8688,3
8689,2
8690,1
8691,455
8692,3
8693,3
8694,3
8695,1
8696,3
8697,1
8698,1
8699,1
8700,1
8701,1
8702,1
8703,3
8704,3
8705,3
8706,3
8707,2
8708,3
8709,2
8710,3
8711,2
8712,1
8713,3
8714,3
8715,1
8716,3
8717,3
8718,1
8719,1
8720,2
8721,3
8722,3
8723,3
8724,3
8725,3
8726,3
8727,3
8728,3
8729,3
8730,634
8731,3
8732,3
8733,1
8734,2
8735,2
8736,1
8737,1
8738,1
8739,1
8740,3
8741,1
8742,1
8743,2
8744,1
8745,3
8746,3
8747,3
8748,3
8749,3
8750,2
8751,2
8752,3
8753,3
8754,3
8755,1
8756,3
8757,3
8758,3
8759,3
8760,3
8761,1
8762,2
8763,1
8764,3
8765,2
8766,1
8767,1
8768,3
8769,3
8770,1
8771,3
8772,2
8773,2
8774,3
8775,3
8776,1
8777,3
8778,2
8779,3
8780,1
8781,1
8782,1
8783,3
8784,1
8785,3
8786,1
8787,1
8788,3
8789,3
8790,3
8791,3
8792,3
8793,2
8794,1
8795,1
8796,2
8797,3
8798,3
8799,2
8800,1
8801,3
8802,1
8803,3
8804,3
8805,2
8806,2
8807,3
8808,1
8809,2
8810,1
8811,1
8812,1
8813,1
8814,2
8815,1
8816,1
8817,3
8818,1
8819,3
8820,3
8821,1
8822,2
8823,1
8824,3
8825,3
8826,3
8827,3
8828,3
8829,3
8830,2
8831,2
8832,3
8833,2
8834,3
8835,1
8836,1
8837,3
8838,1
8839,3
8840,2
8841,2
8842,1
8843,1
8844,2
8845,3
8846,2
8847,3
8848,1
8849,1
8850,1
8851,3
8852,3
8853,3
8854,2
8855,1
8856,1
8857,1
8858,2
8859,1
8860,2
8861,1
8862,2
8863,3
8864,3
8865,3
8866,3
8867,1
8868,3
8869,1
8870,2
8871,3
8872,2
8873,753
8874,3
8875,3
8876,2
8877,3
8878,3
8879,3
8880,2
8881,1
8882,3
8883,1
8884,2
8885,2
8886,3
8887,3
8888,3
8889,3
8890,1
8891,2
8892,2
8893,2
8894,3
8895,2
8896,2
8897,894
8898,3
8899,1
8900,3
8901,3
8902,2
8903,3
8904,3
8905,3
8906,1
8907,2
8908,3
8909,2
8910,3
8911,3
8912,1
8913,3
8914,3
8915,2
8916,3
8917,1
8918,1
8919,1
8920,1
8921,1
8922,3
8923,1
8924,1
8925,1
8926,1
8927,3
8928,1
8929,3
8930,3
8931,1
8932,3
8933,3
8934,3
8935,2
8936,1
8937,1
8938,3
8939,2
8940,3
8941,3
8942,1
8943,1
8944,1
8945,3
8946,2
8947,2
8948,3
8949,2
8950,2
8951,1
8952,2
8953,3
8954,3
8955,2
8956,2
8957,3
8958,3
8959,1
8960,1
8961,3
8962,1
8963,3
8964,3
8965,3
8966,2
8967,3
8968,1
8969,3
8970,3
8971,3
8972,1
8973,2
8974,2
8975,1
8976,3
8977,1
8978,1
8979,3
8980,3
8981,2
8982,1
8983,3
8984,2
8985,1
8986,2
8987,3
8988,3
8989,1
8990,1
8991,1
8992,1
8993,1
8994,3
8995,3
8996,1
8997,3
8998,3
8999,3
9000,3
9001,2
9002,2
9003,1
9004,1
9005,3
9006,1
9007,2
9008,3
9009,2
9010,3
9011,1
9012,1
9013,1
9014,3
9015,3
9016,1
9017,2
9018,3
9019,3
9020,3
9021,1
9022,3
9023,3
9024,3
9025,3
9026,3
9027,3
9028,1
9029,2
9030,2
9031,3
9032,3
9033,3
9034,3
9035,2
9036,2
9037,1
9038,2
9039,1
9040,3
9041,3
9042,1
9043,1
9044,3
9045,3
9046,2
9047,1
9048,3
9049,3
9050,1
9051,1
9052,3
9053,1
9054,1
9055,1
9056,2
9057,2
9058,3
9059,2
9060,1
9061,3
9062,3
9063,2
9064,3
9065,1
9066,3
9067,2
9068,1
9069,2
9070,3
9071,1
9072,2
9073,3
9074,3
9075,1
9076,3
9077,1
9078,3
9079,1
9080,1
9081,2
9082,2
9083,3
9084,3
9085,3
9086,3
9087,1
9088,3
9089,3
9090,2
9091,1
9092,1
9093,3
9094,3
9095,1
9096,3
9097,3
9098,3
9099,3
9100,1
9101,2
9102,3
9103,3
9104,2
9105,3
9106,2
9107,2
9108,3
9109,1
9110,3
9111,3
9112,3
9113,1
9114,3
9115,1
9116,1
9117,1
9118,1
9119,1
9120,1
9121,2
9122,1
9123,2
9124,3
9125,2
9126,3
9127,1
9128,2
9129,3
9130,3
9131,2
9132,3
9133,3
9134,2
9135,1
9136,2
9137,3
9138,1
9139,3
9140,1
9141,3
9142,1
9143,3
9144,3
9145,2
9146,3
9147,1
9148,3
9149,1
9150,1
9151,2
9152,3
9153,1
9154,3
9155,1
9156,3
9157,2
9158,3
9159,2
9160,1
9161,3
9162,3
9163,2
9164,3
9165,1
9166,3
9167,2
9168,2
9169,2
9170,2
9171,1
9172,3
9173,1
9174,2
9175,3
9176,2
9177,1
9178,3
9179,2
9180,3
9181,3
9182,1
9183,917
9184,1
9185,3
9186,3
9187,2
9188,1
9189,1
9190,3
9191,1
9192,1
9193,3
9194,1
9195,3
9196,1
9197,1
9198,1
9199,2
9200,2
9201,3
9202,2
9203,1
9204,3
9205,1
9206,3
9207,1
9208,3
9209,3
9210,1
9211,1
9212,1
9213,3
9214,1
9215,3
9216,3
9217,1
9218,3
9219,1
9220,2
9221,3
9222,3
9223,1
9224,2
9225,3
9226,2
9227,3
9228,2
9229,2
9230,3
9231,3
9232,3
9233,3
9234,1
9235,3
9236,1
9237,3
9238,1
9239,2
9240,1
9241,2
9242,1
9243,2
9244,1
9245,3
9246,3
9247,1
9248,3
9249,2
9250,1
9251,3
9252,1
9253,1
9254,3
9255,3
9256,2
9257,3
9258,2
9259,3
9260,2
9261,1
9262,1
9263,3
9264,3
9265,1
9266,3
9267,3
9268,3
9269,1
9270,3
9271,2
9272,2
9273,1
9274,3
9275,2
9276,1
9277,3
9278,2
9279,3
9280,1
9281,2
9282,1
9283,3
9284,1
9285,1
9286,3
9287,2
9288,3
9289,1
9290,1
9291,3
9292,2
9293,3
9294,2
9295,2
9296,2
9297,1
9298,3
9299,1
9300,1
9301,2
9302,1
9303,1
9304,1
9305,3
9306,1
9307,1
9308,1
9309,3
9310,2
9311,3
9312,1
9313,1
9314,1
9315,2
9316,1
9317,3
9318,1
9319,1
9320,685
9321,3
9322,1
9323,3
9324,2
9325,3
9326,3
9327,3
9328,318
9329,1
9330,3
9331,2
9332,2
9333,3
9334,1
9335,2
9336,3
9337,3
9338,3
9339,1
9340,1
9341,1
9342,1
9343,3
9344,1
9345,1
9346,3
9347,1
9348,3
9349,1
9350,1
9351,1
9352,3
9353,3
9354,3
9355,3
9356,2
9357,1
9358,1
9359,3
9360,3
9361,3
9362,2
9363,1
9364,1
9365,374
9366,3
9367,1
9368,3
9369,1
9370,3
9371,3
9372,1
9373,2
9374,3
9375,1
9376,1
9377,1
9378,3
9379,1
9380,2
9381,3
9382,3
9383,3
9384,3
9385,3
9386,2
9387,3
9388,3
9389,1
9390,3
9391,1
9392,1
9393,3
9394,1
9395,1
9396,3
9397,1
9398,3
9399,1
9400,3
9401,3
9402,1
9403,3
9404,3
9405,3
9406,1
9407,1
9408,3
9409,3
9410,2
9411,1
9412,3
9413,2
9414,2
9415,1
9416,3
9417,3
9418,1
9419,1
9420,1
9421,1
9422,3
9423,1
9424,1
9425,1
9426,3
9427,2
9428,3
9429,3
9430,1
9431,3
9432,1
9433,3
9434,3
9435,3
9436,3
9437,1
9438,3
9439,1
9440,3
9441,3
9442,1
9443,3
9444,3
9445,3
9446,3
9447,3
9448,1
9449,1
9450,2
9451,1
9452,1
9453,3
9454,3
9455,2
9456,3
9457,2
9458,2
9459,2
9460,3
9461,1
9462,3
9463,3
9464,3
9465,3
9466,2
9467,1
9468,3
9469,1
9470,3
9471,3
9472,2
9473,1
9474,3
9475,3
9476,1
9477,2
9478,2
9479,1
9480,3
9481,2
9482,1
9483,1
9484,2
9485,2
9486,1
9487,3
9488,3
9489,1
9490,3
9491,3
9492,3
9493,1
9494,3
9495,1
9496,3
9497,3
9498,2
9499,3
9500,1
9501,1
9502,1
9503,2
9504,1
9505,773
9506,3
9507,1
9508,3
9509,3
9510,3
9511,3
9512,2
9513,1
9514,1
9515,1
9516,3
9517,1
9518,1
9519,3
9520,1
9521,3
9522,2
9523,1
9524,3
9525,1
9526,1
9527,1
9528,2
9529,1
9530,1
9531,3
9532,3
9533,3
9534,1
9535,1
9536,2
9537,3
9538,1
9539,1
9540,3
9541,2
9542,3
9543,3
9544,3
9545,3
9546,1
9547,3
9548,3
9549,3
9550,2
9551,3
9552,1
9553,3
9554,3
9555,1
9556,3
9557,1
9558,3
9559,1
9560,2
9561,3
9562,1
9563,3
9564,1
9565,3
9566,3
9567,1
9568,2
9569,2
9570,3
9571,1
9572,1
9573,1
9574,1
9575,3
9576,1
9577,3
9578,3
9579,2
9580,1
9581,2
9582,1
9583,2
9584,3
9585,3
9586,3
9587,2
9588,2
9589,1
9590,3
9591,1
9592,3
9593,1
9594,2
9595,1
9596,3
9597,3
9598,3
9599,1
9600,3
9601,2
9602,3
9603,3
9604,1
9605,3
9606,3
9607,1
9608,3
9609,2
9610,3
9611,3
9612,1
9613,2
9614,1
9615,1
9616,1
9617,1
9618,3
9619,2
9620,3
9621,2
9622,1
9623,3
9624,874
9625,3
9626,3
9627,1
9628,3
9629,3
9630,1
9631,1
9632,3
9633,3
9634,3
9635,3
9636,3
9637,3
9638,3
9639,1
9640,3
9641,3
9642,3
9643,3
9644,3
9645,3
9646,3
9647,3
9648,3
9649,2
9650,1
9651,3
9652,2
9653,2
9654,1
9655,1
9656,3
9657,1
9658,1
9659,1
9660,3
9661,3
9662,3
9663,3
9664,2
9665,2
9666,1
9667,1
9668,2
9669,3
9670,3
9671,1
9672,3
9673,1
9674,2
9675,1
9676,1
9677,3
9678,2
9679,2
9680,1
9681,3
9682,1
9683,1
9684,2
9685,2
9686,3
9687,1
9688,3
9689,444
9690,1
9691,3
9692,3
9693,1
9694,3
9695,3
9696,3
9697,1
9698,2
9699,2
9700,3
9701,3
9702,3
9703,3
9704,2
9705,1
9706,1
9707,2
9708,1
9709,3
9710,2
9711,2
9712,3
9713,3
9714,3
9715,2
9716,3
9717,1
9718,1
9719,3
9720,3
9721,2
9722,3
9723,1
9724,1
9725,2
9726,2
9727,1
9728,1
9729,1
9730,3
9731,3
9732,756
9733,1
9734,3
9735,2
9736,3
9737,3
9738,3
9739,1
9740,3
9741,1
9742,1
9743,3
9744,1
9745,3
9746,1
9747,1
9748,2
9749,3
9750,1
9751,1
9752,3
9753,1
9754,3
9755,3
9756,3
9757,3
9758,2
9759,3
9760,1
9761,2
9762,3
9763,1
9764,2
9765,2
9766,3
9767,3
9768,3
9769,1
9770,2
9771,3
9772,3
9773,1
9774,1
9775,3
9776,3
9777,3
9778,3
9779,1
9780,1
9781,3
9782,3
9783,3
9784,2
9785,3
9786,2
9787,3
9788,1
9789,1
9790,3
9791,2
9792,3
9793,3
9794,3
9795,3
9796,1
9797,3
9798,1
9799,2
9800,1
9801,3
9802,1
9803,2
9804,3
9805,3
9806,2
9807,3
9808,1
9809,3
9810,2
9811,3
9812,3
9813,3
9814,3
9815,3
9816,3
9817,3
9818,1
9819,3
9820,1
9821,2
9822,1
9823,3
9824,1
9825,3
9826,3
9827,1
9828,3
9829,3
9830,3
9831,2
9832,1
9833,1
9834,1
9835,1
9836,1
9837,2
9838,2
9839,3
9840,3
9841,3
9842,3
9843,1
9844,2
9845,1
9846,3
9847,2
9848,2
9849,3
9850,3
9851,3
9852,1
9853,1
9854,3
9855,1
9856,1
9857,3
9858,2
9859,1
9860,1
9861,2
9862,2
9863,2
9864,3
9865,2
9866,2
9867,2
9868,1
9869,2
9870,1
9871,3
9872,3
9873,3
9874,3
9875,1
9876,3
9877,2
9878,3
9879,1
9880,3
9881,3
9882,1
9883,1
9884,1
9885,1
9886,3
9887,1
9888,1
9889,2
9890,3
9891,3
9892,3
9893,1
9894,1
9895,1
9896,2
9897,3
9898,2
9899,1
9900,1
9901,3
9902,2
9903,3
9904,1
9905,1
9906,3
9907,2
9908,3
9909,2
9910,3
9911,3
9912,2
9913,3
9914,1
9915,1
9916,1
9917,1
9918,3
9919,1
9920,3
9921,1
9922,3
9923,1
9924,3
9925,2
9926,1
9927,2
9928,2
9929,3
9930,1
9931,3
9932,1
9933,2
9934,2
9935,3
9936,3
9937,3
9938,1
9939,2
9940,2
9941,1
9942,1
9943,1
9944,2
9945,2
9946,2
9947,3
9948,1
9949,3
9950,1
9951,3
9952,1
9953,1
9954,1
9955,3
9956,1
9957,2
9958,3
9959,3
9960,3
9961,3
9962,2
9963,1
9964,1
9965,1
9966,1
9967,1
9968,3
9969,3
9970,2
9971,3
9972,3
9973,1
9974,2
9975,3
9976,1
9977,1
9978,2
9979,1
9980,1
9981,3
9982,1
9983,3
9984,2
9985,1
9986,1
9987,3
9988,1
9989,1
9990,1
9991,1
9992,3
9993,3
9994,3
9995,3
9996,1
9997,3
9998,2
9999,3
10000,1
10001,3
10002,2
10003,3
10004,1
10005,1
10006,1
10007,3
10008,1
10009,1
10010,1
10011,1
10012,1
10013,1
10014,1
10015,3
10016,2
10017,2
10018,3
10019,2
10020,3
10021,2
10022,3
10023,2
10024,3
10025,1
10026,1
10027,1
10028,3
10029,3
10030,2
10031,3
10032,2
10033,1
10034,3
10035,1
10036,1
10037,3
10038,2
10039,2
10040,2
10041,3
10042,3
10043,3
10044,2
10045,3
10046,3
10047,2
10048,1
10049,1
10050,2
10051,3
10052,3
10053,1
10054,2
10055,1
10056,3
10057,2
10058,1
10059,3
10060,3
10061,1
10062,2
10063,1
10064,2
10065,3
10066,3
10067,1
10068,2
10069,3
10070,3
10071,1
10072,2
10073,2
10074,1
10075,3
10076,2
10077,1
10078,1
10079,3
10080,3
10081,2
10082,1
10083,1
10084,3
10085,1
10086,3
10087,3
10088,3
10089,3
10090,2
10091,3
10092,2
10093,3
10094,1
10095,3
10096,1
10097,3
10098,3
10099,1
10100,3
10101,1
10102,3
10103,2
10104,3
10105,2
10106,2
10107,2
10108,1
10109,3
10110,2
10111,3
10112,3
10113,2
10114,2
10115,1
10116,1
10117,1
10118,1
10119,1
10120,1
10121,1
10122,3
10123,1
10124,3
10125,2
10126,1
10127,2
10128,3
10129,3
10130,1
10131,3
10132,2
10133,3
10134,1
10135,3
10136,3
10137,2
10138,2
10139,3
10140,3
10141,1
10142,3
10143,1
10144,3
10145,2
10146,1
10147,1
10148,3
10149,1
10150,2
10151,3
10152,1
10153,2
10154,1
10155,3
10156,3
10157,3
10158,1
10159,3
10160,2
10161,3
10162,1
10163,1
10164,3
10165,3
10166,1
10167,2
10168,1
10169,2
10170,1
10171,1
10172,2
10173,3
10174,1
10175,1
10176,3
10177,1
10178,3
10179,1
10180,1
10181,2
10182,2
10183,3
10184,3
10185,2
10186,1
10187,3
10188,3
10189,1
10190,2
10191,3
10192,1
10193,3
10194,1
10195,1
10196,3
10197,1
10198,3
10199,1
10200,3
10201,3
10202,2
10203,3
10204,2
10205,1
10206,1
10207,3
10208,3
10209,3
10210,2
10211,2
10212,3
10213,1
10214,3
10215,3
10216,1
10217,1
10218,3
10219,3
10220,3
10221,3
10222,3
10223,1
10224,2
10225,3
10226,1
10227,1
10228,1
10229,1
10230,1
10231,1
10232,1
10233,3
10234,3
10235,3
10236,3
10237,2
10238,1
10239,1
10240,3
10241,1
10242,2
10243,1
10244,3
10245,2
10246,1
10247,1
10248,2
10249,2
10250,1
10251,1
10252,1
10253,1
10254,1
10255,3
10256,1
10257,2
10258,1
10259,3
10260,1
10261,1
10262,3
10263,1
10264,2
10265,3
10266,3
10267,2
10268,3
10269,2
10270,2
10271,3
10272,3
10273,2
10274,1
10275,3
10276,1
10277,3
10278,1
10279,3
10280,3
10281,3
10282,1
10283,3
10284,1
10285,1
10286,1
10287,2
10288,3
10289,3
10290,3
10291,2
10292,1
10293,2
10294,2
10295,3
10296,1
10297,3
10298,3
10299,3
10300,3
10301,3
10302,2
10303,1
10304,1
10305,1
10306,2
10307,1
10308,2
10309,1
10310,367
10311,3
10312,1
10313,2
10314,1
10315,1
10316,3
10317,1
10318,1
10319,2
10320,3
10321,3
10322,2
10323,3
10324,3
10325,3
10326,1
10327,3
10328,3
10329,3
10330,3
10331,3
10332,3
10333,2
10334,3
10335,3
10336,3
10337,1
10338,3
10339,1
10340,1
10341,1
10342,2
10343,3
10344,3
10345,3
10346,3
10347,3
10348,1
10349,3
10350,2
10351,3
10352,3
10353,3
10354,2
10355,3
10356,3
10357,1
10358,2
10359,3
10360,2
10361,3
10362,3
10363,2
10364,1
10365,3
10366,3
10367,3
10368,2
10369,2
10370,3
10371,1
10372,1
10373,1
10374,1
10375,1
10376,1
10377,3
10378,1
10379,3
10380,3
10381,1
10382,1
10383,1
10384,3
10385,2
10386,1
10387,2
10388,1
10389,3
10390,2
10391,1
10392,2
10393,1
10394,3
10395,2
10396,2
10397,1
10398,1
10399,3
10400,1
10401,1
10402,3
10403,1
10404,824
10405,3
10406,3
10407,3
10408,2
10409,3
10410,1
10411,2
10412,2
10413,3
10414,3
10415,1
10416,1
10417,3
10418,2
10419,2
10420,1
10421,3
10422,1
10423,3
10424,1
10425,1
10426,1
10427,1
10428,3
10429,1
10430,1
10431,2
10432,1
10433,3
10434,1
10435,3
10436,1
10437,2
10438,1
10439,3
10440,3
10441,3
10442,1
10443,1
10444,3
10445,1
10446,2
10447,3
10448,1
10449,3
10450,2
10451,3
10452,1
10453,3
10454,3
10455,3
10456,2
10457,1
10458,1
10459,3
10460,3
10461,1
10462,3
10463,3
10464,3
10465,1
10466,1
10467,1
10468,2
10469,1
10470,3
10471,2
10472,3
10473,2
10474,1
10475,3
10476,1
10477,3
10478,1
10479,3
10480,1
10481,1
10482,1
10483,2
10484,1
10485,1
10486,1
10487,2
10488,3
10489,3
10490,1
10491,3
10492,1
10493,1
10494,2
10495,3
10496,1
10497,3
10498,3
10499,3
10500,2
10501,3
10502,3
10503,3
10504,1
10505,1
10506,3
10507,2
10508,1
10509,2
10510,1
10511,3
10512,3
10513,3
10514,3
10515,2
10516,2
10517,3
10518,3
10519,2
10520,1
10521,1
10522,2
10523,1
10524,1
10525,2
10526,2
10527,1
10528,3
10529,1
10530,2
10531,918
10532,1
10533,2
10534,1
10535,3
10536,3
10537,2
10538,1
10539,3
10540,3
10541,3
10542,1
10543,2
10544,3
10545,1
10546,1
10547,1
10548,2
10549,2
10550,3
10551,1
10552,3
10553,2
10554,1
10555,1
10556,3
10557,3
10558,1
10559,1
10560,3
10561,2
10562,3
10563,3
10564,3
10565,3
10566,1
10567,1
10568,2
10569,1
10570,3
10571,2
10572,1
10573,1
10574,1
10575,3
10576,1
10577,1
10578,3
10579,3
10580,1
10581,2
10582,1
10583,2
10584,3
10585,1
10586,2
10587,3
10588,3
10589,1
10590,3
10591,3
10592,3
10593,3
10594,3
10595,1
10596,1
10597,3
10598,3
10599,2
10600,3
10601,3
10602,3
10603,2
10604,1
10605,1
10606,3
10607,1
10608,1
10609,3
10610,1
10611,1
10612,1
10613,1
10614,3
10615,3
10616,1
10617,1
10618,3
10619,2
10620,3
10621,3
10622,1
10623,2
10624,1
10625,3
10626,3
10627,2
10628,2
10629,1
10630,3
10631,1
10632,2
10633,1
10634,2
10635,1
10636,3
10637,1
10638,567
10639,3
10640,3
10641,2
10642,1
10643,2
10644,1
10645,1
10646,3
10647,3
10648,3
10649,1
10650,3
10651,2
10652,1
10653,3
10654,1
10655,3
10656,1
10657,1
10658,3
10659,3
10660,3
10661,3
10662,2
10663,1
10664,3
10665,2
10666,3
10667,2
10668,2
10669,3
10670,1
10671,2
10672,3
10673,3
10674,2
10675,3
10676,3
10677,3
10678,3
10679,3
10680,1
10681,1
10682,1
10683,3
10684,2
10685,2
10686,1
10687,2
10688,2
10689,1
10690,3
10691,1
10692,1
10693,3
10694,3
10695,2
10696,1
10697,1
10698,3
10699,1
10700,2
10701,1
10702,1
10703,3
10704,3
10705,3
10706,3
10707,2
10708,1
10709,1
10710,1
10711,3
10712,1
10713,3
10714,3
10715,3
10716,2
10717,2
10718,1
10719,3
10720,3
10721,1
10722,1
10723,3
10724,3
10725,2
10726,1
10727,3
10728,1
10729,1
10730,3
10731,1
10732,1
10733,3
10734,1
10735,3
10736,3
10737,1
10738,1
10739,3
10740,1
10741,1
10742,3
10743,3
10744,3
10745,1
10746,2
10747,1
10748,1
10749,1
10750,3
10751,3
10752,1
10753,2
10754,2
10755,1
10756,1
10757,1
10758,3
10759,3
10760,1
10761,3
10762,3
10763,2
10764,1
10765,3
10766,2
10767,1
10768,2
10769,3
10770,1
10771,2
10772,2
10773,1
10774,3
10775,1
10776,1
10777,1
10778,1
10779,1
10780,1
10781,3
10782,1
10783,3
10784,3
10785,3
10786,3
10787,1
10788,2
10789,1
10790,1
10791,3
10792,3
10793,3
10794,3
10795,1
10796,2
10797,2
10798,1
10799,3
10800,1
10801,2
10802,3
10803,2
10804,1
10805,1
10806,1
10807,3
10808,1
10809,1
10810,1
10811,3
10812,3
10813,2
10814,2
10815,3
10816,2
10817,1
10818,1
10819,3
10820,1
10821,3
10822,658
10823,3
10824,2
10825,169
10826,3
10827,2
10828,1
10829,3
10830,689
10831,1
10832,3
10833,1
10834,1
10835,3
10836,1
10837,3
10838,2
10839,3
10840,3
10841,1
10842,3
10843,3
10844,3
10845,3
10846,2
10847,3
10848,2
10849,2
10850,3
10851,3
10852,3
10853,2
10854,2
10855,1
10856,1
10857,2
10858,3
10859,3
10860,1
10861,3
10862,1
10863,3
10864,1
10865,1
10866,3
10867,2
10868,1
10869,2
10870,2
10871,3
10872,3
10873,2
10874,3
10875,2
10876,1
10877,1
10878,1
10879,3
10880,3
10881,1
10882,3
10883,1
10884,1
10885,1
10886,2
10887,3
10888,2
10889,3
10890,3
10891,1
10892,3
10893,1
10894,1
10895,1
10896,3
10897,1
10898,2
10899,3
10900,1
10901,3
10902,1
10903,246
10904,2
10905,1
10906,3
10907,3
10908,1
10909,1
10910,1
10911,2
10912,2
10913,3
10914,1
10915,1
10916,1
10917,1
10918,1
10919,3
10920,3
10921,3
10922,1
10923,3
10924,3
10925,2
10926,1
10927,1
10928,1
10929,2
10930,3
10931,1
10932,3
10933,1
10934,1
10935,2
10936,1
10937,3
10938,3
10939,1
10940,1
10941,2
10942,3
10943,3
10944,3
10945,2
10946,2
10947,1
10948,1
10949,1
10950,1
10951,3
10952,3
10953,1
10954,1
10955,3
10956,2
10957,1
10958,1
10959,1
10960,3
10961,1
10962,2
10963,1
10964,3
10965,1
10966,1
10967,2
10968,3
10969,1
10970,1
10971,1
10972,2
10973,1
10974,3
10975,1
10976,3
10977,1
10978,1
10979,3
10980,3
10981,3
10982,2
10983,1
10984,3
10985,3
10986,3
10987,3
10988,3
10989,3
10990,3
10991,3
10992,1
10993,1
10994,1
10995,3
10996,1
10997,1
10998,3
10999,3
11000,1
11001,3
11002,2
11003,1
11004,3
11005,1
11006,3
11007,3
11008,1
11009,1
11010,3
11011,1
11012,3
11013,3
11014,2
11015,3
11016,2
11017,2
11018,3
11019,3
11020,2
11021,1
11022,1
11023,3
11024,1
11025,2
11026,1
11027,1
11028,1
11029,2
11030,2
11031,2
11032,3
11033,1
11034,1
11035,3
11036,1
11037,3
11038,3
11039,3
11040,1
11041,3
11042,2
11043,2
11044,1
11045,2
11046,2
11047,1
11048,2
11049,1
11050,2
11051,1
11052,3
11053,3
11054,2
11055,1
11056,1
11057,3
11058,1
11059,1
11060,3
11061,3
11062,3
11063,3
11064,2
11065,3
11066,3
11067,3
11068,1
11069,1
11070,1
11071,1
11072,3
11073,1
11074,1
11075,1
11076,3
11077,1
11078,1
11079,3
11080,2
11081,1
11082,1
11083,3
11084,3
11085,3
11086,3
11087,1
11088,3
11089,3
11090,1
11091,127
11092,3
11093,2
11094,3
11095,3
11096,1
11097,3
11098,2
11099,1
11100,1
11101,3
11102,2
11103,1
11104,2
11105,1
11106,1
11107,1
11108,1
11109,1
11110,1
11111,3
11112,941
11113,3
11114,3
11115,3
11116,3
11117,3
11118,3
11119,1
11120,3
11121,1
11122,1
11123,3
11124,3
11125,3
11126,1
11127,3
11128,1
11129,2
11130,3
11131,3
11132,3
11133,1
11134,3
11135,3
11136,2
11137,2
11138,3
11139,1
11140,3
11141,1
11142,3
11143,3
11144,1
11145,1
11146,1
11147,3
11148,3
11149,3
11150,3
11151,3
11152,3
11153,1
11154,1
11155,1
11156,3
11157,1
11158,1
11159,3
11160,2
11161,1
11162,3
11163,3
11164,1
11165,2
11166,3
11167,2
11168,1
11169,3
11170,1
11171,3
11172,3
11173,3
11174,2
11175,3
11176,1
11177,3
11178,2
11179,3
11180,1
11181,1
11182,2
11183,1
11184,3
11185,1
11186,2
11187,2
11188,3
11189,3
11190,1
11191,1
11192,2
11193,2
11194,3
11195,2
11196,3
11197,3
11198,1
11199,1
11200,3
11201,3
11202,3
11203,3
11204,3
11205,3
11206,1
11207,1
11208,1
11209,2
11210,2
11211,3
11212,3
11213,3
11214,3
11215,3
11216,1
11217,1
11218,3
11219,3
11220,1
11221,3
11222,1
11223,1
11224,3
11225,2
11226,2
11227,1
11228,1
11229,3
11230,3
11231,1
11232,2
11233,3
11234,3
11235,1
11236,1
11237,3
11238,3
11239,1
11240,1
11241,1
11242,3
11243,3
11244,1
11245,1
11246,3
11247,3
11248,1
11249,3
11250,2
11251,1
11252,1
11253,1
11254,3
11255,3
11256,2
11257,1
11258,3
11259,1
11260,1
11261,1
11262,2
11263,3
11264,2
11265,2
11266,1
11267,3
11268,2
11269,3
11270,1
11271,1
11272,3
11273,2
11274,3
11275,3
11276,1
11277,1
11278,3
11279,3
11280,1
11281,3
11282,3
11283,1
11284,3
11285,1
11286,3
11287,3
11288,1
11289,1
11290,1
11291,1
11292,1
11293,2
11294,805
11295,1
11296,3
11297,3
11298,3
11299,3
11300,3
11301,3
11302,3
11303,1
11304,3
11305,1
11306,1
11307,3
11308,1
11309,1
11310,3
11311,3
11312,2
11313,3
11314,2
11315,2
11316,1
11317,2
11318,3
11319,2
11320,456
11321,3
11322,3
11323,3
11324,1
11325,1
11326,2
11327,3
11328,1
11329,1
11330,3
11331,1
11332,1
11333,1
11334,3
11335,3
11336,3
11337,3
11338,1
11339,3
11340,1
11341,3
11342,2
11343,1
11344,1
11345,2
11346,3
11347,3
11348,2
11349,3
11350,3
11351,1
11352,3
11353,2
11354,3
11355,1
11356,3
11357,3
11358,2
11359,1
11360,3
11361,3
11362,1
11363,3
11364,1
11365,2
11366,3
11367,2
11368,1
11369,3
11370,3
11371,1
11372,2
11373,3
11374,3
11375,3
11376,1
11377,3
11378,2
11379,1
11380,2
11381,3
11382,3
11383,3
11384,2
11385,1
11386,1
11387,3
11388,3
11389,1
11390,3
11391,3
11392,2
11393,3
11394,1
11395,1
11396,1
11397,2
11398,3
11399,3
11400,1
11401,2
11402,1
11403,1
11404,1
11405,1
11406,1
11407,3
11408,3
11409,3
11410,3
11411,3
11412,3
11413,2
11414,656
11415,2
11416,1
11417,3
11418,1
11419,2
11420,2
11421,1
11422,3
11423,3
11424,3
11425,3
11426,2
11427,3
11428,3
11429,2
11430,1
11431,1
11432,3
11433,2
11434,3
11435,1
11436,2
11437,3
11438,2
11439,3
11440,3
11441,1
11442,3
11443,3
11444,1
11445,3
11446,1
11447,3
11448,3
11449,3
11450,3
11451,1
11452,1
11453,1
11454,3
11455,1
11456,1
11457,1
11458,3
11459,3
11460,3
11461,2
11462,1
11463,3
11464,3
11465,1
11466,1
11467,3
11468,3
11469,1
11470,3
11471,3
11472,2
11473,1
11474,1
11475,2
11476,1
11477,3
11478,3
11479,3
11480,3
11481,3
11482,2
11483,3
11484,3
11485,1
11486,2
11487,1
11488,2
11489,1
11490,1
11491,3
11492,2
11493,2
11494,3
11495,3
11496,3
11497,3
11498,1
11499,2
11500,2
11501,3
11502,2
11503,3
11504,3
11505,2
11506,3
11507,3
11508,3
11509,3
11510,3
11511,1
11512,1
11513,1
11514,3
11515,3
11516,2
11517,3
11518,1
11519,2
11520,1
11521,2
11522,3
11523,1
11524,1
11525,3
11526,3
11527,1
11528,3
11529,1
11530,2
11531,3
11532,2
11533,3
11534,3
11535,1
11536,1
11537,3
11538,1
11539,3
11540,1
11541,1
11542,2
11543,1
11544,3
11545,2
11546,3
11547,1
11548,2
11549,1
11550,3
11551,3
11552,2
11553,1
11554,3
11555,2
11556,1
11557,3
11558,1
11559,2
11560,3
11561,3
11562,1
11563,2
11564,3
11565,2
11566,1
11567,1
11568,3
11569,1
11570,1
11571,3
11572,1
11573,3
11574,1
11575,3
11576,2
11577,1
11578,3
11579,2
11580,1
11581,2
11582,1
11583,1
11584,1
11585,1
11586,1
11587,1
11588,3
11589,1
11590,2
11591,2
11592,3
11593,2
11594,3
11595,3
11596,3
11597,2
11598,2
11599,2
11600,3
11601,1
11602,1
11603,2
11604,3
11605,3
11606,3
11607,2
11608,886
11609,3
11610,1
11611,1
11612,3
11613,3
11614,3
11615,3
11616,2
11617,2
11618,3
11619,1
11620,3
11621,3
11622,3
11623,3
11624,1
11625,3
11626,1
11627,2
11628,2
11629,1
11630,3
11631,2
11632,3
11633,3
11634,1
11635,3
11636,1
11637,3
11638,1
11639,2
11640,1
11641,3
11642,3
11643,3
11644,1
11645,3
11646,2
11647,3
11648,3
11649,1
11650,1
11651,1
11652,3
11653,3
11654,2
11655,1
11656,1
11657,2
11658,1
11659,3
11660,2
11661,2
11662,3
11663,1
11664,1
11665,1
11666,2
11667,1
11668,1
11669,1
11670,1
11671,1
11672,2
11673,2
11674,1
11675,3
11676,3
11677,3
11678,514
11679,1
11680,1
11681,2
11682,1
11683,1
11684,3
11685,3
11686,2
11687,3
11688,1
11689,1
11690,2
11691,1
11692,3
11693,3
11694,1
11695,3
11696,3
11697,158
11698,2
11699,3
11700,2
11701,3
11702,3
11703,1
11704,1
11705,1
11706,1
11707,3
11708,3
11709,1
11710,1
11711,3
11712,2
11713,3
11714,1
11715,3
11716,3
11717,3
11718,3
11719,3
11720,3
11721,1
11722,1
11723,3
11724,1
11725,1
11726,1
11727,3
11728,3
11729,3
11730,2
11731,2
11732,1
11733,2
11734,1
11735,2
11736,1
11737,1
11738,3
11739,3
11740,3
11741,1
11742,1
11743,2
11744,1
11745,2
11746,2
11747,3
11748,1
11749,1
11750,3
11751,3
11752,3
11753,3
11754,1
11755,3
11756,3
11757,1
11758,1
11759,1
11760,1
11761,1
11762,2
11763,3
11764,3
11765,1
11766,3
11767,3
11768,1
11769,1
11770,3
11771,3
11772,3
11773,3
11774,769
11775,2
11776,3
11777,2
11778,2
11779,2
11780,2
11781,3
11782,1
11783,1
11784,1
11785,3
11786,1
11787,1
11788,1
11789,1
11790,1
11791,1
11792,3
11793,1
11794,1
11795,3
11796,3
11797,3
11798,3
11799,3
11800,1
11801,1
11802,1
11803,3
11804,2
11805,1
11806,1
11807,1
11808,2
11809,1
11810,2
11811,3
11812,1
11813,3
11814,1
11815,3
11816,3
11817,1
11818,3
11819,3
11820,1
11821,1
11822,2
11823,1
11824,3
11825,1
11826,2
11827,2
11828,3
11829,3
11830,3
11831,3
11832,1
11833,3
11834,2
11835,3
11836,3
11837,1
11838,2
11839,1
11840,1
11841,1
11842,3
11843,1
11844,3
11845,3
11846,1
11847,3
11848,1
11849,2
11850,3
11851,3
11852,1
11853,2
11854,1
11855,3
11856,3
11857,3
11858,3
11859,3
11860,2
11861,3
11862,1
11863,1
11864,1
11865,891
11866,829
11867,3
11868,2
11869,2
11870,1
11871,1
11872,3
11873,1
11874,3
11875,1
11876,1
11877,3
11878,1
11879,1
11880,3
11881,3
11882,2
11883,2
11884,3
11885,2
11886,2
11887,1
11888,1
11889,3
11890,1
11891,1
11892,2
11893,3
11894,1
11895,1
11896,1
11897,3
11898,2
11899,1
11900,2
11901,3
11902,3
11903,1
11904,3
11905,2
11906,3
11907,1
11908,3
11909,1
11910,3
11911,1
11912,1
11913,1
11914,3
11915,1
11916,3
11917,1
11918,3
11919,3
11920,3
11921,609
11922,1
11923,3
11924,1
11925,1
11926,2
11927,3
11928,3
11929,1
11930,3
11931,2
11932,3
11933,1
11934,3
11935,3
11936,1
11937,1
11938,3
11939,3
11940,3
11941,3
11942,3
11943,2
11944,1
11945,1
11946,1
11947,174
11948,3
11949,1
11950,1
11951,2
11952,1
11953,1
11954,1
11955,1
11956,3
11957,1
11958,1
11959,3
11960,2
11961,3
11962,2
11963,1
11964,1
11965,3
11966,3
11967,1
11968,3
11969,3
11970,1
11971,1
11972,1
11973,3
11974,2
11975,910
11976,3
11977,1
11978,1
11979,3
11980,3
11981,2
11982,1
11983,3
11984,2
11985,1
11986,3
11987,3
11988,3
11989,3
11990,3
11991,3
11992,1
11993,3
11994,3
11995,3
11996,1
11997,1
11998,3
11999,2
12000,1
1,4
2,6
3,5
4,4
5,5
6,6
7,5
8,5
9,5
10,5
11,4
12,5
13,4
14,6
15,4
16,5
17,6
18,5
19,5
20,4
21,4
22,6
23,6
24,5
25,5
26,6
27,4
28,6
29,4
30,5
31,6
32,4
33,6
34,5
35,4
36,4
37,6
38,6
39,6
40,5
41,4
42,6
43,4
44,4
45,4
46,5
47,5
48,4
49,4
50,4
51,4
52,6
53,5
54,5
55,4
56,4
57,5
58,4
59,4
60,4
61,6
62,4
63,5
64,6
65,4
66,5
67,6
68,6
69,4
70,5
71,4
72,5
73,4
74,5
75,4
76,4
77,4
78,4
79,4
80,5
81,5
82,5
83,4
84,5
85,860
86,6
87,6
88,4
89,5
90,5
91,4
92,5
93,4
94,5
95,4
96,4
97,6
98,4
99,5
100,6
101,6
102,5
103,5
104,5
105,6
106,5
107,4
108,5
109,5
110,4
111,4
112,4
113,4
114,5
115,5
116,6
117,4
118,5
119,5
120,4
121,4
122,4
123,5
124,6
125,871
126,6
127,4
128,4
129,5
130,4
131,5
132,6
133,5
134,5
135,5
136,5
137,5
138,5
139,5
140,4
141,5
142,5
143,4
144,6
145,4
146,5
147,4
148,4
149,6
150,5
151,6
152,5
153,4
154,5
155,4
156,5
157,5
158,4
159,4
160,5
161,4
162,592
163,5
164,4
165,5
166,6
167,4
168,4
169,6
170,6
171,4
172,4
173,6
174,4
175,4
176,4
177,4
178,4
179,5
180,5
181,4
182,6
183,6
184,5
185,5
186,5
187,5
188,6
189,6
190,6
191,5
192,4
193,4
194,4
195,6
196,4
197,6
198,6
199,5
200,5
201,6
202,4
203,6
204,5
205,6
206,4
207,4
208,5
209,5
210,4
211,6
212,5
213,5
214,5
215,5
216,4
217,5
218,5
219,4
220,5
221,4
222,6
223,6
224,5
225,4
226,5
227,5
228,6
229,4
230,6
231,4
232,6
233,5
234,4
235,6
236,6
237,5
238,5
239,4
240,6
241,6
242,5
243,5
244,5
245,5
246,5
247,5
248,4
249,6
250,4
251,4
252,5
253,6
254,4
255,4
256,5
257,6
258,5
259,4
260,4
261,4
262,6
263,6
264,5
265,6
266,5
267,5
268,6
269,940
270,5
271,4
272,4
273,6
274,4
275,4
276,4
277,4
278,5
279,5
280,4
281,6
282,5
283,5
284,4
285,5
286,4
287,4
288,4
289,5
290,4
291,5
292,4
293,6
294,5
295,5
296,4
297,4
298,5
299,4
300,4
301,5
302,4
303,4
304,6
305,5
306,6
307,6
308,4
309,4
310,6
311,4
312,5
313,4
314,5
315,4
316,5
317,5
318,5
319,6
320,4
321,5
322,6
323,4
324,6
325,4
326,4
327,5
328,5
329,5
330,5
331,6
332,4
333,4
334,6
335,4
336,5
337,4
338,5
339,6
340,5
341,6
342,5
343,4
344,4
345,5
346,4
347,4
348,4
349,5
350,5
351,5
352,4
353,5
354,6
355,4
356,6
357,4
358,6
359,4
360,4
361,5
362,6
363,5
364,6
365,6
366,4
367,5
368,4
369,6
370,4
371,5
372,5
373,5
374,5
375,6
376,5
377,4
378,6
379,5
380,5
381,5
382,5
383,4
384,501
385,6
386,6
387,5
388,5
389,5
390,5
391,5
392,5
393,4
394,4
395,6
396,4
397,5
398,5
399,5
400,4
401,6
402,4
403,4
404,4
405,4
406,5
407,6
408,5
409,5
410,5
411,4
412,4
413,6
414,4
415,6
416,5
417,5
418,4
419,4
420,5
421,4
422,4
423,6
424,4
425,6
426,5
427,5
428,4
429,5
430,6
431,5
432,4
433,4
434,4
435,6
436,4
437,5
438,6
439,897
440,4
441,4
442,5
443,6
444,4
445,6
446,5
447,5
448,4
449,4
450,6
451,5
452,6
453,4
454,5
455,6
456,6
457,4
458,5
459,5
460,5
461,6
462,6
463,4
464,5
465,5
466,4
467,5
468,5
469,5
470,5
471,4
472,4
473,5
474,5
475,5
476,6
477,6
478,4
479,4
480,4
481,6
482,6
483,6
484,6
485,4
486,5
487,4
488,4
489,5
490,5
491,5
492,6
493,5
494,6
495,5
496,5
497,5
498,5
499,6
500,4
501,5
502,6
503,4
504,5
505,5
506,5
507,5
508,706
509,5
510,6
511,5
512,5
513,6
514,5
515,6
516,4
517,6
518,5
519,5
520,6
521,6
522,5
523,4
524,4
525,5
526,4
527,4
528,6
529,4
530,6
531,4
532,6
533,5
534,6
535,5
536,5
537,5
538,4
539,5
540,5
541,4
542,6
543,5
544,4
545,6
546,6
547,5
548,4
549,5
550,4
551,4
552,5
553,6
554,6
555,6
556,4
557,5
558,327
559,6
560,584
561,4
562,5
563,5
564,5
565,4
566,4
567,6
568,5
569,5
570,4
571,5
572,5
573,5
574,5
575,5
576,4
577,5
578,6
579,5
580,4
581,514
582,6
583,5
584,4
585,5
586,5
587,4
588,4
589,5
590,5
591,4
592,4
593,5
594,5
595,4
596,6
597,5
598,4
599,4
600,5
601,4
602,5
603,4
604,5
605,4
606,6
607,6
608,5
609,5
610,6
611,5
612,6
613,680
614,6
615,6
616,5
617,5
618,4
619,4
620,4
621,6
622,5
623,5
624,5
625,4
626,4
627,4
628,5
629,4
630,6
631,6
632,6
633,5
634,4
635,5
636,6
637,4
638,5
639,4
640,4
641,6
642,4
643,5
644,5
645,5
646,6
647,4
648,5
649,5
650,4
651,4
652,4
653,5
654,5
655,5
656,6
657,4
658,262
659,5
660,4
661,6
662,5
663,5
664,4
665,5
666,5
667,5
668,4
669,5
670,4
671,6
672,6
673,6
674,6
675,5
676,5
677,5
678,4
679,5
680,6
681,4
682,6
683,4
684,556
685,4
686,6
687,913
688,5
689,5
690,4
691,4
692,5
693,4
694,4
695,5
696,5
697,6
698,5
699,5
700,5
701,6
702,4
703,6
704,5
705,6
706,6
707,5
708,5
709,5
710,5
711,5
712,5
713,5
714,5
715,5
716,5
717,5
718,6
719,6
720,5
721,4
722,4
723,5
724,4
725,5
726,4
727,4
728,6
729,6
730,4
731,5
732,4
733,4
734,6
735,4
736,4
737,4
738,5
739,6
740,5
741,4
742,6
743,4
744,6
745,5
746,6
747,4
748,4
749,6
750,4
751,6
752,4
753,5
754,5
755,4
756,4
757,6
758,6
759,5
760,5
761,4
762,4
763,5
764,5
765,4
766,6
767,6
768,5
769,4
770,6
771,6
772,5
773,4
774,4
775,4
776,5
777,5
778,4
779,4
780,6
781,5
782,6
783,4
784,4
785,6
786,4
787,6
788,5
789,5
790,6
791,6
792,4
793,6
794,5
795,5
796,5
797,6
798,5
799,4
800,5
801,6
802,4
803,5
804,5
805,5
806,5
807,6
808,6
809,4
810,6
811,5
812,5
813,5
814,6
815,435
816,4
817,5
818,5
819,4
820,6
821,5
822,5
823,5
824,4
825,4
826,4
827,4
828,4
829,4
830,5
831,5
832,5
833,5
834,6
835,5
836,5
837,6
838,4
839,6
840,6
841,5
842,6
843,4
844,4
845,5
846,5
847,4
848,4
849,5
850,4
851,5
852,5
853,5
854,5
855,5
856,5
857,6
858,4
859,4
860,4
861,4
862,6
863,5
864,6
865,6
866,6
867,5
868,4
869,6
870,6
871,534
872,6
873,6
874,4
875,6
876,5
877,4
878,5
879,6
880,4
881,4
882,5
883,5
884,4
885,916
886,5
887,5
888,5
889,4
890,4
891,4
892,5
893,5
894,6
895,5
896,4
897,5
898,5
899,5
900,5
901,5
902,6
903,4
904,6
905,4
906,6
907,5
908,5
909,5
910,5
911,6
912,6
913,4
914,5
915,6
916,6
917,5
918,4
919,4
920,5
921,4
922,6
923,6
924,4
925,4
926,5
927,4
928,6
929,4
930,4
931,4
932,5
933,4
934,4
935,5
936,5
937,5
938,4
939,4
940,4
941,5
942,5
943,6
944,5
945,5
946,4
947,4
948,6
949,5
950,5
951,4
952,6
953,4
954,4
955,5
956,5
957,6
958,5
959,5
960,6
961,5
962,5
963,6
964,5
965,5
966,4
967,6
968,4
969,4
970,5
971,5
972,4
973,5
974,6
975,4
976,6
977,5
978,4
979,4
980,6
981,5
982,4
983,4
984,4
985,6
986,5
987,4
988,6
989,5
990,6
991,4
992,4
993,5
994,5
995,5
996,5
997,4
998,5
999,4
1000,5
1001,4
1002,5
1003,6
1004,4
1005,5
1006,6
1007,5
1008,4
1009,4
1010,6
1011,5
1012,4
1013,5
1014,5
1015,5
1016,4
1017,5
1018,5
1019,4
1020,5
1021,5
1022,6
1023,5
1024,5
1025,6
1026,6
1027,4
1028,5
1029,5
1030,6
1031,6
1032,4
1033,5
1034,4
1035,5
1036,5
1037,4
1038,5
1039,5
1040,5
1041,5
1042,5
1043,4
1044,5
1045,4
1046,6
1047,5
1048,6
1049,6
1050,5
1051,6
1052,6
1053,6
1054,6
1055,4
1056,4
1057,5
1058,4
1059,6
1060,4
1061,4
1062,4
1063,6
1064,679
1065,5
1066,4
1067,5
1068,4
1069,4
1070,4
1071,4
1072,5
1073,5
1074,5
1075,5
1076,4
1077,6
1078,6
1079,4
1080,5
1081,5
1082,6
1083,5
1084,4
1085,4
1086,5
1087,5
1088,4
1089,5
1090,6
1091,5
1092,6
1093,4
1094,5
1095,4
1096,4
1097,4
1098,4
1099,4
1100,5
1101,6
1102,6
1103,5
1104,5
1105,5
1106,6
1107,5
1108,4
1109,6
1110,6
1111,5
1112,4
1113,5
1114,5
1115,5
1116,5
1117,4
1118,4
1119,5
1120,5
1121,5
1122,5
1123,5
1124,5
1125,5
1126,4
1127,4
1128,5
1129,6
1130,5
1131,6
1132,6
1133,4
1134,5
1135,6
1136,6
1137,4
1138,5
1139,5
1140,6
1141,6
1142,5
1143,4
1144,6
1145,4
1146,5
1147,6
1148,6
1149,4
1150,5
1151,5
1152,6
1153,6
1154,5
1155,4
1156,5
1157,5
1158,4
1159,4
1160,5
1161,5
1162,6
1163,6
1164,5
1165,4
1166,4
1167,5
1168,6
1169,4
1170,6
1171,4
1172,5
1173,5
1174,6
1175,4
1176,5
1177,6
1178,6
1179,6
1180,4
1181,5
1182,6
1183,4
1184,6
1185,6
1186,5
1187,4
1188,6
1189,5
1190,5
1191,4
1192,4
1193,4
1194,6
1195,4
1196,5
1197,6
1198,4
1199,5
1200,4
1201,4
1202,5
1203,4
1204,6
1205,5
1206,4
1207,5
1208,5
1209,5
1210,5
1211,6
1212,5
1213,5
1214,6
1215,6
1216,5
1217,5
1218,6
1219,5
1220,5
1221,6
1222,5
1223,4
1224,6
1225,4
1226,4
1227,6
1228,4
1229,5
1230,5
1231,4
1232,5
1233,5
1234,6
1235,6
1236,4
1237,5
1238,474
1239,5
1240,6
1241,4
1242,4
1243,4
1244,5
1245,6
1246,6
1247,6
1248,6
1249,5
1250,5
1251,4
1252,6
1253,6
1254,4
1255,5
1256,4
1257,4
1258,4
1259,4
1260,6
1261,6
1262,4
1263,5
1264,5
1265,6
1266,5
1267,6
1268,6
1269,6
1270,4
1271,5
1272,4
1273,4
1274,6
1275,6
1276,6
1277,4
1278,4
1279,4
1280,4
1281,4
1282,6
1283,5
1284,5
1285,5
1286,5
1287,5
1288,6
1289,5
1290,5
1291,4
1292,5
1293,5
1294,6
1295,5
1296,6
1297,5
1298,6
1299,4
1300,4
1301,6
1302,4
1303,5
1304,5
1305,6
1306,4
1307,6
1308,4
1309,4
1310,5
1311,5
1312,6
1313,6
1314,5
1315,4
1316,6
1317,5
1318,5
1319,4
1320,5
1321,5
1322,6
1323,4
1324,5
1325,5
1326,4
1327,5
1328,4
1329,4
1330,809
1331,6
1332,6
1333,6
1334,5
1335,5
1336,4
1337,4
1338,4
1339,5
1340,4
1341,4
1342,5
1343,4
1344,4
1345,5
1346,5
1347,4
1348,4
1349,6
1350,5
1351,6
1352,4
1353,4
1354,4
1355,5
1356,5
1357,6
1358,4
1359,4
1360,4
1361,6
1362,4
1363,5
1364,4
1365,6
1366,6
1367,6
1368,4
1369,6
1370,5
1371,4
1372,6
1373,5
1374,4
1375,5
1376,6
1377,5
1378,4
1379,5
1380,5
1381,4
1382,4
1383,5
1384,5
1385,5
1386,5
1387,5
1388,4
1389,6
1390,4
1391,6
1392,5
1393,4
1394,4
1395,4
1396,6
1397,5
1398,6
1399,5
1400,5
1401,5
1402,5
1403,6
1404,4
1405,4
1406,6
1407,4
1408,6
1409,5
1410,5
1411,5
1412,4
1413,5
1414,5
1415,6
1416,5
1417,4
1418,6
1419,5
1420,5
1421,6
1422,4
1423,5
1424,6
1425,4
1426,6
1427,6
1428,4
1429,5
1430,583
1431,4
1432,5
1433,6
1434,5
1435,5
1436,6
1437,4
1438,5
1439,6
1440,6
1441,5
1442,5
1443,4
1444,6
1445,6
1446,5
1447,5
1448,5
1449,4
1450,5
1451,6
1452,4
1453,6
1454,5
1455,5
1456,5
1457,6
1458,5
1459,5
1460,4
1461,4
1462,4
1463,5
1464,5
1465,6
1466,5
1467,4
1468,5
1469,4
1470,6
1471,5
1472,5
1473,5
1474,4
1475,4
1476,4
1477,5
1478,6
1479,4
1480,5
1481,5
1482,6
1483,5
1484,5
1485,5
1486,4
1487,4
1488,6
1489,4
1490,6
1491,6
1492,5
1493,5
1494,4
1495,4
1496,6
1497,5
1498,4
1499,6
1500,5
1501,265
1502,5
1503,4
1504,5
1505,4
1506,5
1507,6
1508,4
1509,4
1510,6
1511,5
1512,5
1513,4
1514,5
1515,5
1516,6
1517,5
1518,5
1519,4
1520,4
1521,4
1522,4
1523,5
1524,5
1525,5
1526,5
1527,4
1528,5
1529,5
1530,4
1531,5
1532,6
1533,6
1534,5
1535,4
1536,4
1537,5
1538,5
1539,6
1540,4
1541,6
1542,4
1543,6
1544,4
1545,4
1546,5
1547,4
1548,5
1549,6
1550,4
1551,4
1552,4
1553,5
1554,4
1555,4
1556,5
1557,6
1558,5
1559,5
1560,4
1561,4
1562,4
1563,5
1564,4
1565,4
1566,6
1567,4
1568,5
1569,4
1570,5
1571,6
1572,5
1573,6
1574,5
1575,5
1576,6
1577,4
1578,4
1579,4
1580,5
1581,4
1582,5
1583,4
1584,4
1585,5
1586,4
1587,5
1588,5
1589,5
1590,4
1591,6
1592,5
1593,4
1594,6
1595,5
1596,4
1597,5
1598,6
1599,6
1600,4
1601,4
1602,5
1603,6
1604,5
1605,6
1606,5
1607,6
1608,4
1609,5
1610,5
1611,5
1612,5
1613,5
1614,5
1615,5
1616,4
1617,6
1618,4
1619,5
1620,4
1621,4
1622,5
1623,5
1624,5
1625,4
1626,6
1627,5
1628,4
1629,6
1630,5
1631,4
1632,6
1633,4
1634,5
1635,5
1636,4
1637,5
1638,5
1639,5
1640,4
1641,5
1642,5
1643,5
1644,5
1645,5
1646,4
1647,6
1648,6
1649,6
1650,5
1651,5
1652,5
1653,6
1654,6
1655,4
1656,6
1657,5
1658,5
1659,6
1660,4
1661,4
1662,6
1663,6
1664,4
1665,6
1666,4
1667,4
1668,5
1669,5
1670,5
1671,4
1672,5
1673,6
1674,6
1675,6
1676,897
1677,4
1678,6
1679,5
1680,6
1681,5
1682,6
1683,5
1684,4
1685,4
1686,6
1687,5
1688,5
1689,6
1690,4
1691,5
1692,5
1693,4
1694,4
1695,5
1696,5
1697,5
1698,6
1699,6
1700,4
1701,4
1702,4
1703,4
1704,5
1705,4
1706,4
1707,5
1708,6
1709,6
1710,4
1711,6
1712,4
1713,5
1714,5
1715,4
1716,6
1717,4
1718,4
1719,5
1720,5
1721,4
1722,4
1723,4
1724,4
1725,5
1726,4
1727,4
1728,6
1729,4
1730,4
1731,6
1732,4
1733,5
1734,5
1735,5
1736,4
1737,5
1738,6
1739,4
1740,5
1741,5
1742,6
1743,6
1744,5
1745,5
1746,6
1747,4
1748,6
1749,4
1750,5
1751,4
1752,6
1753,5
1754,5
1755,6
1756,5
1757,4
1758,5
1759,4
1760,5
1761,714
1762,5
1763,5
1764,4
1765,5
1766,6
1767,6
1768,5
1769,6
1770,6
1771,5
1772,4
1773,5
1774,4
1775,5
1776,6
1777,6
1778,5
1779,6
1780,5
1781,6
1782,5
1783,6
1784,5
1785,4
1786,5
1787,5
1788,5
1789,4
1790,4
1791,5
1792,5
1793,5
1794,5
1795,6
1796,4
1797,5
1798,921
1799,5
1800,4
1801,4
1802,6
1803,4
1804,4
1805,5
1806,6
1807,4
1808,5
1809,6
1810,6
1811,4
1812,5
1813,5
1814,5
1815,4
1816,5
1817,6
1818,5
1819,6
1820,6
1821,5
1822,5
1823,5
1824,6
1825,5
1826,4
1827,5
1828,4
1829,5
1830,6
1831,5
1832,4
1833,4
1834,4
1835,4
1836,6
1837,6
1838,5
1839,4
1840,6
1841,4
1842,6
1843,5
1844,5
1845,5
1846,5
1847,6
1848,6
1849,6
1850,4
1851,5
1852,4
1853,4
1854,5
1855,4
1856,6
1857,6
1858,4
1859,4
1860,5
1861,5
1862,5
1863,4
1864,5
1865,4
1866,5
1867,4
1868,6
1869,5
1870,5
1871,5
1872,6
1873,5
1874,6
1875,5
1876,5
1877,4
1878,5
1879,5
1880,4
1881,6
1882,4
1883,5
1884,4
1885,5
1886,5
1887,6
1888,5
1889,4
1890,4
1891,6
1892,5
1893,4
1894,5
1895,4
1896,6
1897,6
1898,4
1899,5
1900,6
1901,5
1902,5
1903,5
1904,5
1905,6
1906,4
1907,6
1908,6
1909,4
1910,6
1911,6
1912,5
1913,6
1914,4
1915,5
1916,4
1917,5
1918,4
1919,6
1920,6
1921,4
1922,4
1923,6
1924,4
1925,5
1926,6
1927,5
1928,5
1929,4
1930,5
1931,6
1932,5
1933,5
1934,5
1935,555
1936,6
1937,5
1938,6
1939,4
1940,4
1941,5
1942,4
1943,4
1944,5
1945,5
1946,5
1947,4
1948,4
1949,6
1950,5
1951,5
1952,5
1953,4
1954,5
1955,5
1956,4
1957,4
1958,5
1959,5
1960,4
1961,4
1962,6
1963,4
1964,5
1965,4
1966,5
1967,5
1968,5
1969,5
1970,4
1971,5
1972,4
1973,4
1974,5
1975,5
1976,4
1977,6
1978,4
1979,5
1980,6
1981,4
1982,4
1983,6
1984,5
1985,5
1986,5
1987,5
1988,4
1989,5
1990,5
1991,5
1992,6
1993,5
1994,5
1995,5
1996,5
1997,5
1998,4
1999,4
2000,5
2001,6
2002,4
2003,5
2004,5
2005,5
2006,5
2007,5
2008,6
2009,5
2010,6
2011,4
2012,5
2013,4
2014,4
2015,4
2016,4
2017,5
2018,6
2019,5
2020,4
2021,6
2022,5
2023,6
2024,6
2025,5
2026,4
2027,6
2028,5
2029,4
2030,4
2031,5
2032,5
2033,6
2034,4
2035,5
2036,5
2037,4
2038,6
2039,4
2040,4
2041,5
2042,4
2043,4
2044,5
2045,4
2046,4
2047,4
2048,6
2049,5
2050,6
2051,6
2052,4
2053,6
2054,5
2055,4
2056,5
2057,4
2058,6
2059,6
2060,4
2061,5
2062,6
2063,6
2064,4
2065,5
2066,4
2067,5
2068,4
2069,5
2070,4
2071,5
2072,5
2073,5
2074,4
2075,4
2076,5
2077,5
2078,5
2079,6
2080,4
2081,4
2082,4
2083,6
2084,5
2085,6
2086,4
2087,6
2088,4
2089,5
2090,4
2091,5
2092,4
2093,5
2094,5
2095,5
2096,5
2097,6
2098,5
2099,6
2100,6
2101,6
2102,6
2103,5
2104,6
2105,5
2106,6
2107,6
2108,6
2109,6
2110,5
2111,4
2112,5
2113,4
2114,4
2115,5
2116,5
2117,4
2118,4
2119,6
2120,5
2121,4
2122,5
2123,5
2124,4
2125,4
2126,6
2127,6
2128,5
2129,5
2130,5
2131,6
2132,4
2133,6
2134,5
2135,5
2136,609
2137,5
2138,6
2139,6
2140,5
2141,6
2142,4
2143,5
2144,5
2145,4
2146,6
2147,4
2148,4
2149,5
2150,5
2151,4
2152,5
2153,5
2154,5
2155,4
2156,5
2157,5
2158,6
2159,4
2160,4
2161,4
2162,5
2163,6
2164,5
2165,6
2166,4
2167,5
2168,5
2169,6
2170,5
2171,6
2172,4
2173,5
2174,5
2175,4
2176,5
2177,5
2178,924
2179,6
2180,6
2181,4
2182,5
2183,5
2184,5
2185,4
2186,5
2187,4
2188,6
2189,5
2190,4
2191,4
2192,4
2193,4
2194,5
2195,5
2196,4
2197,6
2198,5
2199,5
2200,4
2201,5
2202,6
2203,4
2204,6
2205,4
2206,5
2207,5
2208,4
2209,4
2210,6
2211,5
2212,4
2213,5
2214,4
2215,5
2216,4
2217,6
2218,4
2219,5
2220,5
2221,4
2222,6
2223,4
2224,4
2225,4
2226,5
2227,4
2228,5
2229,4
2230,5
2231,5
2232,4
2233,4
2234,4
2235,4
2236,6
2237,4
2238,5
2239,4
2240,5
2241,5
2242,5
2243,4
2244,5
2245,4
2246,4
2247,5
2248,5
2249,6
2250,417
2251,5
2252,4
2253,6
2254,5
2255,4
2256,4
2257,4
2258,4
2259,5
2260,4
2261,5
2262,4
2263,4
2264,6
2265,6
2266,4
2267,4
2268,6
2269,5
2270,794
2271,5
2272,5
2273,4
2274,4
2275,5
2276,6
2277,4
2278,6
2279,4
2280,4
2281,6
2282,5
2283,5
2284,5
2285,4
2286,5
2287,6
2288,4
2289,5
2290,5
2291,554
2292,5
2293,5
2294,6
2295,5
2296,5
2297,6
2298,6
2299,4
2300,5
2301,4
2302,5
2303,4
2304,4
2305,5
2306,4
2307,4
2308,5
2309,5
2310,5
2311,4
2312,4
2313,5
2314,5
2315,4
2316,6
2317,5
2318,6
2319,4
2320,5
2321,4
2322,4
2323,6
2324,5
2325,4
2326,5
2327,4
2328,5
2329,6
2330,6
2331,4
2332,4
2333,5
2334,5
2335,6
2336,5
2337,4
2338,4
2339,4
2340,5
2341,4
2342,4
2343,6
2344,5
2345,5
2346,4
2347,5
2348,4
2349,5
2350,4
2351,6
2352,6
2353,4
2354,6
2355,6
2356,4
2357,6
2358,6
2359,166
2360,4
2361,4
2362,6
2363,5
2364,6
2365,6
2366,5
2367,6
2368,4
2369,5
2370,4
2371,4
2372,5
2373,4
2374,6
2375,5
2376,5
2377,4
2378,5
2379,4
2380,5
2381,5
2382,6
2383,6
2384,5
2385,6
2386,6
2387,6
2388,4
2389,5
2390,6
2391,5
2392,6
2393,6
2394,4
2395,4
2396,4
2397,5
2398,5
2399,5
2400,6
2401,5
2402,4
2403,5
2404,4
2405,6
2406,5
2407,6
2408,6
2409,5
2410,6
2411,5
2412,5
2413,5
2414,4
2415,6
2416,5
2417,4
2418,4
2419,4
2420,4
2421,6
2422,4
2423,4
2424,6
2425,5
2426,6
2427,5
2428,5
2429,6
2430,4
2431,6
2432,6
2433,4
2434,6
2435,6
2436,5
2437,4
2438,4
2439,6
2440,4
2441,4
2442,4
2443,6
2444,5
2445,4
2446,5
2447,4
2448,6
2449,5
2450,5
2451,6
2452,6
2453,5
2454,4
2455,5
2456,6
2457,4
2458,4
2459,4
2460,4
2461,4
2462,6
2463,4
2464,5
2465,5
2466,6
2467,5
2468,5
2469,6
2470,5
2471,5
2472,5
2473,6
2474,4
2475,5
2476,5
2477,6
2478,6
2479,4
2480,6
2481,5
2482,5
2483,6
2484,5
2485,5
2486,5
2487,4
2488,5
2489,5
2490,5
2491,4
2492,6
2493,4
2494,5
2495,4
2496,6
2497,6
2498,5
2499,4
2500,4
2501,6
2502,4
2503,4
2504,6
2505,4
2506,5
2507,4
2508,6
2509,6
2510,6
2511,4
2512,4
2513,4
2514,4
2515,4
2516,6
2517,6
2518,5
2519,5
2520,4
2521,6
2522,4
2523,4
2524,4
2525,5
2526,4
2527,5
2528,6
2529,5
2530,4
2531,4
2532,200
2533,6
2534,6
2535,6
2536,4
2537,6
2538,5
2539,5
2540,6
2541,5
2542,5
2543,4
2544,5
2545,6
2546,6
2547,5
2548,4
2549,6
2550,4
2551,4
2552,5
2553,4
2554,5
2555,5
2556,6
2557,4
2558,149
2559,5
2560,6
2561,5
2562,5
2563,5
2564,6
2565,5
2566,4
2567,6
2568,5
2569,4
2570,4
2571,6
2572,4
2573,6
2574,5
2575,4
2576,4
2577,6
2578,4
2579,5
2580,6
2581,6
2582,5
2583,6
2584,6
2585,5
2586,4
2587,5
2588,4
2589,6
2590,4
2591,6
2592,4
2593,5
2594,5
2595,6
2596,6
2597,4
2598,4
2599,5
2600,5
2601,4
2602,6
2603,5
2604,4
2605,5
2606,5
2607,5
2608,5
2609,4
2610,6
2611,5
2612,6
2613,4
2614,6
2615,6
2616,5
2617,6
2618,4
2619,5
2620,5
2621,6
2622,5
2623,5
2624,5
2625,5
2626,6
2627,4
2628,6
2629,6
2630,5
2631,4
2632,6
2633,4
2634,6
2635,5
2636,4
2637,4
2638,4
2639,5
2640,5
2641,4
2642,5
2643,5
2644,4
2645,5
2646,4
2647,6
2648,4
2649,5
2650,4
2651,4
2652,4
2653,6
2654,5
2655,5
2656,6
2657,6
2658,5
2659,4
2660,5
2661,5
2662,6
2663,5
2664,6
2665,6
2666,5
2667,4
2668,4
2669,4
2670,5
2671,5
2672,5
2673,4
2674,4
2675,802
2676,6
2677,4
2678,6
2679,5
2680,5
2681,5
2682,6
2683,4
2684,5
2685,4
2686,5
2687,4
2688,5
2689,5
2690,4
2691,4
2692,4
2693,5
2694,4
2695,4
2696,5
2697,5
2698,6
2699,5
2700,5
2701,4
2702,4
2703,5
2704,4
2705,6
2706,5
2707,6
2708,6
2709,4
2710,4
2711,4
2712,5
2713,4
2714,5
2715,6
2716,4
2717,5
2718,4
2719,5
2720,5
2721,6
2722,5
2723,4
2724,4
2725,5
2726,5
2727,4
2728,5
2729,6
2730,5
2731,5
2732,5
2733,6
2734,6
2735,5
2736,5
2737,4
2738,5
2739,5
2740,5
2741,4
2742,4
2743,5
2744,4
2745,4
2746,5
2747,5
2748,5
2749,6
2750,5
2751,6
2752,4
2753,5
2754,5
2755,6
2756,5
2757,4
2758,4
2759,6
2760,4
2761,5
2762,5
2763,5
2764,4
2765,4
2766,4
2767,4
2768,5
2769,5
2770,5
2771,6
2772,5
2773,5
2774,5
2775,4
2776,4
2777,6
2778,4
2779,6
2780,5
2781,5
2782,4
2783,6
2784,4
2785,5
2786,5
2787,4
2788,5
2789,4
2790,5
2791,4
2792,4
2793,6
2794,6
2795,4
2796,4
2797,4
2798,5
2799,5
2800,6
2801,6
2802,4
2803,5
2804,4
2805,4
2806,5
2807,5
2808,5
2809,6
2810,5
2811,5
2812,5
2813,4
2814,5
2815,5
2816,5
2817,6
2818,6
2819,5
2820,4
2821,4
2822,4
2823,5
2824,4
2825,4
2826,4
2827,5
2828,4
2829,4
2830,4
2831,6
2832,6
2833,5
2834,4
2835,6
2836,4
2837,5
2838,4
2839,6
2840,5
2841,6
2842,4
2843,5
2844,6
2845,5
2846,6
2847,4
2848,4
2849,5
2850,6
2851,5
2852,6
2853,5
2854,4
2855,6
2856,6
2857,4
2858,5
2859,5
2860,4
2861,5
2862,4
2863,5
2864,6
2865,5
2866,5
2867,4
2868,5
2869,5
2870,5
2871,6
2872,4
2873,5
2874,5
2875,5
2876,5
2877,5
2878,4
2879,5
2880,6
2881,5
2882,5
2883,5
2884,5
2885,5
2886,6
2887,4
2888,4
2889,5
2890,6
2891,4
2892,6
2893,4
2894,4
2895,5
2896,4
2897,5
2898,5
2899,6
2900,5
2901,5
2902,5
2903,4
2904,5
2905,5
2906,5
2907,5
2908,6
2909,6
2910,4
2911,6
2912,4
2913,6
2914,5
2915,5
2916,4
2917,5
2918,6
2919,4
2920,4
2921,6
2922,5
2923,6
2924,6
2925,4
2926,5
2927,5
2928,5
2929,6
2930,4
2931,4
2932,6
2933,176
2934,6
2935,6
2936,4
2937,4
2938,6
2939,6
2940,5
2941,6
2942,5
2943,5
2944,5
2945,4
2946,6
2947,5
2948,4
2949,4
2950,5
2951,5
2952,4
2953,4
2954,6
2955,4
2956,5
2957,4
2958,5
2959,6
2960,4
2961,5
2962,5
2963,4
2964,4
2965,4
2966,4
2967,5
2968,6
2969,4
2970,6
2971,5
2972,6
2973,6
2974,5
2975,6
2976,6
2977,5
2978,4
2979,6
2980,5
2981,4
2982,4
2983,5
2984,5
2985,6
2986,4
2987,5
2988,4
2989,4
2990,6
2991,6
2992,5
2993,4
2994,6
2995,6
2996,4
2997,4
2998,5
2999,6
3000,5
3001,4
3002,4
3003,4
3004,4
3005,5
3006,6
3007,4
3008,5
3009,5
3010,6
3011,4
3012,6
3013,5
3014,6
3015,5
3016,5
3017,6
3018,5
3019,4
3020,345
3021,4
3022,4
3023,6
3024,5
3025,4
3026,359
3027,5
3028,5
3029,4
3030,176
3031,6
3032,4
3033,4
3034,5
3035,5
3036,5
3037,6
3038,5
3039,6
3040,5
3041,4
3042,5
3043,5
3044,6
3045,5
3046,6
3047,5
3048,6
3049,5
3050,6
3051,4
3052,6
3053,5
3054,5
3055,5
3056,4
3057,4
3058,6
3059,5
3060,4
3061,5
3062,5
3063,6
3064,4
3065,6
3066,6
3067,6
3068,4
3069,5
3070,4
3071,6
3072,4
3073,4
3074,6
3075,4
3076,4
3077,5
3078,5
3079,6
3080,4
3081,5
3082,370
3083,4
3084,4
3085,6
3086,5
3087,4
3088,6
3089,6
3090,4
3091,5
3092,4
3093,6
3094,5
3095,5
3096,5
3097,4
3098,5
3099,4
3100,5
3101,5
3102,4
3103,6
3104,6
3105,4
3106,4
3107,5
3108,5
3109,5
3110,5
3111,5
3112,4
3113,4
3114,5
3115,5
3116,5
3117,5
3118,4
3119,6
3120,4
3121,4
3122,4
3123,4
3124,6
3125,5
3126,4
3127,6
3128,5
3129,4
3130,5
3131,4
3132,6
3133,6
3134,6
3135,4
3136,4
3137,6
3138,6
3139,6
3140,4
3141,6
3142,6
3143,5
3144,5
3145,4
3146,5
3147,5
3148,6
3149,5
3150,6
3151,4
3152,4
3153,5
3154,6
3155,5
3156,5
3157,4
3158,4
3159,4
3160,144
3161,6
3162,5
3163,4
3164,5
3165,4
3166,5
3167,5
3168,4
3169,4
3170,5
3171,4
3172,6
3173,6
3174,6
3175,6
3176,6
3177,5
3178,5
3179,4
3180,5
3181,6
3182,6
3183,5
3184,5
3185,6
3186,5
3187,4
3188,4
3189,5
3190,5
3191,4
3192,6
3193,6
3194,5
3195,5
3196,6
3197,6
3198,4
3199,4
3200,5
3201,5
3202,5
3203,6
3204,6
3205,4
3206,4
3207,4
3208,775
3209,6
3210,6
3211,5
3212,5
3213,4
3214,4
3215,5
3216,6
3217,4
3218,5
3219,6
3220,6
3221,5
3222,5
3223,5
3224,5
3225,4
3226,5
3227,5
3228,5
3229,4
3230,4
3231,4
3232,6
3233,5
3234,4
3235,4
3236,6
3237,4
3238,4
3239,4
3240,5
3241,4
3242,5
3243,4
3244,5
3245,5
3246,5
3247,5
3248,6
3249,6
3250,6
3251,4
3252,6
3253,5
3254,6
3255,5
3256,6
3257,4
3258,5
3259,5
3260,4
3261,5
3262,5
3263,5
3264,6
3265,4
3266,5
3267,6
3268,4
3269,6
3270,4
3271,4
3272,5
3273,4
3274,5
3275,5
3276,5
3277,5
3278,5
3279,5
3280,6
3281,5
3282,5
3283,4
3284,4
3285,4
3286,6
3287,6
3288,4
3289,5
3290,5
3291,6
3292,5
3293,6
3294,4
3295,4
3296,6
3297,4
3298,4
3299,6
3300,4
3301,6
3302,6
3303,4
3304,5
3305,4
3306,6
3307,4
3308,5
3309,6
3310,6
3311,4
3312,5
3313,5
3314,4
3315,5
3316,4
3317,4
3318,5
3319,5
3320,5
3321,6
3322,5
3323,4
3324,4
3325,4
3326,5
3327,4
3328,4
3329,4
3330,4
3331,4
3332,5
3333,5
3334,5
3335,5
3336,6
3337,6
3338,4
3339,4
3340,5
3341,5
3342,4
3343,4
3344,5
3345,6
3346,6
3347,6
3348,6
3349,5
3350,4
3351,6
3352,4
3353,4
3354,5
3355,6
3356,6
3357,6
3358,6
3359,4
3360,5
3361,4
3362,5
3363,4
3364,5
3365,4
3366,6
3367,4
3368,6
3369,6
3370,4
3371,6
3372,6
3373,4
3374,4
3375,6
3376,5
3377,5
3378,6
3379,4
3380,4
3381,6
3382,5
3383,6
3384,5
3385,5
3386,6
3387,6
3388,5
3389,6
3390,5
3391,5
3392,4
3393,5
3394,5
3395,5
3396,5
3397,6
3398,5
3399,5
3400,5
3401,4
3402,5
3403,5
3404,5
3405,6
3406,5
3407,4
3408,5
3409,6
3410,6
3411,5
3412,5
3413,6
3414,5
3415,4
3416,4
3417,5
3418,5
3419,6
3420,5
3421,5
3422,4
3423,4
3424,5
3425,5
3426,4
3427,4
3428,6
3429,5
3430,5
3431,4
3432,6
3433,5
3434,5
3435,4
3436,4
3437,4
3438,5
3439,4
3440,6
3441,5
3442,4
3443,5
3444,5
3445,4
3446,4
3447,4
3448,5
3449,5
3450,5
3451,4
3452,4
3453,5
3454,6
3455,5
3456,6
3457,5
3458,6
3459,4
3460,5
3461,5
3462,6
3463,4
3464,6
3465,5
3466,5
3467,5
3468,6
3469,5
3470,4
3471,5
3472,5
3473,4
3474,5
3475,4
3476,4
3477,5
3478,4
3479,4
3480,5
3481,5
3482,4
3483,5
3484,6
3485,5
3486,4
3487,4
3488,5
3489,4
3490,4
3491,4
3492,5
3493,4
3494,4
3495,4
3496,4
3497,4
3498,5
3499,5
3500,5
3501,5
3502,6
3503,6
3504,6
3505,5
3506,4
3507,5
3508,5
3509,6
3510,6
3511,5
3512,4
3513,4
3514,4
3515,5
3516,4
3517,5
3518,4
3519,4
3520,4
3521,5
3522,4
3523,4
3524,4
3525,6
3526,4
3527,6
3528,4
3529,5
3530,5
3531,4
3532,5
3533,6
3534,4
3535,5
3536,6
3537,6
3538,5
3539,4
3540,4
3541,5
3542,5
3543,5
3544,5
3545,4
3546,5
3547,5
3548,5
3549,6
3550,6
3551,4
3552,4
3553,4
3554,5
3555,6
3556,6
3557,6
3558,4
3559,4
3560,4
3561,6
3562,5
3563,5
3564,6
3565,6
3566,5
3567,5
3568,5
3569,5
3570,6
3571,4
3572,4
3573,4
3574,4
3575,5
3576,5
3577,6
3578,5
3579,4
3580,6
3581,6
3582,4
3583,6
3584,6
3585,4
3586,4
3587,4
3588,4
3589,5
3590,4
3591,5
3592,4
3593,6
3594,4
3595,5
3596,4
3597,5
3598,5
3599,4
3600,4
3601,5
3602,4
3603,5
3604,4
3605,4
3606,4
3607,5
3608,6
3609,6
3610,5
3611,5
3612,4
3613,4
3614,5
3615,4
3616,6
3617,5
3618,6
3619,6
3620,5
3621,4
3622,5
3623,5
3624,5
3625,5
3626,6
3627,5
3628,6
3629,5
3630,5
3631,4
3632,6
3633,5
3634,5
3635,5
3636,4
3637,5
3638,4
3639,5
3640,5
3641,785
3642,4
3643,5
3644,6
3645,6
3646,6
3647,4
3648,4
3649,4
3650,6
3651,5
3652,5
3653,6
3654,4
3655,4
3656,4
3657,5
3658,4
3659,5
3660,4
3661,5
3662,5
3663,6
3664,5
3665,5
3666,6
3667,6
3668,5
3669,4
3670,6
3671,4
3672,4
3673,4
3674,6
3675,6
3676,4
3677,6
3678,6
3679,4
3680,5
3681,5
3682,5
3683,6
3684,4
3685,4
3686,5
3687,5
3688,5
3689,4
3690,6
3691,5
3692,5
3693,6
3694,5
3695,4
3696,6
3697,6
3698,5
3699,4
3700,5
3701,4
3702,4
3703,5
3704,5
3705,4
3706,6
3707,5
3708,5
3709,5
3710,5
3711,5
3712,6
3713,4
3714,6
3715,6
3716,6
3717,4
3718,5
3719,6
3720,4
3721,4
3722,4
3723,5
3724,5
3725,6
3726,6
3727,4
3728,4
3729,6
3730,4
3731,5
3732,4
3733,5
3734,4
3735,4
3736,6
3737,6
3738,5
3739,4
3740,4
3741,5
3742,5
3743,5
3744,4
3745,4
3746,4
3747,6
3748,4
3749,5
3750,6
3751,6
3752,5
3753,6
3754,6
3755,4
3756,4
3757,6
3758,4
3759,5
3760,6
3761,5
3762,5
3763,5
3764,6
3765,5
3766,5
3767,4
3768,5
3769,4
3770,5
3771,4
3772,4
3773,6
3774,4
3775,5
3776,5
3777,4
3778,6
3779,4
3780,5
3781,4
3782,5
3783,5
3784,4
3785,255
3786,5
3787,4
3788,5
3789,5
3790,5
3791,6
3792,4
3793,4
3794,6
3795,4
3796,6
3797,6
3798,4
3799,6
3800,4
3801,4
3802,6
3803,4
3804,5
3805,5
3806,6
3807,4
3808,4
3809,5
3810,4
3811,5
3812,6
3813,4
3814,4
3815,4
3816,5
3817,5
3818,4
3819,4
3820,4
3821,4
3822,5
3823,5
3824,5
3825,5
3826,5
3827,5
3828,6
3829,4
3830,5
3831,5
3832,6
3833,5
3834,5
3835,6
3836,4
3837,6
3838,5
3839,4
3840,5
3841,6
3842,5
3843,6
3844,4
3845,6
3846,6
3847,4
3848,4
3849,5
3850,6
3851,6
3852,4
3853,4
3854,5
3855,6
3856,5
3857,4
3858,6
3859,5
3860,6
3861,6
3862,4
3863,4
3864,6
3865,4
3866,5
3867,6
3868,5
3869,4
3870,5
3871,5
3872,4
3873,5
3874,4
3875,4
3876,5
3877,6
3878,6
3879,5
3880,5
3881,5
3882,4
3883,5
3884,4
3885,6
3886,5
3887,6
3888,5
3889,5
3890,5
3891,4
3892,4
3893,5
3894,5
3895,4
3896,5
3897,4
3898,6
3899,4
3900,5
3901,6
3902,4
3903,6
3904,6
3905,4
3906,5
3907,6
3908,4
3909,5
3910,5
3911,4
3912,4
3913,4
3914,6
3915,5
3916,5
3917,4
3918,5
3919,6
3920,5
3921,4
3922,6
3923,4
3924,5
3925,4
3926,5
3927,6
3928,5
3929,5
3930,4
3931,6
3932,5
3933,5
3934,4
3935,6
3936,4
3937,5
3938,6
3939,4
3940,5
3941,5
3942,5
3943,5
3944,6
3945,4
3946,5
3947,5
3948,6
3949,5
3950,5
3951,5
3952,5
3953,6
3954,4
3955,6
3956,4
3957,5
3958,4
3959,6
3960,6
3961,4
3962,5
3963,4
3964,4
3965,5
3966,5
3967,6
3968,5
3969,4
3970,5
3971,4
3972,5
3973,5
3974,5
3975,4
3976,4
3977,5
3978,5
3979,4
3980,4
3981,5
3982,6
3983,6
3984,6
3985,4
3986,4
3987,5
3988,6
3989,4
3990,4
3991,5
3992,6
3993,6
3994,5
3995,4
3996,6
3997,6
3998,4
3999,4
4000,5
4001,5
4002,6
4003,5
4004,5
4005,4
4006,6
4007,5
4008,4
4009,4
4010,5
4011,6
4012,4
4013,4
4014,5
4015,5
4016,6
4017,5
4018,5
4019,852
4020,6
4021,5
4022,5
4023,6
4024,4
4025,5
4026,5
4027,5
4028,4
4029,6
4030,5
4031,5
4032,4
4033,4
4034,6
4035,5
4036,5
4037,5
4038,6
4039,6
4040,4
4041,5
4042,6
4043,6
4044,4
4045,5
4046,6
4047,6
4048,6
4049,6
4050,5
4051,6
4052,4
4053,4
4054,6
4055,5
4056,5
4057,4
4058,6
4059,4
4060,5
4061,5
4062,5
4063,5
4064,5
4065,5
4066,6
4067,5
4068,5
4069,4
4070,6
4071,4
4072,5
4073,4
4074,6
4075,4
4076,5
4077,4
4078,6
4079,4
4080,4
4081,6
4082,6
4083,4
4084,4
4085,5
4086,6
4087,6
4088,4
4089,5
4090,6
4091,4
4092,5
4093,5
4094,6
4095,5
4096,5
4097,6
4098,6
4099,4
4100,6
4101,5
4102,5
4103,6
4104,5
4105,6
4106,4
4107,4
4108,4
4109,5
4110,5
4111,4
4112,5
4113,5
4114,4
4115,4
4116,5
4117,4
4118,4
4119,6
4120,5
4121,4
4122,6
4123,5
4124,6
4125,4
4126,5
4127,5
4128,4
4129,5
4130,4
4131,5
4132,4
4133,4
4134,5
4135,4
4136,6
4137,5
4138,5
4139,6
4140,6
4141,4
4142,5
4143,5
4144,4
4145,4
4146,4
4147,5
4148,4
4149,5
4150,6
4151,5
4152,5
4153,4
4154,4
4155,4
4156,5
4157,6
4158,6
4159,6
4160,5
4161,5
4162,6
4163,5
4164,4
4165,544
4166,4
4167,4
4168,4
4169,4
4170,5
4171,6
4172,6
4173,4
4174,6
4175,4
4176,5
4177,4
4178,4
4179,4
4180,5
4181,4
4182,6
4183,4
4184,4
4185,6
4186,6
4187,5
4188,5
4189,5
4190,533
4191,5
4192,4
4193,4
4194,4
4195,4
4196,4
4197,5
4198,5
4199,127
4200,4
4201,5
4202,4
4203,4
4204,4
4205,5
4206,6
4207,4
4208,5
4209,6
4210,4
4211,4
4212,4
4213,5
4214,6
4215,4
4216,5
4217,4
4218,5
4219,6
4220,5
4221,5
4222,4
4223,6
4224,4
4225,5
4226,5
4227,5
4228,5
4229,6
4230,6
4231,331
4232,5
4233,5
4234,5
4235,4
4236,5
4237,5
4238,4
4239,4
4240,5
4241,4
4242,4
4243,5
4244,6
4245,6
4246,4
4247,5
4248,6
4249,4
4250,5
4251,4
4252,5
4253,6
4254,4
4255,4
4256,4
4257,5
4258,5
4259,6
4260,5
4261,4
4262,4
4263,5
4264,5
4265,5
4266,4
4267,5
4268,5
4269,6
4270,4
4271,4
4272,5
4273,4
4274,6
4275,4
4276,5
4277,6
4278,4
4279,5
4280,5
4281,5
4282,6
4283,5
4284,6
4285,4
4286,5
4287,4
4288,6
4289,5
4290,5
4291,4
4292,5
4293,5
4294,4
4295,5
4296,4
4297,5
4298,5
4299,5
4300,4
4301,4
4302,6
4303,4
4304,4
4305,703
4306,4
4307,6
4308,4
4309,5
4310,4
4311,5
4312,5
4313,5
4314,4
4315,5
4316,4
4317,6
4318,4
4319,6
4320,6
4321,5
4322,4
4323,4
4324,5
4325,5
4326,4
4327,6
4328,4
4329,5
4330,4
4331,4
4332,4
4333,4
4334,5
4335,5
4336,4
4337,5
4338,4
4339,6
4340,4
4341,6
4342,6
4343,4
4344,5
4345,5
4346,6
4347,5
4348,6
4349,5
4350,4
4351,5
4352,6
4353,5
4354,4
4355,5
4356,6
4357,4
4358,5
4359,5
4360,4
4361,5
4362,5
4363,5
4364,6
4365,4
4366,6
4367,5
4368,4
4369,4
4370,6
4371,5
4372,5
4373,5
4374,5
4375,4
4376,4
4377,6
4378,6
4379,5
4380,5
4381,4
4382,4
4383,6
4384,5
4385,4
4386,5
4387,6
4388,6
4389,6
4390,4
4391,6
4392,5
4393,4
4394,4
4395,5
4396,6
4397,5
4398,4
4399,6
4400,6
4401,4
4402,5
4403,6
4404,6
4405,5
4406,5
4407,5
4408,6
4409,4
4410,6
4411,5
4412,6
4413,6
4414,6
4415,4
4416,5
4417,5
4418,5
4419,5
4420,4
4421,6
4422,6
4423,5
4424,6
4425,4
4426,5
4427,6
4428,5
4429,5
4430,5
4431,5
4432,5
4433,6
4434,4
4435,4
4436,5
4437,5
4438,5
4439,6
4440,5
4441,6
4442,5
4443,5
4444,6
4445,6
4446,6
4447,6
4448,5
4449,6
4450,6
4451,5
4452,4
4453,5
4454,5
4455,5
4456,6
4457,4
4458,5
4459,4
4460,4
4461,4
4462,5
4463,4
4464,4
4465,6
4466,4
4467,4
4468,5
4469,4
4470,4
4471,4
4472,5
4473,5
4474,4
4475,6
4476,4
4477,5
4478,4
4479,6
4480,5
4481,5
4482,4
4483,5
4484,4
4485,6
4486,6
4487,6
4488,4
4489,6
4490,5
4491,6
4492,6
4493,4
4494,4
4495,5
4496,5
4497,6
4498,6
4499,4
4500,6
4501,4
4502,5
4503,6
4504,6
4505,6
4506,4
4507,4
4508,5
4509,6
4510,5
4511,5
4512,6
4513,4
4514,4
4515,4
4516,4
4517,4
4518,5
4519,6
4520,4
4521,5
4522,5
4523,5
4524,5
4525,4
4526,5
4527,6
4528,5
4529,6
4530,5
4531,4
4532,5
4533,5
4534,5
4535,4
4536,5
4537,4
4538,6
4539,4
4540,5
4541,5
4542,5
4543,5
4544,6
4545,5
4546,5
4547,5
4548,4
4549,5
4550,6
4551,5
4552,6
4553,4
4554,5
4555,5
4556,6
4557,5
4558,4
4559,5
4560,4
4561,6
4562,4
4563,4
4564,4
4565,5
4566,140
4567,5
4568,5
4569,4
4570,6
4571,6
4572,6
4573,6
4574,4
4575,5
4576,5
4577,4
4578,6
4579,5
4580,6
4581,5
4582,5
4583,6
4584,5
4585,4
4586,6
4587,5
4588,4
4589,912
4590,4
4591,5
4592,4
4593,6
4594,4
4595,5
4596,5
4597,4
4598,6
4599,5
4600,5
4601,5
4602,5
4603,4
4604,4
4605,5
4606,5
4607,6
4608,6
4609,4
4610,4
4611,6
4612,4
4613,5
4614,6
4615,4
4616,4
4617,5
4618,4
4619,4
4620,4
4621,6
4622,4
4623,4
4624,6
4625,5
4626,6
4627,4
4628,4
4629,4
4630,5
4631,6
4632,6
4633,6
4634,4
4635,4
4636,5
4637,5
4638,4
4639,4
4640,5
4641,5
4642,5
4643,6
4644,6
4645,4
4646,6
4647,4
4648,4
4649,5
4650,6
4651,4
4652,6
4653,6
4654,5
4655,5
4656,5
4657,6
4658,4
4659,6
4660,5
4661,4
4662,6
4663,5
4664,5
4665,5
4666,5
4667,5
4668,5
4669,4
4670,4
4671,5
4672,5
4673,4
4674,4
4675,4
4676,6
4677,4
4678,5
4679,5
4680,5
4681,4
4682,5
4683,4
4684,5
4685,4
4686,6
4687,5
4688,5
4689,5
4690,892
4691,5
4692,5
4693,4
4694,6
4695,4
4696,4
4697,6
4698,6
4699,4
4700,4
4701,5
4702,5
4703,6
4704,4
4705,4
4706,5
4707,5
4708,6
4709,4
4710,5
4711,5
4712,5
4713,6
4714,5
4715,6
4716,6
4717,4
4718,4
4719,6
4720,5
4721,6
4722,5
4723,6
4724,5
4725,5
4726,5
4727,6
4728,6
4729,4
4730,5
4731,5
4732,4
4733,5
4734,5
4735,4
4736,5
4737,6
4738,5
4739,4
4740,4
4741,5
4742,4
4743,5
4744,5
4745,6
4746,5
4747,5
4748,5
4749,6
4750,5
4751,5
4752,6
4753,6
4754,4
4755,4
4756,6
4757,5
4758,5
4759,6
4760,4
4761,5
4762,5
4763,5
4764,4
4765,4
4766,5
4767,5
4768,4
4769,4
4770,4
4771,4
4772,5
4773,5
4774,4
4775,4
4776,6
4777,4
4778,4
4779,5
4780,6
4781,4
4782,4
4783,4
4784,5
4785,4
4786,5
4787,5
4788,5
4789,5
4790,4
4791,5
4792,6
4793,6
4794,5
4795,4
4796,5
4797,4
4798,6
4799,5
4800,6
4801,6
4802,5
4803,4
4804,5
4805,4
4806,4
4807,5
4808,6
4809,5
4810,5
4811,4
4812,5
4813,4
4814,4
4815,5
4816,6
4817,5
4818,6
4819,5
4820,6
4821,5
4822,5
4823,5
4824,5
4825,6
4826,6
4827,5
4828,6
4829,5
4830,6
4831,4
4832,4
4833,5
4834,622
4835,5
4836,5
4837,5
4838,4
4839,4
4840,4
4841,4
4842,5
4843,4
4844,4
4845,4
4846,6
4847,4
4848,6
4849,6
4850,4
4851,6
4852,5
4853,6
4854,6
4855,4
4856,4
4857,5
4858,4
4859,4
4860,4
4861,4
4862,5
4863,6
4864,4
4865,4
4866,4
4867,4
4868,6
4869,4
4870,4
4871,5
4872,5
4873,5
4874,4
4875,5
4876,5
4877,6
4878,5
4879,5
4880,5
4881,6
4882,6
4883,4
4884,4
4885,4
4886,4
4887,5
4888,6
4889,4
4890,6
4891,6
4892,6
4893,6
4894,5
4895,4
4896,6
4897,5
4898,4
4899,6
4900,5
4901,5
4902,4
4903,6
4904,5
4905,4
4906,5
4907,4
4908,5
4909,6
4910,4
4911,4
4912,6
4913,6
4914,5
4915,5
4916,4
4917,4
4918,4
4919,6
4920,5
4921,6
4922,4
4923,6
4924,4
4925,4
4926,5
4927,6
4928,5
4929,5
4930,5
4931,4
4932,6
4933,5
4934,4
4935,6
4936,5
4937,4
4938,4
4939,5
4940,5
4941,5
4942,6
4943,6
4944,4
4945,4
4946,6
4947,4
4948,6
4949,6
4950,5
4951,4
4952,5
4953,6
4954,5
4955,4
4956,6
4957,5
4958,6
4959,4
4960,6
4961,6
4962,5
4963,4
4964,4
4965,5
4966,4
4967,5
4968,6
4969,4
4970,4
4971,5
4972,6
4973,4
4974,5
4975,4
4976,6
4977,5
4978,6
4979,5
4980,6
4981,5
4982,4
4983,4
4984,5
4985,5
4986,6
4987,6
4988,4
4989,6
4990,6
4991,746
4992,5
4993,6
4994,6
4995,5
4996,4
4997,4
4998,4
4999,5
5000,4
5001,5
5002,4
5003,4
5004,4
5005,6
5006,4
5007,5
5008,6
5009,5
5010,5
5011,6
5012,5
5013,6
5014,4
5015,5
5016,5
5017,4
5018,6
5019,4
5020,5
5021,6
5022,6
5023,5
5024,4
5025,6
5026,4
5027,6
5028,5
5029,4
5030,4
5031,5
5032,5
5033,4
5034,4
5035,5
5036,5
5037,5
5038,4
5039,4
5040,5
5041,6
5042,4
5043,5
5044,4
5045,4
5046,5
5047,5
5048,5
5049,5
5050,5
5051,5
5052,6
5053,5
5054,4
5055,4
5056,4
5057,4
5058,6
5059,4
5060,4
5061,6
5062,4
5063,6
5064,6
5065,5
5066,4
5067,4
5068,5
5069,5
5070,5
5071,5
5072,4
5073,5
5074,4
5075,151
5076,4
5077,5
5078,6
5079,5
5080,5
5081,6
5082,4
5083,5
5084,4
5085,6
5086,6
5087,5
5088,5
5089,4
5090,4
5091,5
5092,5
5093,5
5094,4
5095,5
5096,4
5097,5
5098,5
5099,4
5100,6
5101,4
5102,6
5103,4
5104,5
5105,6
5106,4
5107,6
5108,5
5109,4
5110,6
5111,5
5112,5
5113,4
5114,4
5115,5
5116,5
5117,5
5118,4
5119,6
5120,4
5121,5
5122,4
5123,6
5124,5
5125,4
5126,6
5127,5
5128,5
5129,5
5130,4
5131,4
5132,6
5133,6
5134,4
5135,6
5136,6
5137,6
5138,5
5139,6
5140,5
5141,5
5142,4
5143,5
5144,5
5145,5
5146,4
5147,4
5148,6
5149,4
5150,5
5151,4
5152,4
5153,4
5154,5
5155,4
5156,4
5157,6
5158,5
5159,6
5160,6
5161,5
5162,4
5163,4
5164,5
5165,5
5166,4
5167,4
5168,5
5169,5
5170,5
5171,5
5172,5
5173,4
5174,6
5175,6
5176,4
5177,5
5178,4
5179,4
5180,6
5181,4
5182,5
5183,6
5184,4
5185,6
5186,6
5187,5
5188,4
5189,6
5190,4
5191,4
5192,6
5193,6
5194,4
5195,6
5196,6
5197,4
5198,5
5199,4
5200,4
5201,4
5202,4
5203,6
5204,4
5205,5
5206,6
5207,4
5208,4
5209,6
5210,4
5211,6
5212,5
5213,4
5214,5
5215,6
5216,5
5217,166
5218,4
5219,4
5220,6
5221,5
5222,6
5223,5
5224,5
5225,5
5226,5
5227,5
5228,5
5229,5
5230,4
5231,5
5232,6
5233,5
5234,5
5235,5
5236,6
5237,4
5238,5
5239,6
5240,6
5241,6
5242,6
5243,5
5244,5
5245,6
5246,6
5247,6
5248,5
5249,6
5250,4
5251,5
5252,5
5253,4
5254,5
5255,5
5256,4
5257,5
5258,5
5259,4
5260,5
5261,5
5262,6
5263,4
5264,4
5265,6
5266,5
5267,5
5268,4
5269,4
5270,4
5271,5
5272,5
5273,4
5274,5
5275,6
5276,6
5277,5
5278,4
5279,5
5280,4
5281,5
5282,5
5283,5
5284,6
5285,6
5286,5
5287,5
5288,4
5289,4
5290,291
5291,4
5292,4
5293,4
5294,6
5295,4
5296,4
5297,4
5298,4
5299,6
5300,4
5301,6
5302,6
5303,6
5304,5
5305,4
5306,4
5307,6
5308,5
5309,5
5310,6
5311,5
5312,4
5313,6
5314,6
5315,6
5316,6
5317,5
5318,5
5319,4
5320,4
5321,4
5322,5
5323,4
5324,5
5325,6
5326,4
5327,4
5328,6
5329,6
5330,5
5331,5
5332,4
5333,5
5334,5
5335,6
5336,4
5337,5
5338,4
5339,4
5340,4
5341,6
5342,6
5343,6
5344,4
5345,5
5346,4
5347,5
5348,6
5349,4
5350,4
5351,4
5352,6
5353,5
5354,5
5355,4
5356,6
5357,4
5358,5
5359,6
5360,5
5361,6
5362,4
5363,6
5364,5
5365,4
5366,6
5367,4
5368,4
5369,4
5370,5
5371,4
5372,5
5373,4
5374,5
5375,5
5376,4
5377,4
5378,4
5379,5
5380,5
5381,5
5382,6
5383,5
5384,4
5385,4
5386,4
5387,4
5388,4
5389,6
5390,5
5391,6
5392,5
5393,4
5394,5
5395,4
5396,6
5397,5
5398,4
5399,5
5400,5
5401,5
5402,4
5403,6
5404,5
5405,4
5406,4
5407,5
5408,5
5409,5
5410,5
5411,5
5412,6
5413,6
5414,4
5415,4
5416,5
5417,5
5418,4
5419,4
5420,5
5421,5
5422,6
5423,4
5424,4
5425,4
5426,4
5427,5
5428,5
5429,6
5430,5
5431,4
5432,4
5433,5
5434,6
5435,4
5436,4
5437,5
5438,4
5439,5
5440,4
5441,4
5442,5
5443,6
5444,4
5445,4
5446,4
5447,4
5448,5
5449,5
5450,5
5451,4
5452,5
5453,5
5454,6
5455,6
5456,4
5457,6
5458,5
5459,5
5460,5
5461,5
5462,5
5463,4
5464,5
5465,6
5466,4
5467,6
5468,5
5469,4
5470,5
5471,5
5472,6
5473,4
5474,4
5475,4
5476,6
5477,5
5478,4
5479,4
5480,4
5481,5
5482,865
5483,4
5484,5
5485,5
5486,5
5487,6
5488,5
5489,5
5490,6
5491,6
5492,4
5493,6
5494,5
5495,6
5496,4
5497,5
5498,4
5499,4
5500,6
5501,6
5502,4
5503,5
5504,5
5505,5
5506,5
5507,4
5508,5
5509,5
5510,6
5511,6
5512,6
5513,4
5514,5
5515,6
5516,6
5517,4
5518,4
5519,5
5520,5
5521,4
5522,5
5523,4
5524,5
5525,5
5526,5
5527,4
5528,4
5529,4
5530,5
5531,5
5532,4
5533,5
5534,6
5535,4
5536,4
5537,4
5538,5
5539,6
5540,4
5541,5
5542,5
5543,6
5544,5
5545,6
5546,5
5547,6
5548,5
5549,6
5550,4
5551,6
5552,6
5553,6
5554,5
5555,5
5556,5
5557,6
5558,4
5559,5
5560,4
5561,6
5562,4
5563,5
5564,6
5565,4
5566,5
5567,6
5568,6
5569,6
5570,4
5571,6
5572,5
5573,6
5574,4
5575,4
5576,6
5577,5
5578,4
5579,4
5580,5
5581,6
5582,6
5583,5
5584,4
5585,5
5586,4
5587,4
5588,5
5589,5
5590,5
5591,4
5592,6
5593,5
5594,5
5595,5
5596,4
5597,6
5598,5
5599,4
5600,5
5601,4
5602,4
5603,5
5604,5
5605,5
5606,6
5607,5
5608,5
5609,6
5610,5
5611,6
5612,4
5613,6
5614,6
5615,4
5616,5
5617,4
5618,5
5619,5
5620,5
5621,4
5622,5
5623,5
5624,5
5625,5
5626,5
5627,4
5628,6
5629,6
5630,5
5631,4
5632,5
5633,6
5634,4
5635,6
5636,6
5637,4
5638,5
5639,5
5640,5
5641,5
5642,4
5643,5
5644,5
5645,5
5646,4
5647,5
5648,6
5649,4
5650,4
5651,6
5652,6
5653,5
5654,4
5655,5
5656,4
5657,4
5658,5
5659,4
5660,5
5661,6
5662,4
5663,4
5664,6
5665,6
5666,4
5667,5
5668,4
5669,6
5670,5
5671,6
5672,6
5673,5
5674,4
5675,5
5676,5
5677,6
5678,5
5679,6
5680,5
5681,4
5682,4
5683,4
5684,5
5685,4
5686,4
5687,5
5688,6
5689,4
5690,6
5691,4
5692,6
5693,6
5694,4
5695,5
5696,5
5697,4
5698,4
5699,5
5700,4
5701,6
5702,5
5703,4
5704,4
5705,4
5706,5
5707,5
5708,5
5709,4
5710,6
5711,4
5712,6
5713,4
5714,6
5715,5
5716,4
5717,6
5718,5
5719,4
5720,5
5721,4
5722,4
5723,6
5724,5
5725,5
5726,5
5727,5
5728,5
5729,6
5730,5
5731,5
5732,6
5733,6
5734,6
5735,6
5736,4
5737,5
5738,4
5739,6
5740,5
5741,5
5742,6
5743,4
5744,5
5745,4
5746,5
5747,4
5748,6
5749,4
5750,5
5751,5
5752,4
5753,5
5754,4
5755,4
5756,4
5757,4
5758,4
5759,4
5760,4
5761,5
5762,4
5763,4
5764,4
5765,4
5766,5
5767,6
5768,5
5769,4
5770,6
5771,4
5772,6
5773,4
5774,5
5775,6
5776,4
5777,4
5778,4
5779,6
5780,6
5781,6
5782,4
5783,5
5784,6
5785,5
5786,5
5787,4
5788,5
5789,5
5790,4
5791,5
5792,5
5793,6
5794,4
5795,4
5796,5
5797,4
5798,5
5799,5
5800,4
5801,5
5802,5
5803,5
5804,4
5805,5
5806,6
5807,5
5808,4
5809,4
5810,4
5811,5
5812,4
5813,6
5814,6
5815,4
5816,4
5817,6
5818,4
5819,6
5820,4
5821,5
5822,5
5823,6
5824,6
5825,4
5826,5
5827,4
5828,6
5829,6
5830,6
5831,5
5832,5
5833,4
5834,6
5835,5
5836,5
5837,4
5838,4
5839,4
5840,5
5841,5
5842,5
5843,5
5844,5
5845,4
5846,4
5847,5
5848,5
5849,5
5850,6
5851,5
5852,5
5853,4
5854,5
5855,4
5856,6
5857,5
5858,5
5859,4
5860,6
5861,5
5862,6
5863,6
5864,5
5865,6
5866,5
5867,5
5868,4
5869,4
5870,5
5871,4
5872,4
5873,5
5874,4
5875,428
5876,4
5877,5
5878,4
5879,4
5880,6
5881,4
5882,6
5883,5
5884,5
5885,4
5886,4
5887,5
5888,5
5889,6
5890,6
5891,5
5892,5
5893,6
5894,4
5895,4
5896,5
5897,5
5898,4
5899,5
5900,5
5901,6
5902,6
5903,6
5904,6
5905,6
5906,5
5907,4
5908,6
5909,4
5910,6
5911,6
5912,5
5913,5
5914,5
5915,4
5916,5
5917,5
5918,5
5919,6
5920,5
5921,5
5922,5
5923,6
5924,5
5925,4
5926,4
5927,6
5928,6
5929,5
5930,4
5931,6
5932,4
5933,6
5934,5
5935,5
5936,4
5937,4
5938,5
5939,5
5940,5
5941,4
5942,4
5943,5
5944,4
5945,5
5946,4
5947,4
5948,5
5949,5
5950,5
5951,6
5952,5
5953,6
5954,4
5955,6
5956,5
5957,5
5958,5
5959,5
5960,5
5961,6
5962,5
5963,5
5964,4
5965,4
5966,5
5967,4
5968,6
5969,4
5970,5
5971,5
5972,6
5973,4
5974,6
5975,5
5976,5
5977,5
5978,4
5979,5
5980,819
5981,4
5982,4
5983,5
5984,6
5985,5
5986,6
5987,4
5988,4
5989,4
5990,4
5991,5
5992,5
5993,5
5994,4
5995,6
5996,5
5997,4
5998,4
5999,4
6000,6
6001,5
6002,4
6003,5
6004,6
6005,5
6006,5
6007,6
6008,5
6009,6
6010,5
6011,4
6012,5
6013,5
6014,4
6015,4
6016,6
6017,4
6018,4
6019,6
6020,5
6021,5
6022,4
6023,5
6024,4
6025,6
6026,6
6027,5
6028,5
6029,6
6030,5
6031,4
6032,5
6033,6
6034,5
6035,5
6036,4
6037,5
6038,5
6039,4
6040,5
6041,5
6042,4
6043,5
6044,4
6045,6
6046,4
6047,5
6048,5
6049,5
6050,5
6051,5
6052,6
6053,5
6054,4
6055,4
6056,5
6057,5
6058,4
6059,6
6060,5
6061,4
6062,6
6063,6
6064,5
6065,4
6066,5
6067,4
6068,5
6069,4
6070,6
6071,5
6072,5
6073,6
6074,6
6075,5
6076,5
6077,5
6078,6
6079,5
6080,4
6081,5
6082,5
6083,5
6084,5
6085,5
6086,5
6087,5
6088,5
6089,6
6090,6
6091,4
6092,6
6093,6
6094,4
6095,6
6096,6
6097,5
6098,5
6099,5
6100,5
6101,5
6102,5
6103,4
6104,209
6105,5
6106,4
6107,6
6108,6
6109,5
6110,5
6111,4
6112,5
6113,4
6114,4
6115,4
6116,5
6117,6
6118,4
6119,4
6120,6
6121,4
6122,4
6123,4
6124,5
6125,4
6126,4
6127,5
6128,4
6129,5
6130,4
6131,5
6132,6
6133,5
6134,5
6135,4
6136,6
6137,5
6138,5
6139,5
6140,5
6141,5
6142,5
6143,4
6144,5
6145,5
6146,6
6147,4
6148,4
6149,5
6150,5
6151,5
6152,5
6153,6
6154,4
6155,4
6156,5
6157,5
6158,5
6159,5
6160,5
6161,6
6162,4
6163,4
6164,4
6165,6
6166,5
6167,4
6168,6
6169,4
6170,6
6171,4
6172,4
6173,4
6174,4
6175,4
6176,5
6177,5
6178,6
6179,6
6180,6
6181,6
6182,5
6183,4
6184,5
6185,4
6186,6
6187,5
6188,5
6189,4
6190,5
6191,6
6192,6
6193,5
6194,6
6195,6
6196,6
6197,6
6198,5
6199,4
6200,6
6201,4
6202,4
6203,5
6204,6
6205,5
6206,5
6207,5
6208,5
6209,6
6210,5
6211,4
6212,4
6213,5
6214,4
6215,4
6216,6
6217,6
6218,4
6219,4
6220,6
6221,5
6222,4
6223,6
6224,6
6225,4
6226,4
6227,4
6228,5
6229,5
6230,5
6231,4
6232,6
6233,4
6234,4
6235,4
6236,5
6237,5
6238,5
6239,6
6240,5
6241,5
6242,4
6243,5
6244,6
6245,6
6246,5
6247,5
6248,5
6249,5
6250,6
6251,6
6252,5
6253,5
6254,6
6255,5
6256,6
6257,5
6258,5
6259,6
6260,6
6261,4
6262,4
6263,4
6264,4
6265,795
6266,5
6267,6
6268,5
6269,5
6270,5
6271,5
6272,6
6273,5
6274,6
6275,5
6276,5
6277,5
6278,4
6279,6
6280,5
6281,4
6282,6
6283,5
6284,4
6285,4
6286,5
6287,4
6288,6
6289,4
6290,4
6291,5
6292,5
6293,5
6294,6
6295,5
6296,5
6297,6
6298,6
6299,4
6300,5
6301,5
6302,6
6303,5
6304,4
6305,5
6306,5
6307,5
6308,4
6309,5
6310,5
6311,4
6312,5
6313,4
6314,6
6315,5
6316,6
6317,6
6318,4
6319,6
6320,4
6321,4
6322,5
6323,6
6324,4
6325,4
6326,6
6327,4
6328,4
6329,4
6330,5
6331,4
6332,5
6333,5
6334,4
6335,4
6336,4
6337,4
6338,5
6339,5
6340,5
6341,6
6342,6
6343,5
6344,6
6345,5
6346,6
6347,6
6348,6
6349,5
6350,4
6351,5
6352,5
6353,5
6354,4
6355,4
6356,5
6357,4
6358,4
6359,6
6360,6
6361,6
6362,4
6363,5
6364,6
6365,4
6366,6
6367,4
6368,4
6369,4
6370,5
6371,6
6372,6
6373,4
6374,5
6375,6
6376,4
6377,4
6378,4
6379,5
6380,4
6381,5
6382,5
6383,5
6384,4
6385,4
6386,6
6387,5
6388,5
6389,4
6390,5
6391,4
6392,6
6393,5
6394,5
6395,5
6396,249
6397,5
6398,6
6399,6
6400,5
6401,4
6402,6
6403,6
6404,5
6405,6
6406,6
6407,5
6408,5
6409,4
6410,5
6411,5
6412,5
6413,4
6414,4
6415,6
6416,4
6417,6
6418,6
6419,4
6420,4
6421,6
6422,5
6423,4
6424,5
6425,6
6426,4
6427,4
6428,5
6429,5
6430,5
6431,4
6432,4
6433,6
6434,4
6435,5
6436,6
6437,5
6438,4
6439,4
6440,5
6441,6
6442,6
6443,5
6444,5
6445,4
6446,5
6447,4
6448,5
6449,5
6450,5
6451,5
6452,5
6453,4
6454,5
6455,4
6456,4
6457,4
6458,4
6459,4
6460,4
6461,5
6462,5
6463,4
6464,4
6465,4
6466,4
6467,5
6468,5
6469,5
6470,5
6471,5
6472,5
6473,4
6474,6
6475,4
6476,6
6477,5
6478,4
6479,5
6480,5
6481,5
6482,5
6483,6
6484,4
6485,5
6486,4
6487,4
6488,5
6489,5
6490,6
6491,4
6492,4
6493,4
6494,6
6495,5
6496,6
6497,5
6498,6
6499,4
6500,5
6501,6
6502,4
6503,5
6504,4
6505,6
6506,5
6507,4
6508,5
6509,5
6510,6
6511,5
6512,4
6513,5
6514,4
6515,5
6516,5
6517,5
6518,4
6519,6
6520,5
6521,5
6522,5
6523,5
6524,4
6525,5
6526,4
6527,5
6528,6
6529,4
6530,5
6531,4
6532,4
6533,6
6534,6
6535,4
6536,6
6537,4
6538,6
6539,4
6540,4
6541,4
6542,5
6543,5
6544,6
6545,5
6546,4
6547,6
6548,6
6549,5
6550,4
6551,6
6552,6
6553,5
6554,4
6555,5
6556,4
6557,4
6558,5
6559,6
6560,4
6561,5
6562,6
6563,5
6564,4
6565,4
6566,6
6567,4
6568,5
6569,6
6570,5
6571,5
6572,6
6573,4
6574,4
6575,5
6576,6
6577,4
6578,5
6579,5
6580,5
6581,4
6582,4
6583,6
6584,4
6585,4
6586,5
6587,4
6588,6
6589,5
6590,4
6591,5
6592,5
6593,5
6594,6
6595,4
6596,4
6597,4
6598,5
6599,5
6600,4
6601,5
6602,4
6603,4
6604,824
6605,4
6606,5
6607,5
6608,6
6609,5
6610,4
6611,4
6612,6
6613,4
6614,4
6615,4
6616,5
6617,4
6618,5
6619,4
6620,4
6621,4
6622,5
6623,4
6624,5
6625,5
6626,4
6627,4
6628,4
6629,4
6630,5
6631,4
6632,5
6633,5
6634,6
6635,4
6636,6
6637,5
6638,6
6639,6
6640,4
6641,4
6642,5
6643,5
6644,4
6645,4
6646,5
6647,4
6648,4
6649,6
6650,6
6651,4
6652,4
6653,4
6654,4
6655,5
6656,5
6657,5
6658,6
6659,6
6660,5
6661,4
6662,5
6663,6
6664,6
6665,6
6666,5
6667,5
6668,4
6669,6
6670,6
6671,5
6672,4
6673,6
6674,5
6675,4
6676,5
6677,5
6678,5
6679,4
6680,5
6681,5
6682,6
6683,4
6684,4
6685,5
6686,5
6687,6
6688,4
6689,6
6690,5
6691,5
6692,4
6693,4
6694,4
6695,5
6696,6
6697,4
6698,4
6699,6
6700,5
6701,4
6702,4
6703,4
6704,5
6705,5
6706,6
6707,5
6708,6
6709,6
6710,6
6711,5
6712,4
6713,6
6714,4
6715,6
6716,4
6717,4
6718,4
6719,4
6720,6
6721,5
6722,4
6723,5
6724,4
6725,5
6726,5
6727,4
6728,4
6729,4
6730,4
6731,4
6732,5
6733,5
6734,6
6735,5
6736,5
6737,5
6738,6
6739,4
6740,5
6741,4
6742,5
6743,6
6744,5
6745,4
6746,5
6747,4
6748,4
6749,6
6750,5
6751,4
6752,5
6753,5
6754,5
6755,5
6756,5
6757,6
6758,5
6759,6
6760,5
6761,6
6762,4
6763,4
6764,4
6765,5
6766,4
6767,4
6768,6
6769,4
6770,4
6771,4
6772,6
6773,5
6774,5
6775,5
6776,6
6777,4
6778,4
6779,4
6780,5
6781,6
6782,5
6783,4
6784,4
6785,4
6786,5
6787,6
6788,5
6789,6
6790,4
6791,6
6792,4
6793,6
6794,4
6795,4
6796,5
6797,5
6798,6
6799,5
6800,6
6801,5
6802,5
6803,5
6804,4
6805,4
6806,4
6807,6
6808,6
6809,4
6810,6
6811,4
6812,4
6813,5
6814,6
6815,4
6816,4
6817,5
6818,4
6819,4
6820,4
6821,5
6822,4
6823,4
6824,6
6825,5
6826,6
6827,5
6828,5
6829,767
6830,4
6831,4
6832,6
6833,4
6834,6
6835,4
6836,5
6837,4
6838,5
6839,6
6840,4
6841,5
6842,5
6843,6
6844,5
6845,5
6846,6
6847,5
6848,4
6849,4
6850,4
6851,5
6852,6
6853,4
6854,6
6855,6
6856,5
6857,5
6858,4
6859,4
6860,4
6861,5
6862,6
6863,5
6864,5
6865,6
6866,5
6867,4
6868,5
6869,5
6870,4
6871,6
6872,6
6873,5
6874,4
6875,4
6876,4
6877,6
6878,4
6879,6
6880,5
6881,4
6882,6
6883,5
6884,4
6885,5
6886,6
6887,4
6888,4
6889,6
6890,4
6891,5
6892,6
6893,5
6894,5
6895,4
6896,4
6897,5
6898,6
6899,5
6900,4
6901,4
6902,5
6903,5
6904,5
6905,4
6906,4
6907,5
6908,5
6909,6
6910,5
6911,5
6912,4
6913,5
6914,6
6915,4
6916,5
6917,5
6918,5
6919,4
6920,5
6921,6
6922,4
6923,383
6924,4
6925,5
6926,5
6927,4
6928,4
6929,5
6930,4
6931,4
6932,5
6933,6
6934,4
6935,6
6936,5
6937,5
6938,4
6939,6
6940,5
6941,6
6942,6
6943,4
6944,4
6945,5
6946,5
6947,4
6948,4
6949,4
6950,5
6951,6
6952,6
6953,5
6954,5
6955,4
6956,5
6957,4
6958,5
6959,4
6960,6
6961,4
6962,5
6963,5
6964,5
6965,6
6966,6
6967,4
6968,4
6969,6
6970,6
6971,4
6972,5
6973,6
6974,5
6975,4
6976,4
6977,5
6978,5
6979,4
6980,6
6981,5
6982,5
6983,6
6984,4
6985,4
6986,6
6987,5
6988,4
6989,4
6990,4
6991,6
6992,6
6993,5
6994,4
6995,4
6996,6
6997,6
6998,4
6999,4
7000,5
7001,5
7002,6
7003,5
7004,6
7005,6
7006,5
7007,5
7008,5
7009,6
7010,6
7011,5
7012,6
7013,5
7014,5
7015,5
7016,4
7017,6
7018,4
7019,4
7020,5
7021,6
7022,5
7023,5
7024,6
7025,6
7026,4
7027,6
7028,4
7029,6
7030,4
7031,5
7032,6
7033,4
7034,5
7035,5
7036,4
7037,4
7038,6
7039,4
7040,6
7041,5
7042,4
7043,6
7044,5
7045,6
7046,4
7047,5
7048,4
7049,4
7050,5
7051,5
7052,6
7053,6
7054,5
7055,6
7056,4
7057,6
7058,6
7059,5
7060,6
7061,4
7062,6
7063,6
7064,5
7065,4
7066,4
7067,6
7068,4
7069,4
7070,4
7071,4
7072,6
7073,5
7074,6
7075,5
7076,6
7077,4
7078,6
7079,419
7080,4
7081,6
7082,5
7083,4
7084,4
7085,5
7086,4
7087,6
7088,4
7089,5
7090,5
7091,5
7092,4
7093,5
7094,4
7095,6
7096,5
7097,5
7098,5
7099,4
7100,5
7101,4
7102,6
7103,4
7104,5
7105,4
7106,5
7107,4
7108,5
7109,5
7110,6
7111,4
7112,5
7113,4
7114,4
7115,6
7116,5
7117,6
7118,5
7119,6
7120,4
7121,5
7122,4
7123,5
7124,5
7125,4
7126,5
7127,4
7128,5
7129,512
7130,4
7131,4
7132,4
7133,4
7134,6
7135,4
7136,5
7137,5
7138,4
7139,5
7140,5
7141,4
7142,4
7143,5
7144,6
7145,5
7146,4
7147,4
7148,5
7149,5
7150,5
7151,4
7152,6
7153,5
7154,4
7155,4
7156,4
7157,4
7158,5
7159,4
7160,4
7161,5
7162,5
7163,6
7164,6
7165,6
7166,4
7167,6
7168,4
7169,4
7170,5
7171,6
7172,6
7173,5
7174,5
7175,4
7176,5
7177,6
7178,5
7179,5
7180,5
7181,4
7182,5
7183,4
7184,5
7185,6
7186,5
7187,4
7188,4
7189,5
7190,5
7191,6
7192,4
7193,4
7194,370
7195,6
7196,4
7197,5
7198,4
7199,4
7200,4
7201,5
7202,4
7203,5
7204,4
7205,4
7206,5
7207,4
7208,4
7209,4
7210,5
7211,6
7212,5
7213,5
7214,4
7215,5
7216,4
7217,5
7218,5
7219,4
7220,5
7221,4
7222,5
7223,4
7224,5
7225,5
7226,4
7227,5
7228,5
7229,5
7230,5
7231,6
7232,5
7233,5
7234,798
7235,5
7236,4
7237,5
7238,5
7239,5
7240,6
7241,4
7242,5
7243,5
7244,4
7245,4
7246,5
7247,4
7248,4
7249,5
7250,6
7251,4
7252,5
7253,4
7254,5
7255,4
7256,6
7257,5
7258,4
7259,4
7260,4
7261,4
7262,5
7263,4
7264,5
7265,5
7266,4
7267,6
7268,5
7269,4
7270,4
7271,6
7272,5
7273,5
7274,5
7275,918
7276,4
7277,4
7278,6
7279,5
7280,5
7281,4
7282,4
7283,4
7284,4
7285,6
7286,4
7287,4
7288,4
7289,4
7290,5
7291,5
7292,6
7293,6
7294,5
7295,6
7296,4
7297,5
7298,5
7299,5
7300,6
7301,5
7302,4
7303,6
7304,864
7305,5
7306,5
7307,4
7308,4
7309,4
7310,4
7311,4
7312,5
7313,5
7314,5
7315,6
7316,4
7317,4
7318,4
7319,4
7320,6
7321,4
7322,4
7323,6
7324,5
7325,4
7326,6
7327,5
7328,4
7329,4
7330,5
7331,6
7332,6
7333,5
7334,5
7335,4
7336,4
7337,5
7338,5
7339,6
7340,5
7341,6
7342,4
7343,5
7344,5
7345,4
7346,6
7347,6
7348,5
7349,5
7350,6
7351,4
7352,5
7353,4
7354,6
7355,4
7356,4
7357,5
7358,5
7359,5
7360,6
7361,4
7362,6
7363,6
7364,6
7365,5
7366,5
7367,5
7368,5
7369,4
7370,857
7371,4
7372,5
7373,5
7374,4
7375,6
7376,4
7377,5
7378,5
7379,5
7380,5
7381,5
7382,5
7383,5
7384,5
7385,6
7386,6
7387,5
7388,4
7389,4
7390,4
7391,4
7392,6
7393,4
7394,6
7395,5
7396,4
7397,5
7398,6
7399,6
7400,4
7401,6
7402,5
7403,5
7404,5
7405,5
7406,5
7407,6
7408,5
7409,4
7410,4
7411,6
7412,4
7413,5
7414,4
7415,4
7416,4
7417,6
7418,5
7419,5
7420,6
7421,5
7422,4
7423,4
7424,4
7425,6
7426,6
7427,5
7428,5
7429,5
7430,4
7431,4
7432,5
7433,4
7434,4
7435,5
7436,5
7437,298
7438,6
7439,4
7440,6
7441,4
7442,5
7443,5
7444,4
7445,5
7446,5
7447,4
7448,6
7449,5
7450,4
7451,6
7452,4
7453,5
7454,6
7455,4
7456,5
7457,5
7458,4
7459,6
7460,5
7461,6
7462,4
7463,860
7464,4
7465,4
7466,5
7467,5
7468,4
7469,5
7470,5
7471,4
7472,5
7473,5
7474,4
7475,5
7476,4
7477,6
7478,4
7479,4
7480,4
7481,4
7482,6
7483,6
7484,5
7485,4
7486,4
7487,4
7488,4
7489,6
7490,6
7491,4
7492,6
7493,6
7494,6
7495,4
7496,6
7497,5
7498,4
7499,6
7500,5
7501,4
7502,4
7503,5
7504,4
7505,6
7506,5
7507,5
7508,4
7509,5
7510,4
7511,4
7512,4
7513,4
7514,5
7515,4
7516,4
7517,6
7518,4
7519,4
7520,4
7521,5
7522,5
7523,5
7524,6
7525,5
7526,4
7527,5
7528,4
7529,5
7530,5
7531,4
7532,6
7533,4
7534,4
7535,4
7536,5
7537,5
7538,4
7539,6
7540,6
7541,5
7542,4
7543,5
7544,5
7545,5
7546,4
7547,5
7548,4
7549,4
7550,6
7551,5
7552,5
7553,4
7554,5
7555,4
7556,5
7557,4
7558,5
7559,5
7560,4
7561,5
7562,4
7563,4
7564,5
7565,4
7566,6
7567,5
7568,6
7569,5
7570,5
7571,4
7572,4
7573,4
7574,4
7575,5
7576,5
7577,4
7578,4
7579,5
7580,6
7581,5
7582,5
7583,6
7584,5
7585,5
7586,6
7587,5
7588,4
7589,4
7590,5
7591,6
7592,5
7593,4
7594,4
7595,5
7596,6
7597,5
7598,4
7599,6
7600,5
7601,5
7602,137
7603,6
7604,4
7605,4
7606,4
7607,4
7608,5
7609,5
7610,6
7611,5
7612,4
7613,5
7614,4
7615,5
7616,4
7617,4
7618,4
7619,4
7620,5
7621,6
7622,5
7623,5
7624,5
7625,4
7626,4
7627,6
7628,6
7629,6
7630,6
7631,4
7632,4
7633,6
7634,4
7635,5
7636,6
7637,4
7638,4
7639,4
7640,5
7641,5
7642,6
7643,4
7644,6
7645,5
7646,4
7647,4
7648,5
7649,4
7650,5
7651,6
7652,5
7653,5
7654,4
7655,5
7656,4
7657,6
7658,4
7659,5
7660,5
7661,6
7662,5
7663,5
7664,4
7665,4
7666,5
7667,4
7668,4
7669,4
7670,5
7671,6
7672,6
7673,6
7674,4
7675,6
7676,5
7677,4
7678,6
7679,4
7680,6
7681,6
7682,6
7683,5
7684,5
7685,4
7686,5
7687,5
7688,6
7689,6
7690,4
7691,6
7692,4
7693,238
7694,5
7695,6
7696,6
7697,6
7698,5
7699,4
7700,4
7701,5
7702,4
7703,5
7704,5
7705,5
7706,5
7707,5
7708,5
7709,5
7710,467
7711,4
7712,4
7713,4
7714,6
7715,6
7716,5
7717,6
7718,5
7719,5
7720,5
7721,6
7722,4
7723,4
7724,5
7725,5
7726,6
7727,4
7728,4
7729,4
7730,6
7731,5
7732,5
7733,6
7734,4
7735,5
7736,4
7737,5
7738,5
7739,5
7740,5
7741,4
7742,4
7743,4
7744,4
7745,4
7746,5
7747,4
7748,5
7749,6
7750,5
7751,5
7752,6
7753,4
7754,4
7755,5
7756,4
7757,5
7758,5
7759,4
7760,6
7761,6
7762,5
7763,4
7764,5
7765,4
7766,6
7767,4
7768,5
7769,6
7770,4
7771,187
7772,4
7773,6
7774,4
7775,5
7776,6
7777,5
7778,5
7779,5
7780,6
7781,4
7782,5
7783,4
7784,5
7785,4
7786,5
7787,5
7788,6
7789,5
7790,4
7791,6
7792,4
7793,5
7794,5
7795,5
7796,5
7797,5
7798,5
7799,4
7800,4
7801,4
7802,5
7803,6
7804,5
7805,125
7806,4
7807,5
7808,4
7809,5
7810,6
7811,5
7812,5
7813,585
7814,5
7815,6
7816,6
7817,6
7818,5
7819,5
7820,4
7821,5
7822,6
7823,4
7824,6
7825,5
7826,6
7827,6
7828,4
7829,4
7830,4
7831,5
7832,5
7833,5
7834,6
7835,4
7836,6
7837,5
7838,4
7839,5
7840,6
7841,6
7842,4
7843,4
7844,6
7845,6
7846,5
7847,5
7848,5
7849,4
7850,5
7851,5
7852,4
7853,4
7854,6
7855,6
7856,4
7857,6
7858,5
7859,4
7860,4
7861,4
7862,6
7863,5
7864,5
7865,5
7866,6
7867,5
7868,4
7869,4
7870,6
7871,4
7872,4
7873,6
7874,4
7875,4
7876,4
7877,4
7878,5
7879,5
7880,6
7881,204
7882,4
7883,4
7884,6
7885,4
7886,4
7887,4
7888,4
7889,4
7890,5
7891,4
7892,6
7893,5
7894,4
7895,5
7896,4
7897,5
7898,5
7899,5
7900,6
7901,5
7902,5
7903,6
7904,4
7905,4
7906,5
7907,4
7908,5
7909,5
7910,6
7911,6
7912,4
7913,5
7914,4
7915,6
7916,4
7917,5
7918,4
7919,6
7920,4
7921,5
7922,5
7923,6
7924,4
7925,5
7926,5
7927,5
7928,4
7929,5
7930,5
7931,4
7932,5
7933,6
7934,6
7935,5
7936,6
7937,4
7938,5
7939,4
7940,5
7941,4
7942,6
7943,4
7944,4
7945,4
7946,6
7947,4
7948,5
7949,4
7950,5
7951,6
7952,6
7953,5
7954,5
7955,4
7956,5
7957,4
7958,5
7959,4
7960,4
7961,6
7962,6
7963,4
7964,6
7965,4
7966,5
7967,4
7968,4
7969,5
7970,6
7971,6
7972,6
7973,4
7974,5
7975,5
7976,6
7977,4
7978,4
7979,4
7980,6
7981,4
7982,5
7983,4
7984,5
7985,4
7986,5
7987,4
7988,4
7989,4
7990,5
7991,4
7992,6
7993,5
7994,4
7995,5
7996,4
7997,5
7998,6
7999,4
8000,4
8001,6
8002,5
8003,5
8004,4
8005,6
8006,4
8007,4
8008,5
8009,5
8010,4
8011,5
8012,6
8013,4
8014,6
8015,6
8016,5
8017,6
8018,5
8019,4
8020,6
8021,5
8022,5
8023,6
8024,4
8025,4
8026,5
8027,5
8028,5
8029,5
8030,4
8031,5
8032,6
8033,6
8034,214
8035,6
8036,6
8037,5
8038,5
8039,5
8040,4
8041,4
8042,5
8043,5
8044,5
8045,4
8046,4
8047,6
8048,6
8049,5
8050,5
8051,4
8052,6
8053,5
8054,5
8055,5
8056,5
8057,4
8058,5
8059,5
8060,5
8061,4
8062,4
8063,6
8064,5
8065,4
8066,5
8067,6
8068,4
8069,5
8070,4
8071,5
8072,5
8073,6
8074,4
8075,5
8076,4
8077,4
8078,5
8079,6
8080,4
8081,4
8082,4
8083,143
8084,5
8085,6
8086,4
8087,4
8088,6
8089,4
8090,4
8091,6
8092,4
8093,5
8094,4
8095,6
8096,4
8097,4
8098,4
8099,4
8100,4
8101,6
8102,5
8103,4
8104,5
8105,6
8106,4
8107,5
8108,5
8109,6
8110,6
8111,5
8112,4
8113,5
8114,5
8115,4
8116,6
8117,4
8118,6
8119,5
8120,4
8121,6
8122,5
8123,5
8124,4
8125,4
8126,5
8127,4
8128,6
8129,4
8130,5
8131,5
8132,4
8133,6
8134,5
8135,5
8136,4
8137,5
8138,4
8139,4
8140,6
8141,5
8142,4
8143,6
8144,6
8145,5
8146,5
8147,4
8148,6
8149,6
8150,6
8151,4
8152,6
8153,5
8154,5
8155,4
8156,4
8157,4
8158,5
8159,4
8160,5
8161,6
8162,4
8163,5
8164,5
8165,5
8166,5
8167,4
8168,4
8169,5
8170,5
8171,6
8172,4
8173,6
8174,5
8175,5
8176,5
8177,5
8178,5
8179,4
8180,4
8181,4
8182,4
8183,6
8184,5
8185,5
8186,5
8187,6
8188,4
8189,4
8190,4
8191,4
8192,6
8193,4
8194,4
8195,4
8196,4
8197,5
8198,4
8199,5
8200,4
8201,4
8202,4
8203,6
8204,5
8205,6
8206,6
8207,4
8208,4
8209,5
8210,6
8211,5
8212,6
8213,4
8214,5
8215,6
8216,4
8217,4
8218,5
8219,6
8220,640
8221,6
8222,6
8223,5
8224,5
8225,4
8226,5
8227,5
8228,5
8229,4
8230,6
8231,4
8232,5
8233,4
8234,642
8235,4
8236,6
8237,5
8238,4
8239,6
8240,4
8241,4
8242,5
8243,5
8244,5
8245,5
8246,4
8247,5
8248,4
8249,5
8250,4
8251,5
8252,5
8253,5
8254,5
8255,4
8256,5
8257,6
8258,5
8259,4
8260,6
8261,5
8262,6
8263,6
8264,5
8265,5
8266,4
8267,4
8268,4
8269,6
8270,5
8271,6
8272,4
8273,4
8274,4
8275,5
8276,6
8277,5
8278,6
8279,5
8280,5
8281,5
8282,4
8283,6
8284,4
8285,5
8286,6
8287,6
8288,5
8289,4
8290,4
8291,6
8292,4
8293,6
8294,4
8295,6
8296,6
8297,5
8298,5
8299,5
8300,4
8301,5
8302,6
8303,4
8304,5
8305,4
8306,4
8307,5
8308,4
8309,5
8310,6
8311,4
8312,5
8313,5
8314,6
8315,4
8316,4
8317,6
8318,5
8319,6
8320,6
8321,5
8322,4
8323,5
8324,4
8325,6
8326,6
8327,4
8328,5
8329,5
8330,5
8331,5
8332,6
8333,4
8334,5
8335,4
8336,5
8337,5
8338,816
8339,4
8340,5
8341,5
8342,6
8343,4
8344,5
8345,6
8346,4
8347,5
8348,4
8349,6
8350,6
8351,4
8352,5
8353,4
8354,6
8355,4
8356,4
8357,4
8358,4
8359,6
8360,5
8361,4
8362,4
8363,5
8364,5
8365,5
8366,6
8367,5
8368,4
8369,4
8370,4
8371,4
8372,5
8373,5
8374,4
8375,5
8376,5
8377,6
8378,5
8379,4
8380,5
8381,6
8382,4
8383,5
8384,5
8385,5
8386,4
8387,4
8388,5
8389,4
8390,5
8391,5
8392,5
8393,4
8394,5
8395,5
8396,5
8397,4
8398,5
8399,6
8400,6
8401,5
8402,5
8403,5
8404,4
8405,6
8406,5
8407,4
8408,4
8409,5
8410,4
8411,4
8412,6
8413,6
8414,5
8415,4
8416,5
8417,4
8418,5
8419,4
8420,4
8421,6
8422,5
8423,5
8424,4
8425,5
8426,5
8427,5
8428,6
8429,5
8430,5
8431,4
8432,4
8433,5
8434,5
8435,6
8436,6
8437,4
8438,4
8439,6
8440,5
8441,4
8442,4
8443,4
8444,4
8445,6
8446,5
8447,6
8448,5
8449,4
8450,4
8451,4
8452,4
8453,5
8454,4
8455,5
8456,6
8457,5
8458,5
8459,5
8460,4
8461,4
8462,6
8463,6
8464,4
8465,4
8466,5
8467,5
8468,5
8469,5
8470,4
8471,5
8472,5
8473,6
8474,5
8475,6
8476,5
8477,6
8478,6
8479,4
8480,5
8481,4
8482,5
8483,4
8484,4
8485,5
8486,4
8487,5
8488,5
8489,6
8490,5
8491,4
8492,6
8493,4
8494,6
8495,5
8496,4
8497,4
8498,5
8499,5
8500,4
8501,4
8502,6
8503,4
8504,5
8505,4
8506,4
8507,5
8508,4
8509,5
8510,6
8511,5
8512,4
8513,5
8514,6
8515,5
8516,6
8517,6
8518,4
8519,4
8520,4
8521,5
8522,5
8523,4
8524,4
8525,5
8526,5
8527,4
8528,5
8529,6
8530,5
8531,6
8532,4
8533,4
8534,5
8535,6
8536,5
8537,5
8538,4
8539,6
8540,4
8541,4
8542,4
8543,5
8544,5
8545,4
8546,5
8547,5
8548,6
8549,6
8550,6
8551,5
8552,6
8553,5
8554,5
8555,4
8556,5
8557,4
8558,5
8559,4
8560,5
8561,5
8562,4
8563,4
8564,427
8565,5
8566,4
8567,5
8568,5
8569,5
8570,5
8571,4
8572,5
8573,4
8574,5
8575,6
8576,4
8577,5
8578,6
8579,5
8580,4
8581,4
8582,5
8583,6
8584,5
8585,4
8586,5
8587,6
8588,4
8589,4
8590,4
8591,4
8592,5
8593,4
8594,6
8595,5
8596,4
8597,6
8598,5
8599,6
8600,4
8601,5
8602,4
8603,5
8604,5
8605,6
8606,5
8607,6
8608,5
8609,6
8610,6
8611,4
8612,5
8613,5
8614,6
8615,4
8616,4
8617,5
8618,5
8619,5
8620,5
8621,4
8622,4
8623,6
8624,6
8625,5
8626,5
8627,6
8628,5
8629,5
8630,5
8631,5
8632,6
8633,6
8634,5
8635,4
8636,5
8637,4
8638,5
8639,4
8640,6
8641,5
8642,6
8643,6
8644,5
8645,6
8646,4
8647,5
8648,5
8649,4
8650,4
8651,4
8652,4
8653,5
8654,5
8655,5
8656,6
8657,5
8658,4
8659,6
8660,4
8661,5
8662,5
8663,4
8664,6
8665,5
8666,6
8667,4
8668,4
8669,6
8670,5
8671,4
8672,6
8673,4
8674,5
8675,4
8676,4
8677,5
8678,5
8679,5
8680,4
8681,5
8682,4
8683,4
8684,5
8685,6
8686,6
8687,4
8688,4
8689,5
8690,4
8691,5
8692,5
8693,5
8694,6
8695,5
8696,4
8697,4
8698,5
8699,4
8700,4
8701,6
8702,4
8703,6
8704,5
8705,6
8706,6
8707,5
8708,5
8709,6
8710,5
8711,4
8712,5
8713,5
8714,4
8715,6
8716,5
8717,4
8718,5
8719,5
8720,6
8721,6
8722,5
8723,4
8724,5
8725,6
8726,4
8727,5
8728,6
8729,6
8730,4
8731,6
8732,4
8733,6
8734,6
8735,5
8736,5
8737,4
8738,5
8739,5
8740,5
8741,4
8742,5
8743,6
8744,6
8745,726
8746,5
8747,6
8748,5
8749,4
8750,5
8751,4
8752,5
8753,5
8754,4
8755,5
8756,4
8757,5
8758,6
8759,5
8760,4
8761,4
8762,6
8763,6
8764,5
8765,5
8766,4
8767,5
8768,5
8769,5
8770,6
8771,5
8772,5
8773,5
8774,5
8775,6
8776,6
8777,6
8778,4
8779,6
8780,6
8781,6
8782,4
8783,4
8784,6
8785,5
8786,5
8787,5
8788,4
8789,4
8790,5
8791,5
8792,4
8793,4
8794,4
8795,6
8796,6
8797,5
8798,6
8799,6
8800,5
8801,6
8802,5
8803,6
8804,5
8805,5
8806,6
8807,4
8808,5
8809,5
8810,4
8811,6
8812,5
8813,4
8814,6
8815,5
8816,5
8817,4
8818,4
8819,6
8820,4
8821,4
8822,5
8823,4
8824,4
8825,4
8826,5
8827,4
8828,4
8829,6
8830,4
8831,6
8832,4
8833,6
8834,5
8835,6
8836,6
8837,5
8838,5
8839,6
8840,5
8841,5
8842,4
8843,5
8844,6
8845,4
8846,5
8847,6
8848,6
8849,4
8850,4
8851,5
8852,4
8853,4
8854,4
8855,5
8856,5
8857,6
8858,4
8859,5
8860,4
8861,4
8862,5
8863,5
8864,5
8865,5
8866,5
8867,6
8868,5
8869,5
8870,4
8871,5
8872,5
8873,6
8874,6
8875,4
8876,4
8877,4
8878,5
8879,5
8880,6
8881,5
8882,5
8883,4
8884,5
8885,4
8886,4
8887,4
8888,4
8889,5
8890,5
8891,6
8892,294
8893,6
8894,6
8895,6
8896,5
8897,6
8898,5
8899,6
8900,6
8901,4
8902,5
8903,4
8904,6
8905,5
8906,6
8907,5
8908,4
8909,4
8910,5
8911,5
8912,6
8913,4
8914,5
8915,6
8916,5
8917,4
8918,4
8919,4
8920,4
8921,5
8922,6
8923,5
8924,6
8925,6
8926,5
8927,5
8928,5
8929,6
8930,5
8931,5
8932,5
8933,6
8934,4
8935,5
8936,5
8937,4
8938,4
8939,5
8940,6
8941,5
8942,4
8943,936
8944,5
8945,5
8946,4
8947,4
8948,4
8949,5
8950,5
8951,4
8952,4
8953,5
8954,5
8955,4
8956,5
8957,5
8958,5
8959,5
8960,4
8961,4
8962,5
8963,4
8964,5
8965,6
8966,5
8967,4
8968,4
8969,5
8970,4
8971,4
8972,5
8973,4
8974,6
8975,4
8976,5
8977,6
8978,6
8979,4
8980,4
8981,6
8982,5
8983,6
8984,4
8985,6
8986,4
8987,6
8988,5
8989,6
8990,5
8991,6
8992,4
8993,5
8994,6
8995,5
8996,4
8997,4
8998,4
8999,6
9000,4
9001,6
9002,4
9003,4
9004,5
9005,5
9006,4
9007,5
9008,4
9009,4
9010,4
9011,6
9012,196
9013,4
9014,6
9015,4
9016,6
9017,4
9018,5
9019,6
9020,5
9021,5
9022,5
9023,6
9024,5
9025,6
9026,6
9027,6
9028,5
9029,5
9030,5
9031,4
9032,4
9033,4
9034,6
9035,6
9036,6
9037,4
9038,6
9039,5
9040,4
9041,4
9042,6
9043,5
9044,5
9045,5
9046,6
9047,4
9048,4
9049,4
9050,4
9051,6
9052,6
9053,5
9054,4
9055,4
9056,5
9057,4
9058,5
9059,5
9060,4
9061,5
9062,6
9063,4
9064,5
9065,4
9066,5
9067,5
9068,5
9069,5
9070,4
9071,6
9072,4
9073,6
9074,4
9075,4
9076,6
9077,6
9078,6
9079,4
9080,4
9081,4
9082,5
9083,4
9084,4
9085,5
9086,4
9087,6
9088,4
9089,5
9090,5
9091,4
9092,5
9093,5
9094,5
9095,4
9096,6
9097,5
9098,4
9099,5
9100,5
9101,4
9102,5
9103,5
9104,5
9105,5
9106,5
9107,5
9108,5
9109,5
9110,4
9111,4
9112,5
9113,4
9114,4
9115,5
9116,278
9117,4
9118,5
9119,4
9120,4
9121,5
9122,6
9123,4
9124,4
9125,4
9126,4
9127,4
9128,5
9129,5
9130,4
9131,6
9132,4
9133,5
9134,4
9135,4
9136,6
9137,6
9138,5
9139,5
9140,5
9141,6
9142,5
9143,4
9144,4
9145,6
9146,4
9147,4
9148,4
9149,5
9150,6
9151,5
9152,4
9153,6
9154,5
9155,5
9156,4
9157,5
9158,4
9159,6
9160,5
9161,6
9162,4
9163,4
9164,6
9165,6
9166,4
9167,5
9168,5
9169,5
9170,5
9171,6
9172,4
9173,5
9174,6
9175,4
9176,4
9177,5
9178,6
9179,4
9180,5
9181,4
9182,4
9183,5
9184,5
9185,6
9186,6
9187,5
9188,5
9189,5
9190,6
9191,6
9192,5
9193,6
9194,5
9195,4
9196,5
9197,6
9198,6
9199,5
9200,4
9201,4
9202,5
9203,6
9204,451
9205,4
9206,5
9207,5
9208,5
9209,6
9210,4
9211,4
9212,6
9213,6
9214,5
9215,4
9216,5
9217,4
9218,4
9219,4
9220,6
9221,6
9222,5
9223,5
9224,5
9225,6
9226,4
9227,6
9228,6
9229,4
9230,4
9231,6
9232,6
9233,6
9234,4
9235,5
9236,4
9237,5
9238,4
9239,675
9240,6
9241,5
9242,5
9243,5
9244,5
9245,5
9246,6
9247,5
9248,4
9249,5
9250,4
9251,4
9252,4
9253,4
9254,6
9255,5
9256,426
9257,4
9258,5
9259,4
9260,4
9261,5
9262,4
9263,6
9264,5
9265,6
9266,5
9267,4
9268,5
9269,4
9270,4
9271,6
9272,6
9273,5
9274,4
9275,5
9276,5
9277,6
9278,6
9279,4
9280,6
9281,5
9282,4
9283,5
9284,4
9285,6
9286,5
9287,5
9288,6
9289,6
9290,5
9291,5
9292,5
9293,5
9294,5
9295,4
9296,5
9297,6
9298,5
9299,6
9300,5
9301,4
9302,5
9303,4
9304,6
9305,5
9306,5
9307,4
9308,4
9309,4
9310,5
9311,5
9312,4
9313,5
9314,4
9315,5
9316,5
9317,5
9318,4
9319,4
9320,6
9321,4
9322,5
9323,5
9324,4
9325,5
9326,5
9327,4
9328,6
9329,6
9330,6
9331,6
9332,6
9333,5
9334,4
9335,5
9336,5
9337,4
9338,4
9339,5
9340,5
9341,5
9342,6
9343,4
9344,5
9345,6
9346,4
9347,4
9348,4
9349,4
9350,5
9351,4
9352,6
9353,5
9354,4
9355,5
9356,5
9357,6
9358,4
9359,5
9360,5
9361,4
9362,6
9363,6
9364,6
9365,6
9366,5
9367,4
9368,6
9369,4
9370,5
9371,5
9372,5
9373,4
9374,5
9375,4
9376,6
9377,4
9378,4
9379,4
9380,4
9381,6
9382,5
9383,4
9384,4
9385,5
9386,4
9387,6
9388,5
9389,5
9390,6
9391,4
9392,4
9393,5
9394,4
9395,4
9396,5
9397,5
9398,6
9399,5
9400,5
9401,4
9402,5
9403,6
9404,6
9405,5
9406,4
9407,4
9408,5
9409,5
9410,5
9411,5
9412,5
9413,6
9414,5
9415,4
9416,5
9417,6
9418,4
9419,5
9420,5
9421,6
9422,6
9423,6
9424,5
9425,5
9426,6
9427,5
9428,5
9429,4
9430,5
9431,5
9432,5
9433,4
9434,4
9435,6
9436,5
9437,5
9438,4
9439,4
9440,5
9441,6
9442,5
9443,4
9444,4
9445,4
9446,5
9447,6
9448,5
9449,5
9450,5
9451,4
9452,5
9453,4
9454,5
9455,6
9456,6
9457,6
9458,4
9459,4
9460,4
9461,5
9462,5
9463,6
9464,5
9465,5
9466,4
9467,4
9468,5
9469,6
9470,4
9471,5
9472,5
9473,5
9474,5
9475,4
9476,6
9477,5
9478,6
9479,4
9480,4
9481,4
9482,6
9483,5
9484,6
9485,5
9486,171
9487,4
9488,4
9489,6
9490,5
9491,5
9492,5
9493,5
9494,5
9495,5
9496,5
9497,5
9498,5
9499,4
9500,5
9501,4
9502,4
9503,6
9504,5
9505,4
9506,4
9507,5
9508,6
9509,5
9510,4
9511,5
9512,6
9513,4
9514,5
9515,6
9516,4
9517,5
9518,6
9519,4
9520,4
9521,5
9522,5
9523,4
9524,6
9525,4
9526,4
9527,6
9528,4
9529,6
9530,4
9531,5
9532,4
9533,5
9534,5
9535,5
9536,4
9537,5
9538,5
9539,5
9540,6
9541,5
9542,4
9543,6
9544,6
9545,4
9546,4
9547,4
9548,6
9549,6
9550,4
9551,4
9552,6
9553,4
9554,4
9555,4
9556,6
9557,5
9558,6
9559,4
9560,4
9561,4
9562,4
9563,5
9564,4
9565,5
9566,4
9567,5
9568,5
9569,4
9570,5
9571,5
9572,4
9573,5
9574,4
9575,5
9576,5
9577,5
9578,6
9579,5
9580,4
9581,5
9582,4
9583,6
9584,4
9585,4
9586,5
9587,5
9588,4
9589,5
9590,5
9591,5
9592,5
9593,4
9594,4
9595,4
9596,4
9597,5
9598,6
9599,117
9600,4
9601,6
9602,4
9603,6
9604,4
9605,5
9606,6
9607,4
9608,4
9609,4
9610,6
9611,4
9612,4
9613,5
9614,4
9615,6
9616,6
9617,4
9618,6
9619,5
9620,6
9621,5
9622,4
9623,4
9624,5
9625,5
9626,6
9627,5
9628,5
9629,6
9630,6
9631,5
9632,5
9633,4
9634,5
9635,4
9636,4
9637,5
9638,4
9639,6
9640,4
9641,5
9642,6
9643,4
9644,4
9645,5
9646,4
9647,6
9648,6
9649,6
9650,6
9651,4
9652,4
9653,4
9654,5
9655,6
9656,4
9657,4
9658,4
9659,5
9660,5
9661,5
9662,4
9663,5
9664,4
9665,4
9666,6
9667,4
9668,5
9669,6
9670,5
9671,6
9672,5
9673,5
9674,6
9675,4
9676,6
9677,6
9678,4
9679,5
9680,5
9681,4
9682,5
9683,4
9684,5
9685,4
9686,5
9687,6
9688,4
9689,5
9690,4
9691,5
9692,5
9693,6
9694,4
9695,5
9696,5
9697,5
9698,6
9699,4
9700,4
9701,4
9702,6
9703,6
9704,5
9705,4
9706,5
9707,4
9708,6
9709,4
9710,5
9711,4
9712,6
9713,5
9714,5
9715,4
9716,5
9717,4
9718,5
9719,627
9720,5
9721,6
9722,4
9723,4
9724,4
9725,4
9726,4
9727,4
9728,5
9729,6
9730,4
9731,4
9732,5
9733,4
9734,6
9735,4
9736,5
9737,6
9738,5
9739,6
9740,5
9741,6
9742,4
9743,5
9744,5
9745,6
9746,6
9747,6
9748,4
9749,5
9750,5
9751,4
9752,5
9753,4
9754,6
9755,6
9756,5
9757,6
9758,4
9759,4
9760,5
9761,4
9762,4
9763,6
9764,5
9765,5
9766,4
9767,4
9768,4
9769,6
9770,6
9771,5
9772,4
9773,4
9774,4
9775,6
9776,5
9777,4
9778,4
9779,6
9780,4
9781,6
9782,5
9783,4
9784,6
9785,4
9786,5
9787,4
9788,4
9789,5
9790,6
9791,5
9792,6
9793,5
9794,5
9795,4
9796,4
9797,5
9798,4
9799,6
9800,5
9801,5
9802,5
9803,5
9804,6
9805,4
9806,6
9807,4
9808,4
9809,5
9810,483
9811,4
9812,4
9813,5
9814,4
9815,5
9816,5
9817,6
9818,6
9819,5
9820,4
9821,4
9822,5
9823,6
9824,4
9825,4
9826,5
9827,5
9828,6
9829,4
9830,4
9831,5
9832,5
9833,4
9834,4
9835,4
9836,4
9837,5
9838,5
9839,5
9840,4
9841,5
9842,6
9843,4
9844,5
9845,5
9846,6
9847,5
9848,4
9849,5
9850,6
9851,4
9852,6
9853,6
9854,4
9855,4
9856,4
9857,5
9858,5
9859,5
9860,5
9861,5
9862,5
9863,4
9864,5
9865,895
9866,5
9867,5
9868,5
9869,6
9870,5
9871,5
9872,5
9873,6
9874,6
9875,5
9876,5
9877,6
9878,6
9879,6
9880,5
9881,4
9882,5
9883,4
9884,4
9885,4
9886,6
9887,4
9888,6
9889,4
9890,6
9891,4
9892,6
9893,5
9894,4
9895,5
9896,5
9897,5
9898,6
9899,4
9900,5
9901,5
9902,4
9903,5
9904,5
9905,6
9906,6
9907,6
9908,4
9909,5
9910,6
9911,5
9912,5
9913,5
9914,5
9915,5
9916,4
9917,6
9918,5
9919,5
9920,5
9921,4
9922,5
9923,5
9924,4
9925,5
9926,5
9927,5
9928,5
9929,5
9930,5
9931,4
9932,4
9933,5
9934,6
9935,5
9936,5
9937,6
9938,5
9939,6
9940,5
9941,4
9942,6
9943,6
9944,4
9945,6
9946,5
9947,5
9948,5
9949,6
9950,5
9951,4
9952,4
9953,4
9954,6
9955,4
9956,6
9957,6
9958,5
9959,5
9960,5
9961,6
9962,5
9963,4
9964,5
9965,5
9966,5
9967,4
9968,5
9969,5
9970,6
9971,5
9972,4
9973,4
9974,4
9975,5
9976,6
9977,6
9978,4
9979,6
9980,4
9981,5
9982,5
9983,5
9984,224
9985,6
9986,4
9987,5
9988,5
9989,6
9990,5
9991,6
9992,5
9993,5
9994,5
9995,4
9996,5
9997,5
9998,5
9999,6
10000,4
10001,4
10002,6
10003,4
10004,5
10005,4
10006,5
10007,4
10008,6
10009,4
10010,4
10011,4
10012,4
10013,4
10014,4
10015,5
10016,6
10017,4
10018,5
10019,4
10020,6
10021,4
10022,6
10023,5
10024,6
10025,6
10026,4
10027,4
10028,5
10029,4
10030,4
10031,5
10032,5
10033,6
10034,5
10035,6
10036,5
10037,4
10038,5
10039,4
10040,5
10041,4
10042,5
10043,5
10044,5
10045,4
10046,5
10047,5
10048,5
10049,5
10050,4
10051,4
10052,4
10053,4
10054,5
10055,6
10056,5
10057,5
10058,4
10059,5
10060,6
10061,4
10062,4
10063,6
10064,5
10065,6
10066,4
10067,5
10068,5
10069,5
10070,4
10071,4
10072,4
10073,5
10074,5
10075,4
10076,4
10077,4
10078,6
10079,6
10080,5
10081,4
10082,5
10083,6
10084,6
10085,4
10086,5
10087,6
10088,6
10089,5
10090,5
10091,5
10092,6
10093,6
10094,4
10095,4
10096,5
10097,5
10098,6
10099,4
10100,6
10101,5
10102,5
10103,5
10104,6
10105,5
10106,5
10107,5
10108,5
10109,4
10110,5
10111,5
10112,6
10113,6
10114,5
10115,6
10116,5
10117,5
10118,4
10119,4
10120,4
10121,6
10122,4
10123,5
10124,5
10125,5
10126,932
10127,5
10128,4
10129,4
10130,5
10131,5
10132,6
10133,5
10134,5
10135,6
10136,5
10137,5
10138,4
10139,5
10140,4
10141,4
10142,5
10143,6
10144,5
10145,5
10146,5
10147,5
10148,4
10149,6
10150,5
10151,5
10152,5
10153,4
10154,6
10155,4
10156,5
10157,4
10158,4
10159,4
10160,5
10161,4
10162,4
10163,5
10164,6
10165,4
10166,5
10167,6
10168,6
10169,5
10170,6
10171,6
10172,4
10173,4
10174,778
10175,5
10176,6
10177,6
10178,4
10179,5
10180,4
10181,4
10182,6
10183,6
10184,6
10185,4
10186,4
10187,5
10188,4
10189,4
10190,4
10191,4
10192,6
10193,4
10194,4
10195,5
10196,5
10197,4
10198,5
10199,4
10200,6
10201,4
10202,5
10203,6
10204,5
10205,4
10206,6
10207,6
10208,6
10209,6
10210,5
10211,6
10212,6
10213,5
10214,4
10215,5
10216,4
10217,4
10218,5
10219,4
10220,4
10221,5
10222,4
10223,6
10224,4
10225,4
10226,5
10227,4
10228,4
10229,6
10230,5
10231,4
10232,6
10233,5
10234,6
10235,5
10236,5
10237,4
10238,4
10239,6
10240,6
10241,5
10242,6
10243,6
10244,393
10245,6
10246,5
10247,4
10248,4
10249,4
10250,4
10251,5
10252,6
10253,6
10254,779
10255,6
10256,4
10257,4
10258,4
10259,4
10260,6
10261,4
10262,5
10263,5
10264,5
10265,6
10266,4
10267,5
10268,5
10269,4
10270,5
10271,5
10272,4
10273,6
10274,5
10275,4
10276,5
10277,5
10278,4
10279,5
10280,4
10281,6
10282,4
10283,6
10284,6
10285,5
10286,6
10287,5
10288,6
10289,4
10290,6
10291,5
10292,6
10293,5
10294,4
10295,5
10296,5
10297,5
10298,5
10299,6
10300,6
10301,4
10302,4
10303,5
10304,6
10305,6
10306,4
10307,5
10308,6
10309,6
10310,6
10311,4
10312,4
10313,5
10314,5
10315,6
10316,6
10317,5
10318,5
10319,6
10320,5
10321,4
10322,4
10323,5
10324,6
10325,4
10326,5
10327,6
10328,6
10329,6
10330,4
10331,4
10332,5
10333,5
10334,4
10335,5
10336,4
10337,4
10338,5
10339,5
10340,4
10341,4
10342,5
10343,6
10344,6
10345,6
10346,5
10347,5
10348,6
10349,5
10350,4
10351,6
10352,6
10353,4
10354,6
10355,5
10356,4
10357,4
10358,218
10359,5
10360,4
10361,4
10362,4
10363,6
10364,4
10365,6
10366,4
10367,6
10368,5
10369,4
10370,5
10371,4
10372,5
10373,6
10374,5
10375,5
10376,4
10377,5
10378,5
10379,5
10380,4
10381,4
10382,6
10383,4
10384,4
10385,5
10386,4
10387,5
10388,6
10389,4
10390,6
10391,4
10392,4
10393,4
10394,4
10395,5
10396,5
10397,5
10398,6
10399,4
10400,6
10401,5
10402,6
10403,4
10404,5
10405,4
10406,5
10407,4
10408,6
10409,5
10410,6
10411,4
10412,6
10413,4
10414,5
10415,5
10416,5
10417,4
10418,4
10419,6
10420,6
10421,5
10422,4
10423,6
10424,5
10425,5
10426,6
10427,5
10428,4
10429,5
10430,6
10431,4
10432,4
10433,4
10434,4
10435,6
10436,4
10437,6
10438,5
10439,5
10440,5
10441,5
10442,6
10443,5
10444,6
10445,6
10446,5
10447,5
10448,5
10449,4
10450,6
10451,5
10452,6
10453,4
10454,5
10455,5
10456,4
10457,4
10458,6
10459,5
10460,6
10461,6
10462,5
10463,4
10464,4
10465,4
10466,6
10467,5
10468,4
10469,6
10470,6
10471,6
10472,4
10473,6
10474,4
10475,5
10476,5
10477,6
10478,4
10479,4
10480,5
10481,6
10482,6
10483,4
10484,4
10485,4
10486,5
10487,6
10488,6
10489,6
10490,4
10491,4
10492,4
10493,4
10494,6
10495,5
10496,5
10497,6
10498,5
10499,4
10500,5
10501,6
10502,4
10503,6
10504,5
10505,5
10506,5
10507,4
10508,4
10509,6
10510,4
10511,5
10512,4
10513,4
10514,6
10515,6
10516,5
10517,6
10518,5
10519,6
10520,5
10521,4
10522,5
10523,5
10524,5
10525,5
10526,4
10527,4
10528,5
10529,5
10530,5
10531,4
10532,4
10533,5
10534,5
10535,6
10536,4
10537,4
10538,4
10539,5
10540,5
10541,5
10542,6
10543,4
10544,5
10545,4
10546,5
10547,5
10548,6
10549,6
10550,6
10551,6
10552,5
10553,5
10554,6
10555,4
10556,5
10557,6
10558,4
10559,4
10560,4
10561,6
10562,4
10563,4
10564,6
10565,6
10566,5
10567,5
10568,6
10569,4
10570,6
10571,4
10572,5
10573,6
10574,6
10575,5
10576,5
10577,5
10578,6
10579,5
10580,5
10581,4
10582,6
10583,4
10584,6
10585,5
10586,6
10587,4
10588,5
10589,6
10590,5
10591,6
10592,834
10593,4
10594,6
10595,6
10596,5
10597,5
10598,4
10599,5
10600,4
10601,5
10602,4
10603,4
10604,4
10605,5
10606,4
10607,6
10608,4
10609,5
10610,5
10611,5
10612,4
10613,5
10614,5
10615,4
10616,6
10617,5
10618,6
10619,5
10620,6
10621,4
10622,6
10623,5
10624,5
10625,6
10626,4
10627,5
10628,4
10629,6
10630,4
10631,5
10632,6
10633,6
10634,4
10635,5
10636,4
10637,4
10638,4
10639,6
10640,4
10641,6
10642,4
10643,4
10644,5
10645,5
10646,4
10647,5
10648,5
10649,5
10650,656
10651,5
10652,4
10653,691
10654,6
10655,4
10656,5
10657,4
10658,5
10659,6
10660,5
10661,4
10662,4
10663,5
10664,5
10665,4
10666,6
10667,4
10668,6
10669,4
10670,5
10671,4
10672,5
10673,4
10674,5
10675,5
10676,5
10677,5
10678,5
10679,5
10680,5
10681,4
10682,5
10683,4
10684,6
10685,6
10686,5
10687,4
10688,4
10689,5
10690,4
10691,4
10692,5
10693,6
10694,4
10695,4
10696,6
10697,5
10698,4
10699,5
10700,4
10701,5
10702,4
10703,5
10704,4
10705,4
10706,6
10707,5
10708,4
10709,6
10710,4
10711,6
10712,5
10713,5
10714,4
10715,4
10716,4
10717,6
10718,4
10719,4
10720,4
10721,6
10722,5
10723,6
10724,6
10725,5
10726,4
10727,5
10728,5
10729,6
10730,5
10731,6
10732,5
10733,6
10734,6
10735,5
10736,5
10737,5
10738,5
10739,5
10740,5
10741,5
10742,5
10743,4
10744,6
10745,6
10746,185
10747,4
10748,5
10749,4
10750,6
10751,5
10752,6
10753,6
10754,5
10755,5
10756,5
10757,6
10758,4
10759,5
10760,5
10761,5
10762,4
10763,5
10764,4
10765,5
10766,4
10767,4
10768,4
10769,5
10770,4
10771,4
10772,4
10773,5
10774,6
10775,4
10776,4
10777,4
10778,4
10779,4
10780,5
10781,5
10782,5
10783,5
10784,4
10785,5
10786,5
10787,5
10788,6
10789,5
10790,5
10791,6
10792,4
10793,4
10794,4
10795,4
10796,5
10797,4
10798,6
10799,5
10800,5
10801,5
10802,5
10803,5
10804,6
10805,5
10806,5
10807,5
10808,4
10809,4
10810,4
10811,4
10812,4
10813,4
10814,6
10815,4
10816,4
10817,4
10818,5
10819,6
10820,5
10821,4
10822,6
10823,6
10824,4
10825,4
10826,6
10827,6
10828,4
10829,5
10830,4
10831,5
10832,5
10833,6
10834,5
10835,4
10836,4
10837,5
10838,6
10839,5
10840,4
10841,4
10842,5
10843,5
10844,5
10845,5
10846,6
10847,4
10848,5
10849,5
10850,5
10851,5
10852,4
10853,5
10854,4
10855,6
10856,5
10857,6
10858,4
10859,5
10860,5
10861,4
10862,5
10863,4
10864,4
10865,5
10866,5
10867,6
10868,5
10869,5
10870,5
10871,5
10872,5
10873,5
10874,6
10875,4
10876,6
10877,4
10878,4
10879,4
10880,5
10881,4
10882,4
10883,5
10884,4
10885,6
10886,6
10887,5
10888,6
10889,4
10890,5
10891,4
10892,6
10893,4
10894,4
10895,5
10896,4
10897,5
10898,5
10899,5
10900,6
10901,4
10902,5
10903,5
10904,5
10905,5
10906,6
10907,5
10908,4
10909,6
10910,4
10911,4
10912,4
10913,4
10914,5
10915,5
10916,5
10917,4
10918,4
10919,6
10920,4
10921,4
10922,6
10923,5
10924,6
10925,4
10926,5
10927,5
10928,6
10929,6
10930,5
10931,5
10932,6
10933,5
10934,5
10935,6
10936,6
10937,4
10938,5
10939,6
10940,5
10941,5
10942,6
10943,5
10944,4
10945,4
10946,5
10947,5
10948,5
10949,4
10950,5
10951,5
10952,5
10953,5
10954,6
10955,5
10956,6
10957,5
10958,4
10959,4
10960,6
10961,6
10962,4
10963,5
10964,4
10965,4
10966,4
10967,5
10968,5
10969,4
10970,5
10971,4
10972,4
10973,5
10974,4
10975,4
10976,4
10977,5
10978,5
10979,6
10980,6
10981,5
10982,6
10983,4
10984,5
10985,5
10986,5
10987,4
10988,6
10989,5
10990,5
10991,4
10992,5
10993,4
10994,4
10995,5
10996,5
10997,6
10998,5
10999,5
11000,4
11001,4
11002,6
11003,463
11004,5
11005,4
11006,6
11007,6
11008,4
11009,4
11010,5
11011,4
11012,4
11013,6
11014,6
11015,6
11016,5
11017,5
11018,5
11019,5
11020,5
11021,4
11022,6
11023,5
11024,4
11025,5
11026,4
11027,4
11028,4
11029,4
11030,6
11031,6
11032,5
11033,6
11034,4
11035,5
11036,6
11037,4
11038,4
11039,5
11040,5
11041,6
11042,4
11043,6
11044,6
11045,5
11046,4
11047,4
11048,4
11049,5
11050,5
11051,939
11052,6
11053,4
11054,4
11055,4
11056,4
11057,5
11058,4
11059,4
11060,6
11061,6
11062,4
11063,5
11064,6
11065,5
11066,5
11067,4
11068,5
11069,4
11070,4
11071,5
11072,5
11073,6
11074,5
11075,5
11076,5
11077,4
11078,4
11079,5
11080,5
11081,5
11082,4
11083,5
11084,6
11085,5
11086,6
11087,6
11088,4
11089,5
11090,6
11091,6
11092,5
11093,5
11094,6
11095,6
11096,5
11097,5
11098,5
11099,4
11100,4
11101,5
11102,5
11103,6
11104,5
11105,4
11106,5
11107,6
11108,4
11109,6
11110,4
11111,5
11112,4
11113,5
11114,5
11115,5
11116,4
11117,4
11118,6
11119,4
11120,4
11121,6
11122,108
11123,4
11124,6
11125,4
11126,5
11127,4
11128,5
11129,6
11130,4
11131,5
11132,6
11133,4
11134,4
11135,6
11136,5
11137,6
11138,5
11139,4
11140,476
11141,5
11142,5
11143,5
11144,6
11145,6
11146,4
11147,5
11148,4
11149,6
11150,6
11151,4
11152,6
11153,4
11154,5
11155,6
11156,5
11157,5
11158,4
11159,4
11160,4
11161,5
11162,5
11163,4
11164,5
11165,4
11166,4
11167,6
11168,4
11169,5
11170,6
11171,6
11172,5
11173,4
11174,5
11175,180
11176,5
11177,5
11178,4
11179,4
11180,5
11181,4
11182,5
11183,5
11184,6
11185,5
11186,4
11187,4
11188,6
11189,5
11190,6
11191,4
11192,4
11193,5
11194,6
11195,6
11196,5
11197,5
11198,6
11199,5
11200,6
11201,4
11202,5
11203,5
11204,6
11205,4
11206,4
11207,4
11208,4
11209,4
11210,4
11211,6
11212,5
11213,5
11214,4
11215,5
11216,4
11217,4
11218,5
11219,6
11220,4
11221,4
11222,6
11223,5
11224,4
11225,4
11226,6
11227,4
11228,5
11229,4
11230,6
11231,5
11232,4
11233,4
11234,5
11235,6
11236,4
11237,5
11238,5
11239,5
11240,4
11241,6
11242,6
11243,6
11244,4
11245,5
11246,4
11247,4
11248,5
11249,4
11250,4
11251,6
11252,6
11253,4
11254,4
11255,4
11256,5
11257,4
11258,5
11259,4
11260,6
11261,6
11262,4
11263,6
11264,4
11265,5
11266,6
11267,5
11268,4
11269,5
11270,6
11271,4
11272,4
11273,6
11274,6
11275,6
11276,5
11277,5
11278,6
11279,5
11280,5
11281,4
11282,6
11283,4
11284,4
11285,4
11286,4
11287,4
11288,5
11289,6
11290,4
11291,5
11292,4
11293,5
11294,5
11295,6
11296,4
11297,6
11298,6
11299,5
11300,6
11301,5
11302,6
11303,5
11304,5
11305,4
11306,6
11307,4
11308,4
11309,4
11310,4
11311,4
11312,5
11313,5
11314,5
11315,6
11316,6
11317,4
11318,4
11319,4
11320,6
11321,5
11322,5
11323,6
11324,5
11325,5
11326,4
11327,686
11328,6
11329,6
11330,5
11331,5
11332,4
11333,5
11334,4
11335,6
11336,4
11337,5
11338,6
11339,5
11340,6
11341,6
11342,6
11343,6
11344,5
11345,5
11346,4
11347,4
11348,6
11349,5
11350,4
11351,4
11352,5
11353,4
11354,6
11355,6
11356,4
11357,6
11358,6
11359,5
11360,6
11361,5
11362,4
11363,5
11364,747
11365,5
11366,4
11367,4
11368,5
11369,5
11370,4
11371,4
11372,4
11373,4
11374,5
11375,5
11376,4
11377,4
11378,6
11379,5
11380,5
11381,6
11382,4
11383,6
11384,4
11385,4
11386,5
11387,4
11388,4
11389,6
11390,4
11391,5
11392,477
11393,5
11394,4
11395,4
11396,5
11397,6
11398,4
11399,5
11400,5
11401,6
11402,6
11403,5
11404,6
11405,4
11406,6
11407,5
11408,5
11409,5
11410,4
11411,5
11412,6
11413,4
11414,4
11415,6
11416,4
11417,4
11418,6
11419,5
11420,5
11421,4
11422,4
11423,4
11424,4
11425,6
11426,6
11427,4
11428,5
11429,5
11430,6
11431,5
11432,5
11433,6
11434,5
11435,5
11436,6
11437,5
11438,6
11439,6
11440,4
11441,4
11442,5
11443,4
11444,5
11445,5
11446,4
11447,4
11448,4
11449,6
11450,5
11451,4
11452,6
11453,4
11454,4
11455,4
11456,6
11457,5
11458,4
11459,6
11460,5
11461,6
11462,6
11463,4
11464,6
11465,4
11466,4
11467,5
11468,6
11469,4
11470,5
11471,5
11472,4
11473,6
11474,5
11475,5
11476,4
11477,4
11478,5
11479,4
11480,4
11481,4
11482,4
11483,6
11484,5
11485,4
11486,4
11487,4
11488,5
11489,4
11490,5
11491,4
11492,6
11493,6
11494,5
11495,6
11496,4
11497,6
11498,5
11499,5
11500,4
11501,6
11502,6
11503,6
11504,5
11505,4
11506,5
11507,5
11508,6
11509,6
11510,6
11511,5
11512,4
11513,5
11514,4
11515,4
11516,5
11517,5
11518,4
11519,4
11520,6
11521,4
11522,4
11523,6
11524,5
11525,5
11526,5
11527,4
11528,5
11529,5
11530,4
11531,4
11532,6
11533,5
11534,6
11535,6
11536,5
11537,4
11538,6
11539,4
11540,6
11541,6
11542,5
11543,4
11544,4
11545,4
11546,4
11547,4
11548,4
11549,4
11550,5
11551,4
11552,5
11553,5
11554,5
11555,5
11556,6
11557,6
11558,4
11559,4
11560,5
11561,4
11562,4
11563,6
11564,5
11565,4
11566,5
11567,5
11568,6
11569,6
11570,4
11571,5
11572,4
11573,5
11574,4
11575,5
11576,6
11577,6
11578,4
11579,6
11580,5
11581,4
11582,4
11583,6
11584,6
11585,6
11586,5
11587,6
11588,4
11589,4
11590,5
11591,4
11592,5
11593,5
11594,5
11595,4
11596,4
11597,4
11598,6
11599,5
11600,6
11601,5
11602,4
11603,5
11604,5
11605,5
11606,5
11607,4
11608,5
11609,5
11610,5
11611,4
11612,4
11613,5
11614,4
11615,4
11616,4
11617,5
11618,6
11619,5
11620,5
11621,5
11622,5
11623,6
11624,5
11625,5
11626,4
11627,4
11628,6
11629,4
11630,4
11631,6
11632,6
11633,6
11634,4
11635,6
11636,4
11637,6
11638,5
11639,6
11640,4
11641,6
11642,5
11643,5
11644,4
11645,4
11646,6
11647,5
11648,4
11649,6
11650,4
11651,5
11652,5
11653,4
11654,6
11655,6
11656,4
11657,6
11658,5
11659,4
11660,4
11661,4
11662,6
11663,4
11664,6
11665,5
11666,5
11667,6
11668,5
11669,4
11670,6
11671,4
11672,5
11673,5
11674,5
11675,4
11676,6
11677,6
11678,6
11679,5
11680,6
11681,4
11682,5
11683,4
11684,4
11685,5
11686,6
11687,6
11688,6
11689,4
11690,4
11691,6
11692,4
11693,6
11694,5
11695,6
11696,4
11697,5
11698,5
11699,6
11700,4
11701,6
11702,4
11703,4
11704,5
11705,5
11706,4
11707,4
11708,4
11709,4
11710,4
11711,4
11712,4
11713,6
11714,4
11715,4
11716,5
11717,5
11718,4
11719,5
11720,5
11721,6
11722,4
11723,6
11724,4
11725,4
11726,5
11727,5
11728,5
11729,6
11730,5
11731,4
11732,5
11733,6
11734,4
11735,4
11736,4
11737,6
11738,5
11739,4
11740,5
11741,4
11742,5
11743,4
11744,5
11745,4
11746,4
11747,6
11748,6
11749,5
11750,5
11751,6
11752,4
11753,5
11754,5
11755,4
11756,4
11757,6
11758,4
11759,4
11760,6
11761,5
11762,4
11763,5
11764,5
11765,6
11766,5
11767,4
11768,6
11769,6
11770,4
11771,6
11772,4
11773,4
11774,5
11775,4
11776,5
11777,5
11778,5
11779,4
11780,4
11781,5
11782,4
11783,4
11784,5
11785,4
11786,5
11787,4
11788,6
11789,4
11790,4
11791,4
11792,5
11793,4
11794,5
11795,5
11796,5
11797,5
11798,5
11799,5
11800,5
11801,5
11802,5
11803,5
11804,4
11805,6
11806,6
11807,4
11808,4
11809,4
11810,5
11811,4
11812,5
11813,4
11814,5
11815,5
11816,4
11817,6
11818,5
11819,4
11820,4
11821,5
11822,5
11823,4
11824,5
11825,4
11826,5
11827,5
11828,5
11829,6
11830,5
11831,5
11832,5
11833,5
11834,5
11835,5
11836,5
11837,5
11838,4
11839,6
11840,5
11841,6
11842,4
11843,4
11844,5
11845,4
11846,5
11847,883
11848,5
11849,6
11850,4
11851,5
11852,4
11853,4
11854,5
11855,6
11856,5
11857,6
11858,4
11859,6
11860,5
11861,4
11862,6
11863,4
11864,4
11865,5
11866,5
11867,5
11868,4
11869,5
11870,4
11871,5
11872,5
11873,4
11874,4
11875,5
11876,5
11877,4
11878,4
11879,4
11880,6
11881,4
11882,4
11883,5
11884,4
11885,5
11886,5
11887,6
11888,6
11889,5
11890,4
11891,5
11892,5
11893,4
11894,6
11895,5
11896,5
11897,5
11898,5
11899,5
11900,4
11901,6
11902,5
11903,6
11904,4
11905,5
11906,6
11907,6
11908,6
11909,5
11910,4
11911,4
11912,6
11913,5
11914,4
11915,6
11916,4
11917,5
11918,5
11919,4
11920,4
11921,4
11922,5
11923,5
11924,6
11925,5
11926,5
11927,4
11928,6
11929,4
11930,6
11931,4
11932,6
11933,6
11934,5
11935,6
11936,5
11937,5
11938,5
11939,5
11940,5
11941,6
11942,4
11943,5
11944,5
11945,6
11946,5
11947,5
11948,5
11949,4
11950,4
11951,6
11952,4
11953,4
11954,6
11955,5
11956,5
11957,5
11958,6
11959,5
11960,4
11961,5
11962,5
11963,4
11964,5
11965,5
11966,4
11967,4
11968,6
11969,4
11970,4
11971,6
11972,5
11973,4
11974,5
11975,4
11976,5
11977,6
11978,6
11979,6
11980,5
11981,5
11982,4
11983,5
11984,4
11985,348
11986,5
11987,6
11988,5
11989,4
11990,4
11991,5
11992,6
11993,6
11994,4
11995,4
11996,4
11997,6
11998,5
11999,5
12000,5
1,20
2,14
2,31
2,15
3,14
3,9
3,12
4,29
5,21
5,17
6,36
6,27
7,14
7,172
8,20
9,38
9,28
9,9
9,11
10,16
10,8
10,15
10,34
11,35
11,33
11,21
12,16
12,22
13,37
13,33
13,26
13,27
14,17
14,20
15,33
15,29
15,34
15,20
15,11
16,31
17,26
17,10
17,25
17,37
18,31
18,9
18,29
18,10
18,34
19,20
20,31
20,15
20,23
21,22
21,19
22,34
22,13
22,12
22,29
23,38
23,19
23,29
24,23
24,30
24,12
24,10
25,10
25,11
25,32
26,34
26,12
26,21
26,35
27,26
27,36
27,21
27,24
28,10
28,22
28,31
28,27
29,15
29,13
30,20
31,19
31,15
32,25
32,16
32,15
32,27
33,36
33,38
34,16
34,22
34,23
34,32
35,27
35,21
36,25
36,24
36,16
37,35
37,27
37,9
37,14
38,12
38,18
38,9
38,24
39,9
39,12
39,36
40,18
40,25
40,30
41,27
41,12
42,26
42,33
42,15
43,17
43,38
44,28
44,24
44,32
44,20
45,37
45,21
45,34
45,7
46,38
46,31
46,33
46,32
47,16
48,13
48,30
48,36
48,20
48,29
49,26
49,9
50,22
50,14
50,28
50,11
51,26
51,17
51,9
51,23
52,12
52,7
53,16
54,26
54,8
55,9
56,23
56,28
56,19
56,36
57,29
57,20
58,15
58,23
58,10
58,32
58,21
59,31
59,28
60,34
61,22
61,18
62,21
62,15
63,437
63,29
63,27
63,22
63,30
64,10
64,29
65,23
65,13
66,27
66,603
66,7
66,20
67,37
67,30
67,17
68,36
68,23
69,32
69,21
69,9
69,20
69,23
70,35
70,15
71,26
71,28
71,13
72,36
72,31
73,7
73,22
73,20
74,18
75,19
75,27
76,9
76,35
76,22
77,25
77,15
77,33
78,21
78,35
78,11
78,8
79,13
79,21
79,30
80,15
80,13
80,17
80,19
81,21
82,22
82,12
82,24
82,15
83,32
83,19
83,34
83,30
84,20
84,14
84,26
85,29
85,12
85,23
86,37
86,29
86,24
87,35
87,12
87,28
88,30
89,8
89,25
89,14
90,12
90,29
91,36
91,11
91,31
91,7
91,17
92,26
92,16
93,35
93,18
93,29
94,22
94,7
94,8
95,29
95,35
95,27
95,16
95,33
96,21
97,26
97,25
97,37
97,17
98,17
98,18
99,36
99,34
100,25
101,8
101,38
101,9
101,36
102,38
102,33
103,18
104,18
104,20
104,7
104,14
104,25
105,9
106,16
106,21
107,15
107,26
108,29
108,28
108,14
109,19
109,18
109,33
109,26
110,438
111,12
112,26
112,7
112,14
112,16
112,27
113,20
113,24
113,127
113,27
113,13
114,17
114,7
115,16
116,29
116,10
116,22
116,21
117,25
117,30
118,21
119,29
119,15
120,31
120,12
120,38
121,30
121,22
121,10
122,8
123,14
123,13
123,9
124,16
124,26
124,9
125,7
125,31
125,22
126,37
126,18
126,24
126,25
127,34
127,27
128,15
128,11
128,25
129,30
129,20
129,12
129,28
130,33
130,34
130,38
130,32
130,23
131,11
131,25
132,30
132,36
132,32
133,14
133,21
133,25
134,19
135,16
135,23
136,15
136,37
136,27
137,18
137,38
137,16
137,19
137,10
138,17
139,36
139,29
139,12
139,21
139,24
140,18
140,10
141,35
141,27
142,7
142,24
142,28
143,36
143,15
143,33
143,21
144,30
144,13
144,21
145,27
146,26
146,24
146,17
146,38
146,13
147,36
147,7
148,28
148,35
149,24
149,31
149,19
150,13
150,34
151,22
151,20
151,7
152,27
152,29
153,15
153,35
154,7
154,25
155,29
155,23
155,9
155,7
156,21
156,8
156,26
156,34
156,20
157,17
157,34
157,13
157,16
158,37
159,7
159,27
159,19
160,37
161,30
162,24
162,26
163,32
163,35
163,15
163,16
164,22
164,30
164,36
165,23
165,9
165,15
166,38
166,18
166,15
167,16
167,27
167,37
167,28
167,19
168,25
168,18
168,9
169,21
169,31
169,37
169,16
169,8
170,19
170,10
170,24
170,25
170,26
171,36
171,25
171,28
171,15
171,34
172,30
172,25
173,31
173,9
173,27
173,13
173,12
174,21
175,18
175,21
175,32
175,26
175,13
176,32
176,12
177,27
177,22
177,14
178,30
178,13
178,7
178,15
179,9
179,15
179,28
179,13
179,31
180,23
180,14
180,21
181,29
181,33
181,7
182,31
183,22
183,25
183,20
183,13
183,15
184,16
184,24
184,15
184,35
184,7
185,31
185,13
185,19
186,37
186,19
187,33
187,29
187,14
187,31
188,27
188,29
188,28
188,9
189,35
189,9
189,21
189,18
190,33
190,29
190,13
190,17
190,34
191,26
191,36
191,11
192,14
192,24
192,11
193,18
194,9
195,21
195,22
195,20
196,13
196,31
197,14
197,24
197,25
197,8
197,33
198,13
198,33
199,30
199,17
200,7
200,34
200,33
201,13
201,7
202,18
202,24
202,19
203,28
204,10
204,14
204,18
204,8
205,34
205,15
205,27
206,33
207,27
207,10
207,38
207,9
207,36
208,15
208,8
208,21
208,38
209,38
209,12
209,29
209,18
209,33
210,29
210,728
210,30
210,24
211,10
211,17
211,33
212,18
212,23
213,33
213,38
213,30
214,22
214,7
214,25
214,12
215,9
215,25
215,8
215,33
215,31
216,19
216,16
217,23
217,9
217,12
217,27
218,34
219,37
219,21
220,24
220,13
220,37
220,29
221,33
221,19
221,35
222,24
222,19
223,23
223,29
223,14
224,36
224,22
224,15
224,37
225,23
225,28
225,12
225,8
226,38
226,15
227,27
228,21
229,21
229,9
229,26
229,8
230,23
231,24
232,20
232,16
232,14
232,32
233,19
233,22
233,35
233,30
233,33
234,31
234,22
235,8
235,25
235,26
235,30
235,24
236,14
236,32
236,31
237,38
237,30
237,32
237,17
237,25
238,18
238,15
238,24
239,35
240,25
241,17
241,23
242,12
242,14
242,38
243,25
243,12
243,10
243,11
244,24
245,35
246,14
247,12
247,900
248,36
248,22
248,33
249,17
250,24
250,23
251,27
251,18
251,33
251,26
251,15
252,31
253,36
254,29
254,26
255,14
255,21
256,34
256,17
257,37
257,20
257,28
258,21
258,34
259,23
260,36
260,16
261,8
261,34
261,31
261,9
262,35
262,8
263,12
263,21
263,14
263,32
263,7
264,10
264,8
265,25
265,24
265,14
265,31
266,34
266,25
266,8
267,21
268,16
268,32
268,36
268,20
269,10
270,32
271,38
271,19
271,7
271,15
272,10
273,38
273,25
273,23
274,21
274,33
274,299
274,29
274,18
275,23
275,35
275,15
275,24
275,13
276,25
277,16
277,17
277,9
278,20
278,37
278,25
278,38
278,7
279,23
279,13
279,21
280,20
280,32
280,38
280,36
280,34
281,9
281,28
282,7
282,29
282,26
282,19
282,36
283,35
283,36
283,12
284,17
284,35
284,16
284,29
285,28
285,35
285,27
285,30
285,10
286,19
287,26
287,11
287,35
288,20
288,18
288,38
288,23
288,15
289,38
289,20
290,38
290,26
290,20
291,27
291,8
291,25
291,38
291,14
292,30
293,19
294,18
295,16
295,22
296,32
296,14
296,8
296,37
297,22
297,10
298,21
298,29
299,36
299,33
299,663
299,19
300,34
300,21
301,33
301,36
301,213
301,18
302,9
302,17
302,27
302,12
303,12
304,27
304,15
304,25
304,7
304,14
305,7
306,21
307,17
307,30
307,9
308,20
309,12
309,37
309,10
310,26
310,14
310,18
310,35
311,36
311,31
311,27
311,38
312,21
312,37
312,31
312,17
313,25
313,9
314,28
314,25
314,19
315,9
315,14
316,12
316,29
316,7
316,23
317,38
317,9
318,32
318,428
318,35
318,14
318,27
319,12
319,24
319,38
320,35
320,8
321,29
321,37
321,21
321,23
321,19
322,10
322,23
322,31
323,25
323,9
323,33
323,16
323,21
324,17
324,16
324,32
324,12
325,32
326,13
326,12
326,20
326,9
327,23
327,8
328,30
329,13
330,14
331,38
331,24
332,16
332,8
332,9
332,38
332,13
333,10
333,18
333,25
334,38
334,10
334,37
334,9
335,36
336,29
336,18
336,22
337,17
337,11
338,22
338,25
339,31
339,876
339,34
340,18
341,17
341,28
341,31
341,29
342,7
342,34
342,21
343,18
344,30
344,12
344,11
344,27
345,37
345,25
345,32
345,21
345,15
346,18
346,32
346,30
346,15
346,9
347,10
347,17
347,30
348,23
348,30
348,11
349,11
349,31
349,8
350,12
350,31
350,20
350,37
350,13
351,14
351,38
352,37
352,29
353,34
353,15
353,686
354,10
354,37
355,36
355,22
355,35
356,30
357,9
357,34
357,33
358,26
358,10
358,7
359,33
359,17
359,38
359,27
360,36
360,8
360,38
360,19
361,11
362,12
362,29
362,35
363,12
363,13
364,38
365,24
366,34
366,37
366,36
367,38
367,10
367,27
367,21
368,21
369,23
369,33
369,32
370,34
370,14
370,36
370,18
371,22
372,35
372,9
372,36
372,15
372,27
373,7
373,18
373,14
373,11
374,24
374,29
374,36
375,9
375,37
375,8
376,17
377,34
377,18
377,24
378,37
378,30
378,31
379,17
380,29
381,17
381,28
381,23
382,9
382,31
382,321
383,26
383,29
383,24
384,14
384,22
385,34
385,25
385,7
386,21
386,10
387,38
387,17
387,27
388,16
388,38
388,9
388,8
389,36
389,8
389,20
390,8
391,25
391,28
391,15
392,22
393,30
393,28
394,28
394,12
394,19
395,34
395,8
395,24
396,17
396,34
397,9
397,24
397,38
397,23
398,27
398,21
398,20
398,13
399,36
400,22
400,8
400,421
401,20
401,15
401,29
401,19
401,32
402,27
402,38
402,30
403,38
404,37
404,8
404,20
405,33
405,14
405,34
405,11
406,9
407,31
407,10
407,17
407,22
408,16
409,8
409,35
410,8
411,26
411,19
411,11
411,14
412,15
412,34
412,7
413,38
413,28
413,9
414,15
414,10
414,30
414,35
415,15
415,14
416,26
416,7
417,24
417,7
417,10
418,15
418,31
418,37
418,8
418,22
419,24
419,16
419,31
419,37
420,20
420,35
421,28
421,31
421,24
422,29
422,23
422,19
423,7
424,17
424,16
424,7
424,33
425,37
425,7
426,26
426,8
427,38
427,16
428,22
428,280
428,33
429,21
429,31
429,25
429,32
429,18
430,18
430,29
430,8
431,38
431,37
431,34
431,23
432,14
433,35
433,13
433,9
433,23
434,7
435,12
435,11
435,16
435,25
436,33
437,11
437,19
438,21
438,35
438,12
438,9
439,26
439,32
439,38
440,17
440,36
440,35
440,24
441,18
441,14
441,20
442,20
442,8
442,182
442,31
443,26
443,30
443,25
444,36
444,28
445,14
445,28
445,16
445,29
446,33
447,20
447,22
448,20
449,8
449,32
450,23
451,14
452,24
452,12
453,13
453,15
453,36
453,18
454,29
454,7
454,13
454,17
454,15
455,9
455,22
455,18
456,17
456,35
456,7
456,38
456,11
457,25
457,22
457,15
457,19
458,30
458,9
458,23
458,25
458,38
459,15
459,12
459,26
459,37
460,25
460,23
460,24
460,38
461,19
461,16
461,22
461,30
462,11
462,18
463,7
463,24
464,27
464,9
464,22
464,17
465,32
465,30
465,24
465,22
466,13
467,9
467,33
467,30
467,32
468,31
468,13
468,15
469,18
469,14
469,23
469,32
469,26
470,28
470,33
470,22
470,13
471,20
471,8
472,17
472,27
472,34
473,9
474,33
474,12
474,36
475,15
475,21
475,16
476,35
477,19
477,30
477,35
477,38
478,17
479,11
479,22
480,31
480,34
480,26
480,8
480,14
481,37
481,11
482,29
483,29
483,9
484,38
484,30
484,29
484,25
485,20
485,37
485,33
485,15
485,36
486,8
487,30
487,12
487,10
488,24
488,31
488,8
488,18
488,20
489,7
489,32
489,14
489,19
490,21
490,12
490,25
490,31
490,16
491,29
491,34
491,13
492,29
492,13
493,23
493,17
494,20
495,26
495,32
495,28
496,37
497,32
497,18
497,34
497,36
498,18
498,8
499,27
500,18
500,37
500,11
500,12
501,24
501,38
501,18
501,11
502,8
502,26
503,14
503,15
503,28
503,25
503,19
504,12
504,16
504,27
504,28
504,20
505,30
505,11
505,32
505,24
505,14
506,8
506,11
506,21
507,11
508,12
508,29
508,16
508,23
508,19
509,23
509,24
510,21
510,19
511,22
511,30
512,18
512,13
512,37
512,15
513,38
513,23
514,34
514,22
515,14
516,29
516,7
516,33
516,13
517,19
517,16
517,27
517,26
518,14
518,35
519,14
519,11
519,16
519,35
520,29
520,34
521,9
522,16
522,12
522,21
523,7
523,22
523,30
523,23
524,8
524,15
525,36
526,33
527,7
527,30
527,22
527,34
528,13
528,25
528,23
529,30
529,33
529,19
530,15
531,33
531,35
531,25
531,23
532,18
532,19
532,32
532,34
532,21
533,37
533,36
533,32
534,29
534,13
534,35
535,23
535,32
535,17
535,24
536,15
537,17
537,18
538,19
539,31
540,27
540,13
540,8
540,37
541,35
542,21
542,36
543,18
543,32
543,38
543,24
544,21
545,26
545,22
545,17
546,7
546,26
547,23
547,7
547,38
548,11
548,12
548,34
548,26
548,16
549,20
549,33
549,34
550,340
550,18
551,8
551,37
551,31
551,34
551,28
552,29
552,18
552,17
552,11
553,22
553,13
553,12
554,38
554,29
554,9
555,31
555,24
555,9
556,25
556,17
556,35
557,28
557,16
557,31
558,29
558,21
558,31
558,32
558,37
559,15
559,38
559,8
559,36
560,13
560,34
560,10
560,8
560,17
561,37
562,36
562,22
562,28
562,19
563,22
563,8
563,7
564,18
564,30
564,28
564,9
565,35
565,16
565,30
566,30
567,22
567,34
568,18
568,27
568,13
569,13
569,18
569,33
570,15
571,35
571,16
571,21
571,37
572,9
572,28
572,36
573,14
573,31
573,28
573,16
573,27
574,15
574,31
574,7
575,21
575,18
575,25
576,13
576,19
576,29
576,18
577,17
577,19
577,8
577,23
578,36
579,38
580,14
580,25
581,20
582,28
582,31
582,23
583,28
583,27
583,11
584,25
584,13
585,15
585,23
585,13
585,31
586,18
586,33
587,9
587,16
587,15
588,11
589,8
590,24
590,38
590,22
591,7
592,15
593,18
593,20
593,16
593,24
594,37
594,32
594,24
595,8
596,16
597,32
597,10
597,8
597,25
598,36
598,24
598,17
599,36
599,23
599,34
600,22
600,11
601,21
601,30
601,32
602,34
602,11
603,22
603,27
603,23
604,15
604,32
604,20
604,21
604,16
605,18
606,26
606,7
606,27
607,10
607,23
607,8
608,23
608,14
608,12
608,30
608,25
609,21
609,8
609,25
609,18
609,30
610,28
610,16
611,31
611,34
611,22
612,14
613,24
614,20
614,15
615,31
615,13
615,9
615,20
615,35
616,31
616,30
616,12
617,31
617,28
617,32
617,22
618,31
618,17
618,24
618,35
619,28
620,7
620,14
621,28
621,8
621,23
622,14
623,33
623,14
624,18
625,23
625,13
625,35
625,30
625,14
626,21
626,29
627,22
627,28
628,15
628,18
628,16
628,35
628,26
629,16
629,29
629,9
629,17
630,15
630,12
630,22
630,19
630,26
631,12
632,33
632,26
632,24
633,16
633,33
634,12
634,26
634,7
635,36
635,17
635,31
636,19
636,24
636,35
637,26
638,29
638,25
638,20
638,19
638,8
639,13
639,26
639,25
639,33
640,31
640,7
640,28
641,24
642,14
642,32
642,28
643,19
643,13
644,9
644,28
644,18
645,23
645,25
646,15
646,30
646,8
647,24
647,33
648,28
648,38
648,9
648,23
649,25
649,38
649,32
650,11
650,28
650,31
650,35
651,11
651,30
651,17
652,8
653,19
653,22
654,32
654,30
654,33
654,16
655,12
655,29
655,38
655,16
655,30
656,19
657,15
657,24
658,21
658,32
658,23
659,17
659,35
659,18
659,25
660,33
661,35
661,27
662,26
663,27
663,12
663,30
663,10
663,17
664,28
665,38
665,23
665,19
665,14
665,28
666,24
666,36
667,36
667,24
667,16
667,20
668,36
668,19
668,26
668,9
669,35
669,15
669,30
669,20
669,11
670,28
670,29
670,36
670,12
671,19
671,29
671,22
671,28
672,31
672,10
673,30
673,27
673,29
674,20
674,8
674,25
675,19
675,30
675,33
676,8
676,21
676,26
677,11
677,17
677,15
677,20
677,30
678,20
678,8
678,37
678,17
679,17
679,38
680,35
681,24
681,14
681,12
681,36
682,16
682,21
682,35
682,23
682,14
683,14
684,32
684,892
684,16
684,27
684,26
685,20
685,23
685,25
686,30
687,16
687,31
688,36
688,8
688,20
688,38
689,31
689,33
689,15
689,27
689,14
690,33
690,12
690,14
690,37
690,32
691,459
691,21
691,13
691,8
691,33
692,20
692,24
693,26
693,23
693,33
693,19
694,33
694,11
694,13
695,36
695,360
695,27
696,26
696,30
696,18
696,29
697,22
697,19
698,36
698,33
698,35
699,25
699,32
700,20
700,19
700,22
700,24
700,35
701,21
701,32
702,12
702,10
703,12
704,9
704,17
704,8
704,21
704,18
705,26
706,33
706,8
706,12
707,25
707,26
708,36
708,26
708,9
708,32
708,11
709,14
710,27
710,16
711,36
711,9
712,12
712,8
712,9
713,12
713,13
713,8
714,23
714,19
714,9
714,758
714,8
715,33
715,17
715,19
716,11
717,38
717,22
717,27
717,178
718,10
718,19
718,15
719,37
719,36
719,20
719,23
719,33
720,14
720,24
720,25
720,18
720,22
721,25
721,24
721,11
721,38
722,36
722,24
722,8
722,25
723,38
723,25
724,35
724,8
724,31
724,10
725,13
725,14
725,8
726,19
727,22
727,28
727,23
728,34
728,16
728,14
729,12
730,13
730,26
730,25
730,24
730,17
731,37
732,28
732,34
733,33
733,30
733,37
734,17
735,31
735,37
735,9
736,26
736,25
736,29
736,31
736,35
737,9
738,11
739,31
739,27
739,26
739,15
739,33
740,16
740,29
741,32
741,29
741,23
741,14
742,26
743,18
743,27
743,11
743,21
744,34
744,36
744,27
744,22
745,886
745,31
745,16
745,29
745,36
746,20
746,30
746,27
747,34
747,29
747,8
748,19
748,18
748,35
748,26
749,31
749,38
749,27
749,17
749,23
750,17
750,34
750,27
750,19
751,21
751,10
751,15
752,21
752,16
752,36
752,20
753,37
753,34
754,33
754,25
754,38
754,37
755,22
755,15
755,33
755,36
756,606
756,24
756,23
756,13
757,36
757,14
757,35
758,9
758,20
759,30
759,19
760,9
761,9
761,37
761,13
761,10
762,28
763,7
763,24
764,25
765,14
766,11
766,766
767,26
767,35
767,24
767,11
767,20
768,10
768,28
768,32
768,13
769,18
769,28
769,20
769,11
770,8
770,23
771,32
771,36
771,30
771,31
772,37
772,18
772,20
772,19
772,25
773,25
773,15
773,29
774,37
774,38
774,12
774,15
775,14
775,33
775,21
775,34
776,34
776,7
776,24
776,22
777,7
777,10
778,11
779,11
779,32
779,14
779,15
779,21
780,20
780,23
780,9
780,17
780,30
781,19
781,20
781,14
782,30
782,13
783,13
783,8
784,11
784,9
785,22
785,36
785,15
785,8
786,10
787,28
787,26
788,13
788,22
789,18
790,24
790,38
790,23
791,23
792,30
792,14
793,21
793,27
793,14
793,32
794,13
795,22
795,7
796,17
797,30
798,33
798,13
799,23
799,24
799,38
800,21
800,15
800,8
800,7
800,29
801,37
801,8
801,14
802,10
802,9
803,22
803,34
803,27
803,16
804,26
804,25
804,32
804,12
804,28
805,18
805,29
805,28
805,22
806,19
806,12
806,13
806,18
807,26
807,9
807,24
807,17
807,19
808,13
808,31
808,29
809,25
810,20
810,12
811,8
811,15
811,12
811,32
811,7
812,23
812,19
812,20
812,30
813,19
814,26
814,17
814,12
814,29
815,13
816,35
816,9
816,11
816,15
817,12
817,24
817,13
817,25
818,14
818,31
818,11
819,11
819,19
819,13
819,36
820,25
820,31
820,13
820,19
821,29
821,7
821,19
822,16
822,12
822,37
822,36
823,38
823,27
823,23
824,21
824,38
824,17
824,30
824,28
825,9
825,18
825,19
826,10
826,28
827,10
827,12
827,15
828,12
828,16
829,8
829,29
829,26
829,24
830,36
830,10
830,37
831,11
831,35
831,13
831,19
832,28
832,20
833,14
833,18
833,22
833,26
833,13
834,33
834,13
834,21
835,34
835,23
835,17
835,33
835,21
836,22
836,11
837,21
837,18
838,22
838,19
839,29
839,13
839,33
840,7
840,27
840,19
840,25
840,21
841,13
841,30
842,8
842,17
842,25
842,38
843,23
843,22
843,7
844,20
844,30
844,35
844,21
844,28
845,32
846,15
846,17
846,30
846,32
847,24
847,31
848,24
849,29
849,15
849,10
849,24
850,19
850,26
850,16
851,22
852,16
852,17
852,26
853,25
853,30
854,11
854,10
854,12
854,29
855,29
855,16
856,32
857,13
857,23
857,18
857,31
858,12
858,13
859,18
859,37
859,12
860,19
860,21
860,17
861,31
861,23
861,28
862,24
862,22
862,13
862,14
863,17
864,32
864,15
864,11
864,26
864,24
865,13
865,24
865,22
865,18
866,26
866,9
866,37
867,22
867,24
867,35
868,7
868,33
869,35
869,21
869,28
869,36
870,20
871,18
871,10
871,35
871,25
872,17
873,22
873,8
874,28
875,8
875,16
875,33
876,12
876,11
876,18
876,21
877,31
877,38
877,13
877,11
877,26
878,38
879,31
879,19
879,21
879,35
880,13
880,30
880,33
881,35
881,10
881,20
881,38
882,21
882,22
882,26
882,29
883,373
883,14
883,38
884,30
885,35
885,27
885,29
885,19
885,24
886,38
886,21
886,29
886,28
886,19
887,25
887,23
887,10
887,12
888,27
888,28
888,7
889,19
889,24
889,11
890,22
891,7
891,10
892,34
893,16
894,24
894,32
895,11
896,28
896,34
897,8
897,7
897,37
898,9
898,17
898,18
898,35
899,20
899,14
899,29
900,31
901,24
901,10
902,19
903,31
903,36
904,33
905,25
905,23
906,10
906,24
906,8
906,30
907,20
907,7
908,20
908,26
909,31
910,35
911,34
911,11
911,20
912,38
913,13
913,12
913,26
914,26
914,11
914,16
914,8
914,22
915,22
915,8
916,8
917,7
917,25
917,16
918,10
918,13
918,12
919,25
919,29
920,35
920,28
920,34
921,24
921,8
921,16
921,23
922,18
922,37
922,24
922,8
922,36
923,38
923,37
924,34
924,36
924,37
924,22
924,25
925,10
925,28
926,8
926,32
926,14
926,35
927,21
927,31
928,31
929,23
930,17
931,33
931,16
931,9
932,36
932,14
933,29
933,12
934,27
934,36
934,15
934,20
934,23
935,25
935,33
936,9
936,7
936,20
937,15
937,13
937,33
938,29
938,18
938,24
938,28
939,22
939,15
939,30
939,33
939,10
940,33
941,471
941,32
941,10
942,14
942,25
942,8
942,28
942,33
943,21
944,7
944,34
945,27
945,15
946,35
946,14
946,25
947,30
947,18
948,29
949,20
950,34
950,27
950,33
951,28
952,34
952,14
952,7
953,24
953,30
954,30
954,25
954,32
954,19
955,30
956,28
956,36
957,20
958,26
959,22
959,13
959,32
960,22
960,19
961,26
961,9
961,20
961,34
962,26
962,8
962,12
962,29
963,38
963,11
963,36
964,11
964,21
964,18
965,37
965,27
965,24
966,15
966,37
967,17
967,10
967,403
967,35
968,32
969,7
969,25
969,27
970,20
970,35
970,12
970,34
970,30
971,37
972,10
972,13
973,32
974,26
974,34
974,37
975,34
975,19
975,8
976,502
976,15
976,34
977,11
977,21
977,36
977,12
978,10
978,12
978,31
978,36
979,22
979,9
979,25
980,35
980,25
980,20
980,15
980,36
981,17
982,22
982,31
983,16
983,22
983,14
984,14
984,33
984,18
984,21
984,13
985,23
986,13
986,22
986,36
986,31
986,9
987,31
987,18
988,35
988,15
988,7
988,21
988,29
989,35
989,32
990,14
990,24
990,11
991,30
991,31
992,18
992,14
992,36
993,23
993,24
993,37
993,15
994,23
995,32
995,17
995,33
996,35
996,17
996,28
997,32
997,29
997,33
998,19
998,9
998,12
998,14
999,11
999,16
1000,9
1000,29
1000,19
1000,13
1001,20
1001,15
1001,36
1001,24
1001,34
1002,18
1002,19
1002,28
1003,23
1003,19
1003,13
1003,37
1004,20
1005,17
1005,32
1006,27
1006,38
1007,16
1007,10
1007,19
1007,35
1008,11
1008,22
1009,30
1009,21
1010,8
1010,11
1010,38
1011,33
1012,21
1012,15
1012,10
1012,19
1013,30
1013,19
1013,11
1014,20
1014,16
1015,314
1015,27
1016,32
1016,36
1016,34
1017,28
1017,11
1017,22
1017,24
1018,23
1018,34
1018,20
1018,26
1018,24
1019,15
1019,21
1019,36
1020,34
1020,32
1021,21
1021,26
1021,36
1022,9
1022,23
1022,27
1022,18
1023,23
1023,7
1023,36
1024,13
1025,24
1025,22
1025,8
1026,36
1026,13
1027,27
1027,13
1027,37
1027,35
1028,19
1029,11
1029,30
1029,17
1029,33
1030,35
1031,18
1031,23
1031,14
1031,10
1031,33
1032,21
1032,38
1032,24
1032,7
1033,22
1033,12
1034,33
1035,17
1035,7
1035,8
1035,27
1035,22
1036,23
1037,15
1037,22
1037,10
1038,28
1039,34
1040,19
1040,34
1040,13
1041,38
1041,17
1041,7
1041,14
1042,35
1042,31
1042,33
1043,21
1043,38
1043,32
1044,26
1045,18
1045,37
1045,30
1045,34
1045,33
1046,19
1046,21
1046,11
1046,33
1046,10
1047,26
1047,24
1048,12
1048,31
1049,10
1049,26
1050,10
1050,36
1051,13
1051,8
1052,20
1052,33
1052,12
1052,25
1053,29
1053,7
1053,19
1053,21
1053,26
1054,22
1054,30
1055,11
1056,18
1056,37
1057,10
1057,24
1057,26
1057,36
1057,33
1058,30
1059,17
1059,35
1059,14
1059,18
1059,32
1060,23
1060,9
1060,10
1060,27
1061,16
1061,14
1061,31
1061,18
1061,30
1062,36
1062,11
1062,33
1062,29
1063,25
1063,31
1064,34
1064,19
1064,33
1064,27
1065,30
1066,38
1066,34
1066,28
1066,10
1067,18
1068,11
1068,32
1068,21
1068,9
1069,27
1069,14
1070,36
1070,25
1071,8
1071,19
1071,35
1072,351
1073,19
1073,10
1074,28
1074,31
1074,36
1075,28
1076,18
1076,13
1076,29
1076,32
1077,11
1078,15
1078,14
1078,28
1078,7
1078,30
1079,17
1079,23
1079,21
1080,27
1081,33
1082,8
1082,19
1083,24
1083,38
1083,26
1084,18
1084,12
1084,30
1084,16
1085,27
1085,33
1085,11
1086,13
1086,15
1086,17
1087,8
1088,14
1088,15
1088,36
1089,32
1089,25
1089,12
1089,18
1089,11
1090,12
1090,22
1090,18
1091,15
1091,27
1091,29
1092,38
1092,12
1092,18
1092,13
1093,19
1093,36
1094,32
1094,28
1094,21
1095,17
1096,31
1097,24
1098,36
1098,9
1099,36
1099,14
1099,10
1099,17
1100,25
1101,23
1101,18
1102,18
1102,33
1102,31
1103,36
1103,16
1103,30
1103,27
1104,12
1104,29
1105,31
1105,13
1105,24
1106,10
1106,23
1106,21
1107,36
1108,24
1108,16
1108,7
1109,13
1110,400
1110,26
1110,11
1110,17
1111,33
1111,15
1111,21
1111,9
1112,28
1112,20
1113,30
1113,24
1113,35
1113,11
1114,8
1114,11
1114,15
1115,20
1115,17
1115,14
1115,12
1115,32
1116,32
1116,26
1116,465
1117,18
1118,26
1119,31
1119,11
1119,17
1119,24
1119,22
1120,22
1120,23
1120,9
1120,36
1120,11
1121,12
1122,36
1122,25
1122,675
1122,22
1122,9
1123,8
1123,17
1123,34
1123,22
1124,24
1125,601
1125,28
1126,19
1126,10
1126,38
1126,20
1127,29
1127,14
1127,24
1127,12
1128,34
1128,13
1128,9
1129,32
1129,10
1129,33
1130,33
1130,7
1130,28
1131,14
1131,23
1131,27
1132,27
1132,24
1133,27
1133,26
1134,28
1134,19
1134,9
1134,37
1134,21
1135,30
1136,32
1136,8
1136,13
1137,31
1137,37
1138,744
1138,32
1139,37
1139,10
1139,13
1139,33
1140,25
1140,14
1141,33
1141,23
1141,26
1141,25
1142,7
1142,23
1143,22
1143,15
1143,35
1143,36
1143,37
1144,12
1144,8
1145,25
1145,17
1145,10
1145,12
1146,28
1146,309
1147,37
1147,16
1148,23
1148,29
1148,12
1149,26
1149,21
1149,28
1149,36
1150,27
1150,12
1150,38
1150,26
1151,18
1151,24
1151,35
1152,19
1152,23
1152,25
1152,17
1152,12
1153,14
1153,25
1154,33
1154,27
1155,9
1155,15
1155,18
1155,17
1156,35
1156,29
1156,30
1157,35
1157,15
1157,33
1158,15
1158,34
1158,25
1159,7
1159,32
1159,11
1159,9
1160,34
1160,24
1160,19
1160,26
1160,33
1161,15
1161,9
1161,25
1161,12
1161,30
1162,26
1162,15
1162,29
1163,7
1163,19
1163,25
1163,23
1164,15
1164,9
1164,7
1165,21
1166,11
1166,20
1166,10
1166,17
1167,18
1167,32
1167,10
1167,27
1168,24
1168,10
1169,17
1169,31
1169,8
1170,17
1170,28
1170,14
1171,18
1172,8
1172,18
1172,30
1172,21
1172,14
1173,36
1174,37
1174,14
1175,36
1175,13
1175,34
1175,26
1176,30
1176,31
1176,24
1177,24
1177,7
1177,10
1177,15
1177,11
1178,28
1178,15
1178,17
1179,35
1179,22
1179,34
1180,31
1180,30
1181,8
1182,10
1183,35
1183,7
1183,18
1184,30
1184,14
1184,27
1184,11
1185,10
1186,25
1186,9
1187,24
1187,33
1187,26
1187,19
1188,19
1188,25
1189,11
1189,15
1189,35
1190,20
1190,8
1191,35
1192,16
1192,31
1192,35
1192,7
1193,24
1193,35
1194,18
1195,10
1195,26
1195,28
1196,8
1196,22
1196,13
1197,22
1198,15
1198,33
1198,21
1198,23
1199,13
1199,32
1200,16
1201,32
1201,28
1201,26
1202,16
1203,27
1203,29
1204,8
1204,26
1204,13
1204,15
1205,14
1205,19
1205,37
1205,10
1206,9
1207,28
1207,31
1207,32
1207,30
1208,15
1208,12
1208,38
1209,15
1210,33
1210,20
1210,22
1211,10
1211,9
1211,7
1212,32
1213,29
1213,21
1213,22
1213,27
1213,18
1214,11
1215,24
1215,9
1215,11
1215,33
1216,29
1217,24
1217,13
1217,27
1218,16
1218,13
1218,28
1218,36
1219,30
1219,20
1219,29
1219,36
1219,16
1220,35
1220,31
1220,26
1221,28
1221,15
1222,27
1222,11
1222,25
1223,37
1223,525
1223,7
1224,36
1225,25
1225,28
1225,14
1226,38
1227,26
1227,20
1228,8
1229,22
1229,36
1229,21
1229,29
1230,19
1230,23
1231,14
1231,18
1232,22
1233,9
1233,28
1234,32
1234,9
1234,35
1234,27
1234,23
1235,18
1235,37
1235,7
1235,24
1236,30
1236,7
1237,28
1238,30
1238,28
1238,23
1238,37
1238,32
1239,37
1239,27
1239,22
1239,26
1240,34
1240,22
1240,23
1240,25
1241,31
1241,28
1241,33
1242,30
1242,21
1242,25
1242,35
1243,24
1243,38
1243,26
1243,10
1244,29
1244,14
1245,23
1245,18
1245,10
1245,31
1245,20
1246,12
1247,20
1247,31
1247,15
1247,21
1247,7
1248,14
1248,31
1248,19
1248,20
1249,9
1250,9
1251,37
1251,7
1251,33
1251,32
1252,36
1252,24
1252,31
1253,7
1253,15
1254,14
1254,18
1254,25
1254,26
1255,23
1255,24
1255,25
1255,12
1255,31
1256,19
1256,37
1256,29
1256,9
1257,30
1257,14
1258,33
1258,9
1258,28
1258,11
1258,34
1259,35
1259,27
1259,10
1259,33
1259,29
1260,9
1260,18
1261,30
1262,33
1263,8
1263,9
1264,31
1264,35
1264,36
1265,12
1265,16
1265,9
1265,30
1266,10
1267,15
1267,27
1267,16
1268,27
1268,33
1268,30
1268,26
1268,29
1269,18
1269,16
1269,38
1270,13
1270,9
1270,10
1271,27
1271,29
1271,30
1271,11
1271,38
1272,29
1273,16
1273,8
1274,16
1274,14
1275,22
1275,7
1275,25
1276,24
1277,19
1278,12
1278,27
1278,32
1278,16
1279,37
1279,28
1279,11
1279,27
1280,37
1280,13
1281,13
1281,38
1281,9
1282,17
1282,20
1282,23
1282,18
1283,17
1283,13
1283,23
1284,7
1284,20
1285,35
1285,26
1285,12
1285,337
1285,15
1286,10
1286,9
1286,19
1286,30
1287,15
1287,34
1287,14
1287,31
1288,27
1288,10
1288,29
1288,31
1289,9
1290,35
1291,35
1291,9
1291,30
1291,8
1292,26
1293,28
1293,34
1294,33
1294,24
1294,32
1295,10
1295,30
1295,16
1296,33
1296,21
1296,20
1296,23
1296,34
1297,21
1297,9
1297,34
1297,20
1298,17
1298,8
1298,31
1299,35
1300,25
1300,27
1301,17
1302,19
1302,27
1302,29
1302,16
1303,9
1303,25
1303,21
1303,38
1303,8
1304,37
1304,16
1304,27
1304,17
1305,30
1305,37
1306,27
1306,28
1306,37
1306,26
1307,31
1307,13
1307,32
1307,34
1307,7
1308,7
1308,587
1309,34
1310,8
1310,32
1311,9
1311,26
1311,35
1311,37
1312,22
1312,12
1312,36
1312,17
1313,24
1313,31
1313,10
1314,32
1314,14
1314,24
1314,35
1315,22
1315,17
1316,26
1316,11
1316,16
1317,34
1317,21
1317,19
1317,16
1317,28
1318,13
1318,12
1318,21
1318,18
1319,14
1319,9
1319,10
1320,20
1320,31
1321,34
1321,25
1322,19
1323,25
1323,16
1324,26
1324,11
1324,17
1324,16
1325,16
1325,20
1325,34
1326,25
1326,23
1326,33
1326,12
1326,36
1327,36
1327,33
1327,24
1328,28
1329,13
1330,18
1330,35
1330,21
1330,36
1331,25
1332,16
1332,20
1333,20
1334,22
1335,27
1336,31
1336,24
1336,18
1336,25
1337,11
1337,23
1337,24
1338,21
1338,185
1338,17
1338,36
1338,16
1339,26
1339,29
1340,12
1340,22
1341,18
1341,23
1341,38
1341,20
1341,7
1342,15
1342,32
1343,30
1344,37
1344,11
1344,32
1344,9
1344,18
1345,14
1345,11
1345,7
1345,36
1346,29
1346,23
1346,18
1346,25
1347,17
1347,25
1347,16
1347,24
1348,34
1348,15
1348,17
1348,12
1348,13
1349,28
1349,33
1349,24
1350,13
1350,877
1350,18
1350,22
1351,15
1351,24
1351,8
1351,22
1352,11
1353,23
1353,38
1353,7
1353,22
1354,11
1355,7
1355,34
1355,14
1356,38
1356,10
1356,24
1357,23
1357,30
1357,11
1357,20
1357,26
1358,31
1358,30
1358,35
1359,8
1359,18
1359,24
1359,22
1360,31
1361,7
1361,36
1361,12
1362,38
1362,27
1362,12
1363,30
1363,7
1363,32
1363,28
1364,34
1364,36
1364,23
1365,24
1366,19
1367,27
1367,25
1368,38
1368,14
1368,27
1368,20
1368,11
1369,31
1369,35
1369,32
1369,21
1370,25
1370,7
1370,24
1370,37
1371,31
1371,15
1371,18
1372,18
1373,22
1373,36
1373,26
1374,23
1374,19
1375,19
1375,36
1375,24
1375,15
1376,13
1376,19
1377,18
1378,32
1379,13
1379,9
1379,36
1380,23
1380,21
1380,38
1380,10
1381,37
1381,19
1382,32
1382,17
1382,35
1382,38
1383,13
1384,10
1384,23
1384,36
1384,21
1384,19
1385,9
1386,20
1386,8
1386,9
1387,17
1388,23
1389,18
1389,32
1390,10
1390,27
1391,18
1391,37
1391,27
1392,38
1392,19
1392,33
1393,12
1393,9
1394,35
1394,17
1394,24
1395,31
1395,33
1395,22
1396,11
1397,22
1397,15
1397,31
1397,20
1398,19
1398,12
1398,11
1398,32
1398,23
1399,23
1399,22
1399,35
1400,18
1400,17
1400,33
1400,26
1401,18
1401,14
1402,21
1402,24
1402,35
1402,14
1402,32
1403,29
1403,14
1403,22
1403,17
1403,19
1404,10
1404,24
1404,33
1405,20
1405,33
1406,24
1406,18
1406,25
1406,30
1406,14
1407,19
1407,24
1407,14
1407,9
1408,13
1408,31
1408,32
1409,24
1409,34
1410,20
1410,32
1410,26
1411,22
1411,32
1411,33
1411,34
1411,17
1412,33
1413,31
1413,19
1413,35
1414,31
1414,29
1414,17
1414,30
1415,23
1415,32
1415,8
1415,29
1416,26
1416,19
1417,22
1417,13
1418,19
1418,7
1418,15
1418,29
1419,20
1420,16
1421,26
1421,8
1421,20
1422,33
1422,19
1422,38
1422,10
1422,28
1423,21
1424,34
1424,9
1424,21
1425,14
1425,20
1425,17
1425,37
1425,21
1426,12
1427,18
1428,21
1429,15
1429,22
1429,34
1430,12
1430,26
1430,24
1430,16
1431,34
1431,7
1431,23
1431,36
1431,38
1432,19
1432,22
1432,15
1432,14
1433,9
1433,13
1433,22
1433,37
1433,11
1434,15
1434,21
1434,25
1434,14
1434,20
1435,34
1435,16
1436,27
1436,29
1436,26
1436,38
1436,9
1437,19
1437,26
1437,35
1437,29
1437,24
1438,11
1438,8
1439,29
1439,11
1439,19
1439,9
1440,27
1440,29
1440,38
1440,21
1441,20
1441,13
1441,19
1441,15
1441,37
1442,8
1442,34
1443,34
1444,10
1445,16
1445,30
1445,8
1446,23
1446,11
1446,19
1446,14
1446,18
1447,31
1447,8
1448,13
1449,13
1449,38
1450,27
1451,8
1451,35
1451,21
1451,28
1451,23
1452,16
1452,22
1452,19
1452,24
1453,8
1453,32
1453,17
1454,26
1455,20
1455,18
1455,16
1455,35
1455,38
1456,37
1456,35
1456,31
1456,13
1457,19
1457,14
1457,31
1457,24
1458,20
1459,8
1459,29
1459,16
1460,7
1460,33
1460,12
1460,37
1460,30
1461,37
1461,20
1461,7
1461,31
1461,10
1462,26
1462,37
1462,11
1462,21
1463,21
1463,19
1463,35
1463,14
1464,30
1464,27
1464,31
1464,22
1464,23
1465,28
1465,38
1465,35
1466,19
1467,15
1468,13
1468,19
1468,30
1468,20
1468,29
1469,27
1469,32
1469,29
1469,21
1469,9
1470,21
1471,14
1472,10
1472,30
1472,17
1473,17
1473,28
1473,30
1473,20
1473,18
1474,10
1475,26
1476,17
1476,10
1476,20
1477,9
1477,21
1478,32
1478,18
1478,17
1478,34
1478,25
1479,38
1479,10
1479,9
1479,24
1479,33
1480,38
1481,33
1482,25
1482,12
1482,10
1482,11
1483,9
1483,37
1483,17
1484,21
1485,13
1485,30
1486,35
1486,24
1486,20
1486,16
1486,38
1487,26
1487,10
1487,25
1488,20
1489,11
1489,34
1489,16
1490,35
1491,14
1491,21
1491,12
1491,27
1491,36
1492,7
1492,24
1493,35
1493,27
1493,24
1494,9
1494,36
1494,16
1494,29
1494,38
1495,33
1496,38
1496,12
1497,37
1497,13
1497,30
1498,38
1498,34
1498,32
1498,22
1498,25
1499,33
1499,23
1499,31
1500,34
1500,10
1501,37
1501,30
1501,36
1502,18
1502,25
1502,7
1503,38
1504,37
1504,29
1505,10
1505,13
1506,8
1506,34
1506,14
1507,16
1507,11
1507,18
1507,26
1508,18
1508,21
1508,24
1509,7
1509,10
1510,16
1510,37
1511,22
1511,20
1511,12
1511,37
1512,29
1512,12
1512,20
1512,23
1512,11
1513,12
1514,23
1514,10
1515,11
1515,9
1515,10
1515,20
1516,11
1516,24
1516,14
1516,33
1516,29
1517,11
1517,30
1517,31
1517,34
1518,17
1518,18
1518,7
1519,33
1519,10
1519,34
1520,32
1520,29
1520,25
1520,19
1521,22
1521,10
1521,8
1521,7
1522,34
1523,7
1523,38
1523,24
1523,15
1524,17
1524,36
1525,30
1525,35
1525,14
1526,13
1526,17
1526,20
1527,20
1527,25
1528,15
1528,12
1528,16
1528,37
1529,28
1529,20
1530,8
1530,32
1530,24
1530,15
1530,21
1531,33
1531,32
1531,16
1531,8
1532,29
1533,21
1533,36
1533,35
1533,17
1534,21
1534,8
1534,33
1534,38
1534,12
1535,36
1535,35
1535,12
1535,31
1535,38
1536,16
1536,28
1537,11
1537,29
1537,14
1538,10
1538,36
1538,31
1538,19
1538,34
1539,28
1539,32
1539,16
1540,12
1540,26
1540,9
1541,10
1541,27
1541,896
1541,14
1541,25
1542,13
1542,32
1542,8
1543,34
1543,20
1543,846
1543,23
1544,20
1544,25
1545,33
1545,34
1545,36
1546,27
1546,13
1546,15
1546,35
1547,34
1547,18
1547,25
1547,35
1548,29
1549,25
1550,23
1550,38
1550,36
1550,34
1550,11
1551,36
1551,31
1552,32
1553,8
1553,22
1553,32
1553,14
1554,7
1554,31
1554,25
1555,7
1555,14
1555,25
1555,13
1555,29
1556,36
1556,23
1556,10
1557,7
1557,23
1557,33
1557,15
1558,10
1558,9
1559,35
1559,18
1559,12
1560,8
1560,32
1561,20
1561,359
1561,25
1561,38
1562,29
1563,25
1564,37
1565,19
1566,37
1567,20
1567,21
1567,10
1567,19
1568,37
1568,19
1568,15
1568,9
1569,32
1569,33
1569,24
1569,38
1569,29
1570,23
1570,32
1571,9
1572,36
1572,23
1572,12
1573,21
1574,21
1574,33
1574,29
1574,9
1575,35
1575,29
1575,12
1575,9
1576,17
1576,38
1577,14
1577,10
1577,22
1578,17
1578,31
1579,9
1580,26
1580,13
1581,7
1581,37
1581,34
1581,38
1581,30
1582,25
1582,35
1582,33
1582,7
1583,11
1583,9
1584,37
1584,33
1584,29
1584,32
1584,38
1585,10
1585,33
1585,22
1585,11
1586,24
1586,10
1586,28
1586,25
1587,25
1587,14
1587,26
1588,29
1589,13
1589,26
1589,20
1590,18
1591,24
1591,16
1592,34
1592,18
1593,15
1593,13
1593,22
1593,18
1594,35
1594,11
1594,16
1594,26
1595,8
1596,33
1596,15
1596,31
1596,8
1597,9
1597,37
1597,10
1598,7
1598,26
1599,11
1599,7
1599,23
1599,25
1600,13
1600,23
1600,15
1601,7
1601,16
1601,12
1602,7
1602,10
1602,20
1602,32
1602,8
1603,10
1603,25
1604,20
1604,27
1604,15
1605,30
1605,14
1605,31
1605,28
1606,29
1606,15
1606,16
1607,14
1607,8
1607,15
1607,12
1608,34
1608,26
1608,21
1608,20
1608,28
1609,19
1610,7
1610,25
1610,27
1610,16
1610,11
1611,31
1611,25
1611,29
1611,27
1612,37
1612,24
1613,25
1613,7
1614,24
1614,13
1615,27
1615,35
1615,26
1615,11
1615,8
1616,16
1617,8
1617,37
1617,35
1617,15
1618,10
1619,28
1619,31
1620,11
1621,8
1621,38
1621,33
1621,22
1622,31
1622,36
1623,13
1624,16
1625,38
1625,32
1625,18
1625,9
1626,21
1626,36
1626,32
1627,18
1628,151
1628,19
1628,18
1628,14
1629,23
1629,35
1630,13
1630,11
1631,9
1631,32
1631,35
1632,14
1632,38
1632,9
1633,9
1633,24
1634,37
1635,31
1635,23
1636,18
1636,37
1636,10
1637,12
1637,32
1637,14
1638,18
1638,25
1638,30
1638,26
1639,8
1639,32
1639,29
1639,26
1640,37
1640,18
1640,31
1640,26
1641,17
1642,19
1642,8
1642,777
1643,26
1643,7
1643,20
1643,101
1644,35
1644,10
1644,24
1644,25
1645,37
1645,13
1645,23
1646,827
1646,24
1646,17
1647,24
1647,28
1647,30
1647,36
1647,16
1648,27
1648,37
1649,9
1649,18
1649,38
1649,28
1649,33
1650,7
1651,18
1652,33
1652,30
1652,255
1652,35
1652,31
1653,28
1654,17
1655,25
1656,10
1657,9
1657,35
1658,7
1658,28
1658,29
1658,24
1659,16
1659,7
1659,30
1659,22
1660,18
1660,29
1661,36
1661,31
1661,27
1662,26
1662,28
1662,23
1663,33
1663,31
1663,22
1664,19
1665,24
1666,24
1666,13
1667,31
1667,25
1667,18
1667,9
1668,22
1668,26
1668,35
1668,23
1669,11
1669,32
1669,19
1669,38
1669,23
1670,17
1671,33
1671,17
1672,20
1673,35
1674,21
1674,28
1674,13
1674,17
1675,18
1675,9
1675,16
1675,17
1675,13
1676,30
1676,38
1677,7
1677,19
1678,20
1678,14
1678,38
1679,8
1679,20
1679,26
1679,35
1680,21
1680,16
1680,11
1680,18
1681,23
1681,35
1682,21
1682,15
1682,10
1683,10
1684,18
1684,23
1684,16
1684,20
1685,27
1685,32
1685,21
1686,25
1686,15
1687,13
1687,38
1687,36
1687,11
1687,21
1688,38
1688,21
1688,34
1688,15
1689,18
1690,24
1690,15
1690,10
1691,13
1691,22
1692,29
1692,27
1692,10
1692,11
1693,14
1693,12
1693,36
1693,13
1694,14
1694,21
1694,36
1694,11
1694,10
1695,15
1696,38
1696,829
1696,7
1696,12
1696,11
1697,15
1697,36
1698,37
1699,29
1700,33
1700,16
1700,30
1700,37
1700,25
1701,16
1701,14
1701,18
1701,36
1702,20
1702,8
1702,27
1702,37
1703,31
1703,29
1703,27
1704,20
1705,10
1705,32
1705,34
1705,17
1705,18
1706,15
1706,38
1706,37
1707,38
1708,9
1708,20
1708,19
1708,25
1709,7
1710,35
1710,32
1710,31
1710,28
1710,10
1711,9
1711,34
1711,21
1711,19
1711,17
1712,7
1712,34
1712,10
1712,31
1712,23
1713,25
1713,33
1713,30
1713,13
1713,8
1714,18
1714,26
1714,13
1714,33
1715,8
1715,24
1715,16
1715,32
1716,9
1716,34
1716,24
1716,26
1717,10
1718,10
1718,23
1718,14
1719,33
1719,9
1719,18
1719,32
1720,20
1720,34
1721,27
1722,38
1723,19
1723,12
1723,13
1723,11
1724,34
1724,9
1724,8
1724,20
1725,16
1725,21
1725,8
1725,22
1726,868
1726,35
1726,12
1727,26
1727,36
1727,28
1727,29
1728,25
1728,9
1728,17
1729,17
1730,26
1730,30
1730,10
1730,21
1730,8
1731,38
1732,23
1733,38
1733,31
1733,12
1733,16
1733,33
1734,15
1734,24
1734,18
1734,9
1734,34
1735,19
1735,30
1735,24
1736,37
1737,17
1737,34
1737,13
1737,33
1738,16
1738,32
1738,9
1739,7
1739,19
1740,16
1740,35
1741,32
1741,34
1741,15
1741,27
1741,28
1742,9
1742,8
1743,10
1744,37
1744,32
1744,34
1744,19
1745,23
1745,36
1745,32
1745,13
1746,37
1746,22
1747,29
1747,27
1747,26
1747,35
1747,28
1748,33
1748,37
1748,36
1749,19
1749,21
1749,11
1749,26
1749,30
1750,11
1750,22
1750,29
1751,16
1751,31
1752,32
1752,38
1752,29
1752,20
1753,8
1753,33
1753,37
1753,23
1754,8
1754,23
1754,30
1754,18
1755,9
1755,14
1755,15
1755,36
1756,8
1757,33
1757,31
1758,24
1759,30
1760,33
1760,16
1760,18
1761,23
1761,14
1762,13
1762,12
1763,11
1763,27
1764,36
1764,30
1764,23
1764,13
1765,26
1766,9
1766,11
1766,35
1767,17
1767,21
1768,17
1768,21
1768,36
1768,29
1769,15
1770,29
1770,38
1770,35
1770,37
1770,9
1771,37
1772,9
1772,20
1772,33
1772,8
1773,13
1773,12
1774,22
1774,25
1775,8
1775,9
1776,18
1776,28
1776,23
1776,15
1776,21
1777,36
1777,34
1777,15
1777,35
1777,12
1778,14
1778,32
1778,24
1779,12
1779,9
1779,22
1780,18
1780,22
1781,27
1781,37
1781,35
1782,17
1782,10
1782,9
1783,7
1783,23
1784,32
1784,35
1784,29
1784,20
1784,22
1785,25
1785,21
1786,24
1787,22
1787,30
1788,33
1789,7
1789,32
1789,37
1790,38
1790,9
1790,18
1791,9
1791,10
1792,12
1792,34
1792,23
1792,33
1793,21
1793,19
1794,31
1794,30
1794,27
1794,23
1795,34
1795,18
1795,16
1796,17
1796,32
1797,7
1797,31
1797,14
1797,37
1798,31
1799,11
1799,37
1799,10
1799,21
1800,37
1800,15
1800,33
1801,7
1801,21
1801,9
1802,26
1802,207
1802,19
1802,20
1802,10
1803,11
1803,27
1804,31
1805,20
1805,38
1805,15
1805,17
1806,33
1806,36
1806,32
1807,24
1807,35
1807,14
1808,7
1808,23
1808,19
1808,24
1809,35
1809,22
1810,17
1810,27
1811,21
1811,23
1811,7
1812,29
1812,38
1812,31
1813,13
1813,29
1813,36
1813,10
1814,31
1814,22
1814,16
1814,21
1815,24
1816,35
1816,19
1816,9
1816,29
1816,23
1817,26
1817,36
1818,21
1818,38
1819,18
1819,31
1819,26
1819,9
1820,21
1820,30
1821,8
1821,16
1821,32
1821,27
1822,26
1822,31
1822,33
1822,17
1822,20
1823,23
1823,25
1824,27
1824,10
1824,24
1824,30
1824,13
1825,25
1825,12
1825,611
1826,32
1826,28
1827,28
1827,19
1827,29
1827,23
1828,23
1828,9
1828,33
1829,15
1829,38
1830,7
1830,37
1831,16
1832,13
1832,28
1832,34
1833,29
1833,12
1833,28
1833,26
1834,23
1834,34
1835,37
1835,12
1835,38
1835,24
1836,38
1836,15
1836,32
1836,36
1837,8
1837,36
1838,38
1838,28
1838,15
1839,7
1839,12
1839,24
1840,34
1840,20
1840,7
1841,31
1841,9
1842,13
1842,35
1842,36
1843,29
1843,38
1843,37
1843,27
1843,34
1844,12
1844,15
1844,28
1844,9
1845,31
1845,27
1845,32
1845,26
1846,30
1846,22
1846,28
1846,23
1846,15
1847,8
1847,27
1847,9
1848,11
1848,35
1848,15
1848,26
1849,38
1849,30
1849,32
1850,8
1850,33
1850,11
1851,33
1851,28
1851,22
1851,20
1852,34
1852,36
1852,13
1852,9
1853,8
1853,33
1853,12
1853,35
1854,8
1854,17
1855,18
1855,31
1855,33
1855,22
1855,14
1856,25
1856,10
1856,33
1857,13
1857,11
1857,38
1858,29
1858,15
1858,32
1858,7
1859,24
1859,34
1859,19
1859,32
1859,9
1860,27
1860,21
1860,19
1860,8
1860,9
1861,11
1862,30
1862,36
1862,12
1862,22
1863,14
1863,36
1863,9
1864,26
1864,25
1864,37
1864,30
1865,37
1865,25
1865,9
1865,23
1865,32
1866,17
1867,29
1867,33
1868,38
1868,32
1868,18
1868,24
1869,11
1869,34
1869,28
1869,23
1870,9
1870,16
1870,23
1870,32
1870,12
1871,22
1871,35
1872,12
1872,26
1872,38
1872,7
1873,19
1873,16
1873,17
1873,38
1873,28
1874,23
1874,9
1874,31
1874,27
1874,17
1875,32
1875,9
1876,36
1877,19
1877,22
1877,34
1877,548
1878,35
1878,27
1878,8
1879,28
1880,18
1880,31
1880,27
1880,36
1881,32
1881,31
1881,13
1881,27
1881,17
1882,18
1882,20
1883,20
1884,36
1884,10
1885,34
1885,17
1886,21
1886,11
1886,16
1887,16
1887,23
1887,25
1887,33
1888,18
1888,34
1889,35
1889,30
1889,21
1889,31
1890,27
1890,31
1890,34
1891,18
1891,24
1891,10
1892,21
1893,37
1893,27
1893,34
1893,8
1893,22
1894,35
1894,18
1894,23
1894,11
1894,26
1895,33
1895,38
1896,7
1896,23
1896,17
1896,26
1897,34
1897,36
1897,30
1897,10
1897,24
1898,27
1899,22
1899,20
1899,33
1899,31
1900,37
1901,28
1901,26
1901,8
1901,32
1902,37
1902,25
1902,29
1902,33
1902,23
1903,36
1904,23
1904,12
1905,31
1905,23
1905,9
1905,34
1906,29
1907,30
1907,8
1907,34
1907,7
1907,37
1908,28
1908,36
1908,22
1908,17
1909,9
1909,21
1910,33
1910,8
1910,32
1910,18
1911,29
1911,13
1911,31
1911,21
1912,18
1912,16
1912,35
1913,10
1914,33
1914,14
1914,37
1914,29
1915,25
1915,15
1915,14
1915,34
1915,26
1916,10
1916,35
1916,11
1916,22
1917,17
1918,38
1918,32
1919,739
1920,34
1920,24
1920,14
1920,33
1921,26
1922,36
1922,38
1922,13
1923,38
1923,26
1923,16
1923,25
1924,28
1924,34
1924,13
1925,29
1925,19
1925,18
1925,23
1926,21
1926,32
1926,9
1926,36
1927,37
1928,34
1928,9
1928,23
1928,29
1928,14
1929,25
1929,28
1930,15
1930,25
1930,16
1930,7
1931,10
1931,22
1931,13
1931,15
1932,19
1932,30
1932,26
1932,36
1933,36
1933,20
1933,24
1933,9
1933,8
1934,24
1934,20
1934,15
1934,7
1935,10
1936,19
1936,9
1936,21
1936,10
1936,28
1937,36
1937,23
1937,35
1937,32
1938,20
1938,12
1938,36
1938,9
1939,30
1939,11
1939,34
1940,26
1940,20
1940,29
1940,7
1941,24
1941,16
1941,25
1942,20
1942,12
1942,9
1943,19
1943,13
1943,11
1944,26
1945,23
1945,10
1945,25
1945,38
1945,18
1946,25
1947,7
1947,27
1947,11
1948,35
1948,19
1948,23
1948,13
1949,11
1949,32
1949,23
1950,32
1950,35
1950,25
1950,28
1950,12
1951,22
1951,14
1951,20
1952,38
1952,27
1953,30
1954,25
1954,37
1954,19
1954,21
1954,29
1955,14
1955,20
1955,16
1956,11
1957,37
1957,32
1958,33
1958,37
1958,18
1958,23
1959,29
1959,34
1959,17
1959,496
1960,20
1960,27
1961,20
1961,36
1961,24
1962,32
1963,11
1963,10
1964,36
1964,20
1964,35
1964,13
1964,10
1965,27
1966,19
1966,27
1966,8
1966,28
1966,24
1967,35
1967,24
1967,16
1967,10
1968,37
1968,23
1969,26
1969,12
1969,10
1969,31
1969,28
1970,38
1970,31
1970,20
1971,34
1971,19
1971,14
1972,10
1972,13
1972,19
1972,34
1973,9
1973,31
1973,12
1973,13
1974,9
1974,22
1974,31
1974,13
1974,11
1975,20
1975,28
1976,24
1976,23
1977,17
1977,23
1977,20
1977,10
1978,38
1978,30
1978,15
1979,21
1979,24
1979,36
1980,23
1980,32
1981,20
1982,12
1982,25
1982,26
1982,28
1983,22
1984,29
1984,34
1985,29
1985,38
1986,20
1986,30
1986,23
1987,31
1987,29
1988,7
1988,11
1988,20
1988,25
1989,20
1989,12
1989,38
1989,9
1990,10
1991,19
1991,20
1991,23
1992,21
1992,12
1992,19
1992,28
1993,20
1994,34
1994,9
1995,23
1995,34
1995,27
1995,37
1995,26
1996,15
1997,26
1997,21
1997,13
1998,14
1998,16
1999,24
1999,21
1999,34
1999,25
2000,9
2000,33
2000,30
2000,12
2001,33
2001,19
2002,15
2002,30
2003,33
2004,33
2004,15
2004,29
2004,36
2005,35
2005,38
2006,28
2006,37
2006,38
2007,18
2007,19
2007,8
2007,27
2008,33
2009,37
2010,27
2010,333
2010,10
2010,8
2011,27
2011,16
2011,37
2011,32
2011,24
2012,19
2012,12
2013,30
2013,28
2013,27
2013,9
2013,8
2014,13
2014,35
2014,31
2014,26
2015,12
2015,34
2015,24
2015,29
2015,21
2016,30
2017,33
2017,34
2017,37
2017,20
2018,27
2018,11
2019,36
2019,22
2019,13
2019,16
2020,36
2020,479
2021,12
2021,596
2021,35
2021,13
2021,30
2022,14
2022,32
2022,24
2022,31
2023,10
2023,32
2023,36
2024,8
2024,28
2025,30
2025,13
2025,317
2025,38
2026,19
2027,18
2027,27
2027,32
2028,32
2028,18
2028,24
2028,11
2029,13
2029,18
2029,12
2029,33
2029,32
2030,21
2031,10
2031,38
2031,25
2032,38
2033,32
2033,19
2033,21
2033,16
2033,11
2034,7
2034,22
2034,19
2035,38
2035,7
2035,32
2035,35
2035,29
2036,23
2036,12
2036,11
2037,10
2038,16
2039,31
2040,34
2040,37
2041,19
2041,11
2042,30
2042,19
2043,12
2043,9
2044,13
2044,15
2044,19
2045,23
2045,28
2045,10
2046,37
2046,7
2047,10
2047,27
2047,12
2047,23
2048,38
2049,26
2049,19
2050,28
2050,18
2050,34
2051,37
2051,31
2052,21
2052,16
2052,23
2053,20
2053,22
2053,36
2053,35
2053,31
2054,36
2054,12
2055,19
2055,788
2055,32
2056,24
2056,17
2056,12
2056,22
2056,7
2057,35
2057,16
2057,20
2058,23
2058,26
2059,18
2059,38
2060,17
2061,18
2061,21
2062,27
2063,23
2063,27
2063,652
2063,36
2064,23
2065,38
2066,10
2067,19
2067,25
2067,33
2068,16
2069,36
2069,28
2069,35
2070,17
2070,8
2071,12
2071,37
2071,7
2072,19
2072,31
2073,24
2073,27
2073,17
2074,21
2074,27
2074,20
2074,12
2075,29
2075,12
2076,11
2077,20
2077,33
2078,16
2079,12
2079,14
2079,16
2080,30
2080,24
2080,17
2080,29
2081,29
2081,25
2081,30
2082,15
2083,20
2083,25
2083,22
2083,24
2083,17
2084,8
2084,31
2084,18
2084,28
2084,15
2085,21
2085,35
2086,15
2087,24
2088,23
2088,32
2089,7
2090,38
2090,14
2090,8
2090,22
2090,37
2091,19
2091,32
2091,36
2091,11
2092,23
2093,19
2093,21
2094,33
2095,14
2095,13
2095,17
2096,22
2096,15
2096,9
2096,12
2096,17
2097,13
2097,34
2097,15
2098,8
2098,18
2098,21
2099,38
2099,9
2099,17
2100,35
2100,20
2100,7
2100,38
2100,16
2101,35
2101,20
2101,36
2101,12
2102,14
2103,26
2103,23
2103,36
2103,18
2104,34
2105,23
2105,34
2105,11
2105,25
2106,13
2107,20
2107,25
2108,10
2108,13
2108,15
2108,37
2108,24
2109,10
2109,20
2109,28
2110,16
2110,30
2110,32
2110,8
2110,7
2111,7
2111,15
2112,25
2112,10
2112,30
2112,38
2113,9
2113,16
2113,14
2114,31
2114,16
2114,12
2115,25
2115,24
2116,28
2116,9
2116,14
2117,31
2117,13
2117,10
2117,24
2117,18
2118,11
2118,32
2118,17
2119,28
2120,34
2120,19
2120,11
2121,19
2121,38
2121,36
2121,25
2121,34
2122,26
2122,8
2122,36
2123,15
2123,28
2123,12
2123,29
2124,20
2124,37
2124,24
2124,27
2125,17
2125,15
2125,31
2126,32
2126,28
2126,20
2126,24
2126,34
2127,7
2128,33
2128,10
2128,32
2128,34
2128,31
2129,27
2129,29
2129,32
2130,11
2131,30
2131,36
2131,31
2131,14
2132,15
2132,22
2132,29
2133,33
2133,37
2134,15
2134,32
2134,34
2135,18
2135,15
2135,20
2136,32
2136,13
2136,15
2136,35
2136,10
2137,38
2137,13
2138,26
2138,20
2138,21
2139,16
2139,12
2140,14
2140,26
2140,16
2140,30
2141,14
2141,29
2141,12
2141,33
2142,30
2142,15
2142,28
2142,26
2142,9
2143,8
2143,27
2143,7
2143,11
2143,21
2144,23
2144,30
2144,20
2144,38
2144,16
2145,24
2145,32
2145,8
2145,16
2146,16
2146,20
2146,14
2146,33
2147,13
2148,7
2148,37
2148,14
2148,27
2148,9
2149,9
2149,13
2149,36
2149,14
2150,10
2150,13
2151,7
2151,34
2151,20
2151,37
2152,8
2153,11
2153,16
2153,15
2153,36
2153,21
2154,7
2154,9
2154,17
2154,30
2155,7
2155,30
2155,37
2155,25
2155,15
2156,24
2156,23
2156,35
2156,30
2157,22
2157,29
2158,16
2158,33
2158,26
2159,29
2159,28
2159,23
2160,22
2160,7
2160,27
2161,38
2162,31
2162,35
2162,30
2163,14
2163,37
2164,31
2164,17
2164,32
2164,21
2165,24
2165,31
2165,32
2165,18
2165,14
2166,9
2166,15
2167,8
2168,17
2168,33
2168,34
2168,31
2169,12
2169,384
2170,7
2171,9
2171,34
2171,21
2171,30
2172,11
2172,20
2172,15
2172,33
2173,32
2173,30
2174,35
2174,24
2175,10
2175,17
2175,33
2175,27
2176,24
2177,10
2177,32
2177,35
2177,38
2177,21
2178,20
2178,26
2179,17
2179,21
2179,16
2179,18
2180,15
2180,16
2180,36
2180,17
2180,12
2181,9
2181,23
2181,29
2181,37
2182,14
2183,20
2184,14
2184,613
2184,23
2184,24
2184,25
2185,15
2186,37
2186,17
2187,38
2187,12
2187,27
2187,13
2188,24
2188,20
2188,8
2188,21
2188,13
2189,14
2189,21
2189,32
2189,27
2190,9
2190,30
2190,19
2191,27
2191,29
2191,14
2192,11
2192,36
2193,37
2193,7
2194,32
2194,33
2194,25
2194,11
2195,27
2195,17
2196,28
2196,25
2196,36
2196,17
2197,34
2197,19
2197,23
2197,29
2198,14
2198,27
2199,9
2200,14
2201,17
2201,32
2201,11
2202,8
2202,34
2203,30
2203,24
2203,32
2204,28
2204,17
2204,22
2205,8
2206,25
2206,29
2206,34
2206,28
2207,34
2207,7
2208,7
2208,12
2208,13
2208,11
2208,9
2209,8
2209,37
2209,22
2210,11
2210,28
2211,26
2211,15
2211,20
2211,28
2212,13
2213,35
2213,34
2213,17
2214,21
2214,35
2214,24
2214,25
2214,20
2215,10
2215,17
2215,11
2215,31
2215,8
2216,9
2216,32
2216,26
2216,14
2217,31
2217,28
2217,20
2217,38
2218,14
2219,17
2219,7
2219,19
2219,697
2220,33
2221,10
2221,25
2221,17
2221,18
2221,15
2222,7
2222,30
2223,14
2223,23
2224,11
2225,13
2225,16
2225,11
2225,21
2226,31
2227,31
2227,26
2228,17
2228,20
2228,14
2228,13
2229,37
2229,24
2229,13
2230,11
2230,8
2230,30
2231,32
2231,25
2231,12
2231,20
2231,24
2232,37
2232,35
2233,35
2233,36
2233,22
2233,26
2233,20
2234,21
2235,33
2236,17
2236,13
2236,28
2236,8
2237,32
2237,26
2238,21
2238,11
2238,14
2239,36
2240,13
2241,27
2241,37
2241,36
2241,20
2242,24
2242,15
2242,27
2243,35
2243,33
2243,38
2243,29
2244,36
2244,30
2244,28
2244,21
2244,29
2245,13
2245,19
2245,8
2246,29
2247,25
2247,11
2247,28
2247,34
2247,26
2248,19
2248,9
2248,29
2249,11
2250,17
2250,12
2251,11
2251,32
2251,37
2251,12
2252,28
2253,30
2254,10
2254,7
2254,27
2255,18
2255,15
2255,13
2255,31
2256,15
2256,16
2256,32
2256,28
2256,37
2257,30
2257,33
2257,27
2258,23
2259,8
2259,11
2260,26
2260,33
2261,15
2261,21
2262,18
2262,27
2263,33
2263,401
2263,32
2263,27
2263,21
2264,17
2264,18
2264,11
2264,23
2265,35
2265,34
2266,29
2266,7
2267,12
2267,33
2267,32
2267,11
2267,13
2268,37
2268,22
2268,29
2268,16
2268,14
2269,22
2270,31
2270,38
2270,25
2270,20
2270,18
2271,35
2271,36
2271,21
2272,17
2272,13
2273,34
2273,28
2273,37
2273,18
2274,36
2274,25
2274,31
2274,20
2275,38
2275,37
2275,28
2275,11
2276,21
2277,30
2277,483
2277,23
2278,33
2278,27
2278,22
2278,17
2279,20
2279,25
2279,8
2280,11
2280,32
2280,24
2280,35
2281,30
2282,23
2282,24
2282,37
2283,16
2283,35
2283,25
2283,23
2283,24
2284,10
2285,14
2285,31
2285,8
2285,9
2286,29
2286,16
2287,38
2288,26
2288,12
2288,13
2289,28
2290,35
2291,16
2291,29
2291,10
2292,32
2292,15
2293,22
2294,32
2294,21
2294,31
2294,11
2294,12
2295,21
2296,15
2296,38
2296,31
2297,31
2297,26
2298,12
2298,29
2298,20
2298,35
2299,32
2300,35
2300,32
2300,29
2300,14
2300,31
2301,25
2302,13
2302,8
2302,16
2302,26
2302,14
2303,18
2303,30
2303,11
2303,22
2304,28
2305,33
2305,26
2306,14
2306,15
2306,29
2306,16
2307,32
2307,19
2308,19
2308,11
2308,21
2308,38
2308,7
2309,32
2310,24
2311,26
2311,17
2311,21
2312,35
2312,38
2312,32
2312,26
2312,31
2313,36
2313,31
2313,26
2314,17
2314,38
2314,11
2314,36
2314,24
2315,35
2315,13
2316,17
2316,33
2316,31
2316,38
2317,35
2318,29
2319,29
2319,13
2319,28
2320,33
2320,12
2320,17
2320,25
2321,16
2321,7
2321,11
2322,22
2322,9
2322,13
2323,37
2323,38
2323,32
2323,29
2323,19
2324,31
2324,23
2324,22
2324,18
2325,20
2325,25
2325,26
2326,25
2326,30
2327,31
2327,22
2327,28
2327,15
2327,21
2328,27
2328,28
2328,8
2328,13
2329,24
2329,7
2329,23
2329,33
2329,32
2330,25
2330,13
2330,20
2330,29
2330,31
2331,22
2331,9
2331,124
2331,26
2332,19
2332,10
2333,23
2333,34
2333,8
2333,13
2333,36
2334,31
2334,589
2334,16
2334,38
2335,31
2335,8
2335,19
2336,23
2336,21
2336,8
2337,11
2337,10
2337,32
2338,32
2338,10
2339,10
2339,28
2340,27
2341,38
2341,35
2341,29
2341,27
2341,33
2342,26
2343,35
2343,20
2344,32
2344,10
2344,24
2345,34
2346,33
2347,34
2347,18
2347,32
2347,16
2347,23
2348,32
2348,23
2349,31
2349,15
2349,30
2349,34
2350,10
2350,31
2350,19
2350,38
2351,29
2352,38
2352,31
2352,29
2352,34
2352,16
2353,23
2353,21
2353,11
2353,32
2354,26
2354,19
2355,33
2355,31
2355,20
2356,31
2356,28
2357,25
2357,26
2357,16
2357,34
2357,36
2358,13
2358,9
2358,11
2358,22
2359,15
2359,10
2359,25
2360,31
2360,27
2361,13
2361,10
2361,15
2361,32
2361,31
2362,8
2362,28
2362,13
2362,21
2362,37
2363,29
2364,11
2364,9
2364,27
2364,30
2365,22
2365,11
2365,17
2365,29
2366,8
2366,38
2366,14
2367,10
2367,34
2367,23
2368,21
2368,18
2368,11
2368,35
2369,12
2369,24
2369,37
2370,37
2370,21
2370,12
2370,7
2371,18
2371,32
2372,27
2372,31
2372,26
2373,23
2373,9
2374,28
2374,17
2374,36
2375,20
2375,10
2375,18
2375,28
2375,7
2376,31
2376,23
2376,30
2376,35
2377,20
2377,8
2377,24
2378,35
2378,37
2379,19
2379,37
2379,28
2380,12
2381,19
2382,10
2382,23
2382,11
2383,9
2384,31
2385,33
2385,9
2385,28
2385,24
2385,17
2386,21
2387,37
2387,20
2388,11
2388,37
2389,8
2389,28
2390,24
2391,25
2391,22
2391,38
2392,8
2393,28
2393,30
2393,12
2393,15
2394,19
2395,17
2396,28
2396,12
2397,37
2397,34
2397,38
2397,7
2397,26
2398,15
2398,34
2398,10
2398,35
2399,15
2399,24
2399,36
2400,23
2401,31
2401,32
2402,24
2402,10
2402,15
2402,35
2403,26
2403,27
2403,30
2403,29
2403,37
2404,17
2404,18
2404,30
2404,21
2405,38
2405,12
2405,17
2406,18
2406,16
2406,31
2407,34
2408,185
2409,10
2409,34
2409,15
2409,13
2410,17
2410,34
2410,36
2411,10
2411,37
2411,33
2411,34
2412,15
2412,36
2412,31
2412,32
2412,34
2413,21
2413,13
2413,26
2414,24
2414,22
2414,15
2414,27
2414,14
2415,18
2416,8
2416,29
2417,31
2417,13
2418,26
2418,17
2418,9
2419,13
2419,23
2419,19
2419,16
2419,24
2420,11
2420,13
2420,34
2421,17
2421,9
2421,36
2421,7
2422,10
2423,33
2423,38
2423,14
2423,32
2424,16
2425,23
2426,19
2426,25
2427,37
2427,27
2427,25
2427,11
2427,34
2428,10
2428,20
2428,11
2428,34
2428,26
2429,36
2429,35
2429,16
2430,12
2430,29
2431,20
2431,16
2432,11
2432,20
2432,25
2433,32
2433,27
2434,31
2435,9
2435,38
2435,10
2436,11
2437,10
2437,14
2438,30
2438,19
2438,29
2438,9
2439,29
2439,11
2439,8
2439,34
2440,37
2440,492
2440,21
2440,38
2441,36
2441,38
2441,35
2441,24
2441,17
2442,28
2442,24
2442,27
2442,20
2442,10
2443,10
2443,23
2443,34
2443,16
2443,35
2444,33
2444,17
2444,30
2445,24
2445,30
2445,28
2445,22
2446,22
2446,23
2447,12
2448,12
2449,36
2449,21
2449,15
2449,37
2449,11
2450,33
2450,30
2450,31
2450,12
2451,18
2451,35
2451,20
2452,15
2452,30
2452,21
2452,19
2453,36
2453,759
2453,13
2454,20
2454,16
2454,23
2454,37
2455,20
2455,13
2455,37
2456,18
2457,25
2457,19
2457,30
2457,12
2457,37
2458,23
2458,22
2459,12
2459,13
2460,9
2460,16
2460,28
2460,32
2461,35
2461,8
2462,27
2462,25
2462,30
2463,24
2464,14
2464,21
2464,13
2464,24
2465,31
2466,16
2466,38
2467,24
2467,13
2467,30
2467,35
2468,25
2468,38
2468,35
2468,24
2468,18
2469,30
2469,32
2470,28
2470,29
2470,9
2470,31
2471,18
2471,26
2471,37
2472,34
2472,16
2473,34
2474,25
2474,30
2475,18
2476,23
2476,20
2476,19
2477,16
2477,7
2477,21
2477,25
2478,7
2478,189
2478,12
2479,11
2480,10
2480,15
2480,11
2480,35
2481,13
2482,18
2483,19
2483,9
2483,10
2484,12
2484,18
2484,13
2485,17
2485,20
2486,16
2486,38
2486,33
2487,8
2487,13
2487,32
2487,12
2488,28
2489,10
2489,34
2489,29
2490,9
2491,30
2491,29
2491,11
2491,21
2491,38
2492,34
2493,30
2493,15
2493,35
2493,9
2494,33
2494,24
2494,16
2494,29
2494,13
2495,24
2495,9
2496,12
2496,8
2497,11
2497,30
2497,20
2497,35
2497,13
2498,34
2498,32
2498,25
2498,12
2499,17
2500,31
2500,33
2500,32
2501,18
2501,29
2501,26
2502,31
2502,32
2503,21
2503,8
2503,35
2503,33
2503,11
2504,11
2504,9
2505,11
2505,12
2506,24
2506,21
2506,10
2506,33
2506,31
2507,31
2507,10
2507,37
2507,35
2507,20
2508,35
2509,17
2509,29
2509,13
2510,7
2510,25
2510,15
2511,35
2512,19
2512,35
2512,38
2512,27
2513,28
2513,18
2513,38
2513,13
2513,35
2514,20
2515,242
2515,23
2515,32
2515,9
2515,22
2516,17
2516,21
2516,15
2516,8
2517,30
2518,24
2519,27
2520,20
2521,14
2521,32
2521,23
2522,7
2523,18
2523,10
2523,32
2523,12
2523,7
2524,31
2524,11
2525,19
2525,10
2525,38
2526,29
2526,37
2527,22
2527,34
2527,38
2527,20
2528,592
2528,8
2528,15
2528,14
2528,10
2529,37
2529,8
2530,12
2531,38
2531,12
2531,37
2531,16
2532,27
2532,34
2532,10
2533,28
2533,26
2534,7
2534,28
2534,34
2535,10
2535,11
2536,14
2537,36
2537,26
2537,37
2537,32
2538,9
2538,13
2539,9
2539,35
2539,20
2540,14
2540,34
2540,15
2540,37
2541,17
2542,33
2543,36
2543,31
2543,11
2543,27
2544,28
2544,24
2544,34
2544,35
2545,34
2545,26
2545,36
2545,8
2546,11
2546,34
2546,21
2547,23
2547,31
2547,25
2547,32
2548,8
2548,7
2548,17
2549,8
2549,13
2550,31
2550,19
2550,23
2551,7
2552,33
2553,11
2553,36
2553,12
2554,11
2554,17
2554,28
2555,37
2556,15
2556,7
2557,35
2557,12
2557,28
2557,10
2558,16
2559,17
2559,31
2559,30
2559,10
2559,34
2560,20
2561,35
2561,31
2561,13
2561,32
2562,21
2562,28
2562,35
2562,13
2562,36
2563,199
2564,10
2565,30
2565,12
2565,22
2565,26
2565,14
2566,31
2567,23
2567,18
2567,14
2568,32
2568,38
2568,7
2568,17
2569,37
2569,709
2570,34
2570,22
2570,21
2570,27
2571,10
2571,25
2572,37
2572,16
2572,10
2572,22
2573,7
2573,28
2573,22
2573,24
2574,37
2574,38
2574,28
2574,24
2575,25
2575,14
2576,15
2576,27
2576,20
2577,14
2577,35
2578,34
2579,7
2580,18
2580,38
2580,12
2581,23
2581,17
2582,37
2582,26
2583,21
2583,26
2583,32
2583,11
2584,16
2585,11
2585,37
2586,38
2586,13
2586,8
2586,18
2587,12
2587,19
2587,25
2587,38
2588,37
2588,23
2589,35
2589,20
2590,30
2591,17
2591,23
2591,8
2592,17
2592,7
2592,29
2592,20
2593,36
2593,34
2593,15
2594,27
2594,19
2594,12
2594,31
2595,22
2595,16
2595,34
2596,33
2596,17
2597,20
2598,37
2599,34
2599,24
2600,25
2600,29
2601,24
2601,19
2601,20
2602,21
2603,10
2603,34
2603,9
2603,14
2603,12
2604,37
2604,18
2604,31
2604,14
2605,32
2605,38
2605,28
2605,13
2606,16
2607,8
2607,22
2607,31
2607,37
2608,28
2608,16
2608,26
2608,31
2609,12
2609,14
2609,16
2609,8
2610,25
2610,27
2610,13
2610,30
2611,16
2611,21
2611,13
2611,15
2612,25
2612,14
2612,7
2613,19
2613,11
2613,14
2613,12
2614,19
2614,34
2614,23
2614,13
2615,33
2616,22
2616,21
2616,32
2617,8
2617,17
2617,36
2618,20
2618,15
2618,30
2618,11
2618,26
2619,20
2619,14
2620,10
2620,23
2620,14
2621,30
2621,36
2621,32
2621,11
2622,13
2623,18
2623,16
2623,24
2623,17
2624,9
2624,22
2624,38
2625,7
2626,34
2626,11
2627,273
2627,8
2627,15
2627,14
2627,36
2628,32
2628,15
2629,9
2630,17
2631,35
2632,37
2632,18
2632,12
2632,24
2633,7
2634,34
2634,10
2634,27
2634,18
2635,9
2635,11
2635,17
2636,34
2636,27
2636,38
2637,29
2637,7
2637,34
2637,24
2638,31
2638,21
2638,34
2638,14
2639,23
2639,22
2639,33
2639,27
2639,37
2640,28
2640,19
2640,9
2640,29
2641,37
2641,27
2641,22
2641,36
2642,31
2642,37
2642,23
2642,21
2643,16
2643,21
2644,38
2644,21
2644,25
2644,20
2645,19
2645,16
2645,30
2645,17
2646,17
2647,30
2647,21
2647,31
2648,30
2649,7
2649,14
2649,17
2649,15
2650,30
2650,14
2650,11
2651,36
2652,36
2652,34
2652,33
2652,26
2653,32
2653,18
2653,17
2653,35
2653,37
2654,34
2654,26
2654,33
2655,15
2656,14
2656,7
2657,29
2657,7
2657,38
2657,30
2658,15
2658,14
2658,12
2658,20
2659,31
2659,15
2659,36
2659,28
2659,12
2660,36
2661,13
2661,9
2661,27
2662,13
2663,7
2663,27
2664,7
2664,27
2664,33
2664,8
2664,15
2665,8
2665,13
2665,20
2665,35
2666,14
2667,10
2667,15
2667,37
2667,29
2668,35
2668,20
2668,18
2668,26
2669,12
2669,32
2669,38
2669,18
2669,23
2670,31
2670,18
2671,8
2672,28
2672,30
2672,32
2673,29
2674,7
2675,26
2675,16
2676,24
2677,34
2677,17
2677,13
2678,37
2678,23
2678,16
2678,7
2678,12
2679,37
2679,28
2679,12
2679,26
2680,25
2680,21
2680,38
2680,23
2680,36
2681,24
2681,28
2681,33
2681,29
2681,19
2682,28
2683,38
2683,16
2683,20
2683,15
2684,7
2684,30
2684,12
2684,32
2684,35
2685,15
2685,18
2685,20
2685,31
2685,22
2686,17
2687,33
2687,31
2687,17
2687,30
2688,36
2688,33
2688,31
2688,18
2688,16
2689,35
2689,17
2689,23
2689,14
2690,13
2690,37
2690,16
2690,10
2691,12
2692,25
2692,15
2693,37
2693,20
2693,36
2693,31
2694,20
2694,29
2694,38
2694,16
2694,8
2695,7
2695,32
2695,34
2696,31
2697,14
2697,18
2697,7
2698,33
2698,10
2698,20
2698,18
2699,19
2699,38
2699,10
2699,37
2699,24
2700,21
2700,31
2700,18
2700,23
2701,36
2702,31
2702,12
2702,21
2702,24
2702,25
2703,27
2703,23
2704,7
2704,25
2704,32
2705,25
2705,21
2705,18
2705,30
2705,34
2706,19
2707,27
2707,22
2708,12
2709,24
2709,9
2709,38
2709,8
2710,32
2711,12
2711,33
2712,10
2712,19
2712,29
2712,20
2713,20
2713,34
2714,14
2714,23
2714,21
2715,16
2715,20
2716,36
2717,24
2717,23
2717,7
2718,27
2718,34
2718,16
2718,12
2719,29
2719,21
2720,10
2721,32
2721,34
2722,14
2722,22
2722,33
2722,18
2723,22
2723,34
2723,19
2723,8
2724,36
2724,32
2724,9
2725,36
2725,24
2725,23
2725,32
2726,15
2726,18
2726,17
2727,27
2727,38
2727,36
2727,20
2727,26
2728,15
2728,18
2728,8
2728,33
2729,33
2729,7
2729,28
2729,27
2729,18
2730,28
2730,32
2730,25
2730,15
2731,25
2731,31
2731,35
2732,15
2733,16
2733,30
2734,32
2734,7
2735,7
2735,13
2735,16
2735,27
2736,14
2736,10
2736,13
2737,28
2737,30
2738,35
2738,22
2738,37
2738,12
2739,21
2739,10
2739,34
2740,33
2740,38
2740,15
2740,28
2740,37
2741,15
2741,7
2741,10
2742,22
2742,17
2742,21
2743,11
2743,38
2743,29
2744,10
2744,20
2744,22
2744,7
2745,12
2746,12
2746,32
2746,17
2747,23
2747,18
2748,22
2748,13
2748,26
2749,38
2749,17
2749,11
2749,12
2749,30
2750,21
2750,12
2751,26
2751,23
2751,30
2751,37
2751,32
2752,11
2753,10
2753,13
2753,12
2753,18
2753,17
2754,30
2754,10
2754,35
2755,8
2755,10
2755,24
2755,30
2755,21
2756,36
2756,8
2756,10
2757,34
2757,17
2758,22
2758,34
2758,31
2758,29
2759,19
2759,13
2759,35
2759,21
2759,25
2760,29
2760,18
2761,27
2761,9
2762,31
2762,15
2762,14
2763,16
2763,8
2763,27
2764,25
2764,29
2764,38
2765,17
2765,27
2766,36
2766,34
2767,13
2767,20
2768,33
2768,24
2769,32
2769,23
2769,21
2769,29
2769,20
2770,25
2770,22
2770,13
2770,14
2770,23
2771,21
2771,7
2771,29
2771,26
2771,36
2772,302
2772,25
2772,28
2772,30
2773,8
2774,21
2774,9
2774,20
2774,16
2775,23
2775,7
2775,35
2775,10
2775,20
2776,18
2776,24
2776,19
2776,26
2776,17
2777,10
2777,32
2778,14
2778,12
2778,16
2778,37
2779,24
2779,31
2780,10
2780,32
2780,34
2781,36
2781,37
2781,21
2781,14
2782,18
2782,34
2782,19
2783,19
2783,34
2784,23
2784,16
2784,7
2785,22
2785,28
2786,28
2786,36
2786,19
2787,29
2787,31
2787,23
2787,13
2788,9
2788,11
2788,224
2789,28
2790,24
2790,15
2790,19
2790,25
2791,31
2792,38
2792,12
2793,10
2793,29
2793,21
2793,20
2794,22
2795,28
2796,19
2796,15
2796,278
2796,16
2796,33
2797,30
2797,18
2798,14
2798,16
2798,26
2798,23
2799,9
2799,20
2800,37
2801,17
2801,16
2801,20
2801,19
2802,30
2802,31
2802,24
2803,32
2804,20
2805,7
2805,38
2805,21
2805,13
2806,12
2806,16
2806,20
2807,18
2807,30
2808,22
2808,20
2808,13
2808,17
2809,30
2809,32
2809,36
2809,14
2809,25
2810,22
2811,26
2811,14
2811,35
2812,24
2812,33
2812,31
2813,37
2814,18
2814,21
2814,37
2814,17
2814,19
2815,9
2815,8
2815,34
2816,15
2817,17
2818,12
2819,18
2819,10
2820,15
2820,34
2820,14
2820,33
2821,34
2821,37
2821,18
2822,18
2822,16
2822,22
2823,24
2823,20
2823,37
2823,22
2824,25
2824,16
2824,22
2825,24
2825,37
2825,10
2825,13
2826,32
2826,31
2827,9
2827,37
2827,19
2827,24
2827,13
2828,35
2828,32
2828,17
2828,38
2829,38
2829,29
2829,24
2829,20
2830,23
2830,38
2830,14
2830,30
2830,32
2831,28
2831,37
2831,29
2831,21
2832,13
2833,37
2833,26
2833,35
2834,13
2834,35
2835,22
2836,33
2836,30
2836,35
2837,9
2837,23
2837,38
2838,29
2838,25
2838,24
2838,22
2838,17
2839,38
2840,22
2840,13
2841,12
2841,37
2841,14
2841,34
2841,8
2842,28
2842,33
2842,17
2843,32
2843,22
2843,9
2843,8
2844,21
2845,35
2845,25
2845,26
2845,24
2846,14
2846,24
2846,13
2846,36
2846,9
2847,18
2847,19
2847,14
2847,29
2847,36
2848,25
2848,23
2849,24
2850,19
2850,26
2851,20
2852,32
2853,14
2853,23
2853,771
2854,20
2854,25
2854,29
2854,27
2854,26
2855,11
2856,31
2856,20
2856,29
2856,10
2857,20
2858,10
2859,23
2860,14
2861,27
2862,32
2862,11
2862,13
2863,15
2863,29
2863,18
2863,17
2864,7
2865,29
2866,37
2866,33
2866,9
2867,20
2867,38
2867,32
2867,22
2868,31
2869,36
2869,22
2870,16
2871,17
2871,9
2871,14
2871,34
2871,803
2872,18
2873,9
2873,35
2874,20
2875,9
2875,23
2875,22
2876,32
2876,16
2876,15
2876,31
2877,23
2877,8
2877,29
2877,26
2877,35
2878,13
2878,22
2878,25
2878,31
2879,28
2879,10
2879,30
2879,34
2880,7
2880,28
2880,36
2881,16
2881,25
2882,32
2882,38
2882,23
2883,23
2883,13
2883,11
2883,18
2884,16
2885,26
2885,16
2885,18
2885,22
2885,19
2886,27
2886,25
2886,30
2887,17
2888,14
2888,25
2888,7
2889,25
2890,17
2890,23
2891,12
2892,29
2892,23
2892,15
2892,18
2893,11
2894,33
2894,26
2895,10
2895,20
2896,14
2896,13
2897,24
2897,12
2897,8
2897,28
2898,36
2898,35
2899,33
2899,27
2899,8
2900,23
2900,9
2901,21
2902,13
2902,34
2902,33
2902,19
2903,25
2903,33
2903,17
2904,14
2904,15
2904,9
2905,36
2905,23
2905,19
2905,37
2906,15
2907,37
2907,26
2907,35
2908,7
2908,36
2908,29
2909,35
2910,29
2910,37
2911,27
2911,34
2911,17
2911,20
2912,27
2913,16
2913,19
2914,31
2914,37
2914,10
2915,14
2915,34
2916,33
2916,8
2917,32
2917,30
2917,20
2918,12
2919,18
2919,9
2919,12
2919,13
2919,30
2920,9
2921,7
2921,24
2921,20
2922,27
2923,37
2923,34
2923,23
2923,16
2923,15
2924,31
2925,34
2925,11
2925,21
2925,14
2925,9
2926,16
2926,34
2926,21
2926,15
2927,9
2927,28
2927,27
2927,31
2927,7
2928,31
2928,30
2928,19
2928,26
2928,14
2929,31
2929,13
2929,19
2929,29
2930,33
2930,13
2931,36
2932,17
2932,37
2932,21
2932,25
2932,12
2933,22
2934,19
2934,22
2935,34
2935,13
2935,16
2936,24
2936,25
2937,10
2937,22
2937,27
2938,34
2938,27
2938,33
2939,16
2939,17
2940,37
2940,36
2940,27
2940,26
2941,21
2941,8
2941,17
2941,18
2942,12
2942,16
2942,271
2943,30
2944,19
2944,21
2944,28
2944,37
2944,11
2945,37
2945,7
2945,34
2945,17
2945,23
2946,22
2946,12
2946,11
2946,14
2947,28
2947,38
2947,8
2948,11
2948,35
2949,8
2949,29
2949,33
2950,38
2950,31
2950,9
2951,30
2951,34
2951,15
2952,37
2953,32
2953,27
2953,11
2953,12
2954,24
2955,37
2955,34
2956,20
2956,31
2957,11
2957,34
2957,16
2957,18
2957,22
2958,7
2958,28
2958,14
2959,35
2960,28
2960,34
2960,19
2961,36
2962,10
2962,23
2962,36
2962,28
2963,14
2963,21
2964,35
2964,33
2965,38
2965,19
2965,13
2966,22
2966,33
2966,18
2966,26
2967,12
2968,22
2969,12
2969,19
2969,20
2969,33
2970,23
2970,25
2971,28
2971,34
2971,21
2971,35
2972,7
2972,16
2973,36
2973,29
2973,37
2974,14
2974,11
2974,16
2974,18
2975,36
2976,20
2976,31
2976,13
2976,14
2977,35
2978,16
2978,29
2978,17
2978,18
2978,32
2979,14
2979,34
2980,15
2980,19
2980,25
2981,38
2981,17
2982,34
2982,7
2982,23
2982,8
2983,13
2983,18
2983,15
2984,32
2984,28
2984,31
2984,22
2985,7
2985,28
2986,28
2986,23
2987,12
2987,38
2987,22
2987,21
2987,9
2988,21
2988,10
2988,18
2988,13
2988,31
2989,11
2990,15
2990,24
2990,36
2990,31
2991,22
2991,28
2992,15
2993,33
2993,14
2993,16
2993,36
2993,17
2994,22
2994,27
2995,8
2995,27
2995,14
2996,24
2996,22
2996,31
2997,34
2997,38
2997,17
2997,37
2997,31
2998,33
2999,30
2999,15
2999,9
2999,8
3000,10
3000,29
3001,28
3001,22
3001,8
3001,34
3001,20
3002,21
3002,7
3002,19
3002,17
3002,8
3003,10
3003,23
3003,25
3004,18
3004,29
3004,33
3005,27
3006,18
3007,37
3008,34
3008,8
3008,27
3008,24
3009,38
3009,15
3009,22
3010,20
3010,32
3010,13
3010,16
3011,27
3012,27
3012,529
3012,14
3012,22
3013,11
3013,37
3013,16
3013,9
3013,22
3014,7
3014,27
3014,9
3015,8
3015,26
3015,18
3016,38
3016,27
3016,37
3016,32
3017,7
3018,20
3018,28
3018,16
3018,23
3018,21
3019,22
3019,18
3019,25
3020,12
3020,33
3020,22
3020,14
3021,35
3021,31
3021,38
3021,32
3022,36
3022,8
3022,34
3023,29
3023,25
3023,11
3023,36
3024,15
3024,20
3024,9
3024,10
3025,21
3025,26
3026,20
3026,30
3027,27
3027,8
3027,11
3027,31
3028,22
3028,10
3028,28
3029,22
3029,16
3029,27
3030,28
3031,19
3031,29
3031,11
3031,21
3032,8
3032,21
3033,9
3033,38
3034,38
3034,7
3034,18
3034,25
3035,26
3035,28
3036,31
3036,18
3036,30
3037,23
3038,17
3039,16
3039,25
3040,38
3040,32
3040,33
3041,10
3041,23
3041,9
3042,30
3043,38
3043,27
3043,33
3043,19
3043,10
3044,25
3044,9
3044,36
3045,14
3045,24
3045,26
3046,13
3046,8
3046,25
3046,17
3047,35
3047,26
3047,32
3047,29
3047,18
3048,10
3048,30
3049,20
3049,34
3049,23
3049,31
3050,35
3050,18
3051,19
3051,7
3051,26
3052,23
3052,22
3053,20
3053,21
3053,18
3053,13
3054,8
3055,31
3055,32
3055,14
3056,38
3056,22
3056,30
3057,32
3057,17
3057,16
3058,17
3059,20
3059,26
3060,28
3061,29
3061,28
3061,24
3062,26
3062,23
3062,11
3062,32
3063,32
3063,27
3064,30
3064,22
3064,19
3064,23
3065,36
3065,15
3065,37
3065,21
3066,10
3066,35
3066,36
3066,18
3066,33
3067,10
3067,20
3067,17
3068,28
3068,21
3069,9
3069,31
3070,19
3070,29
3070,26
3070,20
3070,38
3071,31
3072,13
3072,38
3072,34
3072,17
3073,9
3073,17
3074,17
3074,18
3074,23
3074,16
3075,7
3075,12
3075,30
3076,34
3077,38
3077,34
3077,37
3077,33
3078,23
3078,27
3078,25
3078,26
3079,23
3079,33
3080,21
3080,16
3080,12
3080,37
3080,33
3081,14
3081,20
3082,31
3083,12
3083,23
3083,36
3083,10
3084,13
3084,23
3085,7
3085,19
3085,27
3086,10
3086,25
3086,629
3087,15
3087,20
3087,38
3087,14
3088,8
3088,36
3088,28
3089,11
3089,24
3089,27
3090,32
3090,20
3090,12
3090,30
3090,36
3091,9
3091,29
3091,7
3091,36
3092,29
3092,19
3093,14
3093,16
3093,33
3093,30
3094,28
3094,33
3094,27
3094,22
3095,21
3095,26
3095,34
3095,31
3096,33
3096,18
3096,34
3097,24
3097,13
3098,9
3098,36
3099,25
3100,38
3100,37
3100,36
3101,12
3101,20
3101,17
3102,15
3102,34
3102,33
3102,13
3103,26
3103,25
3104,31
3104,27
3104,32
3105,35
3105,36
3105,26
3105,7
3106,30
3106,17
3106,26
3106,20
3107,38
3108,29
3109,28
3109,12
3109,21
3109,11
3110,14
3110,30
3110,19
3110,29
3111,7
3111,36
3111,8
3111,10
3111,32
3112,35
3112,11
3112,25
3113,24
3113,14
3114,7
3114,16
3114,38
3114,36
3115,9
3116,16
3117,27
3117,25
3117,8
3117,35
3118,27
3118,22
3118,14
3119,17
3119,31
3119,37
3119,19
3120,29
3120,19
3120,33
3121,20
3121,18
3121,14
3121,15
3122,24
3122,22
3122,35
3122,37
3122,27
3123,24
3124,15
3124,31
3124,8
3124,14
3124,20
3125,27
3126,24
3126,25
3127,7
3127,36
3128,8
3129,13
3129,38
3130,33
3130,21
3130,16
3131,8
3131,19
3132,23
3133,30
3133,26
3133,33
3133,10
3133,32
3134,12
3134,9
3135,11
3135,16
3135,26
3135,22
3135,17
3136,17
3137,38
3137,30
3137,34
3137,20
3137,9
3138,21
3138,31
3138,14
3138,19
3138,17
3139,20
3139,9
3139,27
3139,7
3140,33
3140,30
3141,18
3141,11
3142,14
3142,10
3142,32
3142,23
3143,36
3143,776
3144,17
3144,26
3144,20
3145,17
3145,21
3146,13
3146,28
3147,10
3148,23
3148,29
3149,32
3149,7
3150,17
3150,10
3150,13
3151,30
3151,24
3151,17
3151,31
3152,27
3152,475
3152,26
3152,28
3153,9
3153,10
3154,27
3154,25
3154,33
3155,22
3155,28
3155,13
3155,23
3155,17
3156,27
3156,11
3156,17
3156,35
3157,22
3157,16
3157,37
3158,25
3159,38
3160,38
3161,13
3161,36
3162,23
3162,22
3162,26
3163,16
3163,27
3163,12
3164,8
3164,25
3164,11
3165,27
3165,31
3166,26
3166,30
3166,11
3167,32
3167,35
3167,19
3168,32
3168,19
3168,24
3168,23
3168,13
3169,31
3169,28
3169,17
3170,32
3170,20
3170,12
3170,34
3171,27
3172,9
3172,7
3173,37
3174,38
3174,21
3174,36
3174,35
3174,24
3175,33
3176,19
3177,37
3177,38
3178,10
3178,27
3178,17
3178,21
3178,23
3179,33
3179,23
3179,34
3180,36
3180,23
3180,29
3181,38
3181,34
3181,14
3181,9
3182,12
3182,26
3182,7
3183,24
3183,35
3183,22
3184,36
3184,10
3184,12
3184,25
3184,16
3185,31
3185,28
3185,32
3185,7
3186,22
3187,22
3187,16
3187,32
3188,26
3188,34
3189,15
3190,35
3190,38
3191,33
3192,35
3192,14
3192,7
3192,22
3193,28
3193,29
3193,556
3193,36
3193,12
3194,8
3194,30
3194,33
3195,26
3195,12
3196,20
3196,19
3197,7
3198,13
3198,18
3198,10
3198,19
3198,28
3199,13
3199,16
3200,33
3200,15
3200,34
3200,32
3200,29
3201,23
3202,14
3202,20
3202,16
3202,34
3202,7
3203,19
3203,24
3203,35
3203,12
3203,20
3204,16
3205,19
3205,31
3206,14
3206,13
3206,15
3206,22
3206,26
3207,27
3207,34
3207,12
3207,38
3207,22
3208,23
3209,32
3210,14
3210,16
3210,17
3210,18
3211,17
3211,35
3211,27
3211,24
3211,18
3212,9
3212,28
3212,34
3212,22
3213,21
3213,29
3213,23
3214,37
3214,33
3214,12
3215,21
3215,16
3215,37
3215,20
3215,11
3216,27
3216,20
3217,12
3217,7
3218,18
3219,17
3219,37
3219,27
3220,13
3220,36
3220,25
3220,19
3221,8
3221,18
3221,22
3222,21
3222,24
3222,8
3222,16
3223,16
3223,10
3224,14
3224,15
3224,33
3224,31
3225,7
3226,15
3227,22
3228,37
3228,22
3229,17
3229,27
3229,30
3229,14
3230,23
3230,7
3231,34
3231,35
3231,32
3231,28
3232,18
3232,12
3232,38
3233,21
3233,8
3233,18
3234,23
3234,32
3234,18
3235,24
3236,27
3237,15
3237,38
3237,25
3237,26
3237,12
3238,37
3238,38
3238,15
3239,26
3240,32
3240,17
3240,34
3240,22
3241,19
3241,26
3241,20
3241,35
3241,21
3242,29
3242,20
3242,34
3243,35
3243,8
3244,9
3244,37
3244,38
3245,19
3245,10
3246,24
3246,23
3246,37
3247,22
3248,15
3248,26
3249,11
3250,26
3250,28
3250,16
3250,18
3250,29
3251,38
3252,37
3252,36
3252,26
3252,30
3253,36
3253,26
3254,36
3254,8
3254,23
3255,34
3255,25
3256,28
3257,30
3257,27
3257,15
3257,13
3258,7
3258,36
3259,19
3259,25
3259,9
3259,14
3260,10
3260,32
3260,19
3261,7
3262,25
3262,17
3263,18
3264,7
3264,8
3264,18
3264,27
3264,25
3265,35
3266,9
3266,16
3266,36
3266,28
3267,19
3268,18
3268,304
3268,34
3269,22
3269,23
3269,33
3270,13
3270,7
3271,27
3271,28
3271,9
3271,37
3272,32
3272,21
3272,19
3272,11
3273,10
3273,17
3273,16
3274,38
3274,8
3275,22
3275,28
3275,24
3276,22
3277,38
3278,32
3278,20
3278,25
3279,7
3279,29
3279,20
3280,29
3280,36
3281,38
3281,24
3281,14
3282,11
3282,35
3282,27
3282,29
3282,12
3283,20
3283,32
3283,16
3284,14
3284,26
3284,38
3285,27
3285,31
3286,21
3286,20
3286,11
3286,9
3287,14
3287,30
3287,20
3288,27
3288,19
3288,24
3289,25
3289,14
3289,13
3290,30
3291,18
3291,11
3291,21
3291,19
3291,23
3292,29
3292,27
3292,33
3293,23
3293,19
3293,12
3294,23
3294,13
3294,38
3294,25
3294,26
3295,26
3295,14
3295,19
3295,15
3296,19
3296,16
3297,17
3297,24
3298,10
3298,7
3298,8
3298,11
3299,25
3300,11
3300,19
3300,25
3301,25
3302,27
3303,31
3303,22
3303,25
3303,11
3303,27
3304,25
3304,20
3304,22
3305,30
3305,20
3306,33
3307,20
3307,29
3307,12
3307,38
3307,8
3308,16
3308,21
3308,18
3308,14
3309,34
3309,13
3309,35
3309,38
3309,8
3310,26
3310,14
3311,20
3312,10
3312,14
3312,12
3313,17
3313,8
3313,34
3313,234
3314,26
3315,9
3315,33
3315,14
3315,30
3316,27
3316,13
3316,33
3317,8
3317,38
3317,27
3318,14
3318,19
3319,37
3319,21
3319,32
3319,18
3320,11
3321,18
3321,34
3322,7
3322,27
3322,30
3323,26
3324,15
3324,21
3324,24
3325,32
3325,24
3325,7
3325,23
3326,18
3326,34
3327,14
3327,36
3327,32
3328,17
3328,25
3328,27
3328,33
3329,9
3329,14
3329,11
3329,38
3329,27
3330,29
3330,16
3330,24
3330,21
3330,36
3331,35
3331,7
3331,22
3331,18
3331,32
3332,29
3332,24
3332,23
3333,18
3333,27
3333,9
3334,34
3335,37
3335,7
3335,22
3336,22
3336,8
3337,14
3337,12
3337,30
3337,10
3338,7
3338,22
3338,23
3338,27
3338,35
3339,37
3339,24
3339,30
3339,16
3340,19
3340,26
3340,8
3340,15
3341,398
3341,18
3341,8
3342,14
3342,33
3342,20
3343,292
3343,14
3343,25
3343,32
3344,32
3344,23
3344,30
3345,26
3345,11
3345,16
3346,29
3346,17
3346,11
3346,18
3347,9
3347,19
3348,18
3348,22
3349,8
3349,16
3349,27
3349,21
3350,23
3351,33
3352,33
3353,23
3354,22
3354,19
3354,24
3354,35
3354,21
3355,7
3355,8
3356,400
3356,29
3356,34
3357,7
3358,16
3358,22
3358,9
3358,29
3359,17
3359,10
3359,35
3359,20
3359,22
3360,20
3360,17
3360,35
3360,18
3361,30
3361,26
3361,35
3361,21
3362,15
3362,17
3362,18
3362,10
3363,17
3364,35
3364,13
3364,37
3365,38
3366,12
3366,9
3366,30
3367,12
3367,27
3368,35
3369,8
3369,32
3369,21
3370,10
3370,31
3370,33
3370,7
3370,23
3371,24
3371,11
3371,36
3371,13
3372,18
3373,14
3373,28
3373,30
3374,7
3374,13
3374,24
3375,9
3375,17
3375,21
3375,37
3375,26
3376,28
3376,21
3376,11
3376,33
3376,15
3377,10
3377,27
3377,21
3378,25
3378,35
3379,33
3379,8
3379,22
3380,26
3380,33
3380,19
3380,36
3381,16
3381,33
3381,31
3381,30
3381,38
3382,30
3382,15
3382,20
3382,37
3383,24
3383,35
3383,7
3383,11
3384,12
3384,34
3384,32
3384,30
3385,22
3385,18
3385,32
3385,26
3386,18
3387,9
3387,32
3388,26
3388,10
3389,26
3389,16
3389,14
3390,17
3391,7
3391,20
3391,28
3392,29
3392,28
3392,9
3392,35
3392,24
3393,8
3393,9
3393,21
3393,565
3394,32
3394,22
3395,18
3395,14
3396,34
3396,35
3396,22
3397,19
3397,37
3397,20
3398,24
3399,36
3399,29
3400,28
3400,25
3401,17
3401,21
3401,35
3401,9
3402,19
3402,38
3402,12
3403,18
3403,7
3403,35
3404,10
3405,8
3405,17
3405,13
3406,7
3406,18
3407,19
3408,37
3409,38
3410,18
3410,29
3411,24
3411,32
3412,7
3413,17
3414,35
3414,17
3414,11
3415,24
3416,7
3416,16
3417,27
3418,29
3418,20
3418,21
3418,17
3419,19
3419,8
3419,26
3419,21
3420,20
3421,8
3421,34
3421,10
3421,189
3421,30
3422,22
3422,30
3423,32
3424,12
3424,26
3425,23
3425,7
3425,33
3425,27
3426,18
3426,16
3426,15
3426,35
3427,19
3427,12
3427,32
3428,19
3429,28
3429,30
3429,35
3429,22
3430,18
3430,37
3430,9
3430,17
3431,8
3431,38
3432,11
3432,38
3432,28
3433,19
3433,37
3433,32
3433,22
3434,35
3434,18
3434,31
3435,14
3435,27
3435,10
3436,21
3436,24
3436,17
3436,37
3436,28
3437,17
3438,29
3438,17
3438,34
3439,24
3439,19
3440,15
3440,14
3441,16
3441,33
3441,32
3441,21
3442,38
3442,8
3442,22
3442,19
3443,25
3443,20
3444,17
3444,29
3444,8
3444,38
3445,10
3445,8
3445,31
3446,8
3446,34
3446,21
3446,9
3447,19
3447,7
3448,38
3448,19
3448,8
3449,24
3450,25
3450,36
3450,37
3450,16
3451,30
3451,37
3451,18
3452,10
3452,36
3452,19
3453,8
3454,21
3454,12
3454,13
3455,32
3455,18
3455,15
3455,26
3456,20
3456,35
3456,34
3457,11
3458,13
3458,34
3458,17
3459,874
3459,18
3459,20
3460,33
3460,19
3460,11
3461,30
3461,18
3461,32
3462,21
3462,22
3462,7
3462,26
3463,26
3464,31
3464,24
3465,31
3466,15
3466,30
3467,9
3467,10
3467,24
3468,25
3469,33
3469,20
3470,17
3470,16
3470,23
3470,14
3471,11
3471,8
3471,27
3471,12
3472,24
3473,38
3473,28
3473,23
3473,27
3474,23
3474,24
3474,26
3475,16
3476,37
3476,20
3477,21
3477,18
3477,24
3477,27
3478,35
3479,37
3480,13
3481,9
3481,19
3481,32
3482,28
3482,17
3482,29
3483,23
3483,28
3483,29
3483,8
3484,29
3485,9
3485,14
3485,38
3486,37
3486,11
3487,12
3488,23
3489,11
3490,30
3491,25
3491,33
3491,7
3492,34
3492,449
3492,16
3492,22
3493,11
3493,8
3494,15
3494,8
3494,20
3495,13
3495,36
3495,17
3496,22
3497,21
3498,18
3498,16
3498,26
3499,8
3499,24
3500,38
3500,13
3500,35
3501,31
3501,11
3502,8
3502,15
3502,13
3503,37
3503,32
3503,19
3504,31
3504,26
3504,12
3504,17
3505,11
3506,16
3507,10
3508,37
3508,9
3508,34
3508,19
3508,27
3509,17
3509,19
3510,9
3510,20
3511,38
3512,10
3512,35
3512,16
3512,13
3513,17
3513,10
3514,29
3514,19
3514,32
3514,155
3515,7
3515,16
3515,36
3515,21
3515,38
3516,16
3516,22
3517,9
3517,38
3517,12
3517,17
3518,37
3518,7
3519,31
3519,38
3519,29
3519,30
3520,25
3520,11
3520,30
3521,21
3522,16
3522,29
3522,10
3523,11
3524,11
3524,13
3524,812
3524,23
3525,38
3526,10
3526,32
3527,20
3527,18
3527,29
3527,27
3528,27
3528,19
3529,28
3529,7
3529,23
3529,9
3530,24
3530,22
3530,23
3531,21
3532,20
3533,26
3533,22
3533,8
3533,16
3533,32
3534,9
3535,11
3536,25
3536,28
3536,9
3537,10
3537,34
3537,16
3537,15
3538,8
3538,26
3539,22
3539,7
3539,29
3540,26
3540,34
3540,29
3540,18
3541,13
3541,36
3541,15
3542,16
3542,19
3542,29
3542,27
3543,34
3543,30
3543,10
3543,29
3544,26
3544,29
3545,38
3545,14
3545,9
3545,17
3546,22
3546,21
3546,28
3546,10
3547,20
3548,15
3548,38
3548,27
3548,35
3548,17
3549,31
3549,15
3550,29
3551,24
3551,21
3551,38
3551,35
3552,7
3553,12
3553,22
3553,25
3553,34
3553,28
3554,31
3554,23
3554,29
3555,23
3555,12
3555,11
3556,30
3556,7
3556,24
3556,27
3556,31
3557,24
3557,27
3557,25
3557,19
3557,7
3558,18
3558,7
3558,22
3559,34
3559,26
3560,32
3560,36
3560,18
3560,12
3560,38
3561,11
3561,37
3561,17
3562,37
3562,8
3562,9
3563,27
3563,29
3564,17
3564,24
3564,32
3565,25
3565,31
3565,33
3566,10
3567,36
3567,9
3568,37
3569,30
3569,35
3569,23
3570,21
3571,32
3571,27
3571,19
3571,26
3571,23
3572,30
3572,35
3572,33
3572,28
3572,19
3573,18
3573,20
3573,15
3573,12
3574,16
3574,10
3574,248
3575,10
3575,14
3576,28
3576,33
3576,38
3576,14
3577,37
3577,32
3577,7
3578,23
3578,19
3578,26
3578,32
3579,9
3579,29
3579,24
3580,33
3580,24
3580,21
3581,18
3581,11
3582,19
3582,18
3582,36
3582,7
3583,33
3584,31
3584,13
3584,35
3585,29
3585,33
3586,22
3586,24
3587,26
3587,35
3587,34
3587,28
3587,24
3588,22
3588,17
3589,29
3589,27
3589,26
3590,19
3590,26
3590,10
3591,32
3591,31
3591,15
3592,36
3592,18
3592,27
3593,10
3593,13
3593,29
3593,21
3594,22
3594,32
3595,32
3595,7
3595,14
3595,10
3595,30
3596,12
3596,25
3596,24
3596,36
3596,21
3597,32
3597,23
3597,36
3598,21
3598,15
3598,9
3598,20
3598,22
3599,32
3599,757
3599,14
3599,21
3600,9
3600,16
3601,31
3601,10
3602,35
3602,38
3602,14
3602,33
3602,11
3603,12
3603,23
3604,28
3604,33
3604,18
3604,20
3604,38
3605,28
3606,13
3607,38
3607,29
3607,9
3608,38
3608,9
3609,37
3609,16
3609,10
3609,25
3609,22
3610,35
3610,27
3610,17
3611,20
3611,33
3611,36
3611,18
3611,24
3612,31
3612,14
3612,11
3613,26
3614,19
3614,12
3615,35
3616,37
3616,29
3617,19
3617,14
3617,7
3617,21
3617,25
3618,33
3618,29
3619,24
3619,38
3619,14
3620,28
3621,10
3621,21
3622,16
3622,30
3622,21
3622,19
3622,12
3623,34
3623,8
3623,37
3624,28
3624,29
3624,38
3625,29
3625,21
3626,26
3626,36
3626,14
3626,9
3627,29
3627,22
3628,18
3628,23
3628,30
3629,23
3630,25
3630,20
3631,16
3631,38
3631,29
3632,14
3632,10
3632,20
3632,16
3633,32
3633,37
3633,35
3634,36
3634,10
3634,12
3634,32
3635,23
3635,32
3635,19
3635,24
3635,25
3636,17
3636,12
3636,34
3636,10
3636,38
3637,7
3637,34
3637,22
3638,7
3638,32
3638,11
3639,34
3639,10
3639,35
3640,26
3640,8
3640,24
3640,28
3640,27
3641,10
3641,11
3641,36
3641,9
3641,32
3642,11
3642,15
3642,28
3643,8
3644,34
3644,30
3644,10
3645,19
3646,8
3646,35
3646,21
3646,22
3646,14
3647,23
3647,17
3648,34
3649,9
3649,22
3649,28
3650,21
3650,26
3650,29
3650,37
3651,21
3651,337
3651,29
3651,34
3651,31
3652,25
3652,12
3652,16
3652,27
3652,8
3653,12
3653,33
3653,35
3653,15
3653,26
3654,20
3654,13
3654,19
3655,25
3655,33
3656,9
3656,17
3656,8
3657,29
3657,19
3657,22
3657,18
3657,20
3658,20
3658,38
3659,21
3659,29
3660,11
3660,10
3660,13
3660,24
3661,22
3661,19
3661,16
3661,32
3661,34
3662,24
3663,27
3664,12
3664,7
3664,10
3664,9
3664,15
3665,33
3665,11
3666,24
3666,18
3667,10
3667,29
3667,11
3667,14
3667,17
3668,28
3668,12
3668,7
3668,22
3668,16
3669,15
3670,28
3670,13
3670,27
3671,16
3671,26
3671,17
3671,28
3671,23
3672,34
3673,21
3673,10
3673,29
3674,16
3674,34
3674,18
3675,16
3675,20
3676,38
3676,36
3677,17
3677,9
3677,38
3677,19
3677,37
3678,21
3678,8
3678,33
3678,7
3679,16
3679,18
3679,28
3679,36
3679,17
3680,20
3680,29
3680,23
3681,11
3681,28
3681,14
3681,15
3682,12
3682,26
3682,38
3683,30
3683,37
3683,34
3683,23
3684,19
3685,19
3685,37
3685,25
3685,31
3685,15
3686,32
3686,22
3687,32
3688,32
3688,23
3688,24
3688,20
3689,21
3689,18
3689,37
3689,31
3689,38
3690,15
3690,17
3690,26
3690,12
3690,16
3691,22
3691,28
3691,25
3691,17
3692,30
3693,37
3693,20
3693,30
3694,24
3694,12
3694,7
3694,27
3695,24
3695,12
3696,34
3696,28
3696,27
3697,32
3698,37
3698,30
3699,15
3700,19
3700,9
3701,27
3701,38
3701,21
3701,33
3701,12
3702,31
3702,25
3702,24
3703,29
3704,30
3705,35
3706,38
3706,13
3706,33
3706,35
3706,25
3707,24
3708,25
3708,24
3708,31
3708,28
3709,30
3709,20
3709,34
3710,12
3710,19
3710,16
3711,8
3712,26
3712,14
3713,20
3713,22
3714,31
3714,21
3714,7
3714,32
3715,29
3715,15
3715,34
3715,25
3716,13
3716,27
3716,34
3717,9
3717,18
3717,30
3718,7
3718,23
3719,36
3719,22
3719,35
3719,30
3720,10
3720,23
3720,28
3720,25
3720,21
3721,33
3721,17
3721,10
3721,34
3721,25
3722,21
3722,18
3722,12
3723,19
3723,12
3723,33
3723,24
3724,28
3724,15
3724,18
3724,20
3724,7
3725,35
3725,7
3725,8
3725,36
3725,30
3726,11
3726,34
3726,7
3726,32
3726,35
3727,26
3727,19
3727,28
3728,32
3728,15
3729,10
3729,8
3730,16
3730,19
3730,30
3730,28
3730,25
3731,7
3732,30
3732,35
3732,36
3732,12
3733,15
3734,8
3734,38
3734,26
3734,35
3735,32
3735,12
3735,18
3736,24
3736,33
3736,8
3736,22
3737,18
3737,26
3737,33
3737,34
3738,20
3738,7
3739,15
3740,34
3740,14
3740,18
3740,25
3740,7
3741,33
3741,12
3741,27
3741,22
3742,22
3742,11
3742,36
3742,7
3743,16
3743,28
3743,20
3743,35
3744,37
3744,10
3745,10
3745,17
3745,32
3746,26
3747,38
3747,22
3747,37
3747,17
3747,32
3748,14
3748,34
3748,19
3749,18
3749,7
3749,37
3749,31
3750,539
3750,21
3750,26
3751,30
3751,16
3752,28
3753,20
3753,34
3753,37
3754,19
3754,35
3754,22
3755,24
3755,12
3756,10
3756,14
3756,9
3756,16
3756,19
3757,16
3757,37
3757,18
3757,11
3758,21
3759,27
3760,21
3760,14
3761,34
3761,17
3762,27
3763,18
3763,15
3763,23
3764,30
3764,29
3765,20
3765,7
3765,31
3765,22
3765,34
3766,38
3766,32
3766,28
3766,12
3767,36
3768,32
3768,22
3768,25
3768,28
3768,10
3769,13
3769,33
3769,21
3769,30
3769,37
3770,25
3770,32
3771,21
3771,10
3772,24
3772,28
3772,19
3772,9
3773,21
3773,35
3774,21
3775,24
3776,36
3777,30
3778,11
3778,10
3778,36
3779,17
3779,20
3780,29
3780,13
3781,36
3781,26
3781,32
3781,37
3782,26
3782,35
3783,23
3783,31
3783,15
3784,12
3784,26
3784,29
3784,24
3785,28
3786,24
3786,29
3786,37
3787,11
3787,14
3787,31
3788,27
3788,34
3788,37
3788,29
3789,12
3789,19
3789,8
3789,24
3790,29
3790,31
3790,11
3790,27
3790,26
3791,28
3791,25
3791,29
3791,18
3792,24
3792,11
3792,26
3792,35
3793,34
3793,37
3793,31
3794,31
3795,18
3796,12
3797,12
3797,23
3797,7
3797,18
3797,38
3798,17
3798,18
3798,37
3798,25
3798,35
3799,9
3799,22
3799,35
3799,34
3799,7
3800,20
3801,13
3801,11
3801,19
3801,15
3801,25
3802,38
3802,33
3803,24
3803,12
3803,18
3804,20
3804,34
3804,23
3804,17
3804,25
3805,32
3805,31
3805,26
3805,21
3805,33
3806,31
3806,8
3806,24
3806,30
3806,35
3807,34
3807,18
3807,216
3807,12
3808,7
3808,14
3808,33
3808,134
3808,29
3809,20
3809,7
3809,26
3809,10
3810,9
3810,21
3810,17
3810,30
3811,31
3811,33
3812,8
3812,7
3812,23
3813,19
3813,24
3814,35
3814,11
3814,9
3814,38
3815,33
3815,27
3816,12
3816,35
3816,9
3816,16
3817,38
3818,32
3819,32
3819,29
3820,15
3821,31
3821,19
3821,36
3822,16
3822,36
3822,9
3822,7
3822,27
3823,18
3824,34
3824,10
3824,25
3824,19
3825,38
3825,9
3825,31
3825,8
3825,23
3826,18
3826,31
3826,21
3827,38
3827,8
3828,33
3828,13
3828,28
3829,12
3829,21
3829,38
3829,14
3829,15
3830,28
3830,11
3830,38
3831,26
3831,17
3831,25
3831,20
3832,18
3832,16
3832,22
3833,13
3833,16
3833,21
3833,38
3833,11
3834,124
3835,19
3835,14
3835,30
3835,31
3836,7
3836,31
3837,17
3838,15
3838,30
3838,20
3838,16
3839,8
3839,17
3840,8
3840,26
3840,10
3841,37
3841,12
3842,28
3842,7
3842,38
3842,10
3842,16
3843,27
3843,13
3843,20
3843,9
3844,19
3844,8
3844,34
3844,27
3845,23
3845,35
3845,10
3845,14
3846,33
3846,24
3847,15
3847,31
3848,31
3848,26
3849,19
3849,24
3849,20
3850,14
3850,26
3850,13
3850,27
3851,22
3851,10
3851,23
3851,29
3851,28
3852,10
3852,37
3853,31
3854,32
3855,19
3855,36
3855,15
3856,36
3856,27
3857,27
3857,21
3857,11
3857,7
3858,27
3858,25
3858,28
3859,14
3860,34
3861,13
3861,19
3862,13
3863,34
3863,13
3863,27
3864,17
3864,29
3865,8
3865,15
3865,36
3866,34
3866,13
3866,19
3866,8
3866,15
3867,35
3867,11
3868,18
3868,10
3868,19
3868,16
3869,12
3869,13
3869,17
3869,21
3870,12
3871,24
3871,27
3871,32
3872,38
3872,7
3872,11
3873,19
3873,21
3873,35
3873,25
3874,15
3874,12
3875,35
3875,23
3875,15
3876,28
3877,21
3877,16
3877,33
3877,19
3877,11
3878,13
3878,30
3878,21
3879,26
3879,25
3879,29
3880,16
3880,19
3881,34
3881,23
3881,19
3882,38
3882,20
3882,30
3883,21
3883,34
3883,12
3884,23
3884,17
3884,412
3885,34
3885,17
3885,9
3886,30
3886,19
3886,25
3886,35
3887,30
3887,13
3888,12
3888,10
3888,33
3888,31
3889,28
3889,26
3890,35
3890,20
3890,19
3890,22
3891,10
3891,20
3891,27
3891,12
3891,19
3892,22
3892,21
3892,25
3892,17
3892,29
3893,11
3893,29
3893,27
3894,33
3894,12
3895,12
3895,37
3896,25
3896,12
3896,22
3896,23
3896,32
3897,25
3897,33
3897,12
3897,19
3898,28
3898,19
3898,13
3898,22
3899,22
3899,8
3899,27
3899,24
3899,35
3900,36
3900,27
3900,19
3900,32
3900,29
3901,12
3902,8
3903,35
3903,17
3903,30
3903,31
3904,28
3904,33
3905,19
3905,30
3905,26
3905,37
3905,9
3906,14
3906,9
3907,12
3907,26
3907,30
3908,12
3909,37
3909,9
3909,15
3910,16
3910,15
3910,35
3911,16
3911,33
3911,22
3912,11
3912,24
3913,19
3913,25
3913,9
3914,20
3915,14
3915,27
3915,38
3916,28
3916,34
3916,29
3917,24
3918,29
3918,18
3918,24
3919,33
3919,12
3919,22
3920,16
3920,24
3920,8
3920,10
3921,11
3921,7
3922,9
3922,14
3922,37
3922,32
3923,37
3923,22
3923,19
3923,11
3924,27
3924,12
3924,24
3924,21
3924,38
3925,20
3925,18
3926,17
3926,24
3926,35
3926,25
3927,11
3928,21
3928,36
3929,29
3930,25
3931,30
3931,35
3931,37
3931,16
3931,12
3932,36
3932,37
3932,26
3932,10
3933,20
3933,15
3934,30
3934,23
3934,8
3934,31
3935,35
3935,19
3935,13
3935,23
3936,16
3936,8
3937,21
3938,29
3938,14
3938,30
3938,7
3939,9
3939,24
3940,19
3941,29
3941,11
3941,8
3941,21
3941,17
3942,38
3942,8
3942,30
3942,25
3943,25
3943,12
3943,24
3943,23
3944,37
3944,17
3944,28
3944,8
3944,14
3945,18
3945,30
3945,13
3945,28
3945,36
3946,33
3947,28
3947,30
3947,27
3947,23
3947,21
3948,26
3948,33
3949,23
3949,14
3949,17
3949,33
3950,24
3951,20
3951,7
3951,29
3952,33
3952,36
3952,7
3953,21
3953,26
3953,23
3953,37
3954,18
3954,30
3954,38
3954,23
3954,35
3955,13
3956,34
3956,24
3956,8
3956,25
3957,10
3957,27
3957,35
3958,23
3958,657
3958,14
3959,12
3959,29
3959,22
3959,9
3960,20
3960,22
3961,21
3961,30
3962,8
3962,30
3962,33
3962,37
3962,9
3963,36
3964,36
3964,7
3964,20
3964,24
3965,12
3965,33
3965,446
3966,28
3966,12
3967,27
3967,16
3968,9
3968,10
3968,37
3969,23
3970,10
3971,14
3972,35
3972,8
3972,31
3973,27
3973,16
3973,38
3973,15
3974,32
3974,24
3975,15
3975,16
3976,22
3977,26
3977,29
3978,38
3978,10
3978,9
3978,20
3979,7
3979,17
3979,9
3979,14
3980,38
3980,10
3981,28
3981,27
3981,22
3981,21
3981,14
3982,33
3982,27
3982,17
3983,7
3983,16
3984,27
3984,19
3984,20
3984,34
3985,34
3985,9
3985,29
3985,36
3986,34
3986,15
3986,19
3986,20
3986,22
3987,11
3987,10
3988,22
3988,25
3989,35
3989,12
3990,15
3990,37
3990,19
3991,30
3991,16
3991,10
3992,19
3992,9
3992,25
3992,17
3992,24
3993,16
3993,37
3994,26
3994,18
3995,10
3995,16
3995,19
3995,36
3995,21
3996,33
3996,19
3997,34
3997,9
3997,27
3998,17
3998,16
3998,36
3999,11
3999,29
3999,10
3999,17
4000,29
4000,22
4001,26
4001,19
4001,21
4001,25
4001,34
4002,34
4002,15
4003,8
4004,16
4004,7
4004,29
4004,9
4005,10
4005,38
4006,27
4006,31
4006,11
4006,35
4007,31
4007,33
4007,8
4008,31
4009,32
4009,13
4009,28
4009,22
4009,8
4010,9
4010,15
4010,31
4011,30
4011,26
4012,14
4012,32
4013,10
4014,11
4014,36
4014,30
4014,8
4014,9
4015,12
4015,9
4015,18
4016,37
4016,25
4016,23
4016,157
4017,15
4017,32
4018,33
4018,10
4018,31
4019,34
4019,31
4019,36
4019,9
4019,21
4020,18
4020,17
4020,809
4021,15
4021,37
4021,17
4022,29
4022,21
4022,27
4023,28
4023,16
4024,14
4024,23
4024,37
4024,7
4025,37
4025,15
4026,23
4026,21
4026,18
4027,36
4027,14
4027,26
4027,32
4028,7
4028,22
4029,24
4030,29
4030,32
4031,33
4031,24
4032,38
4032,12
4032,33
4032,17
4033,18
4033,35
4033,16
4033,36
4034,17
4035,27
4035,37
4035,23
4035,34
4036,8
4036,24
4036,15
4036,722
4037,8
4037,17
4037,24
4037,34
4038,35
4038,26
4038,38
4038,22
4039,35
4040,18
4041,38
4041,22
4041,33
4041,37
4041,244
4042,10
4043,25
4043,38
4043,32
4043,33
4044,29
4045,24
4045,36
4046,24
4046,21
4046,15
4046,22
4046,25
4047,34
4047,15
4048,37
4048,15
4048,28
4048,33
4048,35
4049,31
4049,33
4049,36
4050,13
4051,37
4051,36
4051,13
4052,11
4052,14
4052,26
4052,17
4053,10
4053,9
4053,17
4053,35
4054,32
4054,24
4055,19
4055,29
4055,7
4056,15
4056,11
4056,14
4056,17
4057,30
4057,21
4057,16
4058,11
4058,21
4058,12
4059,23
4059,35
4059,25
4060,21
4060,29
4060,28
4060,19
4060,34
4061,30
4061,9
4061,21
4061,37
4062,7
4062,19
4062,22
4062,25
4063,28
4064,12
4064,33
4065,32
4065,28
4065,20
4065,7
4065,26
4066,8
4066,18
4066,13
4066,25
4066,37
4067,33
4067,35
4068,30
4068,17
4069,34
4070,9
4070,33
4071,24
4071,20
4072,38
4072,7
4072,23
4073,12
4074,21
4075,34
4075,24
4076,21
4076,12
4076,20
4076,26
4077,25
4077,17
4078,8
4078,9
4078,33
4078,36
4079,19
4079,11
4079,9
4079,29
4079,7
4080,10
4081,36
4081,32
4081,12
4082,11
4082,12
4082,18
4082,25
4082,26
4083,7
4083,31
4083,20
4083,38
4084,17
4084,20
4084,33
4084,11
4085,13
4085,30
4085,8
4085,12
4085,20
4086,8
4087,26
4087,13
4088,36
4089,35
4089,7
4089,16
4090,32
4090,30
4091,30
4091,23
4091,14
4091,25
4091,37
4092,29
4092,24
4092,12
4093,21
4093,23
4093,19
4094,25
4094,36
4094,13
4095,7
4095,18
4095,36
4096,30
4097,25
4098,24
4098,10
4098,19
4098,7
4099,24
4100,31
4100,20
4100,23
4100,35
4100,26
4101,10
4102,23
4102,7
4103,16
4103,35
4103,239
4103,19
4104,26
4104,13
4104,12
4104,31
4105,10
4105,25
4105,22
4106,17
4106,16
4106,36
4106,14
4106,18
4107,16
4107,18
4108,8
4108,37
4108,27
4108,11
4109,10
4110,22
4111,25
4112,13
4112,11
4112,33
4112,12
4113,34
4113,26
4113,21
4113,38
4113,36
4114,19
4114,32
4114,31
4115,25
4115,21
4116,31
4116,18
4116,36
4117,35
4117,17
4117,33
4117,30
4117,36
4118,11
4119,18
4119,10
4120,608
4121,37
4121,29
4121,28
4122,38
4122,9
4123,31
4123,25
4124,33
4125,36
4125,27
4125,10
4126,15
4126,30
4127,38
4128,17
4129,34
4129,37
4129,339
4129,15
4129,16
4130,30
4131,38
4131,18
4132,34
4132,36
4132,32
4132,31
4132,25
4133,15
4133,17
4133,13
4133,35
4133,27
4134,14
4135,7
4135,35
4135,26
4135,11
4135,33
4136,20
4137,14
4137,30
4137,16
4137,36
4138,23
4138,18
4138,19
4138,10
4138,22
4139,21
4139,33
4139,16
4140,21
4140,32
4140,34
4141,29
4141,16
4141,11
4142,9
4142,26
4143,21
4143,23
4143,15
4143,9
4143,38
4144,10
4145,31
4146,21
4147,32
4147,30
4147,10
4147,24
4148,36
4148,392
4148,16
4148,24
4149,15
4149,23
4149,13
4150,32
4150,21
4151,36
4151,31
4151,10
4151,21
4152,38
4153,9
4154,20
4155,8
4155,22
4156,25
4157,12
4157,20
4157,29
4157,32
4158,11
4158,16
4159,36
4160,35
4160,26
4161,33
4161,25
4161,27
4161,10
4162,10
4162,20
4163,14
4163,36
4164,30
4164,33
4165,26
4165,24
4166,25
4166,9
4166,10
4166,30
4167,24
4168,35
4169,36
4169,35
4169,33
4169,24
4170,18
4170,25
4170,29
4170,35
4170,30
4171,22
4171,21
4171,24
4171,32
4172,17
4172,28
4173,12
4173,7
4174,12
4175,11
4175,32
4175,35
4175,20
4176,36
4176,17
4176,15
4177,35
4177,16
4177,11
4177,9
4178,23
4178,13
4178,37
4178,29
4179,28
4179,23
4179,21
4179,32
4180,31
4180,28
4180,30
4181,14
4181,31
4181,10
4181,17
4182,37
4182,17
4183,24
4183,12
4184,15
4185,36
4185,32
4185,13
4186,27
4186,11
4186,34
4186,135
4187,37
4187,7
4187,26
4187,36
4187,25
4188,15
4188,11
4188,32
4188,19
4189,26
4189,13
4190,13
4190,26
4191,777
4191,7
4191,30
4191,10
4191,27
4192,9
4192,31
4192,28
4192,11
4193,27
4193,13
4194,25
4194,20
4194,7
4194,33
4195,32
4195,34
4195,22
4196,13
4196,10
4196,17
4197,19
4197,21
4198,18
4198,9
4198,290
4199,10
4199,8
4199,21
4199,31
4200,7
4200,17
4200,13
4200,37
4201,9
4201,21
4202,37
4202,17
4202,9
4202,28
4203,22
4203,27
4203,30
4203,28
4204,25
4204,36
4205,10
4205,12
4205,14
4205,36
4205,13
4206,14
4207,22
4207,9
4207,21
4207,30
4208,33
4208,25
4209,36
4209,17
4209,14
4209,28
4210,7
4211,25
4211,21
4211,17
4211,14
4211,12
4212,25
4212,12
4212,30
4212,24
4213,16
4213,21
4214,24
4214,10
4214,33
4215,11
4215,34
4215,28
4216,7
4217,8
4217,36
4217,28
4218,30
4218,24
4218,17
4218,16
4218,19
4219,25
4219,36
4219,8
4220,19
4220,13
4221,22
4221,12
4221,14
4222,21
4222,36
4222,38
4223,27
4223,33
4224,10
4224,35
4225,9
4225,37
4225,12
4226,30
4227,17
4227,16
4227,37
4228,15
4228,38
4228,28
4228,32
4229,22
4229,33
4229,32
4229,20
4230,8
4231,9
4231,28
4231,30
4231,19
4232,24
4232,15
4232,16
4233,14
4234,12
4234,23
4234,26
4234,14
4234,11
4235,13
4236,31
4236,14
4236,8
4236,12
4237,16
4237,22
4237,8
4238,10
4238,20
4238,37
4239,7
4240,37
4240,24
4241,23
4241,27
4241,33
4242,7
4242,19
4242,15
4242,20
4242,10
4243,11
4244,32
4244,15
4244,38
4245,15
4245,18
4245,7
4245,23
4245,20
4246,35
4246,36
4246,16
4247,15
4247,21
4247,8
4247,27
4248,7
4249,690
4250,26
4250,21
4250,38
4250,32
4251,29
4251,23
4251,18
4252,13
4253,34
4254,10
4254,12
4255,33
4255,25
4255,23
4255,26
4256,26
4256,30
4256,37
4256,29
4257,28
4258,8
4258,9
4258,15
4259,27
4259,10
4259,19
4260,18
4260,31
4260,22
4260,26
4261,19
4261,10
4262,31
4262,38
4262,19
4263,35
4263,26
4263,20
4264,10
4264,32
4265,17
4265,26
4265,31
4266,24
4266,29
4267,27
4267,12
4267,33
4268,9
4268,13
4268,32
4268,27
4269,38
4269,35
4269,19
4269,13
4270,38
4270,23
4270,34
4270,10
4271,26
4271,14
4271,12
4272,7
4273,32
4273,20
4273,27
4274,23
4275,33
4275,32
4275,27
4275,36
4276,23
4276,37
4277,14
4277,29
4277,10
4277,33
4277,27
4278,23
4279,35
4280,31
4281,38
4281,32
4281,10
4282,27
4282,17
4282,36
4282,12
4283,18
4284,25
4284,15
4284,8
4284,383
4284,38
4285,7
4285,28
4285,20
4286,13
4286,35
4286,33
4286,31
4287,37
4288,27
4289,16
4289,28
4290,26
4290,13
4290,10
4291,8
4291,18
4291,35
4291,22
4291,27
4292,32
4292,9
4292,11
4292,7
4292,38
4293,36
4293,18
4293,25
4294,30
4295,32
4295,31
4295,22
4295,24
4295,10
4296,25
4296,38
4296,19
4296,10
4296,28
4297,25
4297,14
4297,24
4298,26
4299,25
4299,14
4299,11
4300,32
4301,29
4301,35
4302,24
4302,27
4302,11
4303,19
4303,36
4303,31
4303,10
4304,12
4304,19
4304,8
4304,15
4304,37
4305,25
4305,12
4305,34
4305,14
4305,26
4306,26
4306,30
4306,31
4306,15
4307,22
4307,12
4308,25
4308,31
4308,7
4308,8
4308,28
4309,29
4310,7
4310,20
4310,16
4310,18
4311,12
4311,31
4311,23
4312,15
4312,9
4312,37
4312,17
4313,22
4314,11
4314,9
4314,30
4314,35
4314,13
4315,15
4315,28
4315,13
4315,34
4315,30
4316,16
4316,12
4316,21
4316,13
4316,30
4317,29
4317,32
4317,18
4318,23
4318,19
4318,20
4318,22
4319,36
4319,14
4320,29
4320,36
4320,14
4321,25
4321,14
4321,20
4321,37
4322,17
4323,14
4323,27
4323,36
4323,12
4324,12
4324,18
4324,11
4324,22
4325,22
4326,22
4326,29
4327,30
4327,18
4327,32
4327,36
4328,37
4328,38
4329,16
4329,28
4329,27
4329,22
4329,30
4330,35
4330,19
4330,30
4330,23
4331,29
4331,24
4331,8
4332,29
4332,32
4333,17
4333,21
4333,15
4333,20
4333,8
4334,18
4334,28
4334,25
4334,26
4334,29
4335,18
4335,23
4335,11
4335,9
4336,20
4337,23
4337,20
4338,26
4338,28
4338,24
4339,33
4339,19
4340,11
4340,36
4341,26
4341,38
4341,16
4341,27
4342,309
4342,10
4343,38
4343,36
4343,15
4343,25
4343,7
4344,20
4344,25
4345,29
4345,31
4345,15
4345,20
4346,15
4346,22
4347,9
4347,31
4347,19
4347,10
4347,34
4348,16
4348,11
4348,23
4349,10
4349,12
4349,35
4349,32
4349,9
4350,22
4351,31
4352,15
4352,25
4353,36
4354,26
4355,37
4355,21
4355,19
4356,30
4357,7
4357,13
4358,38
4358,22
4358,10
4358,31
4358,19
4359,19
4359,16
4359,28
4360,31
4360,34
4360,19
4360,27
4360,26
4361,30
4362,25
4362,37
4363,29
4363,8
4363,21
4364,29
4364,22
4365,18
4365,27
4366,17
4366,21
4366,38
4367,9
4367,32
4367,26
4367,10
4367,36
4368,23
4368,9
4369,33
4369,21
4370,31
4370,37
4370,32
4371,25
4371,33
4371,36
4372,22
4372,31
4373,27
4373,33
4373,25
4373,37
4373,28
4374,30
4375,19
4375,27
4375,21
4375,13
4376,30
4377,20
4377,12
4377,38
4377,23
4378,28
4378,18
4378,10
4378,35
4379,36
4380,25
4380,22
4380,38
4381,29
4382,34
4382,13
4382,9
4383,9
4383,7
4384,29
4384,31
4384,21
4384,34
4385,16
4385,19
4385,24
4385,38
4385,25
4386,19
4386,36
4386,20
4386,15
4386,13
4387,133
4387,33
4387,14
4388,32
4388,16
4388,11
4388,38
4389,36
4390,35
4390,19
4391,8
4391,16
4391,26
4391,18
4391,31
4392,34
4392,36
4392,12
4392,14
4392,37
4393,25
4393,36
4393,12
4394,12
4394,8
4394,18
4394,35
4395,22
4395,9
4395,24
4395,33
4395,23
4396,36
4396,20
4397,22
4397,7
4398,28
4398,22
4398,35
4399,34
4399,14
4399,18
4399,38
4400,14
4400,18
4400,38
4400,28
4400,33
4401,12
4401,20
4401,36
4401,25
4401,34
4402,15
4402,16
4402,12
4402,22
4402,38
4403,17
4403,37
4403,29
4404,31
4404,17
4404,13
4405,34
4405,31
4405,30
4406,24
4406,27
4407,100
4408,29
4408,7
4408,11
4409,20
4409,12
4409,38
4409,26
4410,26
4410,23
4410,19
4410,8
4411,27
4412,23
4412,26
4413,16
4413,34
4414,16
4414,33
4414,9
4415,11
4415,12
4415,30
4415,21
4415,17
4416,34
4416,27
4416,8
4416,30
4416,31
4417,9
4418,31
4418,17
4419,9
4419,21
4419,32
4419,25
4419,35
4420,11
4420,20
4420,29
4420,36
4421,19
4421,35
4421,16
4422,34
4422,13
4423,13
4423,11
4424,28
4424,11
4425,15
4425,26
4425,31
4425,22
4426,10
4427,21
4427,31
4427,28
4428,30
4428,7
4428,22
4428,10
4429,32
4430,32
4430,12
4430,8
4430,11
4430,36
4431,508
4432,27
4432,24
4432,13
4432,14
4433,21
4433,14
4434,18
4434,9
4435,16
4436,28
4436,7
4437,13
4437,37
4437,30
4438,15
4439,26
4439,31
4439,20
4439,19
4440,30
4440,22
4440,37
4441,10
4441,9
4441,7
4441,31
4442,13
4442,17
4442,34
4443,24
4443,11
4443,37
4444,25
4445,12
4446,34
4446,19
4446,31
4446,29
4446,23
4447,10
4447,16
4447,30
4447,7
4448,20
4448,17
4448,16
4448,10
4448,23
4449,34
4449,25
4450,16
4450,33
4450,28
4451,7
4451,25
4451,16
4451,19
4452,14
4452,37
4452,31
4453,24
4453,20
4454,13
4454,30
4454,34
4454,7
4454,10
4455,32
4455,14
4456,12
4456,19
4456,38
4456,8
4457,17
4457,25
4457,19
4457,37
4457,34
4458,23
4458,19
4458,33
4458,24
4458,22
4459,9
4460,10
4460,13
4460,22
4460,16
4460,23
4461,606
4461,15
4461,10
4461,18
4461,30
4462,20
4462,10
4462,15
4462,36
4462,18
4463,11
4463,34
4463,8
4463,111
4463,16
4464,22
4464,36
4464,29
4464,26
4464,12
4465,9
4465,19
4465,7
4465,15
4466,16
4466,11
4466,38
4466,18
4466,7
4467,16
4467,17
4468,27
4468,26
4468,37
4468,21
4468,7
4469,9
4469,16
4469,23
4469,13
4469,31
4470,14
4470,29
4470,7
4470,942
4471,23
4471,35
4472,12
4472,7
4472,19
4472,38
4473,29
4473,34
4473,8
4474,34
4474,11
4474,31
4475,29
4475,23
4476,22
4476,8
4476,25
4477,13
4477,15
4478,17
4478,15
4478,7
4479,9
4479,14
4479,16
4479,35
4480,11
4481,9
4482,7
4483,21
4484,17
4484,16
4484,30
4485,12
4485,34
4485,33
4486,10
4487,18
4487,35
4488,28
4489,18
4489,38
4489,13
4489,468
4490,24
4490,28
4491,9
4491,11
4492,36
4492,17
4493,33
4493,21
4494,35
4494,14
4495,24
4495,27
4496,13
4496,34
4497,37
4498,27
4498,12
4498,35
4498,30
4498,28
4499,33
4499,14
4499,8
4500,35
4500,8
4500,21
4501,9
4501,31
4502,15
4502,26
4503,28
4503,23
4503,12
4504,24
4504,27
4505,9
4505,32
4506,19
4506,17
4506,26
4506,32
4506,7
4507,23
4507,26
4508,25
4508,32
4508,23
4509,37
4509,32
4510,36
4511,19
4511,32
4512,25
4512,18
4512,9
4512,21
4513,37
4513,25
4513,15
4513,26
4513,33
4514,36
4514,21
4515,28
4515,30
4515,8
4516,23
4516,21
4516,31
4516,36
4516,19
4517,38
4518,8
4518,28
4519,28
4520,18
4521,10
4521,17
4521,11
4521,29
4522,21
4522,26
4522,37
4522,30
4523,23
4523,35
4523,28
4523,30
4524,14
4524,25
4525,10
4525,9
4525,17
4526,25
4526,16
4527,17
4528,15
4528,25
4528,36
4528,31
4529,12
4529,35
4530,14
4531,17
4531,10
4531,15
4531,19
4532,16
4532,11
4532,18
4532,15
4533,33
4534,25
4534,37
4534,18
4534,15
4534,19
4535,36
4535,8
4536,17
4536,15
4536,11
4536,18
4537,23
4537,26
4537,38
4537,11
4537,16
4538,17
4538,25
4538,37
4538,24
4539,18
4540,13
4540,22
4540,19
4540,29
4540,21
4541,10
4541,22
4541,23
4541,38
4542,27
4543,37
4543,27
4543,11
4543,31
4544,15
4544,33
4544,21
4545,24
4545,13
4546,7
4546,20
4546,11
4546,18
4546,23
4547,29
4547,35
4547,33
4547,37
4548,32
4549,18
4549,16
4549,20
4549,36
4550,10
4550,14
4550,37
4551,34
4551,15
4551,7
4551,23
4551,17
4552,34
4552,7
4552,29
4552,31
4553,15
4554,14
4554,10
4554,27
4554,37
4554,29
4555,15
4555,22
4556,30
4556,27
4556,35
4557,7
4557,14
4557,38
4557,27
4558,26
4559,10
4560,28
4560,10
4561,14
4562,18
4562,25
4562,15
4563,23
4564,9
4564,15
4565,32
4565,14
4566,16
4566,33
4566,31
4566,15
4567,27
4567,26
4567,12
4567,23
4567,28
4568,33
4568,7
4568,28
4569,7
4570,26
4570,15
4570,18
4570,257
4571,8
4572,899
4572,17
4572,33
4573,20
4573,28
4573,9
4573,8
4574,13
4575,36
4576,10
4577,28
4577,25
4577,10
4577,23
4578,17
4578,19
4578,9
4578,23
4578,10
4579,14
4580,19
4580,8
4580,10
4580,13
4581,26
4581,14
4581,25
4581,17
4581,34
4582,33
4582,26
4582,32
4582,21
4583,32
4583,24
4583,25
4584,32
4584,30
4584,26
4584,19
4585,33
4586,18
4586,20
4586,34
4587,12
4587,24
4588,36
4588,30
4589,29
4589,27
4589,18
4590,31
4590,38
4590,24
4590,18
4591,13
4591,7
4591,27
4591,25
4592,13
4592,11
4592,29
4593,35
4593,20
4593,8
4593,34
4594,24
4594,29
4594,27
4594,16
4594,13
4595,29
4595,37
4595,16
4596,9
4596,14
4596,7
4596,29
4597,9
4597,20
4597,27
4597,16
4598,28
4598,31
4598,24
4598,30
4599,23
4600,35
4601,22
4602,7
4602,26
4602,38
4602,36
4603,35
4604,33
4604,36
4604,35
4605,25
4605,35
4605,30
4605,19
4606,17
4606,9
4606,21
4606,8
4606,29
4607,8
4608,28
4608,26
4608,22
4609,29
4609,33
4609,24
4609,12
4610,11
4610,30
4610,26
4610,37
4611,32
4611,19
4612,38
4612,20
4612,26
4612,13
4612,33
4613,18
4613,22
4614,15
4614,38
4614,35
4615,27
4616,12
4616,16
4616,30
4616,24
4617,9
4617,31
4617,37
4617,16
4618,25
4618,33
4618,14
4619,28
4619,16
4619,19
4619,8
4620,8
4620,26
4620,25
4620,28
4620,16
4621,16
4621,37
4621,38
4621,21
4621,17
4622,31
4622,29
4623,11
4623,34
4624,22
4624,31
4625,19
4625,33
4625,35
4625,15
4626,13
4626,14
4626,34
4627,24
4627,11
4627,17
4628,34
4628,16
4628,13
4628,19
4628,37
4629,17
4629,29
4629,36
4629,21
4629,26
4630,18
4630,25
4631,21
4631,27
4631,18
4632,7
4632,35
4632,16
4633,23
4634,138
4634,37
4635,21
4635,16
4635,36
4635,30
4636,13
4636,37
4637,12
4637,17
4637,35
4637,19
4638,17
4638,23
4638,24
4639,23
4639,10
4639,34
4639,33
4639,38
4640,29
4640,35
4640,14
4640,8
4640,28
4641,37
4641,18
4641,38
4641,33
4642,10
4642,14
4642,36
4642,13
4643,31
4643,26
4643,29
4644,22
4644,32
4644,35
4644,8
4644,25
4645,23
4645,31
4645,29
4645,33
4645,35
4646,33
4646,25
4647,27
4647,32
4648,26
4648,29
4648,35
4649,29
4649,24
4650,18
4650,36
4650,35
4651,7
4651,35
4651,22
4651,19
4651,8
4652,7
4652,33
4652,25
4653,30
4653,14
4653,28
4653,15
4654,27
4654,15
4654,18
4655,37
4655,35
4655,20
4656,9
4656,28
4656,18
4656,32
4656,8
4657,24
4658,22
4658,30
4659,16
4660,29
4660,14
4661,16
4661,14
4662,10
4663,18
4663,20
4663,29
4663,32
4664,21
4665,22
4665,16
4666,28
4666,31
4666,18
4667,32
4667,16
4667,924
4667,23
4668,23
4668,30
4668,31
4669,16
4669,38
4669,10
4669,20
4670,19
4670,33
4670,9
4670,25
4670,7
4671,216
4672,36
4672,21
4672,28
4672,29
4673,21
4674,15
4674,21
4675,12
4675,7
4676,13
4676,15
4676,38
4676,21
4677,15
4677,14
4677,10
4678,29
4679,28
4679,15
4680,14
4680,24
4680,34
4680,23
4680,15
4681,30
4682,35
4683,32
4683,35
4684,14
4684,25
4685,28
4685,35
4685,8
4685,10
4686,19
4686,32
4686,31
4686,9
4687,8
4688,34
4688,38
4688,10
4688,12
4688,33
4689,29
4689,28
4690,26
4690,34
4690,28
4690,32
4691,22
4691,29
4691,17
4691,38
4692,34
4693,13
4693,36
4693,38
4694,14
4694,29
4694,13
4695,36
4695,20
4696,37
4696,31
4697,20
4697,38
4697,16
4697,18
4698,31
4698,9
4698,38
4698,24
4699,22
4699,26
4699,30
4700,27
4701,37
4701,36
4702,20
4702,38
4702,14
4702,13
4702,27
4703,34
4703,18
4703,37
4704,22
4704,36
4704,37
4704,24
4705,34
4705,12
4705,35
4705,28
4705,16
4706,25
4706,18
4706,35
4706,12
4707,30
4707,31
4707,8
4707,14
4707,24
4708,12
4708,25
4708,37
4708,7
4709,27
4710,36
4710,20
4711,29
4711,23
4711,37
4711,12
4711,18
4712,15
4712,35
4712,28
4712,9
4712,26
4713,24
4713,33
4713,26
4714,37
4714,38
4714,7
4714,36
4715,25
4715,37
4716,11
4717,9
4717,29
4717,7
4717,33
4717,26
4718,37
4718,24
4718,13
4719,32
4719,29
4719,36
4719,34
4719,18
4720,22
4721,29
4721,10
4721,8
4721,23
4721,26
4722,24
4722,22
4722,19
4723,15
4723,32
4723,38
4723,910
4724,9
4725,19
4725,27
4725,29
4725,16
4726,314
4726,37
4726,24
4727,32
4727,38
4727,33
4728,26
4728,9
4728,21
4729,11
4730,21
4730,22
4730,31
4731,22
4731,8
4732,18
4733,522
4733,17
4734,13
4734,30
4734,20
4734,29
4735,11
4735,28
4735,25
4735,22
4736,17
4736,29
4736,32
4736,16
4736,21
4737,21
4737,28
4738,10
4738,26
4739,14
4739,16
4739,22
4739,12
4740,7
4741,15
4742,20
4742,8
4742,24
4742,22
4743,21
4743,13
4744,22
4745,30
4745,11
4745,19
4745,35
4746,9
4746,34
4747,21
4747,36
4747,33
4747,25
4747,20
4748,9
4748,38
4749,28
4750,26
4750,25
4750,35
4750,23
4751,33
4751,36
4751,18
4751,10
4752,35
4753,26
4753,19
4753,17
4753,37
4754,14
4754,32
4754,36
4755,25
4756,20
4756,38
4756,36
4757,36
4757,26
4757,25
4757,31
4758,7
4758,13
4758,33
4758,9
4758,10
4759,23
4759,19
4759,31
4759,34
4760,28
4760,14
4760,38
4760,9
4761,35
4761,36
4762,13
4762,21
4762,30
4762,33
4763,28
4763,19
4763,18
4764,7
4764,27
4764,22
4765,20
4765,17
4765,32
4765,14
4765,28
4766,15
4767,28
4767,15
4768,20
4768,11
4768,22
4769,37
4770,15
4770,7
4770,17
4770,10
4771,25
4771,13
4771,15
4771,34
4772,10
4772,36
4772,27
4773,28
4773,13
4773,23
4773,29
4773,15
4774,37
4775,11
4775,33
4775,10
4775,13
4776,9
4776,15
4776,36
4776,14
4776,32
4777,33
4777,29
4777,15
4778,27
4779,18
4779,23
4780,14
4780,28
4780,19
4780,512
4781,21
4782,36
4782,26
4782,18
4783,14
4783,31
4783,27
4783,32
4783,24
4784,11
4784,10
4784,8
4784,38
4784,9
4785,26
4785,30
4785,16
4785,23
4785,8
4786,29
4786,28
4786,17
4786,13
4786,32
4787,37
4787,32
4787,38
4787,21
4788,13
4788,12
4789,25
4789,10
4789,11
4789,12
4790,37
4791,12
4791,11
4791,33
4791,28
4792,9
4793,34
4793,15
4793,28
4793,16
4794,35
4794,10
4795,11
4795,26
4795,25
4796,34
4796,13
4796,16
4796,26
4797,16
4797,19
4797,31
4798,24
4798,8
4798,9
4799,33
4799,29
4799,19
4799,22
4800,18
4800,11
4800,12
4800,36
4801,19
4802,13
4802,35
4803,37
4803,13
4804,15
4804,12
4805,12
4805,18
4805,24
4805,23
4806,11
4806,35
4806,33
4807,11
4807,28
4807,35
4808,33
4808,26
4808,13
4808,19
4809,14
4809,25
4810,37
4811,18
4811,21
4811,34
4811,36
4812,24
4812,37
4812,22
4812,15
4812,23
4813,34
4813,21
4813,15
4813,12
4814,9
4814,18
4815,13
4815,28
4815,33
4815,12
4815,21
4816,24
4816,28
4817,21
4817,29
4817,30
4817,16
4817,31
4818,31
4819,22
4820,36
4821,25
4821,27
4821,23
4821,32
4821,11
4822,31
4822,8
4822,27
4823,26
4823,30
4823,17
4823,9
4824,15
4824,19
4824,27
4824,22
4825,13
4826,26
4826,28
4826,36
4827,14
4828,7
4828,25
4829,19
4829,29
4830,14
4830,28
4830,8
4831,25
4832,10
4832,9
4832,16
4832,8
4833,10
4833,30
4833,9
4833,29
4834,24
4834,19
4834,12
4834,35
4835,16
4835,11
4835,21
4835,8
4836,18
4837,12
4837,30
4838,23
4838,29
4838,16
4839,29
4839,36
4839,17
4839,30
4840,28
4840,8
4840,22
4840,7
4840,12
4841,23
4841,37
4841,12
4842,24
4842,20
4842,12
4842,8
4842,19
4843,28
4843,16
4844,19
4844,25
4844,15
4845,20
4846,16
4846,13
4846,25
4846,15
4847,22
4847,35
4847,29
4847,26
4847,31
4848,35
4848,22
4848,13
4849,17
4849,30
4849,37
4849,25
4849,9
4850,27
4850,38
4850,33
4851,16
4851,8
4852,26
4853,21
4853,31
4854,38
4854,20
4855,17
4855,21
4855,18
4856,20
4856,14
4857,38
4857,25
4857,32
4857,115
4858,25
4859,32
4859,26
4859,18
4860,10
4860,14
4860,7
4861,16
4861,32
4861,31
4862,13
4862,36
4862,10
4862,28
4863,179
4864,20
4864,14
4864,17
4865,27
4865,12
4865,19
4866,28
4866,33
4866,31
4866,19
4866,23
4867,18
4867,12
4868,8
4868,38
4868,23
4868,35
4869,37
4869,28
4870,26
4870,16
4870,19
4871,19
4871,30
4872,24
4872,33
4872,15
4872,16
4872,36
4873,31
4873,14
4873,18
4873,15
4874,24
4874,14
4874,22
4875,32
4875,30
4876,36
4876,24
4876,25
4876,35
4877,31
4878,23
4878,31
4878,30
4878,36
4878,14
4879,14
4879,10
4880,16
4880,25
4881,15
4881,8
4881,30
4881,20
4881,7
4882,286
4883,37
4883,36
4883,31
4883,19
4883,34
4884,31
4885,26
4885,37
4885,28
4885,17
4885,20
4886,34
4886,36
4886,202
4886,27
4886,19
4887,14
4887,27
4887,29
4887,35
4887,38
4888,18
4889,20
4890,22
4890,23
4890,27
4890,33
4891,35
4891,36
4892,8
4892,28
4893,9
4893,29
4893,10
4893,12
4893,31
4894,31
4894,7
4895,17
4896,10
4896,18
4896,14
4896,23
4896,37
4897,28
4897,29
4897,38
4897,33
4898,9
4898,7
4899,18
4899,33
4899,36
4900,15
4901,21
4901,34
4901,38
4902,21
4903,22
4903,19
4903,24
4904,36
4904,10
4904,23
4905,27
4905,25
4905,30
4905,32
4905,12
4906,20
4906,37
4906,33
4906,15
4906,30
4907,17
4907,21
4908,11
4909,15
4909,35
4909,23
4909,33
4910,9
4910,21
4910,16
4910,30
4911,32
4912,18
4912,17
4913,15
4913,24
4913,32
4914,15
4914,30
4914,35
4914,11
4915,31
4915,30
4915,7
4915,36
4916,773
4916,19
4916,10
4916,25
4917,13
4917,26
4917,20
4917,28
4918,12
4918,23
4919,33
4919,29
4920,18
4920,27
4921,14
4921,7
4921,9
4922,11
4922,35
4922,29
4922,38
4922,12
4923,12
4923,25
4923,13
4924,36
4924,8
4924,28
4925,7
4926,26
4927,385
4928,14
4928,32
4929,16
4929,9
4929,25
4929,22
4929,17
4930,19
4931,23
4931,10
4931,12
4931,11
4932,16
4932,22
4932,18
4932,29
4932,38
4933,34
4933,8
4934,19
4934,11
4934,17
4934,471
4935,25
4935,10
4935,37
4935,23
4936,14
4936,25
4936,23
4937,35
4937,11
4937,33
4937,23
4938,7
4938,13
4938,14
4938,36
4939,32
4939,14
4939,7
4940,34
4940,35
4940,16
4940,25
4940,24
4941,35
4941,30
4941,7
4941,28
4942,38
4942,35
4943,13
4944,10
4944,37
4945,23
4945,11
4945,8
4945,17
4946,15
4946,33
4946,27
4946,29
4947,18
4947,35
4947,31
4947,28
4948,7
4948,37
4948,20
4949,7
4950,30
4950,16
4950,32
4950,18
4951,30
4951,35
4951,34
4952,13
4952,21
4952,9
4953,9
4954,35
4955,12
4955,36
4955,25
4955,15
4955,35
4956,31
4957,27
4957,34
4957,26
4957,20
4958,36
4958,14
4958,38
4959,37
4960,15
4960,29
4960,20
4961,13
4961,14
4961,8
4961,25
4962,30
4962,33
4962,38
4963,19
4963,28
4963,36
4963,21
4964,34
4964,7
4964,36
4964,22
4964,19
4965,29
4966,19
4966,7
4967,8
4967,32
4967,18
4967,26
4968,27
4968,10
4968,19
4968,9
4969,30
4969,10
4970,11
4971,9
4972,37
4972,30
4973,7
4973,12
4973,20
4973,11
4973,36
4974,26
4974,15
4974,17
4975,38
4975,18
4975,28
4976,38
4976,7
4976,33
4976,20
4976,24
4977,32
4978,21
4978,24
4978,34
4978,14
4978,38
4979,30
4979,34
4979,25
4979,8
4979,16
4980,10
4980,13
4980,37
4981,18
4981,28
4981,10
4981,25
4981,35
4982,13
4983,19
4983,36
4983,30
4984,21
4984,26
4985,25
4985,32
4985,31
4985,30
4986,18
4987,32
4987,38
4988,37
4989,37
4989,21
4990,23
4990,11
4990,33
4990,34
4991,8
4991,23
4992,37
4993,19
4993,18
4993,37
4994,32
4994,19
4994,33
4994,18
4995,9
4995,296
4996,21
4996,28
4997,16
4997,12
4997,35
4997,14
4998,23
4998,25
4998,26
4998,31
4998,7
4999,37
5000,32
5001,25
5001,13
5002,33
5002,28
5002,9
5002,20
5002,11
5003,13
5004,32
5004,12
5004,25
5004,19
5005,8
5005,188
5005,12
5005,18
5005,21
5006,7
5007,8
5007,14
5007,36
5008,25
5008,7
5008,10
5008,21
5009,29
5009,13
5009,31
5009,25
5010,33
5010,10
5010,19
5010,14
5010,13
5011,18
5011,38
5011,15
5012,13
5013,13
5014,24
5014,29
5015,19
5016,22
5016,19
5016,33
5016,13
5016,31
5017,11
5017,26
5018,12
5018,35
5018,13
5018,31
5019,17
5019,33
5019,13
5020,24
5021,17
5022,27
5022,21
5023,29
5023,9
5024,9
5024,32
5024,28
5025,33
5025,10
5025,37
5025,28
5025,18
5026,38
5026,20
5027,24
5028,28
5028,37
5028,30
5028,13
5029,11
5029,30
5029,9
5029,38
5030,36
5030,9
5030,14
5030,17
5031,34
5032,32
5033,38
5033,31
5033,22
5034,24
5034,33
5034,27
5034,14
5035,26
5036,22
5037,35
5037,14
5037,8
5037,7
5037,10
5038,23
5038,8
5038,37
5038,34
5038,26
5039,25
5039,24
5040,37
5040,805
5040,27
5041,33
5042,8
5042,36
5042,17
5042,12
5042,10
5043,34
5043,18
5043,22
5043,32
5043,36
5044,23
5044,14
5044,27
5044,32
5044,24
5045,10
5045,37
5045,29
5046,11
5047,7
5047,21
5048,692
5048,16
5048,12
5049,9
5049,29
5049,10
5049,27
5050,19
5050,35
5051,10
5051,26
5051,22
5052,27
5052,38
5052,36
5052,12
5052,25
5053,22
5054,15
5054,24
5054,35
5055,18
5055,24
5055,33
5056,29
5056,26
5056,24
5057,34
5057,10
5057,30
5057,7
5058,30
5058,22
5059,30
5059,22
5059,10
5059,32
5060,25
5060,31
5061,35
5061,20
5061,8
5061,34
5061,36
5062,36
5063,20
5063,36
5063,21
5063,30
5063,29
5064,25
5064,27
5064,38
5064,37
5064,18
5065,20
5065,31
5065,8
5065,32
5065,36
5066,38
5066,12
5066,36
5067,14
5067,28
5067,36
5068,23
5068,38
5068,17
5068,24
5068,18
5069,33
5069,31
5070,16
5070,27
5070,15
5071,24
5071,15
5072,36
5073,13
5073,27
5073,21
5074,12
5074,16
5074,30
5074,23
5075,38
5075,7
5075,8
5076,38
5076,37
5076,22
5076,13
5076,31
5077,21
5077,33
5077,24
5077,20
5077,10
5078,37
5078,20
5078,25
5079,30
5080,9
5080,19
5080,35
5080,25
5080,17
5081,8
5081,20
5082,9
5083,30
5083,9
5083,24
5084,24
5084,16
5084,34
5084,27
5084,31
5085,21
5085,15
5085,28
5086,23
5087,16
5088,24
5088,36
5089,23
5089,16
5089,20
5090,18
5091,23
5091,35
5092,27
5092,38
5092,32
5092,34
5093,30
5093,28
5093,17
5094,9
5095,9
5096,23
5097,37
5097,22
5097,15
5097,23
5098,35
5099,36
5099,14
5099,9
5100,9
5100,27
5101,30
5101,35
5102,26
5103,15
5103,24
5103,38
5104,14
5104,19
5105,22
5105,26
5106,31
5106,12
5106,21
5107,35
5107,17
5107,27
5107,38
5108,27
5108,19
5108,7
5108,36
5109,10
5109,20
5109,19
5109,13
5110,25
5111,21
5112,19
5112,22
5112,14
5112,34
5113,12
5113,29
5114,16
5114,30
5115,37
5115,27
5115,7
5116,30
5116,27
5116,36
5117,38
5118,24
5118,38
5118,29
5119,38
5119,22
5119,25
5119,28
5120,20
5121,10
5122,28
5123,30
5123,13
5124,8
5124,28
5124,27
5125,34
5125,18
5126,34
5126,30
5127,31
5127,27
5128,19
5128,23
5128,33
5129,33
5129,16
5129,38
5130,20
5130,16
5131,9
5131,10
5132,30
5132,7
5132,31
5133,18
5133,33
5133,17
5134,10
5134,20
5134,15
5135,35
5135,12
5136,34
5136,13
5136,12
5136,36
5137,19
5137,13
5138,33
5138,17
5138,9
5139,18
5139,26
5139,36
5139,13
5139,23
5140,37
5140,8
5140,29
5141,22
5141,31
5141,13
5141,26
5142,35
5142,26
5142,9
5143,26
5144,16
5144,10
5144,18
5144,7
5145,19
5145,38
5145,33
5145,17
5146,24
5146,9
5147,29
5147,14
5147,23
5147,30
5147,21
5148,15
5148,13
5149,23
5149,12
5149,17
5149,31
5150,28
5150,20
5150,26
5150,14
5151,25
5152,23
5152,31
5152,16
5152,15
5152,13
5153,12
5153,31
5153,17
5153,38
5153,7
5154,31
5155,30
5155,17
5155,8
5155,32
5155,14
5156,24
5156,34
5156,29
5157,34
5157,7
5158,31
5158,11
5158,10
5159,23
5160,21
5160,11
5161,9
5161,36
5161,10
5161,23
5162,11
5162,27
5163,29
5163,19
5163,14
5163,38
5164,14
5164,30
5165,9
5165,18
5166,33
5166,30
5166,34
5166,35
5166,7
5167,24
5167,34
5167,36
5167,27
5168,13
5168,30
5169,21
5169,35
5169,17
5169,19
5170,36
5170,17
5170,35
5170,10
5170,18
5171,9
5171,20
5171,36
5172,24
5173,37
5173,18
5173,11
5174,21
5174,32
5174,22
5175,19
5175,11
5176,16
5176,29
5176,32
5177,16
5178,36
5178,16
5178,8
5178,20
5178,31
5179,9
5179,28
5179,37
5180,31
5180,22
5181,11
5181,25
5181,8
5182,37
5182,13
5183,22
5183,10
5184,34
5184,21
5184,16
5184,18
5185,17
5185,11
5185,10
5185,38
5185,8
5186,21
5186,18
5186,13
5186,29
5186,24
5187,12
5188,23
5188,14
5188,10
5188,19
5189,27
5189,10
5189,18
5189,15
5189,32
5190,11
5190,34
5190,20
5190,38
5190,24
5191,34
5191,12
5191,32
5191,35
5192,31
5192,22
5192,21
5193,8
5193,7
5194,30
5194,29
5194,12
5194,17
5195,9
5195,25
5195,36
5195,27
5196,8
5196,21
5196,27
5197,874
5198,33
5198,29
5199,8
5199,24
5199,31
5200,13
5201,21
5201,24
5201,30
5201,17
5201,13
5202,12
5202,13
5202,31
5202,9
5203,29
5204,34
5204,27
5204,16
5204,38
5205,10
5205,27
5205,15
5205,38
5206,10
5206,25
5206,18
5206,32
5207,30
5207,18
5207,36
5207,29
5208,35
5208,16
5209,13
5209,8
5209,16
5210,33
5211,35
5211,37
5211,14
5211,34
5212,28
5212,31
5212,30
5212,15
5213,18
5213,17
5213,11
5213,15
5214,38
5214,11
5214,31
5215,18
5215,29
5216,25
5216,22
5216,12
5216,29
5217,13
5217,11
5218,31
5218,26
5218,13
5218,17
5219,15
5219,17
5219,12
5219,22
5219,29
5220,10
5220,37
5220,27
5220,28
5220,35
5221,27
5221,35
5222,37
5222,29
5222,11
5223,36
5223,34
5224,19
5224,12
5224,38
5225,13
5225,32
5225,11
5225,7
5226,26
5227,25
5227,9
5227,32
5227,31
5228,24
5228,13
5228,11
5228,16
5228,34
5229,11
5229,34
5229,16
5230,35
5230,14
5230,33
5230,30
5230,9
5231,22
5231,33
5231,20
5231,30
5232,38
5232,20
5232,9
5232,26
5233,23
5233,9
5233,25
5233,22
5234,24
5234,18
5234,28
5234,32
5234,7
5235,18
5235,21
5236,21
5237,32
5238,11
5239,10
5239,35
5239,23
5239,27
5240,20
5240,15
5240,19
5240,18
5241,11
5242,19
5242,12
5243,34
5243,36
5243,33
5243,31
5244,27
5245,36
5245,19
5246,7
5247,37
5247,38
5247,8
5248,20
5248,34
5248,37
5248,29
5248,8
5249,32
5249,14
5249,35
5249,21
5250,18
5251,20
5251,27
5251,17
5252,18
5252,26
5252,27
5252,38
5253,16
5253,26
5254,26
5255,34
5255,36
5255,29
5255,11
5256,11
5256,18
5256,23
5257,25
5257,30
5258,10
5259,34
5259,16
5259,31
5260,16
5260,7
5261,36
5261,13
5261,9
5262,19
5263,35
5263,28
5264,15
5264,16
5264,17
5264,855
5264,26
5265,21
5265,14
5265,15
5266,29
5266,8
5266,28
5267,22
5268,35
5269,17
5269,35
5269,24
5269,18
5269,34
5270,34
5270,28
5270,29
5270,18
5270,15
5271,18
5271,28
5271,20
5272,22
5272,12
5272,11
5273,11
5274,26
5274,33
5274,17
5275,32
5276,22
5276,29
5276,28
5276,36
5276,20
5277,29
5277,37
5277,38
5278,13
5278,15
5279,34
5279,8
5280,14
5280,18
5281,22
5281,30
5281,29
5281,7
5282,34
5282,29
5283,37
5283,17
5283,7
5283,14
5284,22
5285,27
5285,16
5286,38
5286,37
5286,21
5287,9
5287,12
5288,38
5289,25
5290,19
5290,13
5290,7
5290,35
5291,16
5291,27
5291,10
5291,8
5291,12
5292,24
5292,9
5292,34
5293,32
5293,24
5294,13
5294,38
5295,16
5295,31
5295,21
5295,15
5296,15
5297,8
5297,33
5298,37
5298,8
5299,20
5299,16
5299,15
5299,33
5300,17
5300,11
5300,26
5300,21
5300,25
5301,19
5301,18
5301,21
5302,33
5302,16
5302,19
5303,22
5303,28
5304,26
5304,34
5304,14
5305,27
5305,16
5305,10
5306,36
5306,12
5306,29
5307,7
5307,37
5307,31
5308,29
5308,22
5309,25
5309,16
5309,10
5310,35
5310,38
5311,14
5312,17
5313,25
5314,11
5314,7
5315,10
5315,18
5315,25
5315,23
5316,32
5316,26
5317,34
5317,28
5317,10
5318,22
5319,34
5319,26
5320,10
5321,16
5322,20
5322,30
5323,12
5324,11
5324,19
5325,519
5325,34
5325,9
5326,31
5327,8
5328,13
5328,37
5328,33
5328,38
5329,7
5329,24
5329,16
5329,36
5330,33
5330,23
5330,29
5330,18
5330,7
5331,20
5332,16
5332,37
5333,8
5334,19
5334,28
5334,30
5335,31
5335,32
5335,13
5335,9
5336,7
5336,18
5336,24
5336,15
5337,26
5337,23
5337,34
5338,36
5339,30
5339,21
5340,14
5340,34
5341,36
5342,26
5342,13
5342,38
5343,14
5343,9
5343,21
5343,34
5343,12
5344,18
5344,28
5344,30
5344,33
5345,36
5345,32
5345,18
5346,27
5346,31
5346,18
5346,28
5347,20
5347,16
5347,26
5347,21
5348,22
5348,35
5349,12
5349,22
5350,24
5350,7
5350,30
5351,27
5351,33
5351,8
5351,13
5351,9
5352,28
5352,22
5352,358
5352,12
5352,26
5353,37
5353,35
5353,30
5353,20
5354,30
5354,26
5354,12
5355,34
5355,20
5355,29
5356,8
5356,37
5356,7
5357,23
5357,13
5358,34
5358,15
5358,619
5358,35
5359,22
5359,30
5359,24
5360,32
5361,23
5361,21
5362,37
5362,27
5362,11
5362,34
5363,28
5363,32
5364,8
5364,16
5365,7
5365,33
5365,18
5365,16
5366,30
5366,25
5366,12
5366,19
5366,18
5367,22
5367,35
5368,23
5368,14
5368,8
5368,21
5369,20
5369,16
5369,17
5370,30
5371,9
5371,14
5371,24
5372,14
5373,15
5373,13
5373,24
5373,10
5374,33
5374,19
5375,18
5375,32
5375,10
5375,910
5376,23
5377,32
5377,26
5378,15
5378,36
5378,12
5379,22
5380,10
5381,16
5381,11
5381,25
5381,32
5381,15
5382,29
5382,18
5383,9
5383,21
5384,22
5384,11
5384,8
5384,25
5385,17
5385,34
5386,38
5386,10
5386,25
5386,8
5386,15
5387,15
5387,28
5387,18
5387,36
5388,13
5388,26
5388,38
5388,27
5388,8
5389,32
5389,24
5390,20
5391,14
5391,28
5391,10
5391,23
5391,9
5392,26
5392,25
5392,36
5393,36
5393,34
5393,20
5393,10
5394,25
5394,29
5395,21
5395,38
5395,13
5395,29
5396,38
5396,29
5396,15
5396,16
5396,12
5397,32
5397,8
5397,13
5398,18
5398,12
5399,19
5399,27
5399,26
5399,7
5400,26
5400,22
5401,17
5402,21
5402,7
5402,37
5402,28
5402,8
5403,28
5404,37
5404,32
5404,17
5405,27
5406,33
5406,10
5407,18
5408,27
5408,16
5408,14
5409,28
5409,24
5409,25
5409,33
5409,12
5410,10
5410,8
5411,16
5412,23
5412,34
5413,8
5413,14
5414,28
5414,33
5414,22
5414,34
5415,35
5416,18
5416,32
5417,11
5418,13
5418,9
5418,14
5418,22
5419,38
5419,20
5419,10
5419,33
5419,30
5420,27
5420,38
5420,31
5420,9
5420,23
5421,36
5421,25
5421,29
5421,18
5422,21
5422,38
5422,13
5422,16
5423,33
5423,28
5424,17
5424,26
5424,28
5424,38
5424,9
5425,12
5425,23
5425,7
5425,19
5425,18
5426,32
5427,361
5428,12
5429,16
5429,32
5429,29
5429,13
5430,13
5430,27
5430,24
5430,9
5431,25
5432,27
5432,17
5432,32
5433,34
5433,23
5433,33
5433,11
5433,37
5434,10
5434,37
5434,11
5435,18
5435,29
5435,7
5435,37
5436,27
5436,25
5436,38
5436,32
5436,28
5437,16
5437,30
5437,34
5437,21
5438,37
5438,34
5439,10
5439,36
5439,30
5439,12
5440,31
5440,14
5441,27
5441,20
5441,17
5442,32
5442,7
5442,21
5443,22
5443,8
5443,37
5444,38
5444,24
5444,14
5444,18
5445,24
5445,9
5445,34
5446,15
5446,28
5446,10
5446,24
5447,30
5447,34
5448,12
5448,27
5449,8
5450,32
5451,29
5452,18
5452,12
5453,17
5454,38
5454,28
5454,11
5455,27
5456,37
5456,26
5456,21
5457,14
5457,30
5457,12
5457,24
5458,12
5458,38
5458,30
5458,16
5459,18
5459,26
5459,9
5459,24
5460,20
5460,34
5460,25
5460,13
5460,35
5461,18
5461,8
5462,14
5462,21
5462,37
5463,9
5463,8
5463,31
5463,37
5464,27
5464,29
5464,18
5465,7
5465,10
5466,13
5466,16
5467,22
5467,35
5468,11
5468,22
5468,9
5468,13
5468,18
5469,8
5470,30
5470,38
5470,34
5471,22
5471,31
5472,14
5472,37
5472,20
5473,20
5473,7
5473,26
5473,16
5474,7
5474,18
5474,20
5475,15
5476,24
5476,31
5476,26
5476,28
5477,20
5478,25
5478,12
5478,8
5478,32
5479,16
5479,22
5480,28
5480,17
5480,13
5480,23
5480,34
5481,11
5481,19
5481,34
5482,17
5482,30
5482,32
5482,20
5483,25
5483,33
5483,30
5484,18
5484,8
5484,23
5485,16
5485,12
5486,15
5486,27
5486,17
5486,29
5487,38
5488,24
5488,22
5489,35
5490,12
5490,34
5490,20
5491,20
5491,13
5491,7
5491,16
5492,21
5492,16
5492,34
5493,33
5494,13
5494,7
5494,28
5494,32
5495,18
5496,12
5497,29
5497,30
5497,28
5497,710
5498,33
5498,27
5499,15
5499,18
5499,35
5499,11
5500,25
5501,18
5501,29
5501,9
5502,7
5502,16
5502,24
5502,34
5502,37
5503,8
5503,34
5504,12
5504,15
5504,16
5505,33
5505,18
5506,32
5506,23
5506,22
5507,38
5508,24
5509,30
5509,17
5509,16
5509,21
5510,13
5510,22
5510,20
5510,9
5511,12
5511,35
5512,824
5512,30
5513,15
5514,37
5514,11
5515,29
5515,10
5515,17
5515,38
5515,13
5516,35
5516,13
5516,7
5517,20
5518,37
5518,18
5518,8
5518,23
5518,30
5519,7
5519,11
5520,8
5521,25
5521,11
5521,26
5522,14
5522,21
5522,37
5523,29
5523,11
5524,20
5524,30
5524,14
5524,28
5525,22
5525,12
5525,28
5525,10
5526,21
5526,25
5527,17
5528,36
5529,23
5530,15
5530,36
5530,8
5531,26
5532,24
5532,9
5532,18
5532,23
5532,27
5533,18
5533,26
5533,32
5533,12
5534,24
5534,37
5534,8
5534,28
5535,11
5535,9
5536,10
5536,34
5537,19
5537,7
5537,20
5537,27
5538,27
5538,23
5539,18
5539,34
5539,31
5539,9
5540,8
5540,7
5541,9
5541,24
5541,21
5541,28
5542,25
5542,32
5542,21
5542,19
5542,38
5543,35
5543,34
5543,14
5543,33
5543,17
5544,7
5544,19
5544,17
5545,26
5545,10
5546,30
5546,26
5547,9
5548,25
5548,10
5548,19
5548,24
5548,15
5549,37
5549,22
5549,8
5549,21
5549,25
5550,22
5550,13
5550,12
5550,27
5551,31
5552,13
5552,8
5553,37
5554,26
5554,22
5554,36
5554,13
5554,28
5555,13
5555,34
5555,33
5555,14
5555,35
5556,27
5556,38
5556,36
5556,18
5556,7
5557,10
5557,12
5557,35
5557,20
5557,9
5558,28
5558,7
5558,8
5558,37
5559,26
5560,27
5561,12
5561,17
5561,33
5561,7
5562,8
5562,10
5562,34
5562,13
5562,27
5563,30
5563,17
5563,36
5563,20
5563,24
5564,26
5564,15
5565,32
5566,8
5566,25
5567,8
5567,27
5567,37
5567,17
5567,28
5568,30
5568,16
5568,32
5569,24
5569,7
5570,30
5570,31
5570,20
5570,19
5570,17
5571,27
5571,8
5571,26
5571,33
5571,30
5572,10
5572,27
5572,29
5572,35
5572,32
5573,25
5574,24
5574,19
5574,9
5575,22
5575,27
5575,7
5575,35
5576,7
5577,9
5577,17
5577,32
5578,21
5578,36
5579,30
5579,12
5580,23
5581,24
5582,24
5582,37
5582,20
5582,11
5583,20
5584,23
5584,33
5584,8
5585,37
5585,9
5586,23
5587,11
5587,13
5588,32
5588,9
5589,11
5589,38
5589,24
5590,30
5590,11
5590,7
5590,34
5591,8
5591,12
5591,33
5591,13
5592,8
5592,13
5592,17
5593,30
5593,26
5593,36
5593,29
5594,7
5595,13
5595,8
5596,34
5596,29
5597,30
5597,25
5598,36
5598,31
5598,28
5599,8
5600,8
5600,15
5600,17
5600,36
5600,11
5601,20
5601,18
5601,37
5602,9
5602,37
5603,18
5603,16
5604,12
5604,16
5604,30
5604,10
5605,12
5605,18
5605,9
5606,16
5606,34
5606,24
5606,23
5606,30
5607,31
5608,11
5608,33
5609,15
5609,28
5609,8
5609,29
5610,27
5611,7
5611,18
5611,29
5611,16
5612,33
5612,14
5613,24
5613,12
5614,12
5614,30
5614,29
5614,13
5615,7
5615,8
5615,20
5616,29
5616,22
5616,16
5617,31
5618,17
5619,28
5620,14
5621,7
5621,12
5621,15
5621,30
5622,33
5622,36
5623,32
5624,35
5625,23
5626,14
5626,36
5626,32
5626,17
5627,12
5627,26
5627,18
5627,17
5628,25
5628,867
5628,23
5628,24
5629,18
5629,36
5629,38
5629,13
5629,26
5630,28
5630,36
5630,29
5630,8
5631,34
5631,31
5632,11
5632,37
5632,31
5632,27
5633,33
5633,27
5633,22
5633,24
5634,10
5634,8
5635,17
5635,22
5636,9
5637,19
5637,37
5637,29
5638,36
5638,18
5639,20
5639,28
5639,21
5639,26
5640,37
5640,19
5640,24
5641,30
5642,11
5642,22
5643,37
5643,18
5643,28
5643,21
5644,24
5644,12
5645,35
5645,20
5646,29
5646,34
5647,24
5647,27
5647,11
5647,35
5647,12
5648,24
5648,22
5649,33
5649,23
5649,20
5649,36
5650,25
5650,35
5651,30
5651,36
5651,37
5651,38
5651,23
5652,29
5652,11
5653,14
5653,18
5653,37
5654,25
5655,20
5655,13
5655,32
5655,33
5655,31
5656,34
5656,14
5657,30
5657,8
5657,37
5657,28
5658,17
5658,32
5659,31
5659,13
5659,10
5660,36
5660,32
5660,24
5661,32
5661,33
5661,18
5661,14
5662,7
5662,11
5662,37
5663,38
5663,14
5664,7
5664,34
5664,16
5664,38
5665,33
5665,30
5666,20
5666,19
5666,32
5666,25
5666,31
5667,33
5667,32
5667,18
5667,10
5668,24
5668,16
5668,27
5669,22
5669,27
5669,19
5669,28
5670,12
5671,17
5671,38
5671,15
5672,21
5672,13
5672,11
5672,26
5672,37
5673,16
5674,30
5674,24
5674,28
5674,17
5675,26
5675,13
5676,38
5676,22
5676,17
5676,34
5677,26
5678,30
5678,21
5678,25
5678,17
5678,22
5679,25
5679,28
5680,11
5681,16
5682,26
5682,29
5682,35
5683,24
5683,7
5683,34
5683,23
5684,8
5684,14
5684,35
5684,9
5685,16
5685,8
5685,24
5686,27
5686,12
5687,23
5688,8
5688,18
5689,27
5689,35
5689,30
5690,32
5690,31
5690,14
5690,23
5690,17
5691,26
5691,12
5691,37
5691,38
5692,38
5693,21
5693,37
5693,17
5693,309
5694,16
5694,27
5695,26
5695,27
5695,23
5695,24
5696,18
5696,23
5696,7
5696,16
5697,31
5697,35
5697,34
5698,34
5698,33
5698,19
5698,30
5698,36
5699,37
5699,36
5699,25
5700,22
5700,18
5700,34
5701,34
5701,24
5702,27
5702,12
5702,8
5702,33
5703,31
5704,27
5704,22
5704,15
5704,24
5704,16
5705,29
5705,9
5705,36
5705,31
5706,8
5706,33
5706,36
5707,24
5708,25
5708,31
5708,36
5709,37
5709,22
5709,13
5710,33
5711,20
5711,15
5711,269
5711,31
5711,21
5712,32
5712,31
5712,17
5713,23
5714,32
5714,14
5714,31
5714,18
5715,34
5715,20
5715,14
5715,30
5715,32
5716,10
5716,34
5716,19
5716,15
5716,27
5717,24
5717,11
5717,29
5718,38
5718,36
5718,22
5718,34
5719,24
5719,27
5719,20
5719,35
5720,36
5720,24
5720,15
5720,12
5721,30
5721,25
5721,20
5721,16
5722,17
5722,30
5722,35
5722,15
5723,26
5723,36
5723,17
5723,18
5723,16
5724,15
5724,33
5724,16
5724,26
5725,10
5725,35
5725,25
5725,29
5726,21
5726,32
5726,27
5727,23
5728,26
5728,17
5728,21
5728,12
5729,32
5729,34
5730,11
5730,19
5730,33
5730,24
5731,31
5731,11
5731,9
5731,16
5732,13
5732,23
5733,18
5734,10
5735,28
5735,21
5735,34
5736,11
5736,23
5736,14
5736,18
5737,27
5737,33
5737,23
5737,28
5738,29
5738,24
5738,9
5738,7
5738,37
5739,26
5739,25
5739,20
5739,23
5740,20
5740,31
5740,21
5740,18
5741,27
5741,24
5741,29
5741,26
5742,17
5742,20
5743,27
5743,21
5743,22
5743,25
5743,32
5744,25
5744,7
5744,30
5744,20
5745,187
5746,30
5746,19
5746,151
5746,16
5747,33
5747,29
5748,11
5748,20
5748,34
5749,37
5749,25
5749,15
5749,28
5750,37
5750,12
5750,20
5750,21
5750,27
5751,31
5751,10
5751,25
5751,11
5751,34
5752,18
5752,32
5752,12
5753,25
5754,16
5754,21
5754,14
5754,17
5754,24
5755,25
5755,13
5755,26
5755,23
5756,26
5756,12
5756,36
5756,7
5756,9
5757,19
5757,12
5757,28
5758,16
5758,24
5758,35
5759,8
5759,32
5759,13
5760,34
5760,23
5760,15
5760,37
5760,30
5761,23
5761,19
5762,27
5762,23
5763,25
5763,15
5764,9
5764,10
5765,18
5765,13
5766,10
5767,12
5767,33
5767,23
5768,24
5768,34
5769,21
5770,19
5770,37
5771,34
5772,15
5772,7
5773,31
5773,18
5774,15
5774,21
5774,37
5774,29
5775,22
5775,26
5775,35
5775,7
5775,14
5776,34
5776,8
5777,30
5777,15
5777,16
5777,24
5778,17
5778,7
5778,9
5778,119
5779,30
5779,31
5779,35
5780,21
5781,24
5781,35
5781,31
5781,19
5781,28
5782,22
5783,10
5783,20
5783,24
5784,30
5784,8
5784,13
5784,31
5785,25
5786,8
5787,31
5787,23
5787,37
5788,23
5788,24
5789,37
5789,20
5790,19
5790,30
5790,11
5791,32
5791,19
5792,31
5792,19
5793,37
5793,13
5793,38
5793,12
5794,30
5794,28
5794,26
5795,29
5795,24
5795,13
5795,8
5795,33
5796,32
5796,25
5796,17
5797,38
5798,32
5798,9
5798,23
5798,15
5798,37
5799,28
5799,20
5800,27
5800,31
5801,28
5802,13
5802,20
5802,33
5802,36
5803,36
5803,28
5804,34
5804,23
5805,32
5805,36
5805,18
5806,7
5806,30
5806,16
5806,29
5807,10
5807,23
5808,27
5808,31
5808,22
5808,8
5809,24
5810,37
5811,24
5811,27
5811,30
5811,13
5811,9
5812,9
5812,11
5812,18
5813,8
5813,33
5814,24
5814,30
5815,13
5815,22
5815,15
5815,25
5815,11
5816,34
5816,26
5816,29
5816,7
5817,18
5817,26
5817,16
5817,17
5818,26
5819,8
5819,27
5819,38
5819,17
5819,29
5820,17
5820,26
5820,30
5821,22
5821,18
5821,11
5822,12
5822,19
5822,38
5822,32
5823,22
5823,19
5824,10
5825,14
5825,38
5825,19
5825,21
5826,34
5826,19
5826,22
5826,27
5826,18
5827,35
5827,22
5827,27
5828,9
5828,15
5828,36
5828,11
5829,22
5829,25
5829,17
5829,31
5830,36
5830,9
5830,31
5830,16
5830,15
5831,26
5831,23
5831,31
5831,17
5832,21
5832,26
5832,18
5832,14
5833,14
5833,36
5833,30
5833,18
5833,22
5834,26
5835,8
5835,11
5835,28
5835,26
5836,27
5837,22
5838,29
5838,18
5838,32
5839,27
5839,33
5840,35
5840,23
5840,36
5840,12
5840,24
5841,25
5841,9
5841,38
5842,18
5842,9
5842,11
5842,29
5842,12
5843,27
5843,33
5844,15
5844,33
5844,11
5844,38
5845,23
5845,35
5845,8
5845,28
5846,29
5846,35
5846,34
5846,12
5847,25
5847,11
5847,21
5847,24
5848,27
5848,25
5848,13
5848,37
5848,24
5849,34
5849,37
5849,13
5849,25
5850,16
5850,29
5850,33
5850,32
5851,18
5851,22
5851,8
5851,28
5852,10
5853,31
5853,38
5853,16
5853,17
5853,32
5854,22
5854,38
5854,23
5855,34
5855,9
5855,31
5856,34
5856,26
5856,18
5856,11
5857,35
5857,21
5857,10
5857,29
5858,35
5858,245
5858,13
5858,32
5858,29
5859,31
5859,21
5859,8
5859,36
5859,30
5860,18
5860,32
5860,13
5861,31
5862,26
5862,30
5863,29
5863,9
5863,15
5863,25
5864,25
5864,16
5864,29
5864,38
5864,30
5865,32
5865,18
5865,25
5865,28
5865,23
5866,14
5867,28
5868,20
5868,25
5868,36
5868,38
5869,25
5869,11
5869,35
5869,34
5869,23
5870,28
5870,19
5871,23
5872,19
5872,27
5872,26
5873,26
5874,33
5875,18
5875,24
5875,22
5875,31
5876,37
5876,25
5877,22
5878,14
5878,10
5878,31
5878,19
5878,8
5879,28
5880,7
5880,32
5881,18
5881,30
5881,12
5881,27
5882,33
5882,35
5882,30
5883,12
5884,37
5885,23
5885,13
5885,19
5886,22
5886,38
5886,29
5887,12
5887,14
5887,30
5887,9
5888,28
5888,13
5888,31
5888,32
5888,10
5889,23
5889,12
5889,31
5889,32
5889,37
5890,21
5890,31
5890,22
5891,28
5891,14
5892,24
5893,8
5894,11
5895,32
5895,14
5895,27
5895,7
5896,34
5896,8
5896,7
5896,17
5897,32
5897,12
5897,17
5897,11
5898,32
5899,12
5899,35
5899,20
5900,10
5900,8
5900,20
5900,12
5901,28
5901,15
5901,7
5901,8
5902,23
5902,30
5903,37
5904,15
5904,27
5904,21
5904,20
5905,12
5905,594
5905,37
5905,17
5906,27
5906,36
5907,37
5907,35
5907,14
5907,38
5907,20
5908,20
5909,32
5909,28
5909,22
5910,20
5910,21
5910,35
5911,34
5911,20
5912,36
5913,32
5913,29
5914,27
5914,7
5914,10
5915,17
5916,18
5916,11
5916,31
5916,16
5916,17
5917,35
5917,19
5918,14
5918,19
5919,7
5919,15
5919,33
5919,23
5920,16
5920,33
5920,27
5920,32
5921,38
5921,7
5922,32
5923,15
5923,14
5923,28
5924,21
5925,16
5925,21
5925,36
5926,23
5926,7
5926,35
5926,11
5926,33
5927,21
5927,35
5927,20
5928,11
5928,12
5928,15
5928,16
5929,21
5929,36
5929,15
5929,31
5930,23
5930,17
5930,31
5930,20
5931,7
5932,34
5932,9
5933,12
5933,29
5933,25
5934,21
5934,24
5934,10
5935,9
5935,36
5935,28
5936,10
5936,29
5936,7
5936,25
5937,17
5937,36
5937,35
5938,33
5938,35
5938,15
5938,28
5939,29
5939,19
5939,31
5939,16
5940,20
5940,34
5941,28
5942,18
5942,7
5942,20
5942,24
5942,30
5943,25
5944,19
5944,26
5944,11
5945,36
5945,37
5945,10
5945,32
5946,14
5946,21
5947,18
5947,34
5947,8
5947,19
5947,7
5948,12
5948,26
5948,36
5948,18
5949,18
5949,22
5949,10
5949,13
5950,23
5950,24
5950,9
5951,21
5951,9
5951,15
5952,13
5952,26
5952,9
5952,33
5953,17
5953,23
5953,26
5953,20
5953,29
5954,25
5954,7
5954,26
5954,10
5955,21
5955,9
5956,10
5956,25
5956,22
5956,14
5956,32
5957,37
5957,20
5958,25
5959,36
5960,35
5960,26
5960,8
5960,21
5961,26
5961,23
5961,25
5962,26
5962,37
5963,16
5963,18
5963,17
5963,13
5964,21
5964,8
5964,35
5965,29
5965,17
5966,18
5966,34
5966,9
5966,21
5966,26
5967,23
5967,7
5967,38
5968,35
5968,13
5968,23
5969,26
5969,24
5969,8
5970,26
5970,23
5970,18
5971,16
5971,14
5972,24
5972,36
5972,13
5972,19
5973,29
5973,21
5973,18
5974,31
5974,17
5975,14
5975,35
5975,29
5975,25
5976,22
5976,15
5976,10
5976,37
5977,31
5978,24
5979,24
5979,38
5980,7
5981,19
5981,9
5981,24
5981,34
5982,27
5982,29
5982,31
5983,7
5983,24
5984,22
5984,21
5984,29
5984,9
5984,32
5985,38
5986,31
5986,30
5986,20
5987,25
5987,36
5987,20
5987,19
5988,27
5989,35
5990,35
5990,17
5990,30
5991,12
5991,31
5991,8
5992,35
5992,18
5993,11
5993,18
5993,7
5993,15
5994,34
5994,9
5994,15
5994,23
5995,28
5995,31
5995,24
5995,14
5996,11
5996,32
5996,15
5996,34
5997,32
5997,21
5997,34
5997,29
5998,23
5998,32
5999,35
6000,28
6000,38
6000,8
6001,25
6002,14
6002,25
6003,11
6003,37
6003,10
6003,24
6004,30
6004,12
6004,14
6004,23
6004,32
6005,13
6005,35
6005,28
6005,11
6005,30
6006,25
6006,27
6006,30
6007,15
6007,36
6007,29
6007,35
6007,27
6008,21
6008,24
6008,9
6008,7
6009,9
6009,23
6010,35
6010,21
6011,31
6011,38
6011,30
6012,14
6012,23
6012,32
6013,36
6013,28
6013,8
6013,33
6014,36
6014,31
6014,29
6015,33
6015,10
6015,17
6016,29
6016,32
6016,22
6017,25
6018,33
6018,17
6019,19
6020,12
6020,17
6021,26
6022,17
6022,14
6023,11
6023,35
6023,19
6023,27
6023,34
6024,18
6024,17
6024,33
6024,36
6025,22
6025,23
6026,21
6026,32
6026,26
6026,35
6026,16
6027,31
6027,23
6028,30
6029,9
6029,35
6029,25
6029,30
6030,22
6030,21
6030,8
6031,23
6032,28
6032,20
6032,25
6032,18
6032,29
6033,29
6034,28
6034,9
6034,17
6035,12
6036,14
6036,13
6036,21
6037,35
6037,8
6038,7
6038,9
6039,23
6039,29
6040,22
6040,27
6040,30
6041,28
6041,18
6041,32
6042,27
6043,11
6043,7
6043,18
6043,38
6043,15
6044,11
6044,15
6044,31
6044,29
6044,19
6045,36
6045,22
6045,483
6045,38
6046,24
6046,7
6046,16
6046,21
6047,7
6048,25
6048,10
6049,22
6049,20
6049,14
6049,29
6050,11
6050,19
6050,30
6050,38
6050,23
6051,28
6051,29
6051,18
6052,35
6053,28
6053,35
6053,30
6053,36
6054,35
6054,23
6054,32
6054,14
6054,13
6055,31
6055,36
6055,13
6055,26
6055,22
6056,26
6056,29
6056,37
6056,27
6057,25
6057,18
6057,35
6057,12
6057,17
6058,10
6058,19
6058,34
6058,37
6058,8
6059,20
6059,30
6059,37
6059,36
6060,15
6060,11
6061,21
6061,35
6061,30
6061,38
6062,28
6062,11
6063,36
6063,12
6063,28
6064,19
6064,8
6064,29
6064,15
6064,37
6065,33
6065,31
6065,25
6065,14
6066,10
6066,28
6067,13
6067,24
6067,12
6067,33
6067,25
6068,12
6068,15
6068,38
6069,38
6069,7
6070,11
6070,12
6070,36
6071,37
6071,16
6071,26
6072,31
6072,15
6072,25
6073,36
6073,34
6073,22
6073,11
6074,24
6074,33
6074,14
6074,7
6074,28
6075,25
6075,353
6075,16
6076,37
6077,29
6077,33
6078,9
6078,38
6079,34
6079,16
6079,15
6079,37
6080,23
6081,21
6081,28
6081,26
6081,35
6082,8
6082,15
6083,14
6083,22
6083,28
6084,25
6084,34
6085,17
6085,23
6085,11
6086,23
6087,27
6088,28
6088,36
6089,22
6089,29
6090,29
6090,12
6090,9
6091,23
6091,17
6091,19
6092,29
6092,37
6092,9
6093,33
6093,21
6093,19
6094,33
6095,32
6095,33
6095,12
6095,22
6095,21
6096,11
6097,11
6097,37
6097,29
6097,31
6098,27
6098,22
6098,19
6098,25
6098,9
6099,38
6099,18
6099,11
6100,27
6100,28
6100,20
6100,13
6101,13
6101,19
6101,31
6102,34
6102,11
6102,25
6102,19
6102,33
6103,31
6104,13
6105,33
6105,16
6105,26
6106,20
6106,24
6106,10
6106,13
6106,26
6107,21
6107,30
6107,26
6108,33
6109,29
6110,30
6110,13
6111,36
6111,12
6111,10
6111,7
6112,14
6112,37
6112,22
6112,15
6112,8
6113,23
6113,24
6113,28
6113,22
6114,11
6115,26
6115,7
6115,9
6115,32
6116,30
6117,8
6118,12
6118,36
6118,29
6118,10
6118,26
6119,16
6119,18
6119,10
6120,13
6121,11
6121,23
6121,35
6121,21
6122,15
6122,13
6122,36
6123,35
6123,28
6123,33
6124,16
6124,26
6124,25
6124,15
6125,25
6125,19
6125,29
6126,14
6126,36
6127,35
6127,13
6127,18
6128,12
6128,8
6128,9
6128,37
6129,10
6129,15
6129,16
6129,12
6129,19
6130,16
6130,26
6131,38
6131,13
6131,29
6131,31
6132,34
6132,38
6132,24
6133,12
6133,30
6133,34
6134,15
6134,27
6134,23
6134,13
6135,23
6135,9
6135,26
6136,11
6136,9
6136,7
6137,28
6138,38
6138,19
6139,14
6139,31
6139,12
6139,17
6139,9
6140,21
6140,7
6141,10
6142,11
6143,16
6143,32
6143,26
6143,31
6144,18
6144,36
6145,25
6145,38
6145,30
6145,36
6146,7
6146,8
6146,10
6146,32
6147,28
6147,34
6148,35
6148,23
6148,11
6148,18
6148,22
6149,33
6149,30
6149,25
6149,35
6150,33
6150,28
6150,25
6150,27
6151,37
6151,10
6151,14
6151,19
6152,9
6152,20
6152,13
6153,10
6154,32
6154,29
6154,7
6155,26
6156,17
6157,11
6158,16
6158,17
6159,9
6160,19
6160,12
6161,35
6162,34
6162,17
6162,20
6162,36
6162,25
6163,24
6163,9
6163,27
6163,11
6164,14
6164,26
6164,12
6164,34
6165,11
6165,16
6166,22
6166,16
6166,24
6166,30
6166,14
6167,24
6167,31
6167,34
6167,16
6168,18
6169,13
6169,15
6170,38
6171,20
6171,31
6171,25
6172,21
6172,36
6172,9
6172,24
6173,16
6173,35
6173,23
6173,25
6174,10
6175,25
6175,11
6175,15
6175,9
6176,31
6177,9
6177,22
6178,31
6178,35
6179,32
6180,12
6180,11
6180,16
6180,38
6180,7
6181,20
6181,19
6182,14
6182,10
6182,25
6182,37
6183,24
6183,11
6184,11
6184,776
6184,38
6185,22
6185,12
6185,19
6185,26
6186,28
6186,23
6186,8
6187,31
6187,28
6187,16
6187,37
6188,33
6188,11
6188,32
6188,26
6189,832
6190,8
6190,10
6190,27
6190,29
6191,7
6191,36
6192,18
6193,35
6193,37
6193,24
6193,27
6194,8
6194,36
6195,26
6195,16
6195,18
6195,37
6195,23
6196,25
6197,26
6197,37
6197,14
6197,30
6198,10
6198,527
6199,8
6199,10
6199,25
6199,12
6199,30
6200,14
6200,10
6200,23
6201,16
6201,37
6202,146
6202,13
6202,8
6202,34
6203,31
6203,28
6203,25
6203,38
6203,7
6204,27
6204,13
6204,37
6205,17
6205,14
6205,13
6206,32
6206,34
6206,31
6206,29
6207,30
6207,11
6207,36
6208,29
6208,21
6208,22
6208,33
6209,14
6209,11
6209,18
6210,35
6210,25
6210,12
6210,15
6211,21
6211,29
6212,13
6212,33
6213,24
6213,27
6213,12
6213,15
6214,26
6214,7
6214,31
6215,27
6215,16
6215,9
6216,8
6216,7
6216,22
6216,14
6217,12
6218,37
6218,32
6218,38
6218,23
6218,27
6219,15
6219,21
6220,32
6221,23
6222,16
6222,38
6222,15
6222,9
6223,33
6223,15
6223,30
6223,14
6224,25
6224,34
6224,28
6225,31
6225,33
6226,15
6226,9
6227,27
6228,13
6228,30
6228,31
6229,8
6229,36
6230,30
6230,34
6230,12
6230,23
6230,24
6231,19
6231,35
6232,22
6232,24
6232,23
6232,34
6232,9
6233,480
6234,18
6234,35
6234,23
6235,38
6235,33
6235,20
6236,21
6237,16
6237,32
6237,20
6238,33
6238,9
6239,20
6239,7
6239,17
6239,14
6239,33
6240,28
6240,34
6240,35
6240,10
6241,11
6242,24
6243,411
6243,16
6244,23
6245,27
6245,11
6246,23
6246,14
6247,19
6247,32
6247,11
6248,27
6248,28
6248,38
6249,14
6249,27
6249,20
6249,37
6249,31
6250,32
6250,16
6251,12
6251,11
6251,8
6251,27
6252,35
6252,30
6253,19
6253,37
6253,31
6253,33
6253,22
6254,37
6255,26
6255,32
6255,18
6255,11
6256,24
6257,15
6257,35
6257,12
6257,31
6258,29
6258,7
6258,31
6258,25
6259,34
6260,9
6260,32
6261,12
6261,23
6261,30
6262,19
6262,23
6262,28
6263,14
6264,37
6264,32
6265,24
6265,28
6265,13
6266,30
6266,21
6266,22
6266,27
6266,25
6267,7
6267,36
6267,34
6268,27
6268,16
6269,14
6269,24
6270,35
6270,31
6271,24
6271,29
6271,23
6271,20
6272,27
6272,24
6272,25
6273,24
6273,16
6273,7
6274,36
6274,34
6274,31
6275,25
6275,27
6276,9
6276,35
6277,14
6277,21
6277,27
6278,25
6278,20
6278,8
6278,19
6278,13
6279,24
6279,22
6279,31
6279,16
6280,529
6280,14
6280,20
6281,29
6281,37
6281,33
6281,25
6282,25
6282,35
6282,23
6283,36
6283,30
6283,35
6284,21
6284,7
6284,37
6284,29
6284,34
6285,12
6285,32
6285,35
6286,10
6287,28
6287,19
6287,33
6287,18
6288,27
6289,36
6289,19
6289,33
6290,27
6291,37
6291,32
6291,26
6291,33
6291,35
6292,9
6292,30
6293,12
6293,14
6293,33
6293,23
6294,29
6295,23
6295,8
6295,28
6295,13
6296,19
6296,33
6296,8
6296,23
6297,38
6297,12
6298,9
6298,8
6298,24
6299,7
6299,33
6299,19
6299,16
6300,33
6301,20
6302,10
6302,20
6302,16
6302,14
6303,29
6303,9
6303,32
6304,16
6304,10
6304,25
6305,20
6305,13
6305,35
6306,31
6306,10
6307,34
6307,24
6307,38
6307,21
6307,8
6308,31
6308,10
6308,35
6308,23
6308,28
6309,15
6309,8
6309,31
6310,21
6311,18
6311,26
6311,35
6312,13
6312,33
6313,22
6313,14
6314,26
6314,12
6314,22
6315,37
6316,38
6316,907
6316,8
6317,14
6318,27
6318,37
6318,38
6318,21
6318,31
6319,16
6319,29
6319,38
6319,13
6320,35
6321,23
6321,21
6321,12
6322,22
6322,32
6322,7
6323,25
6323,29
6324,20
6324,18
6324,31
6324,15
6325,8
6326,21
6327,11
6327,20
6328,10
6329,9
6329,25
6329,21
6329,13
6329,27
6330,36
6330,12
6330,17
6330,13
6331,37
6331,10
6331,26
6331,30
6331,24
6332,14
6332,11
6332,7
6332,12
6332,26
6333,30
6333,37
6333,10
6333,17
6334,9
6334,18
6335,21
6335,32
6336,10
6337,32
6337,37
6337,26
6337,22
6338,8
6339,24
6339,17
6339,35
6339,12
6339,29
6340,16
6340,17
6340,31
6340,8
6340,23
6341,19
6341,9
6342,31
6342,33
6342,9
6342,21
6342,36
6343,14
6344,14
6344,33
6344,37
6345,18
6345,10
6345,7
6345,22
6345,11
6346,36
6346,37
6346,17
6346,33
6347,28
6348,34
6348,22
6348,24
6348,21
6348,19
6349,23
6349,38
6350,37
6350,34
6351,11
6351,19
6352,32
6353,26
6354,13
6354,7
6354,12
6354,27
6355,19
6355,33
6355,25
6356,21
6356,29
6356,18
6357,36
6357,7
6357,20
6357,30
6358,14
6358,29
6359,12
6359,9
6359,14
6360,32
6360,27
6361,7
6361,25
6361,26
6361,10
6362,22
6363,33
6364,26
6364,37
6364,20
6364,24
6365,27
6365,14
6365,31
6365,36
6366,23
6366,16
6366,15
6366,22
6367,37
6367,21
6368,35
6369,13
6369,7
6369,9
6370,18
6371,22
6371,9
6371,30
6371,18
6371,26
6372,28
6372,15
6372,23
6373,11
6373,14
6374,31
6374,12
6374,17
6374,20
6375,25
6376,9
6376,10
6376,19
6376,17
6376,23
6377,34
6377,14
6378,881
6379,34
6379,33
6380,16
6380,34
6380,36
6381,22
6381,17
6381,33
6382,28
6382,24
6382,11
6382,793
6382,22
6383,10
6383,36
6383,32
6383,27
6383,21
6384,21
6384,19
6385,37
6385,28
6385,18
6385,7
6385,17
6386,30
6387,29
6388,15
6388,14
6389,21
6390,8
6391,22
6391,23
6391,30
6391,20
6392,14
6392,37
6392,26
6392,16
6392,18
6393,25
6393,7
6393,28
6394,14
6394,16
6395,38
6396,27
6396,31
6396,35
6397,36
6397,19
6398,29
6399,12
6400,29
6400,18
6401,12
6401,9
6401,24
6401,13
6401,34
6402,37
6402,29
6403,22
6403,24
6404,191
6404,30
6404,16
6405,28
6405,22
6405,38
6406,36
6406,31
6406,33
6406,23
6407,8
6407,20
6408,19
6409,17
6410,25
6410,9
6411,32
6411,23
6412,9
6413,30
6413,7
6413,29
6413,35
6414,37
6414,20
6414,17
6415,17
6415,12
6415,15
6416,34
6416,12
6417,17
6417,8
6417,32
6418,11
6418,14
6419,38
6419,27
6419,31
6420,413
6421,37
6421,17
6422,23
6422,32
6423,15
6423,11
6423,8
6424,14
6424,21
6424,37
6424,24
6425,33
6425,31
6425,29
6426,11
6426,9
6427,15
6427,33
6427,12
6427,30
6428,35
6428,15
6429,36
6429,28
6430,34
6431,15
6431,25
6431,12
6432,12
6432,20
6432,36
6432,25
6432,22
6433,27
6434,10
6434,35
6434,36
6434,34
6434,130
6435,11
6436,19
6436,14
6437,27
6437,17
6437,23
6437,19
6438,35
6438,34
6438,16
6438,29
6438,22
6439,13
6439,10
6440,30
6440,11
6440,8
6441,23
6441,16
6442,29
6442,26
6442,14
6443,37
6443,28
6443,17
6443,31
6444,13
6444,14
6445,32
6445,18
6445,17
6446,24
6446,19
6446,31
6447,24
6447,14
6447,34
6448,23
6448,31
6448,11
6448,36
6449,20
6449,35
6449,14
6449,27
6449,29
6450,7
6450,22
6450,24
6450,18
6450,38
6451,35
6451,7
6452,15
6453,15
6454,37
6454,11
6455,36
6456,13
6456,12
6456,26
6457,22
6458,23
6458,36
6459,28
6460,16
6460,15
6460,14
6460,38
6460,22
6461,37
6462,11
6463,19
6463,30
6463,10
6463,34
6464,16
6464,18
6464,21
6465,28
6465,787
6465,21
6466,15
6466,8
6466,32
6466,16
6466,21
6467,28
6467,23
6468,28
6468,9
6468,7
6468,29
6468,19
6469,20
6470,21
6470,15
6470,30
6470,12
6470,16
6471,18
6471,10
6472,18
6472,27
6472,21
6473,21
6474,35
6474,27
6475,29
6475,12
6475,32
6475,11
6475,25
6476,17
6477,11
6477,17
6477,16
6477,15
6478,28
6478,19
6478,35
6479,33
6479,7
6479,22
6480,24
6480,15
6480,25
6481,23
6481,38
6481,25
6482,17
6482,31
6482,21
6482,32
6482,27
6483,9
6484,16
6484,7
6485,32
6486,34
6486,8
6486,18
6487,18
6487,26
6487,10
6487,14
6488,30
6488,19
6488,38
6488,37
6489,25
6489,38
6490,15
6491,25
6492,25
6492,7
6493,34
6493,24
6493,17
6494,31
6494,14
6494,36
6494,13
6495,22
6495,20
6496,9
6496,7
6496,29
6496,22
6497,16
6497,36
6497,26
6497,21
6498,37
6498,30
6498,27
6498,22
6499,35
6499,27
6499,11
6499,18
6500,37
6500,18
6500,36
6501,26
6501,34
6501,7
6501,8
6502,28
6502,24
6502,15
6503,30
6503,9
6503,36
6503,25
6504,20
6504,26
6504,33
6504,34
6504,7
6505,8
6505,32
6505,25
6506,30
6506,32
6507,30
6507,20
6507,16
6507,11
6508,23
6508,24
6509,36
6510,14
6510,21
6510,27
6510,7
6510,34
6511,38
6511,24
6511,29
6511,13
6512,28
6512,16
6512,23
6512,19
6512,9
6513,38
6513,13
6514,30
6514,23
6514,17
6514,28
6515,18
6516,24
6516,11
6517,32
6517,20
6518,11
6519,16
6519,19
6519,27
6519,36
6520,788
6520,29
6521,11
6521,7
6521,15
6522,10
6523,16
6523,18
6523,27
6524,31
6525,34
6526,36
6527,34
6527,33
6527,21
6528,7
6528,20
6528,9
6529,23
6529,25
6529,9
6530,10
6530,31
6531,12
6532,97
6532,7
6532,23
6533,34
6534,36
6535,9
6535,25
6536,28
6536,37
6537,9
6537,38
6537,13
6538,27
6538,30
6539,11
6539,17
6539,22
6539,9
6539,10
6540,23
6540,29
6540,12
6541,10
6541,35
6541,34
6541,31
6541,14
6542,24
6542,23
6542,16
6542,19
6543,24
6543,23
6544,18
6544,19
6544,29
6544,32
6545,35
6545,33
6546,29
6546,21
6547,22
6547,790
6548,31
6549,16
6549,10
6550,20
6550,16
6550,31
6551,36
6551,28
6552,17
6552,8
6552,16
6553,36
6553,37
6553,20
6553,22
6554,13
6554,16
6554,31
6555,21
6556,7
6556,24
6556,25
6556,30
6557,19
6557,20
6557,10
6558,22
6559,15
6559,7
6560,34
6560,35
6560,18
6561,15
6561,14
6561,10
6561,12
6562,19
6562,117
6562,21
6562,8
6562,12
6563,38
6563,9
6563,25
6563,11
6564,38
6565,27
6565,21
6566,11
6566,27
6566,37
6566,32
6566,22
6567,10
6567,28
6567,14
6567,22
6568,9
6568,30
6568,33
6568,18
6569,14
6569,7
6569,15
6569,35
6570,8
6571,29
6571,21
6572,10
6572,28
6572,7
6573,20
6573,7
6573,10
6573,11
6574,34
6574,13
6574,12
6575,17
6575,7
6575,14
6575,23
6575,32
6576,24
6576,22
6576,26
6576,25
6576,30
6577,38
6578,12
6578,8
6578,17
6578,15
6579,19
6579,9
6579,35
6580,17
6580,31
6580,18
6581,8
6581,7
6581,18
6582,16
6582,10
6582,29
6583,27
6583,17
6583,29
6583,23
6583,31
6584,38
6585,8
6586,8
6586,19
6586,10
6586,29
6586,28
6587,23
6587,34
6587,16
6587,10
6587,19
6588,37
6588,27
6588,11
6588,23
6589,26
6589,21
6589,36
6590,28
6590,23
6590,24
6590,15
6590,13
6591,38
6591,34
6591,23
6591,37
6591,35
6592,34
6593,25
6593,9
6593,28
6593,19
6594,19
6594,23
6594,30
6594,12
6595,30
6595,11
6595,29
6595,20
6596,31
6596,24
6596,10
6596,22
6596,33
6597,17
6597,28
6598,38
6598,18
6598,11
6599,20
6599,18
6599,37
6600,7
6600,37
6600,20
6600,12
6601,18
6602,25
6602,17
6602,18
6602,8
6602,14
6603,17
6603,9
6604,11
6604,30
6604,9
6605,7
6605,8
6605,10
6606,28
6606,13
6607,18
6607,34
6608,14
6608,36
6608,34
6608,11
6609,14
6610,14
6610,11
6610,21
6611,22
6611,30
6611,15
6611,17
6612,33
6612,28
6612,9
6613,7
6613,29
6613,12
6614,7
6614,23
6614,13
6615,34
6616,14
6616,29
6616,25
6617,20
6617,28
6617,10
6617,900
6617,13
6618,25
6618,30
6619,13
6620,34
6621,16
6621,36
6622,11
6622,25
6622,10
6623,19
6623,8
6623,24
6624,18
6625,26
6626,19
6626,18
6626,7
6627,18
6628,23
6628,27
6628,19
6628,25
6629,36
6630,13
6630,31
6631,32
6631,38
6631,12
6631,11
6631,33
6632,8
6632,34
6632,12
6633,28
6633,19
6633,36
6633,20
6633,21
6634,25
6634,26
6634,20
6635,27
6635,23
6636,22
6637,26
6638,27
6639,16
6639,9
6639,24
6639,37
6640,35
6640,38
6640,37
6640,25
6641,18
6641,20
6641,24
6641,17
6641,37
6642,24
6642,16
6642,10
6643,38
6643,154
6643,22
6643,27
6644,17
6644,25
6645,482
6645,33
6645,19
6646,31
6646,34
6646,36
6647,11
6647,33
6647,12
6648,27
6648,29
6648,22
6648,8
6649,35
6649,7
6649,12
6649,14
6650,29
6650,35
6650,7
6651,32
6651,26
6651,8
6652,7
6652,18
6652,10
6652,23
6653,9
6653,26
6653,32
6653,21
6654,14
6654,21
6654,37
6655,35
6655,16
6655,26
6655,18
6656,32
6657,28
6657,26
6657,29
6657,24
6658,7
6658,17
6658,25
6659,11
6659,331
6660,17
6660,38
6660,7
6661,20
6661,26
6661,24
6662,533
6662,17
6662,31
6663,7
6664,9
6664,28
6664,7
6664,34
6665,28
6665,22
6666,27
6667,7
6668,12
6668,33
6668,7
6668,28
6668,27
6669,26
6669,17
6670,15
6670,21
6671,11
6671,20
6671,29
6672,31
6672,32
6672,21
6672,14
6673,27
6673,18
6674,23
6674,22
6675,26
6675,36
6675,33
6675,15
6676,36
6676,31
6677,26
6677,7
6677,21
6677,30
6678,7
6679,25
6679,31
6680,37
6680,29
6680,20
6681,12
6682,19
6682,16
6683,38
6683,32
6683,29
6684,24
6684,14
6684,25
6684,36
6685,30
6685,27
6685,7
6686,8
6687,37
6687,15
6687,28
6687,17
6688,10
6688,22
6688,14
6689,9
6690,24
6690,19
6690,17
6691,9
6691,36
6691,37
6692,7
6693,10
6693,22
6693,21
6694,27
6694,38
6694,37
6694,29
6694,10
6695,27
6695,35
6696,29
6696,14
6696,10
6696,13
6696,9
6697,10
6697,35
6697,26
6697,32
6697,31
6698,10
6698,13
6699,14
6699,16
6700,31
6701,25
6701,8
6701,14
6702,29
6702,38
6702,23
6703,22
6704,35
6704,13
6705,13
6705,12
6705,19
6706,7
6706,25
6707,23
6707,8
6707,11
6707,30
6707,29
6708,10
6708,21
6708,28
6709,32
6709,8
6709,16
6710,10
6710,36
6711,33
6711,24
6711,26
6711,32
6711,7
6712,38
6712,29
6712,19
6713,33
6714,31
6714,15
6714,27
6714,36
6714,17
6715,27
6716,23
6716,20
6716,26
6717,25
6717,31
6717,33
6718,19
6718,31
6718,16
6718,17
6719,38
6719,36
6719,9
6720,32
6720,24
6720,7
6720,33
6721,18
6722,9
6722,29
6722,15
6722,10
6723,30
6723,26
6724,31
6724,32
6724,11
6724,22
6725,37
6725,26
6726,23
6727,37
6728,29
6728,22
6728,26
6728,8
6728,31
6729,14
6729,30
6729,9
6729,35
6730,22
6730,20
6731,27
6731,37
6731,30
6732,15
6732,29
6732,11
6732,20
6733,18
6734,33
6734,32
6735,37
6735,7
6735,16
6736,21
6736,30
6736,9
6736,15
6737,25
6737,19
6738,30
6739,13
6739,25
6739,33
6739,12
6740,24
6740,27
6741,29
6742,33
6742,23
6743,24
6743,28
6743,32
6743,37
6744,16
6744,23
6744,19
6745,11
6745,23
6745,35
6745,33
6746,30
6746,32
6747,30
6748,23
6748,22
6749,37
6749,22
6749,14
6750,31
6750,15
6750,7
6751,37
6751,30
6752,28
6752,13
6752,17
6753,37
6753,27
6754,21
6754,19
6755,34
6755,13
6755,25
6755,26
6755,14
6756,38
6756,28
6756,17
6756,35
6756,27
6757,16
6757,21
6757,35
6757,34
6757,37
6758,29
6758,20
6758,33
6758,34
6759,22
6760,14
6760,29
6760,36
6760,7
6761,17
6761,33
6761,21
6761,31
6762,35
6762,32
6763,30
6763,22
6764,25
6765,13
6765,9
6766,23
6767,7
6767,27
6767,12
6767,29
6768,38
6768,27
6768,33
6768,20
6768,16
6769,22
6770,31
6770,9
6770,23
6771,17
6772,30
6772,19
6773,10
6774,29
6774,28
6774,30
6774,26
6775,16
6775,14
6775,13
6775,10
6776,29
6777,31
6777,29
6777,33
6777,20
6777,22
6778,16
6778,18
6778,25
6779,10
6780,27
6781,22
6781,20
6781,17
6782,12
6783,10
6783,14
6783,30
6784,23
6784,10
6785,15
6785,34
6785,32
6786,37
6786,13
6786,19
6787,12
6787,7
6787,11
6788,23
6788,26
6788,25
6788,33
6789,35
6789,15
6790,30
6791,25
6792,22
6792,20
6793,20
6793,38
6793,36
6793,27
6794,23
6794,24
6795,13
6795,14
6795,25
6795,12
6796,36
6796,7
6796,9
6796,38
6796,32
6797,34
6798,15
6798,36
6798,9
6799,8
6799,9
6800,27
6800,18
6800,14
6800,17
6801,38
6802,7
6802,23
6802,9
6802,10
6802,17
6803,28
6804,29
6804,8
6804,14
6805,29
6805,17
6805,37
6805,25
6805,22
6806,34
6806,37
6806,18
6806,9
6806,20
6807,23
6807,18
6807,20
6808,26
6808,38
6809,7
6809,35
6809,24
6810,38
6810,17
6811,35
6811,38
6811,28
6811,7
6811,9
6812,8
6812,32
6812,21
6813,10
6813,12
6813,13
6813,34
6814,23
6815,25
6815,31
6815,13
6816,7
6816,19
6816,26
6817,32
6818,31
6818,23
6819,19
6819,34
6820,28
6821,20
6821,18
6821,31
6822,28
6822,33
6822,13
6822,34
6822,18
6823,14
6823,31
6823,32
6824,12
6824,38
6825,33
6825,26
6825,38
6825,22
6826,25
6826,8
6827,12
6827,29
6827,20
6827,25
6828,17
6829,9
6830,8
6830,16
6830,23
6831,30
6831,13
6831,7
6831,35
6832,19
6832,34
6833,31
6833,26
6833,14
6833,30
6833,18
6834,37
6835,30
6835,14
6836,33
6836,12
6837,12
6838,29
6838,792
6838,25
6838,31
6839,8
6839,24
6840,10
6840,33
6840,17
6840,35
6841,38
6841,31
6841,20
6842,8
6842,13
6842,11
6842,34
6842,37
6843,10
6843,21
6843,24
6844,24
6844,8
6844,21
6845,12
6845,10
6846,25
6846,28
6847,10
6847,34
6847,30
6848,37
6848,35
6849,30
6849,31
6849,33
6849,35
6850,28
6850,19
6850,9
6850,23
6851,31
6852,11
6852,21
6853,31
6853,9
6854,32
6854,34
6854,33
6855,35
6855,19
6855,8
6856,21
6856,24
6856,16
6857,7
6857,16
6857,19
6858,36
6858,28
6858,33
6858,27
6859,38
6859,18
6860,9
6860,12
6860,27
6860,13
6861,36
6861,18
6861,22
6862,28
6862,36
6862,20
6862,8
6863,10
6863,31
6863,28
6863,17
6864,15
6865,38
6866,29
6866,15
6867,19
6867,36
6867,31
6868,34
6868,35
6868,7
6868,13
6869,16
6869,13
6869,24
6869,28
6870,16
6870,26
6870,8
6870,10
6871,31
6871,7
6872,26
6872,20
6873,21
6873,35
6874,13
6874,8
6874,28
6875,37
6875,26
6875,16
6875,38
6876,28
6876,7
6876,13
6876,33
6876,10
6877,34
6878,23
6878,28
6879,18
6880,36
6881,23
6881,28
6881,25
6881,24
6881,35
6882,30
6882,21
6882,16
6882,11
6883,17
6883,18
6883,24
6884,22
6884,20
6884,17
6884,29
6885,31
6885,13
6885,32
6885,35
6885,23
6886,32
6886,31
6887,17
6887,27
6887,33
6887,10
6888,542
6888,30
6889,18
6889,9
6890,33
6890,32
6891,38
6891,37
6892,30
6893,25
6894,34
6894,31
6895,14
6895,15
6896,38
6896,8
6897,32
6897,13
6897,8
6897,23
6898,35
6899,36
6899,11
6900,17
6900,16
6901,12
6901,26
6902,26
6903,32
6903,29
6904,31
6904,21
6904,27
6904,29
6905,21
6905,15
6905,20
6906,28
6906,22
6906,10
6907,17
6908,15
6909,22
6909,36
6909,20
6910,11
6910,19
6911,7
6911,35
6912,15
6912,30
6913,21
6913,8
6913,14
6914,29
6914,10
6914,27
6914,18
6914,14
6915,13
6916,15
6916,24
6916,27
6916,10
6917,21
6917,23
6918,34
6918,18
6918,16
6919,16
6919,9
6920,28
6921,22
6921,7
6922,14
6922,29
6923,27
6923,22
6923,36
6924,12
6924,28
6925,14
6925,34
6925,8
6925,23
6925,12
6926,16
6927,30
6928,33
6928,20
6928,8
6928,10
6929,25
6930,24
6930,23
6930,11
6931,20
6931,19
6931,7
6931,13
6931,27
6932,34
6932,19
6932,38
6932,20
6932,23
6933,25
6933,20
6934,12
6934,36
6935,24
6935,11
6935,37
6935,22
6936,21
6936,18
6936,17
6937,19
6937,17
6937,27
6937,26
6938,11
6938,10
6939,28
6939,35
6939,16
6939,11
6939,8
6940,22
6940,11
6941,10
6942,22
6942,36
6942,9
6943,8
6944,25
6944,30
6944,16
6944,14
6944,10
6945,14
6946,37
6946,21
6947,7
6947,15
6947,25
6947,10
6947,22
6948,36
6948,32
6948,15
6949,28
6949,10
6949,34
6949,25
6949,33
6950,33
6950,28
6951,11
6951,29
6951,38
6952,9
6953,21
6954,31
6955,26
6955,27
6956,22
6957,20
6958,12
6958,38
6958,30
6958,26
6958,31
6959,19
6960,17
6960,22
6960,8
6961,10
6961,33
6961,14
6961,28
6961,13
6962,17
6962,7
6963,23
6963,33
6964,37
6964,12
6965,26
6965,33
6965,35
6965,32
6965,12
6966,23
6966,29
6967,25
6967,20
6968,27
6969,21
6969,7
6970,34
6970,17
6971,13
6971,21
6971,32
6971,38
6972,7
6973,16
6973,32
6974,35
6974,33
6974,16
6974,19
6974,13
6975,31
6975,19
6975,16
6975,9
6976,18
6977,11
6977,27
6977,33
6977,15
6978,38
6979,35
6979,12
6979,23
6980,11
6981,18
6982,31
6983,17
6983,35
6983,14
6983,16
6984,35
6984,15
6984,18
6984,7
6985,31
6986,35
6986,14
6986,33
6987,21
6987,34
6987,27
6987,35
6988,29
6988,26
6988,38
6989,15
6990,34
6990,23
6990,19
6991,17
6991,30
6992,32
6992,8
6992,35
6993,28
6993,8
6993,31
6993,30
6993,10
6994,15
6995,38
6996,35
6996,15
6997,11
6998,36
6998,31
6999,13
6999,14
7000,34
7001,28
7001,9
7001,17
7001,26
7002,20
7002,36
7003,7
7004,36
7004,10
7004,17
7004,31
7005,26
7005,28
7005,25
7005,38
7005,7
7006,37
7007,30
7007,16
7007,27
7008,16
7008,8
7008,10
7008,9
7009,31
7009,33
7009,7
7010,27
7010,31
7010,32
7010,13
7011,30
7011,16
7011,26
7011,20
7011,7
7012,17
7012,16
7012,37
7012,8
7013,30
7013,10
7013,23
7013,28
7014,18
7014,38
7015,23
7016,20
7016,11
7016,26
7016,9
7017,32
7017,9
7017,16
7018,24
7018,25
7018,28
7018,26
7019,10
7019,27
7019,14
7019,36
7020,35
7020,16
7020,37
7020,21
7020,23
7021,28
7021,27
7022,27
7022,32
7022,24
7022,11
7023,34
7023,25
7024,8
7024,11
7024,18
7024,19
7025,28
7025,11
7025,29
7026,25
7026,19
7026,14
7027,18
7027,7
7027,34
7028,14
7028,33
7028,12
7029,35
7029,14
7029,11
7030,11
7030,28
7030,19
7030,27
7030,29
7031,28
7031,8
7032,17
7032,31
7032,14
7033,28
7033,30
7033,14
7033,18
7033,25
7034,25
7034,27
7034,33
7034,19
7034,16
7035,12
7035,11
7035,28
7035,30
7036,16
7036,14
7036,21
7036,8
7036,13
7037,19
7038,23
7038,24
7038,35
7039,19
7039,14
7040,30
7040,12
7040,17
7040,21
7041,32
7041,24
7041,19
7041,8
7041,15
7042,7
7042,19
7042,18
7043,28
7043,22
7043,29
7043,19
7043,37
7044,9
7044,10
7045,15
7045,25
7045,10
7045,24
7046,38
7047,23
7048,31
7048,23
7048,37
7048,32
7049,10
7049,19
7049,37
7049,16
7050,30
7050,11
7051,26
7051,15
7052,20
7052,25
7052,30
7053,20
7053,24
7054,24
7054,20
7054,25
7055,32
7056,31
7057,8
7057,33
7057,36
7058,32
7059,30
7059,31
7059,7
7060,21
7060,7
7060,14
7061,9
7061,13
7062,33
7062,37
7062,10
7062,35
7062,18
7063,13
7063,38
7064,27
7065,528
7065,15
7065,9
7065,24
7066,9
7066,8
7066,33
7066,38
7067,32
7067,34
7067,8
7067,20
7068,27
7068,19
7068,24
7069,28
7069,8
7069,25
7069,36
7070,16
7071,7
7072,21
7073,8
7073,19
7073,29
7073,24
7073,17
7074,32
7075,28
7075,14
7076,31
7076,27
7076,21
7077,37
7078,8
7078,38
7078,31
7079,36
7079,35
7079,27
7079,30
7080,28
7080,38
7080,10
7081,17
7081,7
7081,16
7081,18
7082,34
7082,23
7082,9
7082,17
7082,18
7083,20
7083,22
7084,11
7084,35
7084,38
7085,28
7085,10
7085,33
7085,29
7085,11
7086,18
7087,37
7087,13
7088,20
7089,15
7089,13
7090,8
7091,23
7091,25
7092,38
7092,18
7093,20
7093,35
7094,30
7095,35
7095,11
7096,37
7096,12
7096,38
7097,22
7097,19
7098,23
7098,16
7098,17
7098,28
7099,34
7099,28
7099,15
7100,37
7100,31
7100,35
7101,31
7101,28
7101,29
7101,11
7102,38
7102,23
7102,20
7103,37
7103,17
7103,12
7103,35
7104,9
7104,38
7104,14
7104,8
7105,16
7105,10
7105,28
7105,9
7105,14
7106,21
7107,26
7107,12
7107,10
7107,23
7108,23
7108,17
7108,27
7109,24
7109,12
7109,31
7110,28
7110,370
7110,16
7110,18
7110,24
7111,22
7112,30
7112,13
7113,19
7113,35
7113,23
7114,29
7114,8
7114,9
7114,30
7115,15
7115,31
7115,35
7115,8
7115,19
7116,21
7116,15
7117,15
7118,24
7118,26
7118,14
7118,21
7118,17
7119,36
7120,35
7120,20
7120,28
7120,22
7121,33
7121,21
7122,7
7122,21
7123,13
7123,18
7123,24
7123,33
7124,14
7124,17
7125,19
7125,17
7125,29
7126,38
7127,31
7127,8
7127,13
7127,28
7128,23
7128,33
7128,34
7129,37
7129,21
7130,28
7130,33
7130,37
7130,34
7131,38
7132,33
7132,21
7132,31
7133,7
7133,27
7133,38
7134,10
7134,31
7134,255
7135,24
7135,27
7135,7
7135,21
7136,27
7136,7
7137,12
7137,18
7137,30
7138,17
7139,13
7139,27
7139,30
7140,23
7141,17
7142,9
7142,27
7143,9
7143,33
7144,31
7144,37
7144,11
7144,35
7144,32
7145,11
7145,34
7146,19
7146,29
7146,17
7146,31
7146,28
7147,13
7147,26
7147,25
7148,11
7148,16
7149,28
7149,9
7149,33
7149,23
7149,31
7150,24
7150,11
7151,19
7152,21
7152,31
7152,26
7152,8
7152,15
7153,13
7153,7
7153,17
7154,34
7154,16
7154,15
7155,34
7155,26
7156,31
7156,36
7157,37
7157,9
7158,35
7158,14
7159,21
7159,13
7159,19
7159,15
7159,18
7160,26
7160,12
7160,23
7160,24
7161,24
7161,28
7161,35
7161,37
7161,32
7162,21
7162,13
7162,23
7163,35
7164,16
7164,23
7164,31
7164,27
7164,9
7165,15
7165,7
7165,19
7165,24
7165,14
7166,8
7166,36
7166,27
7166,16
7166,19
7167,20
7168,17
7168,7
7169,20
7169,11
7169,27
7170,10
7171,35
7171,13
7172,37
7172,16
7173,29
7173,19
7174,9
7174,14
7175,27
7175,31
7175,9
7175,18
7175,11
7176,23
7177,30
7177,35
7178,20
7178,13
7178,16
7178,30
7178,26
7179,29
7179,30
7179,17
7180,29
7180,17
7180,24
7180,14
7181,18
7181,9
7181,34
7181,38
7181,22
7182,33
7182,36
7182,15
7182,14
7183,32
7184,11
7184,26
7184,7
7184,28
7185,35
7186,37
7186,12
7186,20
7186,29
7186,33
7187,18
7188,22
7188,18
7188,9
7189,12
7189,14
7189,31
7189,10
7190,22
7190,12
7191,22
7191,9
7191,34
7191,21
7191,23
7192,7
7192,24
7192,16
7192,34
7193,17
7193,29
7193,15
7193,7
7194,20
7194,22
7194,28
7194,35
7194,25
7195,33
7195,35
7195,20
7195,34
7196,38
7196,17
7196,32
7196,30
7196,25
7197,38
7197,13
7198,35
7198,36
7199,16
7200,18
7200,38
7200,36
7201,9
7202,12
7203,29
7203,13
7203,16
7203,8
7203,24
7204,36
7204,25
7204,17
7204,20
7205,20
7205,19
7205,21
7206,26
7206,21
7206,28
7206,11
7206,24
7207,38
7207,22
7207,10
7207,28
7207,21
7208,24
7208,37
7208,16
7209,10
7209,18
7209,19
7209,20
7210,11
7210,21
7211,20
7211,33
7211,30
7211,8
7212,34
7212,11
7213,32
7213,464
7214,13
7214,22
7215,14
7216,17
7217,19
7217,14
7217,33
7218,33
7218,12
7218,15
7219,26
7219,30
7219,12
7220,30
7220,10
7220,24
7221,27
7221,20
7221,22
7222,33
7222,31
7223,16
7224,28
7224,21
7224,32
7224,34
7224,16
7225,16
7225,23
7225,34
7225,18
7225,21
7226,31
7227,15
7228,10
7228,12
7228,21
7229,23
7229,14
7229,24
7230,17
7230,133
7230,18
7231,20
7231,38
7231,18
7231,26
7232,26
7232,31
7233,32
7233,8
7233,33
7233,31
7233,21
7234,31
7234,28
7234,16
7235,23
7236,18
7236,7
7236,12
7236,11
7237,9
7237,7
7237,21
7237,30
7238,27
7238,19
7238,15
7238,37
7239,25
7239,26
7240,26
7240,13
7240,31
7241,15
7241,8
7241,19
7241,33
7242,18
7242,28
7242,27
7243,29
7243,9
7243,35
7244,15
7244,10
7244,14
7244,37
7245,35
7245,27
7245,38
7245,29
7246,32
7246,21
7246,24
7247,24
7247,722
7248,30
7249,21
7249,24
7249,38
7250,21
7250,14
7251,12
7251,38
7252,13
7252,26
7252,35
7253,27
7254,9
7255,37
7255,23
7255,17
7256,38
7256,8
7256,13
7256,20
7256,7
7257,22
7258,37
7259,10
7259,14
7259,31
7259,19
7259,23
7260,16
7260,28
7260,31
7260,7
7261,27
7261,32
7261,17
7262,26
7263,12
7263,25
7263,11
7264,18
7264,38
7265,12
7265,38
7265,10
7265,17
7266,9
7266,22
7267,25
7267,26
7268,7
7268,14
7268,24
7269,32
7270,16
7271,33
7271,399
7272,35
7272,14
7272,16
7272,38
7272,883
7273,7
7273,37
7273,35
7273,31
7274,11
7275,23
7275,17
7275,10
7276,17
7276,28
7277,19
7277,29
7278,27
7278,17
7278,38
7278,12
7278,7
7279,13
7280,37
7280,35
7280,36
7280,9
7281,23
7281,37
7282,34
7283,9
7284,26
7285,20
7285,36
7285,14
7285,19
7286,10
7287,16
7288,27
7288,9
7288,13
7288,22
7288,29
7289,8
7289,27
7289,35
7289,10
7289,25
7290,8
7291,35
7291,12
7292,18
7293,38
7294,12
7295,22
7295,19
7295,20
7296,22
7296,38
7296,28
7296,10
7297,17
7297,24
7298,37
7298,32
7298,38
7299,22
7299,35
7300,31
7300,27
7300,17
7301,28
7301,17
7301,34
7302,33
7303,19
7304,26
7304,24
7304,38
7304,18
7304,23
7305,35
7305,24
7305,36
7305,11
7306,10
7306,13
7307,25
7308,24
7309,25
7309,11
7310,19
7310,20
7311,22
7311,30
7312,17
7312,8
7312,28
7312,26
7312,24
7313,8
7314,28
7314,34
7314,14
7314,9
7315,7
7315,31
7315,13
7316,30
7316,14
7316,9
7317,7
7317,18
7317,31
7317,15
7318,12
7319,10
7319,34
7319,7
7320,36
7321,16
7321,22
7321,9
7322,16
7322,21
7323,27
7324,16
7324,10
7324,15
7325,10
7325,16
7325,36
7325,24
7325,7
7326,8
7326,31
7326,26
7326,25
7326,16
7327,17
7327,16
7327,7
7328,22
7328,24
7328,34
7328,27
7329,12
7329,28
7329,29
7330,25
7330,22
7330,7
7330,24
7331,17
7331,27
7331,25
7332,8
7333,11
7333,38
7333,35
7333,30
7333,8
7334,20
7334,38
7335,34
7335,11
7335,19
7335,35
7336,26
7337,17
7337,19
7338,35
7339,12
7339,10
7339,8
7339,24
7339,25
7340,15
7341,28
7342,36
7343,30
7343,14
7344,33
7344,7
7345,29
7345,497
7346,30
7346,9
7347,33
7347,31
7347,20
7347,35
7347,32
7348,33
7348,19
7348,21
7348,23
7348,18
7349,8
7349,7
7349,29
7349,23
7349,11
7350,29
7351,36
7351,28
7351,17
7351,23
7352,22
7353,19
7353,7
7354,33
7354,35
7354,27
7354,29
7354,32
7355,28
7356,26
7356,29
7357,21
7357,8
7358,31
7358,33
7359,36
7359,28
7359,38
7359,17
7360,19
7360,28
7361,10
7362,14
7362,38
7362,12
7362,25
7363,26
7364,28
7364,33
7364,27
7365,31
7365,35
7366,19
7366,38
7367,12
7367,30
7368,27
7368,29
7368,10
7368,37
7369,14
7369,36
7369,10
7370,24
7370,13
7371,22
7371,14
7371,13
7371,23
7371,37
7372,24
7373,10
7373,15
7374,17
7375,21
7375,8
7376,31
7377,20
7377,29
7377,36
7378,24
7378,34
7378,19
7379,15
7379,36
7380,27
7380,8
7380,7
7380,12
7380,11
7381,33
7381,25
7381,15
7381,38
7381,22
7382,24
7382,32
7383,23
7383,16
7383,17
7383,27
7383,8
7384,36
7384,35
7384,29
7384,20
7385,21
7386,12
7386,15
7386,9
7387,33
7387,37
7388,20
7388,13
7389,32
7389,36
7389,28
7390,20
7390,21
7390,9
7390,36
7390,12
7391,31
7391,36
7391,9
7391,14
7392,11
7392,9
7393,33
7393,25
7393,24
7393,37
7393,21
7394,7
7395,24
7395,29
7396,23
7396,35
7396,19
7396,17
7397,19
7397,21
7398,27
7399,7
7399,11
7400,12
7400,17
7401,25
7401,34
7401,9
7402,9
7403,36
7403,30
7403,20
7403,12
7404,34
7405,17
7405,8
7405,31
7406,17
7406,29
7406,25
7406,28
7407,12
7407,27
7407,28
7407,32
7407,34
7408,35
7408,15
7409,17
7409,14
7409,11
7409,34
7410,14
7410,10
7411,9
7411,24
7411,34
7412,29
7413,12
7413,9
7413,15
7413,23
7414,12
7414,36
7414,38
7414,19
7414,35
7415,26
7415,18
7415,37
7415,31
7416,26
7416,18
7416,7
7416,21
7417,38
7418,21
7418,19
7418,13
7418,868
7418,31
7419,16
7419,36
7419,29
7420,19
7420,10
7420,36
7421,31
7421,35
7421,14
7422,14
7422,27
7423,26
7423,20
7423,9
7424,11
7424,23
7424,16
7425,19
7425,7
7426,20
7426,9
7426,35
7427,9
7427,36
7427,16
7427,17
7427,22
7428,27
7429,9
7429,13
7429,37
7429,35
7429,17
7430,13
7430,20
7431,8
7431,9
7431,29
7432,30
7432,7
7432,37
7432,20
7432,17
7433,19
7434,37
7434,31
7434,33
7434,9
7435,27
7435,11
7436,38
7436,25
7436,11
7437,30
7438,26
7439,19
7440,16
7440,25
7440,30
7441,25
7442,8
7442,32
7442,25
7442,21
7442,17
7443,25
7443,24
7443,8
7443,31
7443,26
7444,16
7445,33
7445,29
7445,28
7445,31
7445,11
7446,22
7446,8
7446,30
7446,27
7446,32
7447,27
7448,24
7448,12
7449,20
7449,38
7449,29
7449,31
7450,23
7450,7
7450,25
7450,32
7450,10
7451,12
7451,29
7451,28
7451,11
7452,7
7452,25
7452,17
7452,29
7453,17
7454,37
7455,10
7455,12
7455,15
7456,9
7456,34
7456,30
7457,23
7458,7
7458,13
7458,16
7458,29
7459,18
7459,7
7459,16
7459,13
7460,14
7460,11
7460,29
7460,38
7461,34
7461,18
7461,7
7461,8
7462,14
7462,18
7462,30
7462,32
7463,35
7463,26
7463,36
7463,14
7463,16
7464,23
7465,220
7465,19
7466,12
7466,28
7467,36
7467,9
7467,831
7467,20
7468,20
7468,36
7468,31
7468,25
7469,19
7469,36
7469,8
7470,7
7470,26
7470,22
7470,36
7471,20
7472,16
7472,38
7473,14
7473,36
7473,27
7474,14
7474,16
7474,21
7475,11
7476,21
7476,19
7476,18
7476,12
7477,7
7477,8
7477,35
7477,31
7477,32
7478,11
7479,32
7480,18
7480,36
7480,14
7480,22
7480,25
7481,27
7481,21
7481,36
7481,19
7482,15
7483,8
7483,18
7484,23
7484,14
7484,11
7484,26
7485,10
7485,27
7486,15
7486,37
7487,26
7487,10
7488,7
7488,29
7488,21
7489,24
7489,19
7489,21
7489,36
7490,12
7490,8
7490,36
7491,35
7491,33
7491,13
7491,16
7492,38
7492,17
7492,31
7492,24
7493,32
7494,25
7494,13
7494,27
7494,26
7495,8
7495,18
7496,13
7496,9
7496,27
7497,21
7497,896
7498,15
7498,34
7498,33
7498,9
7499,19
7499,23
7499,398
7499,30
7500,9
7500,16
7501,37
7501,22
7501,13
7501,15
7502,24
7502,8
7502,26
7502,34
7502,20
7503,23
7504,14
7504,32
7504,8
7504,18
7504,7
7505,35
7505,14
7505,13
7505,17
7505,33
7506,18
7506,34
7506,24
7506,691
7507,35
7508,22
7508,28
7509,12
7510,14
7510,38
7511,8
7511,14
7511,10
7511,35
7512,36
7513,33
7513,31
7513,35
7514,35
7514,25
7514,38
7514,22
7514,10
7515,25
7515,30
7516,26
7517,18
7517,23
7517,30
7517,31
7517,8
7518,7
7518,31
7518,17
7518,23
7518,16
7519,20
7519,34
7519,24
7519,29
7519,22
7520,36
7520,38
7521,36
7522,16
7522,22
7522,7
7522,18
7523,20
7524,24
7524,30
7524,11
7524,9
7524,25
7525,33
7525,18
7525,12
7525,13
7526,31
7526,21
7526,32
7526,14
7527,14
7528,7
7529,37
7529,29
7529,24
7530,18
7530,8
7530,29
7531,10
7531,26
7531,21
7532,28
7532,10
7532,16
7532,11
7532,36
7533,17
7534,29
7534,28
7534,7
7534,905
7534,25
7535,32
7535,29
7535,28
7535,11
7536,29
7537,35
7538,27
7538,9
7539,16
7540,7
7540,30
7540,21
7540,38
7541,9
7541,36
7542,35
7542,24
7542,15
7543,10
7544,12
7544,19
7544,644
7544,15
7545,33
7546,31
7547,31
7547,21
7547,16
7547,19
7547,33
7548,10
7548,19
7548,29
7548,23
7549,12
7549,14
7550,12
7550,19
7550,11
7551,31
7552,34
7552,18
7552,14
7552,17
7553,11
7553,12
7553,7
7554,18
7555,13
7555,19
7555,34
7556,27
7556,19
7556,31
7557,9
7557,21
7557,30
7557,26
7557,27
7558,914
7558,32
7558,12
7558,26
7559,30
7559,16
7559,9
7560,15
7561,24
7561,26
7561,9
7561,17
7562,25
7563,24
7563,32
7564,29
7564,32
7564,12
7564,25
7565,35
7565,25
7565,9
7566,7
7566,32
7567,16
7568,37
7568,11
7569,36
7569,27
7569,21
7570,37
7571,19
7572,33
7572,10
7573,12
7573,35
7573,32
7574,16
7574,29
7574,20
7574,28
7574,35
7575,13
7575,16
7576,35
7576,8
7577,37
7578,9
7578,19
7578,12
7578,13
7579,35
7579,27
7579,29
7579,31
7579,33
7580,26
7580,20
7580,29
7580,37
7580,10
7581,30
7581,15
7582,27
7582,24
7583,36
7583,17
7583,13
7583,916
7584,25
7584,14
7584,27
7584,8
7585,29
7586,34
7586,36
7586,28
7586,29
7587,20
7587,37
7587,27
7587,29
7587,30
7588,33
7588,20
7588,24
7588,31
7589,29
7589,18
7590,28
7590,17
7591,11
7591,24
7591,17
7591,30
7592,31
7592,11
7593,22
7594,37
7595,17
7595,8
7595,32
7595,13
7596,17
7596,15
7596,12
7597,11
7597,38
7597,13
7597,9
7597,35
7598,27
7599,25
7599,24
7600,31
7600,11
7600,9
7600,33
7600,14
7601,26
7601,18
7601,15
7602,34
7602,22
7602,33
7603,36
7603,11
7603,26
7604,23
7605,13
7605,8
7605,37
7605,18
7606,7
7606,12
7606,20
7607,31
7607,18
7608,38
7608,37
7608,20
7609,16
7609,24
7609,33
7609,8
7610,17
7610,26
7610,10
7610,20
7611,15
7612,38
7612,16
7612,32
7612,21
7613,24
7613,32
7614,18
7614,33
7614,9
7614,16
7614,37
7615,12
7615,36
7615,14
7615,35
7616,33
7616,23
7616,27
7616,32
7617,27
7618,24
7619,37
7619,23
7619,31
7620,13
7620,34
7621,8
7621,19
7621,38
7621,25
7622,34
7623,9
7623,8
7624,38
7624,13
7624,31
7624,15
7625,34
7625,36
7625,37
7625,27
7626,30
7627,27
7628,15
7628,26
7629,19
7629,23
7629,22
7629,14
7629,37
7630,20
7630,36
7631,10
7631,33
7631,11
7631,22
7632,35
7632,31
7632,22
7633,35
7633,15
7633,7
7633,36
7634,9
7634,31
7634,12
7634,11
7634,19
7635,24
7635,17
7635,23
7636,34
7636,7
7636,15
7637,22
7637,36
7637,34
7637,35
7638,19
7638,38
7638,29
7639,16
7639,26
7639,8
7640,7
7640,17
7641,17
7641,23
7641,38
7642,11
7642,29
7642,9
7642,38
7642,24
7643,9
7644,32
7644,12
7645,7
7645,23
7645,18
7646,29
7646,22
7646,11
7646,8
7647,12
7647,35
7648,17
7649,27
7649,15
7650,21
7651,25
7651,29
7652,13
7652,34
7652,16
7652,30
7653,310
7653,14
7653,11
7653,33
7654,10
7654,11
7654,21
7655,34
7655,17
7655,10
7655,12
7656,23
7657,30
7658,35
7658,19
7658,10
7659,19
7659,17
7660,8
7661,22
7662,38
7663,32
7663,14
7664,33
7664,31
7664,21
7664,16
7665,37
7665,13
7666,26
7666,27
7666,11
7666,14
7666,22
7667,32
7667,28
7667,37
7667,13
7668,25
7668,10
7668,8
7668,34
7669,37
7669,36
7669,20
7669,24
7669,11
7670,9
7670,32
7671,21
7671,38
7672,24
7672,35
7672,29
7673,26
7673,37
7673,8
7674,20
7674,7
7675,27
7675,7
7675,9
7676,21
7676,23
7676,25
7676,13
7676,19
7677,15
7677,36
7677,29
7678,31
7679,23
7679,25
7680,13
7680,27
7680,8
7681,31
7682,35
7682,27
7683,26
7684,24
7684,20
7684,33
7684,21
7685,29
7685,33
7686,17
7686,35
7687,34
7687,29
7687,9
7687,12
7688,31
7689,25
7690,32
7690,9
7691,28
7691,23
7691,15
7692,37
7692,21
7692,34
7692,32
7693,12
7694,13
7695,9
7695,24
7695,14
7695,25
7696,29
7696,14
7696,27
7696,9
7696,10
7697,15
7697,32
7697,16
7697,33
7698,31
7698,12
7698,7
7699,12
7699,27
7699,8
7700,36
7700,10
7700,15
7700,12
7700,26
7701,28
7701,11
7702,37
7702,21
7703,31
7704,12
7704,37
7705,34
7705,27
7706,37
7706,8
7707,17
7707,37
7708,36
7708,10
7709,12
7709,21
7709,31
7710,22
7710,33
7710,25
7711,21
7711,35
7712,17
7712,32
7712,14
7712,28
7713,28
7713,10
7713,27
7714,26
7714,36
7714,29
7714,12
7715,29
7715,33
7715,7
7716,32
7717,32
7717,13
7717,34
7717,14
7718,35
7718,9
7718,26
7718,16
7719,26
7719,28
7719,30
7719,10
7720,13
7720,22
7720,28
7720,19
7720,30
7721,24
7721,36
7722,7
7722,27
7722,22
7722,18
7722,36
7723,9
7723,37
7724,27
7724,8
7725,27
7725,24
7725,22
7726,32
7726,34
7726,9
7726,22
7727,31
7727,18
7727,15
7728,30
7728,22
7728,28
7729,16
7729,9
7729,29
7730,13
7730,21
7730,15
7731,24
7731,33
7731,21
7732,11
7732,32
7732,26
7732,36
7733,30
7733,21
7733,12
7733,36
7734,26
7734,35
7734,18
7734,19
7734,36
7735,21
7735,24
7735,23
7735,35
7736,22
7737,33
7737,26
7738,20
7739,19
7739,37
7739,25
7739,20
7739,28
7740,16
7740,12
7740,34
7741,437
7742,19
7742,25
7742,10
7743,37
7744,23
7744,29
7745,12
7745,13
7745,26
7745,34
7746,36
7747,11
7747,23
7748,10
7748,37
7748,27
7749,32
7749,24
7749,7
7749,29
7750,17
7750,30
7750,34
7750,35
7750,32
7751,18
7751,30
7751,29
7751,16
7752,19
7753,9
7753,16
7753,20
7753,24
7753,10
7754,19
7754,10
7754,15
7755,34
7755,25
7756,21
7756,7
7757,18
7758,23
7758,33
7758,15
7759,37
7760,14
7761,12
7761,15
7762,14
7762,20
7762,12
7762,8
7763,17
7763,414
7763,36
7764,20
7764,13
7764,30
7765,23
7765,25
7766,24
7766,38
7767,25
7767,17
7767,18
7767,33
7767,22
7768,38
7769,37
7769,32
7769,35
7769,38
7770,19
7770,37
7771,19
7771,7
7772,37
7772,27
7773,26
7774,31
7775,14
7775,21
7775,26
7775,27
7775,29
7776,19
7776,11
7777,9
7777,16
7778,14
7779,10
7780,11
7780,8
7781,33
7781,15
7781,14
7781,8
7782,19
7783,36
7783,20
7784,28
7784,18
7784,14
7785,38
7785,30
7786,28
7786,24
7787,32
7787,16
7787,33
7787,19
7788,24
7788,16
7789,37
7789,12
7789,35
7790,13
7791,15
7791,29
7791,9
7792,32
7792,18
7793,28
7793,30
7793,33
7794,28
7794,30
7794,32
7794,17
7794,11
7795,32
7795,34
7795,551
7796,32
7797,14
7797,19
7798,27
7798,25
7798,9
7798,36
7799,10
7799,31
7799,38
7800,18
7800,8
7801,10
7801,37
7801,7
7801,8
7802,31
7802,12
7802,15
7802,19
7803,28
7803,19
7803,10
7804,23
7804,10
7805,24
7805,13
7805,37
7805,12
7805,30
7806,27
7807,24
7807,21
7807,30
7807,31
7808,35
7808,24
7809,35
7809,7
7809,27
7810,10
7810,29
7811,9
7812,36
7812,7
7812,20
7812,15
7813,21
7813,27
7813,35
7814,34
7815,20
7815,26
7815,33
7815,23
7816,22
7817,27
7817,35
7817,16
7818,28
7818,27
7819,33
7819,20
7819,36
7819,23
7820,18
7820,16
7820,19
7820,34
7821,9
7821,31
7822,13
7822,33
7822,11
7822,18
7822,35
7823,30
7823,10
7823,25
7823,24
7823,512
7824,25
7825,35
7825,11
7825,30
7826,11
7826,29
7827,35
7827,24
7827,21
7827,30
7828,23
7828,25
7829,31
7829,34
7829,20
7829,29
7830,28
7830,24
7830,31
7830,21
7830,7
7831,30
7831,35
7831,25
7831,36
7832,12
7832,20
7832,21
7833,18
7833,20
7833,30
7833,23
7834,25
7834,28
7835,26
7835,31
7836,28
7837,15
7837,33
7837,28
7838,21
7838,25
7839,34
7839,13
7840,31
7840,17
7840,8
7840,38
7840,14
7841,30
7841,35
7841,17
7841,7
7841,19
7842,27
7842,18
7843,31
7843,8
7843,25
7844,9
7844,19
7845,7
7845,12
7846,31
7846,194
7846,25
7846,37
7847,18
7847,35
7847,34
7847,16
7848,28
7848,25
7849,15
7850,13
7850,36
7851,11
7851,12
7851,28
7852,19
7852,17
7853,34
7853,13
7853,7
7853,16
7853,33
7854,13
7854,35
7854,34
7855,9
7855,30
7855,32
7855,29
7856,12
7856,32
7856,37
7857,32
7857,33
7858,26
7859,21
7859,27
7860,7
7860,25
7861,19
7861,31
7861,7
7862,7
7862,26
7862,18
7862,14
7863,24
7863,21
7863,10
7863,34
7863,37
7864,38
7865,21
7865,17
7865,32
7866,8
7866,12
7867,22
7868,37
7868,11
7868,26
7868,19
7868,15
7869,8
7869,34
7870,18
7870,35
7870,12
7870,33
7870,19
7871,18
7871,38
7871,24
7872,7
7872,28
7872,23
7872,8
7873,29
7873,10
7873,28
7874,28
7874,16
7874,36
7874,22
7875,11
7875,9
7875,26
7876,20
7876,7
7876,22
7877,16
7878,8
7878,32
7878,10
7878,37
7879,14
7879,32
7880,27
7881,20
7882,36
7883,27
7883,22
7884,36
7884,14
7885,37
7885,17
7885,20
7885,31
7886,33
7886,13
7887,24
7888,34
7889,37
7889,12
7889,8
7889,21
7889,10
7890,36
7890,34
7890,38
7890,7
7891,31
7891,766
7892,18
7892,35
7893,18
7893,7
7894,11
7894,31
7894,14
7895,23
7895,20
7895,34
7896,37
7896,21
7896,10
7897,10
7897,22
7897,27
7897,38
7898,33
7898,22
7898,23
7898,15
7898,12
7899,36
7899,8
7900,13
7900,34
7901,12
7901,27
7901,24
7902,28
7903,24
7903,21
7903,25
7903,13
7904,13
7904,24
7904,37
7904,36
7904,11
7905,22
7905,30
7906,28
7906,17
7906,14
7906,7
7907,10
7907,25
7908,19
7908,38
7908,20
7908,23
7908,28
7909,14
7909,12
7909,10
7909,31
7909,27
7910,29
7910,11
7910,35
7911,16
7911,11
7911,30
7911,23
7911,9
7912,8
7912,12
7913,8
7914,19
7914,25
7914,8
7914,23
7915,30
7915,16
7915,37
7915,34
7916,32
7916,25
7916,38
7916,18
7916,34
7917,30
7917,10
7917,24
7918,18
7918,11
7918,26
7919,30
7920,21
7920,15
7921,11
7922,29
7922,17
7922,20
7923,31
7923,24
7923,36
7924,30
7924,9
7924,27
7924,18
7925,16
7925,15
7925,22
7926,7
7927,25
7927,17
7927,36
7927,20
7927,26
7928,13
7928,15
7929,34
7930,23
7931,28
7931,7
7931,9
7931,34
7931,25
7932,28
7932,36
7932,13
7932,29
7932,17
7933,26
7933,30
7933,35
7934,33
7934,18
7934,12
7934,22
7935,8
7935,22
7936,15
7937,32
7938,7
7938,23
7938,36
7939,28
7939,18
7939,14
7939,32
7939,15
7940,27
7940,26
7940,25
7941,14
7942,17
7942,14
7943,31
7943,23
7943,22
7944,20
7944,24
7944,33
7944,10
7945,7
7946,21
7946,22
7946,10
7947,13
7947,37
7947,22
7947,32
7948,15
7948,13
7948,18
7948,25
7948,20
7949,23
7949,33
7950,19
7950,20
7950,31
7950,28
7951,19
7951,27
7952,31
7952,8
7953,16
7953,35
7954,38
7954,37
7955,12
7955,29
7955,17
7956,21
7956,13
7956,10
7957,19
7957,14
7957,33
7957,8
7958,31
7958,19
7959,28
7959,15
7959,13
7960,26
7960,22
7960,8
7960,29
7960,11
7961,19
7962,24
7962,16
7962,23
7962,27
7963,19
7963,32
7963,23
7963,15
7964,35
7964,38
7964,7
7964,8
7965,15
7965,31
7965,26
7965,8
7965,16
7966,30
7966,38
7966,13
7966,19
7967,7
7967,20
7968,17
7969,19
7969,35
7970,8
7970,15
7970,30
7971,34
7971,22
7971,12
7971,32
7972,35
7972,29
7972,27
7973,8
7973,23
7974,28
7974,15
7974,33
7974,29
7974,37
7975,15
7976,9
7976,7
7976,27
7976,33
7977,35
7977,20
7977,10
7978,24
7979,26
7979,18
7979,29
7980,22
7980,32
7980,38
7980,29
7981,16
7981,14
7981,13
7981,17
7982,8
7983,33
7983,18
7984,27
7985,26
7986,12
7986,11
7986,34
7987,20
7987,11
7988,14
7989,35
7989,28
7989,29
7989,27
7990,27
7990,38
7991,36
7991,11
7991,21
7992,27
7992,9
7993,16
7993,30
7993,27
7993,21
7994,35
7994,12
7994,36
7995,32
7995,9
7996,31
7996,12
7996,37
7997,12
7997,32
7997,22
7998,12
7998,35
7999,15
8000,18
8000,10
8000,25
8000,8
8001,11
8001,35
8001,20
8001,25
8002,8
8002,23
8003,8
8003,19
8004,17
8005,28
8005,8
8006,29
8006,24
8006,22
8006,30
8006,23
8007,23
8007,29
8008,28
8008,31
8008,12
8009,31
8009,25
8009,27
8010,20
8010,14
8010,9
8010,30
8011,8
8011,27
8012,23
8013,27
8013,38
8013,23
8013,16
8014,12
8014,26
8015,9
8015,36
8015,32
8015,16
8015,30
8016,20
8016,26
8017,20
8018,20
8019,25
8019,26
8019,12
8019,11
8020,37
8020,8
8020,22
8021,37
8021,21
8021,22
8021,38
8021,17
8022,13
8022,35
8022,15
8022,27
8023,12
8023,14
8024,20
8024,16
8024,36
8024,38
8025,10
8026,26
8026,20
8026,22
8026,34
8027,26
8027,13
8027,35
8027,33
8028,27
8028,34
8028,28
8028,12
8028,25
8029,33
8030,36
8030,11
8030,33
8030,15
8031,25
8031,28
8031,38
8031,24
8032,7
8032,20
8033,26
8033,24
8034,38
8034,20
8034,11
8035,31
8036,38
8036,28
8037,33
8038,9
8038,38
8039,38
8040,38
8040,9
8040,18
8040,31
8041,13
8041,16
8041,35
8041,33
8042,33
8042,14
8042,22
8043,32
8043,37
8043,24
8044,21
8044,18
8044,19
8044,7
8044,15
8045,14
8045,30
8045,18
8046,33
8046,32
8046,10
8046,26
8046,29
8047,280
8047,34
8047,36
8048,7
8048,23
8049,28
8049,20
8049,15
8049,17
8050,27
8050,23
8050,13
8051,35
8052,32
8052,19
8053,8
8053,15
8054,21
8055,35
8056,16
8056,12
8057,20
8058,23
8058,31
8058,35
8059,25
8060,22
8060,23
8060,9
8061,13
8062,9
8062,37
8063,28
8063,16
8063,29
8063,22
8064,35
8064,14
8064,31
8064,18
8064,33
8065,29
8065,7
8065,12
8065,11
8065,14
8066,13
8066,10
8067,9
8067,32
8068,27
8068,38
8069,31
8070,20
8071,9
8071,29
8071,24
8071,33
8072,11
8072,8
8072,12
8072,24
8073,7
8073,12
8074,18
8074,24
8074,20
8074,33
8075,9
8075,23
8075,22
8075,11
8076,34
8077,12
8078,37
8078,7
8078,15
8079,8
8079,38
8079,7
8080,27
8080,29
8080,16
8080,33
8081,9
8081,35
8081,14
8082,14
8082,31
8082,37
8082,34
8082,26
8083,29
8083,35
8083,18
8083,17
8084,14
8084,38
8084,31
8084,20
8085,19
8085,18
8086,37
8086,13
8087,10
8087,13
8088,25
8088,26
8089,27
8089,11
8089,36
8089,35
8089,13
8090,12
8090,15
8090,32
8091,28
8092,16
8092,8
8092,12
8092,37
8092,34
8093,21
8093,10
8093,26
8093,17
8094,19
8094,23
8094,31
8094,30
8094,38
8095,12
8095,16
8096,21
8096,36
8097,27
8097,25
8097,33
8098,32
8098,21
8098,36
8098,12
8099,14
8099,27
8099,25
8099,32
8100,14
8101,33
8101,23
8101,11
8102,26
8102,14
8103,29
8103,16
8103,7
8104,18
8104,17
8104,37
8105,14
8105,34
8106,17
8106,22
8107,27
8108,25
8109,31
8109,20
8109,32
8109,24
8109,33
8110,11
8110,25
8110,27
8110,28
8111,9
8111,24
8112,23
8113,14
8113,33
8113,31
8114,10
8114,16
8114,21
8115,33
8115,21
8115,29
8116,13
8116,26
8116,28
8117,7
8118,36
8118,21
8119,11
8119,244
8119,8
8120,7
8120,26
8120,12
8121,27
8122,30
8122,20
8122,25
8123,11
8123,34
8123,15
8123,25
8123,18
8124,26
8124,18
8125,10
8125,36
8126,32
8126,35
8126,33
8126,8
8126,18
8127,752
8128,28
8128,15
8128,27
8129,14
8130,16
8131,27
8131,12
8132,8
8132,31
8133,33
8133,12
8133,19
8133,35
8133,8
8134,33
8134,29
8134,30
8134,20
8134,16
8135,16
8135,33
8135,12
8135,28
8136,17
8136,37
8137,22
8138,35
8139,13
8139,31
8139,20
8139,15
8140,26
8140,18
8140,27
8140,16
8140,36
8141,24
8142,28
8142,31
8143,27
8143,37
8144,34
8144,27
8144,14
8145,14
8146,19
8147,7
8147,29
8147,17
8147,20
8148,26
8149,30
8149,33
8150,25
8150,13
8150,38
8150,37
8151,29
8151,31
8151,16
8151,20
8152,9
8152,14
8152,27
8152,21
8153,18
8153,35
8154,12
8155,9
8156,10
8156,21
8156,38
8156,14
8157,25
8158,15
8159,12
8159,10
8159,30
8159,26
8159,29
8160,14
8160,17
8160,12
8160,35
8161,37
8161,29
8161,38
8161,15
8162,11
8162,15
8163,16
8163,632
8163,30
8164,18
8164,10
8164,26
8164,20
8164,33
8165,10
8165,21
8165,22
8166,8
8166,30
8166,18
8166,33
8167,18
8167,21
8167,37
8168,7
8168,8
8168,24
8168,31
8168,29
8169,31
8169,37
8169,34
8169,33
8170,34
8170,7
8170,15
8171,27
8171,9
8172,20
8172,29
8172,8
8172,17
8173,15
8173,38
8173,10
8174,12
8175,19
8175,10
8175,28
8175,16
8176,26
8176,34
8177,8
8178,29
8178,28
8178,369
8178,17
8179,22
8180,14
8180,15
8180,24
8180,7
8180,18
8181,17
8181,36
8181,30
8181,7
8181,24
8182,18
8182,10
8182,17
8182,761
8183,12
8183,27
8183,36
8184,18
8184,13
8184,20
8185,38
8185,30
8185,9
8185,35
8186,33
8186,32
8186,26
8186,12
8186,15
8187,18
8187,9
8187,33
8187,20
8188,29
8189,27
8189,29
8189,37
8189,33
8190,30
8190,7
8190,38
8190,35
8190,14
8191,30
8192,13
8192,9
8193,37
8194,34
8194,9
8194,7
8194,19
8194,27
8195,15
8196,38
8196,33
8196,31
8196,27
8197,21
8198,16
8198,471
8198,20
8199,12
8199,10
8199,27
8200,36
8201,26
8202,17
8202,35
8202,7
8203,16
8203,27
8203,34
8203,11
8204,26
8205,16
8205,14
8205,32
8205,23
8205,38
8206,14
8207,10
8207,29
8207,27
8207,17
8208,12
8209,31
8209,33
8209,18
8209,23
8210,20
8210,11
8210,8
8211,37
8212,30
8213,27
8213,37
8213,16
8213,18
8213,10
8214,36
8215,18
8216,32
8216,17
8216,24
8216,18
8217,30
8218,9
8218,19
8218,18
8219,35
8220,9
8220,33
8221,21
8221,14
8221,20
8222,18
8223,32
8223,27
8223,15
8224,31
8225,10
8225,19
8225,30
8225,13
8226,30
8226,22
8226,25
8226,21
8226,14
8227,20
8227,36
8227,19
8228,13
8228,17
8229,9
8229,24
8229,17
8230,35
8230,9
8231,22
8231,29
8231,19
8231,13
8231,28
8232,24
8233,20
8233,10
8234,35
8234,26
8235,24
8236,34
8236,38
8236,19
8236,31
8236,26
8237,32
8237,8
8238,28
8239,38
8239,619
8240,37
8240,36
8240,12
8241,14
8241,12
8241,8
8241,23
8242,36
8243,29
8243,19
8243,20
8244,28
8245,13
8245,19
8245,21
8246,8
8246,26
8246,19
8246,25
8246,12
8247,32
8247,18
8247,33
8247,11
8248,13
8248,23
8248,22
8249,11
8249,9
8249,37
8250,22
8250,29
8250,31
8250,9
8251,28
8252,23
8252,17
8252,7
8253,16
8253,17
8253,28
8254,30
8255,17
8255,13
8255,20
8256,34
8256,22
8256,9
8257,32
8257,30
8257,18
8258,23
8258,33
8258,22
8258,25
8258,36
8259,21
8260,12
8260,29
8260,14
8260,35
8260,33
8261,17
8261,15
8261,18
8262,16
8262,19
8262,37
8263,8
8263,24
8263,29
8263,35
8263,30
8264,22
8264,34
8264,10
8265,8
8266,27
8266,20
8266,18
8267,16
8267,12
8267,18
8268,16
8268,30
8268,891
8268,20
8268,10
8269,27
8269,10
8269,34
8269,8
8269,9
8270,34
8270,19
8270,35
8271,26
8271,13
8271,7
8271,34
8271,18
8272,16
8272,20
8272,11
8273,21
8273,33
8274,17
8274,20
8274,27
8274,22
8275,31
8275,27
8275,36
8276,17
8276,30
8276,33
8277,20
8277,10
8277,32
8278,38
8278,19
8278,10
8278,17
8279,23
8280,10
8280,31
8281,17
8281,14
8281,35
8281,25
8282,27
8282,29
8283,17
8283,30
8283,19
8284,35
8284,37
8284,11
8284,16
8284,19
8285,26
8285,31
8285,19
8286,17
8287,32
8287,11
8287,13
8287,18
8288,25
8288,12
8288,28
8289,7
8289,10
8289,27
8289,19
8290,21
8290,29
8290,33
8290,32
8290,31
8291,27
8291,32
8291,17
8292,31
8293,35
8293,21
8294,33
8294,28
8294,10
8295,35
8296,21
8296,20
8296,13
8297,14
8297,27
8297,13
8297,29
8298,34
8298,15
8298,35
8299,31
8299,34
8299,30
8299,9
8300,7
8300,9
8300,25
8301,13
8301,17
8301,15
8301,8
8301,352
8302,7
8302,37
8302,16
8302,24
8303,32
8303,14
8303,10
8303,9
8304,11
8304,22
8304,19
8304,25
8304,9
8305,20
8305,7
8305,29
8305,10
8305,14
8306,32
8307,14
8308,10
8309,35
8309,7
8309,37
8309,10
8310,26
8311,23
8312,13
8312,35
8313,18
8313,16
8313,9
8313,13
8314,32
8314,14
8314,7
8314,20
8314,30
8315,7
8315,31
8315,23
8316,30
8316,36
8316,35
8316,14
8316,26
8317,20
8317,7
8317,19
8318,26
8318,38
8318,20
8319,33
8319,9
8319,38
8319,21
8320,14
8320,27
8320,37
8321,33
8321,30
8322,24
8322,18
8323,13
8323,24
8324,34
8324,28
8324,18
8325,34
8326,31
8326,30
8326,28
8326,22
8327,24
8327,18
8328,26
8328,37
8328,7
8328,15
8329,34
8329,19
8329,38
8329,10
8330,31
8330,34
8330,25
8330,17
8331,19
8331,7
8331,18
8332,36
8332,21
8332,23
8332,26
8333,22
8333,20
8333,17
8334,16
8334,13
8334,37
8334,30
8335,21
8336,26
8336,29
8336,7
8336,34
8337,10
8337,8
8337,37
8337,9
8338,17
8338,21
8338,22
8338,24
8339,34
8339,16
8340,11
8341,9
8342,34
8342,26
8343,25
8343,35
8343,18
8344,18
8345,22
8346,37
8347,30
8347,11
8347,9
8348,17
8348,34
8348,33
8349,36
8349,19
8349,14
8349,34
8350,7
8350,30
8350,17
8350,35
8350,38
8351,7
8351,12
8351,32
8351,21
8352,23
8353,26
8354,32
8355,28
8356,35
8357,19
8357,38
8357,16
8358,13
8358,26
8358,19
8359,9
8360,30
8360,10
8360,11
8360,13
8361,12
8361,25
8362,16
8362,26
8363,10
8363,27
8363,9
8363,32
8364,36
8365,13
8366,27
8366,28
8367,33
8367,11
8368,36
8368,22
8369,23
8370,9
8371,26
8371,21
8372,28
8373,24
8373,9
8373,15
8374,29
8375,21
8375,34
8376,8
8376,10
8376,31
8376,37
8377,11
8377,38
8377,29
8377,18
8378,13
8378,22
8379,7
8379,36
8379,32
8379,35
8379,11
8380,31
8380,34
8381,22
8381,10
8381,8
8382,582
8383,17
8383,37
8383,38
8383,21
8384,30
8384,33
8384,38
8384,15
8384,37
8385,8
8385,34
8386,16
8386,14
8386,29
8386,8
8386,27
8387,32
8387,36
8387,28
8387,14
8387,29
8388,19
8388,25
8388,38
8388,27
8389,30
8390,33
8390,14
8390,10
8390,29
8391,13
8391,24
8391,16
8391,11
8392,33
8392,26
8392,18
8392,17
8392,28
8393,30
8393,31
8393,25
8393,9
8394,18
8394,14
8395,32
8395,26
8395,23
8395,36
8395,37
8396,14
8396,8
8396,38
8397,17
8397,14
8398,7
8398,25
8399,30
8399,21
8399,38
8400,31
8400,38
8400,15
8400,12
8401,31
8401,10
8401,36
8401,12
8401,11
8402,11
8402,23
8403,16
8403,12
8403,36
8403,24
8404,8
8404,7
8404,22
8405,14
8405,13
8405,17
8406,36
8406,37
8407,17
8407,34
8407,28
8407,13
8408,10
8408,13
8409,17
8409,20
8409,9
8410,36
8410,21
8411,11
8411,22
8411,25
8412,29
8412,35
8412,32
8412,23
8413,8
8413,31
8413,12
8414,37
8414,17
8415,14
8415,31
8416,23
8417,37
8417,7
8418,28
8418,36
8418,33
8418,25
8418,38
8419,13
8419,17
8419,31
8419,37
8419,16
8420,21
8420,34
8420,7
8421,24
8421,7
8421,30
8421,32
8422,35
8423,34
8423,21
8423,36
8423,7
8423,30
8424,11
8425,31
8426,20
8426,19
8426,18
8427,26
8427,33
8428,32
8428,14
8428,20
8428,28
8429,24
8429,7
8429,22
8429,35
8430,27
8430,18
8430,31
8430,29
8431,24
8432,33
8432,17
8432,8
8432,14
8432,37
8433,11
8433,19
8433,18
8433,29
8433,13
8434,19
8435,24
8436,38
8436,33
8436,7
8436,25
8437,36
8437,18
8437,29
8437,32
8438,16
8439,36
8439,16
8440,10
8441,28
8442,13
8442,19
8442,9
8442,8
8442,34
8443,13
8443,33
8443,28
8444,24
8445,9
8446,8
8447,10
8447,22
8447,13
8447,11
8448,23
8448,34
8449,8
8449,16
8449,28
8449,26
8450,7
8451,30
8451,16
8451,32
8452,26
8452,8
8452,35
8452,36
8453,38
8453,28
8453,12
8453,22
8454,29
8454,9
8454,21
8454,17
8455,34
8455,12
8456,21
8456,12
8457,14
8458,19
8459,15
8459,34
8459,20
8459,17
8459,37
8460,902
8460,36
8460,25
8460,21
8461,30
8461,7
8461,34
8461,15
8461,25
8462,32
8462,20
8462,7
8463,33
8464,28
8464,31
8464,24
8465,35
8465,27
8465,12
8465,9
8466,32
8466,37
8466,24
8466,25
8467,30
8468,11
8468,37
8468,30
8469,26
8469,37
8470,23
8470,33
8470,29
8470,9
8471,7
8471,36
8471,29
8471,27
8471,9
8472,26
8472,36
8473,27
8473,9
8473,8
8473,25
8474,24
8474,7
8474,23
8474,36
8474,34
8475,22
8475,13
8476,26
8477,15
8477,25
8477,9
8477,10
8478,35
8479,13
8479,35
8479,8
8479,16
8480,33
8480,12
8480,17
8480,36
8481,19
8481,10
8481,32
8481,36
8481,28
8482,31
8483,21
8483,28
8483,8
8483,34
8484,38
8485,14
8485,30
8485,13
8485,17
8486,18
8486,31
8487,33
8487,10
8488,22
8488,12
8488,34
8489,11
8489,32
8489,29
8489,9
8490,36
8490,31
8490,25
8491,27
8491,32
8491,25
8491,21
8492,9
8492,37
8493,21
8493,16
8493,32
8493,31
8494,27
8494,9
8494,14
8494,37
8495,18
8495,13
8495,23
8495,26
8495,37
8496,30
8496,28
8496,18
8496,32
8497,7
8498,20
8498,32
8499,15
8499,33
8500,30
8500,19
8501,36
8501,33
8502,17
8502,9
8502,12
8503,35
8503,34
8503,36
8503,30
8503,28
8504,38
8505,33
8506,25
8506,32
8507,20
8507,10
8508,32
8508,18
8509,35
8509,17
8510,24
8510,37
8510,28
8510,17
8511,32
8511,31
8511,210
8511,17
8512,36
8512,10
8513,7
8513,32
8513,28
8513,12
8514,30
8514,20
8514,14
8514,11
8515,25
8515,37
8515,9
8516,33
8516,9
8516,37
8516,21
8516,14
8517,14
8517,34
8517,22
8517,16
8517,7
8518,11
8518,26
8518,20
8518,16
8519,26
8519,38
8519,25
8519,11
8520,26
8520,35
8520,37
8521,15
8521,27
8522,21
8522,9
8522,26
8522,35
8522,33
8523,22
8523,23
8523,17
8523,11
8524,13
8525,8
8525,32
8525,27
8525,34
8525,36
8526,19
8527,37
8527,27
8527,21
8527,32
8527,7
8528,21
8528,18
8528,12
8529,14
8530,17
8531,11
8531,34
8531,7
8531,33
8532,16
8532,15
8533,37
8533,13
8533,16
8533,20
8534,32
8534,18
8534,13
8534,31
8534,25
8535,12
8535,24
8535,17
8535,15
8536,34
8536,14
8537,23
8537,11
8537,13
8537,10
8538,13
8538,22
8539,33
8539,36
8540,28
8541,28
8541,16
8541,23
8542,14
8542,25
8542,19
8542,7
8542,38
8543,29
8544,12
8544,30
8544,11
8544,34
8544,31
8545,13
8545,30
8546,19
8546,16
8546,34
8547,20
8547,8
8547,21
8548,37
8548,36
8548,30
8548,25
8548,24
8549,8
8550,19
8550,11
8550,31
8550,15
8550,37
8551,35
8551,25
8551,31
8551,29
8551,22
8552,21
8553,22
8553,7
8553,28
8553,12
8554,10
8554,12
8555,35
8556,20
8556,24
8557,12
8558,7
8558,19
8559,19
8560,35
8560,34
8560,38
8560,31
8561,382
8561,32
8561,28
8562,26
8563,16
8564,8
8564,21
8565,26
8565,15
8565,14
8565,31
8565,7
8566,20
8567,20
8567,17
8567,14
8568,9
8568,7
8568,13
8568,38
8568,20
8569,12
8569,33
8570,16
8570,9
8570,396
8571,19
8571,27
8571,16
8572,30
8572,928
8573,11
8573,36
8573,30
8574,24
8574,7
8574,21
8574,15
8575,21
8575,29
8575,25
8575,36
8575,16
8576,30
8576,14
8576,17
8576,25
8577,12
8577,9
8577,16
8578,16
8578,32
8579,23
8579,19
8579,27
8580,29
8580,18
8580,20
8580,12
8581,26
8582,10
8582,27
8583,36
8583,29
8583,9
8584,21
8584,15
8584,28
8585,35
8585,17
8585,14
8585,8
8585,10
8586,38
8586,20
8586,28
8586,16
8587,33
8587,27
8588,25
8589,11
8589,8
8590,21
8590,38
8591,25
8591,34
8592,7
8592,12
8592,29
8592,34
8593,11
8593,27
8593,25
8593,14
8594,22
8594,23
8594,11
8594,12
8594,29
8595,9
8595,26
8595,27
8595,29
8596,32
8596,17
8596,25
8596,24
8596,16
8597,23
8597,13
8597,12
8597,33
8597,15
8598,30
8599,10
8599,8
8599,31
8599,23
8600,34
8600,21
8600,7
8601,11
8601,19
8601,12
8602,30
8602,33
8603,16
8603,10
8603,15
8603,29
8604,33
8604,23
8605,29
8605,28
8606,31
8606,19
8606,30
8607,10
8607,25
8607,34
8608,17
8608,25
8609,21
8609,15
8609,33
8610,18
8610,16
8610,19
8611,609
8611,10
8611,11
8612,12
8612,36
8613,32
8613,22
8614,11
8614,26
8614,30
8614,8
8614,25
8615,9
8615,28
8615,31
8616,8
8617,13
8617,18
8617,8
8618,29
8618,19
8618,8
8619,24
8620,22
8621,23
8621,33
8621,38
8621,9
8621,27
8622,22
8623,23
8623,35
8623,31
8623,32
8623,13
8624,16
8624,19
8624,27
8624,24
8625,34
8625,33
8625,37
8626,27
8626,29
8627,789
8628,31
8628,8
8628,23
8628,24
8628,22
8629,29
8629,37
8630,28
8630,13
8631,32
8632,7
8633,24
8634,31
8634,17
8634,19
8634,14
8635,28
8635,16
8635,9
8636,21
8636,15
8637,7
8637,25
8637,37
8638,9
8639,13
8639,747
8639,34
8639,19
8639,11
8640,27
8640,33
8640,26
8640,17
8641,19
8641,12
8641,22
8641,7
8642,32
8642,29
8642,12
8643,15
8643,34
8643,32
8644,10
8644,33
8644,20
8645,28
8645,31
8645,10
8645,17
8646,9
8646,28
8647,25
8648,17
8648,13
8648,25
8648,11
8648,15
8649,16
8649,19
8649,7
8649,31
8650,31
8651,38
8651,11
8652,35
8652,11
8652,15
8653,24
8653,27
8653,8
8653,17
8654,17
8654,35
8654,31
8655,20
8655,11
8655,21
8656,18
8656,33
8656,28
8657,30
8657,37
8657,22
8657,38
8657,21
8658,25
8658,8
8659,33
8659,8
8659,32
8659,37
8660,14
8660,22
8660,28
8661,19
8661,34
8662,12
8663,26
8663,32
8663,36
8664,12
8664,27
8664,18
8665,29
8666,28
8666,17
8667,18
8668,25
8668,31
8668,910
8668,32
8668,11
8669,12
8670,31
8670,14
8670,9
8670,24
8671,21
8672,11
8672,14
8672,16
8673,33
8673,13
8673,7
8673,10
8674,26
8674,13
8674,15
8674,11
8675,15
8675,35
8675,14
8675,23
8675,27
8676,10
8676,19
8676,21
8677,19
8678,9
8679,31
8679,28
8679,27
8679,30
8680,22
8680,28
8680,33
8680,35
8681,8
8681,22
8681,16
8682,27
8682,7
8682,24
8682,30
8683,25
8683,16
8684,12
8684,33
8685,33
8685,11
8685,21
8686,30
8686,17
8686,24
8687,10
8687,11
8688,15
8688,9
8689,27
8689,23
8689,8
8689,24
8690,37
8690,28
8691,10
8691,38
8691,8
8691,33
8692,27
8692,8
8692,24
8693,21
8693,19
8693,25
8694,23
8695,11
8695,23
8695,27
8695,37
8696,26
8697,35
8697,25
8697,24
8697,12
8698,16
8698,25
8698,8
8698,28
8698,19
8699,33
8699,38
8699,31
8699,12
8700,18
8700,10
8700,22
8701,25
8701,36
8701,31
8701,34
8702,38
8702,20
8702,26
8702,11
8703,25
8703,38
8703,27
8704,28
8704,14
8705,32
8705,34
8705,22
8706,15
8707,28
8707,27
8707,20
8707,29
8708,31
8708,16
8708,35
8708,26
8709,17
8709,38
8710,24
8710,18
8710,22
8710,20
8710,9
8711,22
8711,7
8711,11
8711,14
8712,38
8712,27
8712,35
8712,37
8712,9
8713,11
8713,21
8713,12
8714,27
8714,35
8714,20
8715,22
8715,14
8716,19
8716,15
8717,24
8717,31
8717,38
8717,33
8718,10
8718,28
8718,20
8718,22
8718,15
8719,29
8719,27
8719,12
8719,23
8720,32
8720,15
8721,38
8721,19
8722,26
8723,13
8724,8
8724,33
8724,12
8724,23
8725,34
8725,10
8726,19
8726,34
8726,8
8727,23
8727,37
8728,16
8728,27
8729,22
8729,16
8729,25
8729,37
8730,16
8730,22
8730,25
8730,30
8730,26
8731,20
8731,17
8731,14
8731,12
8731,22
8732,17
8733,25
8733,18
8734,11
8734,38
8735,29
8735,12
8736,8
8737,17
8738,25
8738,27
8738,18
8738,23
8739,28
8739,23
8739,25
8740,17
8741,9
8741,12
8741,24
8741,30
8742,31
8743,20
8743,33
8743,24
8743,8
8744,24
8744,32
8745,30
8746,37
8746,21
8747,11
8747,26
8747,12
8748,17
8749,16
8749,7
8749,28
8749,12
8750,28
8751,37
8751,31
8751,9
8751,20
8751,34
8752,22
8752,29
8753,10
8753,28
8753,25
8753,34
8754,13
8754,18
8754,30
8755,15
8755,32
8755,17
8755,34
8756,14
8757,25
8757,33
8757,23
8757,35
8757,9
8758,13
8758,11
8758,35
8758,28
8758,19
8759,11
8759,22
8759,29
8760,15
8761,21
8762,37
8762,34
8762,30
8762,19
8763,24
8763,30
8763,18
8763,13
8764,27
8764,24
8764,19
8764,36
8764,13
8765,11
8765,16
8765,28
8766,36
8766,11
8766,13
8766,22
8766,34
8767,25
8767,26
8767,7
8768,10
8768,11
8769,33
8770,36
8770,35
8771,19
8771,25
8772,24
8772,34
8772,26
8772,17
8772,30
8773,24
8774,9
8774,15
8774,16
8774,34
8775,30
8775,32
8776,30
8776,33
8777,35
8777,8
8778,33
8778,14
8779,16
8780,30
8781,30
8781,28
8781,36
8781,33
8782,19
8782,25
8782,24
8783,14
8784,19
8784,28
8784,36
8785,37
8786,14
8787,8
8787,14
8787,38
8787,21
8787,10
8788,33
8788,12
8789,16
8789,18
8789,33
8790,21
8791,16
8791,8
8791,15
8792,13
8792,14
8792,7
8793,33
8794,10
8794,37
8795,15
8795,9
8795,34
8795,17
8796,35
8796,17
8796,36
8796,19
8796,31
8797,13
8797,8
8797,16
8798,24
8798,25
8798,26
8798,17
8799,35
8799,9
8799,10
8799,13
8800,8
8800,31
8800,25
8801,38
8801,20
8801,13
8802,36
8802,17
8802,7
8803,20
8803,17
8803,28
8804,30
8804,21
8804,28
8805,17
8806,31
8806,37
8807,26
8807,27
8807,37
8808,7
8808,31
8808,32
8808,476
8809,18
8809,30
8809,27
8809,24
8809,32
8810,23
8810,37
8811,33
8811,38
8811,11
8812,27
8812,21
8813,9
8813,25
8813,7
8813,22
8813,20
8814,30
8814,32
8814,186
8814,12
8815,13
8815,23
8815,788
8815,26
8816,10
8817,19
8818,29
8819,12
8819,20
8820,12
8820,25
8820,28
8821,34
8822,33
8822,36
8822,27
8822,26
8822,25
8823,29
8823,20
8824,26
8824,8
8824,15
8824,16
8825,27
8825,23
8826,21
8826,34
8826,24
8826,38
8826,15
8827,36
8827,16
8827,7
8828,26
8828,19
8828,36
8828,21
8829,7
8829,32
8829,17
8829,26
8829,22
8830,8
8831,38
8832,36
8832,17
8832,643
8833,27
8833,35
8833,18
8833,12
8834,28
8834,19
8835,35
8836,8
8836,35
8837,17
8837,16
8837,36
8838,14
8838,7
8839,23
8839,14
8839,36
8839,7
8839,25
8840,17
8840,36
8840,33
8841,24
8841,38
8841,15
8841,16
8842,26
8842,18
8842,27
8843,30
8843,8
8844,26
8845,24
8846,258
8847,31
8847,38
8848,37
8848,20
8849,37
8849,36
8849,20
8849,23
8849,18
8850,16
8850,23
8850,8
8851,21
8851,26
8852,31
8853,24
8853,20
8853,13
8854,13
8854,20
8854,16
8855,25
8855,26
8855,38
8856,23
8857,30
8857,18
8858,9
8858,17
8858,22
8859,7
8859,27
8859,38
8860,34
8860,21
8860,24
8860,22
8860,25
8861,22
8861,24
8861,18
8862,17
8862,32
8863,13
8863,30
8864,19
8864,32
8864,31
8864,28
8865,11
8865,21
8865,32
8865,14
8866,9
8866,12
8867,24
8867,20
8867,22
8867,19
8867,18
8868,12
8868,36
8868,24
8869,7
8870,14
8870,31
8871,14
8871,36
8871,18
8871,7
8872,8
8872,25
8873,17
8873,9
8873,23
8873,19
8874,8
8874,34
8874,29
8874,20
8875,14
8875,10
8875,13
8875,21
8876,29
8876,12
8877,14
8878,32
8878,18
8879,13
8879,27
8879,7
8880,10
8880,21
8880,32
8881,29
8881,38
8881,31
8881,11
8881,16
8882,12
8882,31
8882,16
8883,21
8884,29
8884,17
8884,10
8884,24
8885,35
8885,28
8885,25
8886,21
8887,14
8887,9
8888,16
8888,25
8888,24
8888,38
8888,15
8889,12
8889,24
8889,15
8889,26
8890,35
8891,12
8891,21
8891,10
8892,16
8892,25
8893,19
8893,38
8893,25
8893,34
8893,21
8894,14
8894,12
8895,17
8895,30
8896,27
8897,38
8898,27
8898,8
8899,14
8899,20
8899,29
8899,19
8900,19
8900,18
8900,26
8900,9
8901,34
8901,29
8901,21
8901,27
8901,37
8902,597
8902,20
8902,33
8902,29
8902,32
8903,24
8904,8
8904,23
8904,36
8904,18
8904,16
8905,21
8906,19
8906,22
8906,7
8906,8
8907,9
8907,8
8907,26
8907,21
8908,10
8908,38
8909,29
8909,31
8909,20
8910,19
8910,21
8910,20
8911,33
8911,14
8911,21
8912,30
8912,15
8912,18
8912,23
8912,37
8913,12
8913,16
8914,25
8914,13
8914,11
8915,15
8915,31
8916,30
8916,16
8916,37
8917,15
8917,17
8918,12
8918,11
8918,20
8918,17
8918,36
8919,34
8919,16
8919,14
8920,10
8920,31
8920,16
8920,8
8920,33
8921,37
8921,18
8921,38
8922,35
8922,30
8922,13
8923,29
8924,15
8924,12
8924,29
8924,26
8925,13
8925,22
8925,7
8925,30
8926,25
8926,24
8926,38
8926,17
8927,35
8928,33
8928,28
8929,35
8929,22
8930,8
8930,25
8930,28
8931,11
8931,27
8931,16
8931,12
8932,14
8932,37
8933,9
8933,16
8933,10
8934,23
8935,33
8935,14
8935,16
8935,22
8935,38
8936,9
8936,19
8937,24
8937,18
8937,19
8938,38
8938,16
8938,9
8938,18
8938,25
8939,17
8939,25
8939,33
8939,20
8940,30
8940,27
8940,16
8941,29
8941,17
8941,22
8942,19
8942,32
8943,21
8943,9
8943,26
8944,20
8944,13
8944,7
8945,12
8945,17
8945,37
8945,11
8945,9
8946,27
8947,15
8947,21
8947,31
8947,35
8947,29
8948,25
8948,36
8949,35
8949,12
8949,7
8950,21
8950,9
8950,13
8950,32
8951,20
8951,13
8951,27
8951,23
8951,7
8952,28
8952,29
8953,24
8954,23
8954,8
8954,25
8954,28
8955,35
8956,16
8956,15
8956,13
8956,22
8956,35
8957,38
8958,20
8958,31
8958,22
8959,8
8959,22
8960,20
8960,21
8960,15
8960,37
8960,195
8961,25
8961,31
8961,15
8961,11
8961,27
8962,9
8963,18
8963,16
8963,29
8963,9
8963,26
8964,28
8964,24
8964,36
8965,22
8965,37
8965,29
8966,19
8967,32
8967,36
8967,24
8968,8
8968,27
8969,17
8969,380
8969,25
8969,35
8969,7
8970,9
8970,10
8971,33
8971,10
8971,21
8972,10
8972,23
8973,19
8973,29
8974,13
8974,36
8974,29
8975,20
8975,15
8975,25
8975,34
8976,30
8976,10
8976,18
8977,12
8977,32
8977,23
8977,36
8977,25
8978,17
8978,32
8978,12
8978,14
8978,38
8979,11
8980,29
8980,19
8981,9
8981,37
8981,38
8982,24
8983,19
8983,30
8983,27
8984,19
8984,35
8984,9
8985,7
8985,12
8985,8
8986,8
8986,12
8986,33
8987,36
8987,12
8988,22
8988,27
8989,13
8989,14
8989,17
8990,27
8990,22
8990,25
8991,8
8992,23
8992,20
8992,12
8993,14
8993,29
8993,13
8994,31
8995,18
8995,11
8995,29
8995,30
8995,32
8996,26
8996,13
8997,809
8998,19
8998,10
8998,31
8999,12
8999,34
8999,25
8999,37
9000,16
9000,31
9000,29
9000,36
9001,7
9001,14
9002,9
9002,16
9003,18
9004,23
9004,20
9004,27
9004,24
9004,11
9005,27
9005,28
9006,27
9006,33
9006,26
9006,14
9006,28
9007,26
9008,18
9009,28
9009,29
9009,14
9009,12
9009,13
9010,19
9010,38
9010,22
9010,37
9010,13
9011,31
9011,14
9011,25
9011,8
9011,35
9012,19
9012,27
9012,21
9012,14
9012,18
9013,9
9013,22
9013,38
9013,25
9014,22
9015,29
9015,11
9016,27
9016,14
9016,32
9017,18
9018,20
9019,29
9019,24
9019,17
9019,11
9020,22
9021,38
9021,31
9021,36
9021,21
9022,34
9022,31
9022,24
9023,12
9023,31
9023,35
9024,7
9024,34
9025,18
9025,13
9025,22
9026,37
9026,21
9026,13
9026,33
9026,16
9027,38
9027,30
9028,23
9029,17
9029,37
9029,23
9029,33
9029,10
9030,29
9031,36
9031,30
9031,8
9032,20
9032,19
9032,32
9033,34
9033,36
9033,7
9033,25
9034,21
9034,14
9035,33
9035,10
9035,15
9036,21
9037,9
9037,12
9037,38
9037,21
9037,23
9038,18
9038,7
9038,36
9038,9
9039,38
9039,31
9039,36
9039,20
9039,33
9040,26
9040,15
9040,21
9041,35
9041,38
9041,23
9042,24
9042,8
9042,33
9042,12
9042,15
9043,23
9044,14
9044,33
9044,16
9045,23
9045,31
9045,34
9045,16
9046,10
9046,23
9046,19
9046,30
9046,37
9047,37
9047,26
9047,32
9048,7
9048,30
9048,37
9049,32
9049,7
9050,25
9050,12
9050,32
9051,37
9051,38
9051,9
9051,11
9052,19
9052,30
9053,8
9054,14
9054,18
9054,11
9054,31
9055,26
9055,31
9055,19
9055,7
9056,28
9057,34
9058,639
9058,30
9058,32
9059,26
9059,17
9059,34
9059,35
9060,16
9060,9
9061,8
9061,10
9061,32
9061,20
9062,32
9062,386
9062,14
9063,15
9064,25
9065,13
9065,12
9066,19
9067,30
9067,9
9067,37
9067,8
9067,20
9068,10
9069,31
9070,32
9070,35
9070,33
9070,36
9070,31
9071,25
9072,38
9072,28
9072,16
9072,37
9073,12
9073,29
9073,35
9073,31
9074,33
9074,23
9074,21
9074,26
9075,19
9075,15
9075,10
9075,25
9075,22
9076,21
9076,24
9076,15
9077,21
9077,17
9077,8
9078,31
9078,24
9078,10
9078,32
9078,29
9079,15
9079,24
9079,25
9080,11
9080,8
9080,7
9081,32
9081,7
9081,20
9081,13
9082,28
9082,34
9083,10
9083,38
9084,21
9084,18
9084,26
9084,20
9085,27
9085,14
9085,16
9085,34
9086,38
9086,33
9086,34
9086,16
9087,23
9087,9
9087,24
9087,7
9087,28
9088,27
9088,9
9088,12
9089,24
9089,12
9089,25
9090,21
9090,7
9090,28
9090,10
9091,30
9092,32
9092,30
9092,19
9093,22
9093,19
9093,18
9094,38
9095,31
9096,38
9097,7
9097,29
9097,12
9098,34
9099,17
9099,24
9100,21
9100,9
9100,7
9100,38
9101,21
9101,19
9102,7
9102,10
9102,15
9102,20
9103,33
9103,27
9103,28
9103,8
9104,9
9104,23
9105,31
9105,22
9106,29
9106,17
9106,9
9107,26
9108,8
9108,25
9108,31
9109,26
9109,9
9110,24
9110,29
9110,16
9111,36
9111,26
9111,35
9112,11
9112,18
9112,8
9112,38
9113,30
9114,8
9114,7
9115,33
9116,21
9116,36
9116,37
9116,8
9117,9
9117,28
9117,36
9117,24
9117,22
9118,21
9118,14
9119,10
9119,27
9119,21
9119,19
9120,24
9120,17
9120,31
9120,38
9121,33
9121,22
9121,17
9121,26
9122,24
9122,27
9122,7
9122,21
9123,9
9123,22
9123,28
9123,32
9124,21
9124,37
9124,15
9125,12
9125,17
9126,37
9127,23
9127,32
9127,13
9127,8
9128,26
9128,35
9129,35
9129,21
9130,24
9130,19
9130,12
9131,33
9131,24
9131,11
9132,33
9132,17
9132,19
9132,28
9133,24
9133,29
9133,27
9134,11
9134,37
9135,32
9135,36
9135,13
9135,33
9136,13
9136,21
9136,33
9136,9
9137,28
9137,36
9138,22
9138,30
9138,29
9139,24
9139,25
9139,36
9139,22
9139,18
9140,22
9140,15
9140,37
9140,14
9141,29
9141,21
9141,12
9141,11
9142,30
9142,28
9142,11
9142,24
9143,34
9143,27
9143,11
9143,28
9143,12
9144,33
9145,33
9145,9
9145,11
9145,14
9146,8
9146,38
9146,22
9147,30
9147,26
9148,7
9148,8
9149,12
9149,15
9149,28
9149,29
9149,27
9150,35
9150,10
9150,11
9150,12
9151,112
9151,15
9151,8
9151,35
9151,25
9152,29
9153,26
9153,14
9154,19
9154,10
9154,17
9154,37
9155,20
9156,18
9156,12
9156,37
9156,11
9156,10
9157,9
9157,26
9158,29
9158,14
9159,15
9159,8
9159,25
9159,23
9160,19
9160,29
9160,22
9160,14
9160,21
9161,24
9161,34
9161,8
9162,16
9162,8
9162,10
9162,37
9163,12
9163,32
9164,38
9164,25
9165,32
9165,24
9165,9
9165,26
9165,28
9166,17
9166,25
9166,23
9166,21
9166,26
9167,8
9167,19
9167,13
9168,9
9168,13
9169,8
9169,20
9169,38
9170,27
9170,26
9170,23
9170,24
9171,13
9171,12
9171,10
9172,35
9172,20
9173,10
9173,17
9174,25
9174,26
9175,11
9175,35
9175,31
9176,36
9177,27
9177,7
9177,15
9177,36
9178,34
9178,14
9178,23
9179,29
9179,30
9179,19
9179,25
9180,22
9180,7
9180,20
9181,13
9181,837
9182,21
9183,24
9184,25
9184,11
9184,24
9184,16
9185,27
9186,30
9186,38
9186,18
9187,15
9187,26
9187,7
9187,34
9188,36
9189,26
9189,9
9189,24
9189,12
9189,7
9190,8
9190,22
9190,16
9190,7
9191,29
9192,15
9192,36
9193,19
9193,18
9193,15
9194,18
9194,16
9194,15
9194,10
9195,14
9195,36
9195,21
9195,12
9195,7
9196,38
9196,7
9196,17
9197,9
9198,30
9199,18
9200,15
9200,19
9201,10
9202,38
9202,33
9203,29
9203,31
9203,34
9203,35
9204,32
9204,31
9204,22
9204,20
9205,22
9205,30
9205,37
9206,14
9206,7
9207,33
9208,18
9208,38
9208,37
9208,16
9208,20
9209,32
9209,15
9209,37
9209,18
9210,36
9211,13
9211,7
9211,22
9212,25
9212,28
9212,35
9212,34
9212,24
9213,13
9214,21
9214,14
9214,13
9214,24
9215,12
9215,28
9215,18
9215,21
9216,16
9216,20
9216,8
9217,14
9217,32
9218,20
9219,26
9219,35
9219,34
9220,23
9220,12
9220,26
9221,19
9221,33
9222,21
9223,7
9223,37
9223,22
9224,11
9224,9
9225,12
9225,24
9226,32
9226,17
9226,18
9226,13
9226,25
9227,7
9228,15
9228,16
9228,7
9228,30
9228,18
9229,11
9230,11
9230,34
9230,22
9231,7
9231,9
9231,23
9232,17
9233,9
9233,20
9233,24
9234,20
9234,17
9235,15
9235,16
9235,25
9235,9
9236,22
9236,26
9237,33
9237,28
9237,29
9238,12
9238,22
9238,32
9238,20
9238,14
9239,8
9239,38
9239,9
9240,19
9240,12
9240,21
9240,24
9241,21
9242,15
9242,17
9242,31
9242,35
9242,18
9243,20
9243,33
9243,28
9243,17
9244,24
9244,33
9244,16
9244,17
9245,28
9245,20
9245,18
9245,35
9245,33
9246,9
9247,38
9247,33
9248,23
9248,18
9248,9
9248,32
9249,26
9250,21
9250,37
9251,38
9251,923
9252,37
9253,31
9253,30
9253,29
9254,7
9254,10
9254,23
9255,22
9255,19
9255,36
9255,13
9256,23
9257,33
9257,21
9257,34
9257,31
9258,37
9258,24
9258,32
9258,23
9258,16
9259,28
9260,32
9260,23
9260,13
9261,12
9261,26
9261,30
9261,29
9262,25
9262,13
9262,31
9262,24
9263,31
9263,32
9263,38
9263,8
9264,22
9264,10
9264,11
9265,19
9265,36
9265,20
9266,27
9266,10
9267,12
9268,12
9268,38
9268,28
9268,21
9268,35
9269,37
9269,36
9269,33
9270,11
9270,9
9270,19
9270,18
9271,22
9271,20
9271,24
9271,18
9271,32
9272,16
9272,31
9273,31
9273,18
9273,21
9273,25
9273,23
9274,33
9275,20
9275,26
9275,14
9275,36
9276,24
9276,30
9276,32
9276,28
9277,8
9277,7
9277,29
9278,27
9278,22
9279,26
9279,27
9279,36
9279,9
9280,37
9280,14
9280,27
9280,20
9281,36
9282,29
9283,11
9283,8
9283,31
9283,27
9284,29
9284,15
9285,23
9285,9
9286,26
9287,18
9287,35
9287,450
9287,13
9288,23
9288,26
9288,7
9288,19
9289,478
9289,15
9290,33
9290,22
9291,9
9291,17
9292,34
9292,35
9292,7
9292,31
9293,34
9293,18
9294,38
9294,28
9295,24
9295,8
9295,38
9296,19
9296,22
9296,21
9297,8
9298,33
9298,18
9298,25
9299,17
9299,30
9299,34
9299,22
9299,14
9300,33
9300,20
9301,28
9301,12
9302,36
9302,16
9302,38
9303,9
9303,19
9303,14
9304,16
9304,18
9305,20
9305,11
9305,24
9306,21
9306,17
9307,29
9307,7
9307,10
9307,38
9307,34
9308,22
9308,26
9308,12
9309,32
9310,22
9311,7
9311,33
9311,31
9311,12
9312,32
9312,9
9312,21
9312,27
9312,26
9313,29
9313,26
9313,8
9313,11
9313,38
9314,31
9314,20
9314,8
9314,36
9314,15
9315,18
9315,32
9315,22
9316,35
9317,8
9317,10
9318,28
9318,26
9319,20
9320,17
9320,23
9321,19
9321,14
9322,34
9322,904
9322,35
9323,13
9323,19
9323,23
9323,37
9324,35
9324,11
9325,24
9325,25
9325,9
9325,23
9325,7
9326,33
9326,20
9326,18
9326,19
9327,8
9327,7
9327,38
9327,30
9327,17
9328,15
9329,38
9329,11
9329,19
9329,32
9330,26
9331,30
9331,22
9331,27
9331,33
9332,11
9333,16
9333,27
9333,12
9333,23
9334,12
9334,15
9334,27
9334,36
9334,31
9335,16
9336,8
9336,7
9337,8
9338,18
9339,28
9339,7
9339,25
9340,26
9341,17
9341,14
9342,27
9342,25
9342,23
9342,31
9343,22
9343,23
9343,13
9343,26
9344,38
9344,21
9344,11
9345,10
9345,26
9346,23
9346,29
9346,10
9346,14
9346,34
9347,37
9347,7
9347,18
9347,10
9347,22
9348,13
9348,27
9348,11
9349,30
9349,21
9350,28
9350,489
9350,15
9351,9
9351,8
9352,30
9353,26
9353,38
9353,21
9353,23
9353,29
9354,21
9354,20
9355,29
9355,21
9356,23
9356,34
9356,17
9356,27
9356,9
9357,22
9357,20
9357,14
9357,8
9357,30
9358,9
9359,11
9359,25
9359,35
9359,7
9359,8
9360,28
9361,9
9361,19
9361,15
9361,11
9362,20
9362,25
9362,27
9362,30
9362,37
9363,31
9363,20
9364,9
9364,19
9365,13
9365,18
9365,35
9365,30
9366,25
9366,20
9366,34
9366,15
9366,37
9367,17
9368,24
9369,20
9369,877
9369,18
9370,29
9371,23
9371,24
9372,17
9372,14
9372,13
9372,9
9373,37
9373,23
9373,28
9373,20
9374,29
9374,18
9375,27
9375,36
9375,12
9376,840
9377,33
9377,38
9377,24
9377,36
9378,11
9379,20
9379,22
9379,31
9380,23
9380,26
9380,15
9381,13
9381,18
9382,22
9382,21
9382,37
9382,33
9383,12
9383,10
9383,26
9383,21
9383,13
9384,20
9384,32
9384,28
9384,30
9385,16
9385,25
9386,17
9387,11
9387,27
9388,32
9388,36
9388,18
9388,16
9389,36
9389,10
9389,18
9390,36
9390,14
9390,9
9390,20
9391,12
9391,9
9391,10
9391,15
9391,17
9392,32
9393,28
9394,23
9394,11
9394,17
9394,30
9395,28
9395,10
9396,8
9396,33
9396,17
9397,34
9397,11
9397,24
9398,27
9398,15
9398,38
9399,27
9399,17
9399,32
9400,20
9400,22
9401,30
9401,11
9401,33
9402,23
9402,31
9402,7
9403,31
9403,28
9403,36
9404,31
9404,28
9405,32
9406,20
9406,28
9406,18
9407,12
9407,37
9407,38
9407,32
9407,861
9408,19
9408,10
9408,16
9408,33
9409,36
9409,12
9409,37
9409,24
9410,11
9410,18
9411,26
9411,32
9411,17
9412,21
9412,36
9412,11
9413,18
9413,31
9413,30
9413,21
9414,10
9414,16
9414,25
9414,15
9415,26
9415,16
9415,33
9415,12
9415,24
9416,12
9416,31
9416,36
9417,29
9417,7
9417,15
9418,32
9418,36
9418,14
9418,15
9419,29
9419,31
9419,32
9419,188
9420,16
9420,23
9420,17
9421,9
9422,13
9422,21
9423,12
9423,22
9423,26
9424,28
9425,31
9425,18
9425,16
9426,36
9426,16
9426,28
9426,31
9426,23
9427,23
9427,10
9427,16
9427,30
9428,13
9428,28
9429,26
9429,10
9430,37
9431,19
9432,21
9432,29
9432,20
9432,10
9433,33
9433,21
9433,22
9434,20
9435,19
9435,10
9435,29
9436,32
9436,11
9436,37
9436,14
9436,19
9437,23
9437,18
9438,32
9438,15
9438,25
9438,14
9439,35
9439,29
9439,7
9439,28
9440,27
9441,19
9441,10
9442,36
9442,9
9442,19
9442,10
9443,24
9444,19
9444,21
9444,35
9444,24
9445,19
9445,15
9445,33
9445,24
9446,15
9447,25
9447,33
9447,37
9447,9
9448,28
9448,21
9448,19
9448,23
9448,35
9449,14
9450,14
9450,12
9450,27
9450,25
9451,14
9452,8
9452,17
9452,23
9452,24
9453,15
9453,24
9453,11
9454,32
9454,8
9454,37
9454,14
9454,29
9455,22
9456,22
9456,36
9456,35
9457,13
9457,9
9458,27
9458,10
9458,29
9458,22
9458,539
9459,9
9459,28
9459,18
9460,17
9460,31
9460,26
9461,9
9461,15
9462,7
9463,10
9463,26
9463,33
9463,15
9463,34
9464,38
9465,25
9465,30
9466,29
9466,9
9466,36
9467,30
9467,34
9467,14
9468,24
9468,13
9469,16
9470,15
9470,35
9471,34
9471,24
9471,32
9471,23
9471,18
9472,18
9472,22
9473,21
9473,22
9473,23
9474,23
9475,32
9475,11
9476,32
9476,35
9477,33
9477,35
9477,23
9477,25
9478,20
9478,17
9478,35
9478,8
9478,13
9479,31
9479,18
9479,15
9480,36
9480,32
9480,23
9480,14
9480,12
9481,7
9481,17
9481,34
9482,18
9482,25
9482,10
9483,18
9484,16
9484,11
9485,31
9486,8
9486,33
9486,18
9487,25
9487,19
9487,30
9488,18
9489,7
9490,17
9490,34
9490,20
9490,13
9491,23
9491,8
9491,36
9491,22
9492,19
9492,17
9493,550
9493,14
9493,26
9494,38
9494,14
9495,21
9495,32
9495,29
9495,26
9495,10
9496,24
9497,34
9497,38
9498,25
9499,7
9499,29
9500,34
9500,25
9501,7
9501,17
9501,18
9501,27
9502,21
9503,27
9503,34
9503,10
9503,37
9503,7
9504,31
9504,8
9505,27
9505,10
9506,38
9506,25
9506,7
9506,32
9507,26
9507,22
9507,36
9508,11
9508,34
9509,15
9509,25
9510,23
9510,13
9510,12
9510,31
9511,36
9511,29
9512,38
9512,24
9512,272
9513,14
9513,38
9513,25
9513,37
9514,36
9515,34
9515,24
9516,36
9516,28
9516,17
9516,31
9517,17
9517,31
9518,18
9518,38
9519,12
9519,35
9520,10
9520,29
9520,18
9520,8
9521,32
9522,8
9523,12
9523,27
9523,7
9523,36
9523,24
9524,20
9524,22
9525,19
9525,36
9526,21
9526,38
9526,7
9527,34
9528,13
9528,18
9528,32
9528,11
9529,35
9529,20
9529,9
9529,8
9530,24
9530,36
9530,15
9531,29
9532,11
9533,25
9533,7
9534,21
9534,13
9534,9
9535,36
9535,8
9535,34
9535,28
9535,20
9536,36
9537,14
9537,32
9537,34
9537,22
9538,12
9538,13
9539,22
9539,8
9539,16
9539,15
9540,18
9541,35
9541,26
9541,18
9542,21
9542,12
9542,18
9542,25
9543,21
9543,30
9543,18
9544,21
9544,8
9544,20
9545,21
9545,25
9545,33
9545,7
9545,10
9546,27
9546,23
9546,13
9546,14
9547,23
9547,36
9547,8
9547,9
9548,16
9548,20
9549,20
9550,35
9550,27
9550,14
9551,16
9551,18
9551,9
9551,24
9552,8
9552,24
9553,32
9553,14
9553,16
9553,23
9554,17
9555,34
9556,9
9556,38
9556,29
9556,24
9556,7
9557,29
9558,37
9559,10
9559,28
9559,37
9559,33
9560,18
9560,30
9561,37
9562,8
9562,20
9562,35
9562,14
9562,11
9563,14
9563,35
9563,11
9563,21
9564,24
9565,14
9565,10
9565,26
9566,25
9566,20
9566,10
9566,35
9567,37
9568,38
9568,24
9569,7
9569,26
9569,36
9570,35
9571,9
9571,26
9572,13
9572,10
9572,14
9572,21
9573,19
9573,31
9574,19
9574,26
9574,33
9575,24
9575,15
9575,13
9575,23
9576,28
9577,29
9577,20
9577,14
9578,31
9578,17
9578,16
9578,22
9578,37
9579,22
9579,12
9580,38
9580,8
9580,29
9580,14
9580,24
9581,32
9581,19
9581,11
9581,16
9582,10
9582,16
9583,22
9583,33
9583,31
9584,18
9585,11
9586,23
9586,33
9587,17
9588,31
9588,35
9588,10
9588,28
9589,10
9589,19
9589,21
9590,17
9590,7
9591,9
9591,21
9591,34
9591,37
9591,12
9592,9
9592,26
9592,23
9592,20
9592,19
9593,13
9593,36
9593,16
9593,35
9593,34
9594,29
9594,18
9594,37
9595,13
9595,36
9595,19
9595,37
9595,11
9596,25
9596,38
9596,27
9596,8
9596,22
9597,7
9598,38
9598,8
9598,34
9598,37
9599,18
9600,10
9600,9
9600,21
9600,23
9601,28
9601,16
9601,30
9601,20
9602,34
9603,20
9603,30
9603,12
9603,11
9604,28
9604,22
9604,8
9604,32
9605,26
9605,29
9605,25
9605,9
9606,9
9606,11
9606,38
9606,30
9606,19
9607,11
9607,13
9607,35
9607,10
9608,32
9608,16
9608,38
9608,7
9609,36
9610,8
9610,35
9610,17
9610,11
9611,25
9611,20
9612,15
9612,19
9612,32
9612,22
9613,29
9613,15
9613,13
9613,34
9613,21
9614,13
9614,33
9614,27
9614,17
9615,19
9616,32
9616,24
9616,12
9617,7
9617,38
9618,16
9618,36
9618,23
9619,16
9619,7
9619,29
9620,31
9620,8
9620,27
9621,14
9621,13
9621,19
9622,24
9622,34
9622,8
9623,26
9623,29
9624,27
9624,17
9624,10
9624,31
9625,32
9626,23
9626,34
9626,13
9627,16
9627,33
9627,30
9628,29
9629,11
9629,8
9630,9
9630,36
9631,29
9631,15
9632,14
9632,16
9633,13
9634,16
9634,8
9635,15
9635,18
9635,17
9636,34
9636,30
9637,32
9637,15
9637,7
9637,17
9638,11
9638,20
9638,37
9638,35
9638,38
9639,27
9639,32
9639,24
9639,8
9640,34
9640,29
9641,15
9641,37
9641,35
9641,31
9641,14
9642,17
9642,27
9642,24
9642,8
9643,19
9644,34
9644,29
9644,10
9645,38
9645,24
9645,12
9645,9
9645,19
9646,33
9647,15
9647,29
9647,12
9647,13
9648,11
9648,38
9649,33
9649,23
9649,28
9649,21
9649,15
9650,15
9650,13
9650,35
9650,14
9651,35
9651,32
9651,31
9652,36
9652,11
9652,9
9653,22
9654,31
9655,21
9655,13
9655,17
9655,10
9656,11
9656,35
9656,33
9656,19
9657,14
9657,19
9657,28
9658,14
9658,476
9658,8
9658,31
9659,22
9659,20
9659,12
9659,26
9659,7
9660,34
9660,22
9660,27
9660,12
9661,20
9661,28
9661,12
9661,34
9661,17
9662,31
9662,10
9663,34
9663,26
9664,17
9664,34
9665,22
9665,36
9665,17
9666,20
9667,19
9668,21
9669,13
9669,10
9670,22
9671,23
9671,28
9671,11
9671,16
9671,36
9672,38
9673,11
9674,14
9674,16
9674,15
9675,37
9675,22
9675,25
9676,38
9676,37
9676,27
9677,33
9677,30
9677,34
9677,26
9678,21
9679,17
9680,18
9680,10
9680,17
9681,8
9681,34
9681,12
9681,13
9682,34
9682,10
9683,9
9683,11
9684,7
9685,31
9685,24
9685,13
9685,8
9686,20
9686,7
9686,14
9686,23
9687,26
9687,15
9687,25
9687,14
9688,34
9688,9
9689,18
9689,17
9689,26
9689,34
9690,38
9690,26
9691,13
9691,36
9692,37
9692,19
9692,25
9692,10
9693,30
9693,34
9693,9
9694,23
9694,20
9694,35
9694,34
9694,12
9695,26
9696,29
9696,7
9697,38
9697,32
9697,20
9698,25
9698,33
9698,12
9699,31
9700,30
9700,36
9700,12
9700,10
9700,26
9701,23
9701,15
9702,11
9702,7
9703,25
9704,27
9704,7
9705,35
9705,13
9705,30
9705,37
9705,8
9706,9
9706,17
9706,7
9706,38
9706,27
9707,19
9707,25
9707,20
9707,32
9708,8
9708,32
9708,16
9708,22
9709,24
9709,36
9709,30
9709,31
9709,10
9710,29
9711,28
9711,11
9711,24
9711,23
9712,12
9712,20
9712,28
9712,18
9712,30
9713,29
9714,23
9714,10
9714,29
9714,31
9715,18
9715,35
9715,27
9716,29
9717,22
9717,33
9717,9
9718,27
9718,7
9718,9
9719,21
9719,26
9720,30
9720,26
9720,11
9720,23
9721,25
9721,26
9722,36
9722,17
9722,19
9722,10
9723,36
9723,7
9723,19
9723,34
9723,18
9724,27
9724,34
9725,13
9726,9
9727,32
9727,19
9727,11
9728,25
9728,33
9728,23
9729,15
9729,35
9730,29
9730,22
9731,34
9731,10
9731,23
9732,34
9733,33
9733,35
9733,21
9734,11
9735,26
9735,37
9735,31
9735,32
9735,30
9736,7
9736,26
9736,23
9736,33
9736,30
9737,21
9737,18
9737,15
9738,23
9738,14
9739,35
9739,32
9739,11
9739,16
9740,17
9740,13
9740,37
9740,36
9740,22
9741,28
9741,36
9741,8
9742,9
9743,12
9743,31
9743,11
9743,27
9744,11
9745,20
9746,14
9747,12
9748,21
9748,35
9748,11
9749,12
9749,9
9749,8
9749,28
9750,21
9751,11
9751,20
9751,14
9751,26
9752,10
9752,7
9752,36
9752,17
9753,23
9753,15
9753,19
9753,36
9754,38
9754,10
9754,18
9754,32
9754,34
9755,37
9756,27
9756,25
9756,7
9757,18
9757,27
9757,25
9758,38
9758,26
9758,32
9759,26
9759,31
9760,29
9761,38
9761,10
9761,15
9762,37
9762,467
9762,27
9762,22
9762,15
9763,29
9764,23
9764,24
9764,20
9764,14
9764,34
9765,23
9766,10
9766,38
9766,19
9766,37
9766,35
9767,19
9767,26
9767,35
9767,14
9767,34
9768,8
9769,15
9769,35
9769,34
9769,28
9770,11
9770,26
9770,24
9771,34
9771,9
9771,27
9771,24
9771,13
9772,12
9772,14
9772,17
9772,29
9773,7
9773,18
9774,12
9774,27
9774,36
9775,27
9775,15
9776,24
9777,17
9777,24
9777,19
9778,15
9778,31
9778,20
9778,18
9778,34
9779,32
9779,36
9779,28
9779,14
9780,11
9780,13
9780,20
9781,17
9781,36
9781,22
9781,21
9781,11
9782,20
9783,11
9783,28
9783,7
9784,10
9784,14
9784,24
9784,17
9785,26
9785,34
9786,35
9786,21
9786,38
9787,25
9787,35
9787,12
9787,34
9788,22
9788,35
9788,36
9788,37
9789,30
9789,38
9789,11
9789,15
9789,24
9790,11
9791,23
9791,37
9792,15
9793,27
9793,21
9793,16
9793,33
9793,29
9794,15
9794,21
9794,12
9794,29
9794,14
9795,35
9795,28
9795,13
9795,21
9796,26
9797,38
9798,20
9798,31
9798,17
9799,38
9799,18
9799,7
9799,13
9800,21
9800,34
9800,38
9800,10
9800,28
9801,37
9801,16
9801,15
9801,19
9802,35
9802,22
9802,9
9802,13
9803,27
9803,14
9803,22
9803,10
9804,25
9804,18
9804,22
9804,24
9805,17
9805,12
9806,14
9806,25
9806,12
9806,20
9806,15
9807,21
9807,12
9808,29
9809,37
9810,37
9810,24
9810,11
9811,13
9811,18
9811,9
9811,10
9811,12
9812,16
9812,14
9812,26
9812,36
9812,8
9813,25
9813,26
9813,29
9813,30
9813,20
9814,32
9814,35
9814,18
9815,8
9816,35
9816,9
9817,19
9817,30
9817,23
9817,20
9818,15
9818,7
9819,20
9819,36
9819,21
9819,28
9820,38
9820,7
9820,28
9821,38
9822,21
9822,26
9822,19
9822,18
9823,36
9823,21
9824,8
9825,16
9825,30
9826,9
9826,24
9826,29
9827,33
9828,16
9828,12
9829,29
9829,20
9829,16
9830,27
9830,26
9830,8
9830,30
9831,7
9831,29
9831,28
9832,36
9832,17
9832,18
9832,10
9833,23
9834,30
9834,24
9834,9
9835,21
9835,26
9836,32
9836,23
9837,13
9837,9
9837,11
9838,9
9838,13
9838,16
9838,20
9838,32
9839,25
9839,27
9839,29
9839,23
9840,8
9841,36
9841,8
9841,15
9841,38
9842,16
9842,31
9842,15
9842,19
9843,35
9843,16
9843,25
9844,27
9844,32
9844,35
9845,10
9845,16
9846,21
9846,26
9846,19
9846,9
9847,23
9847,13
9848,21
9848,7
9849,33
9849,20
9850,24
9850,17
9850,30
9850,20
9851,27
9852,21
9853,23
9853,30
9853,29
9853,14
9854,17
9855,18
9855,26
9856,7
9856,32
9856,22
9857,29
9857,10
9857,13
9857,26
9858,13
9858,9
9858,24
9859,30
9860,13
9861,29
9862,11
9863,7
9863,13
9864,27
9864,32
9864,23
9864,37
9864,15
9865,7
9866,38
9866,35
9866,26
9867,32
9867,20
9867,11
9868,22
9868,14
9869,30
9870,14
9871,18
9871,30
9872,9
9872,21
9873,32
9873,20
9873,21
9873,10
9873,31
9874,14
9875,12
9875,24
9875,38
9875,17
9876,32
9876,38
9876,9
9876,12
9877,16
9877,38
9877,27
9877,24
9877,12
9878,22
9878,27
9878,35
9878,7
9878,13
9879,14
9879,15
9880,11
9881,28
9881,33
9882,38
9882,14
9882,18
9882,8
9882,35
9883,35
9884,16
9885,30
9885,14
9885,28
9885,16
9886,26
9886,38
9887,31
9887,24
9887,11
9887,33
9888,31
9888,14
9889,9
9889,34
9889,25
9889,38
9890,7
9891,36
9891,9
9891,32
9892,33
9893,29
9893,31
9893,23
9893,10
9894,12
9894,31
9894,29
9894,27
9894,32
9895,25
9895,214
9895,32
9895,37
9895,18
9896,33
9897,29
9897,37
9897,7
9897,34
9898,9
9898,37
9898,29
9899,22
9899,7
9899,14
9899,19
9899,15
9900,426
9900,18
9901,17
9901,10
9901,21
9901,30
9902,15
9902,745
9902,8
9902,9
9902,33
9903,26
9903,36
9903,11
9903,10
9904,13
9905,15
9905,31
9905,24
9905,22
9906,30
9906,22
9906,18
9906,24
9907,17
9908,36
9908,18
9908,15
9909,22
9910,13
9910,26
9911,35
9912,17
9912,27
9912,30
9912,37
9913,23
9913,14
9913,27
9913,35
9914,34
9914,7
9915,34
9915,23
9915,17
9916,33
9916,13
9917,13
9918,14
9918,27
9918,15
9918,19
9919,20
9919,25
9919,11
9920,8
9920,23
9920,11
9921,16
9921,21
9921,23
9921,13
9921,30
9922,25
9922,12
9922,10
9923,16
9924,7
9924,28
9925,13
9925,8
9925,14
9925,19
9925,31
9926,37
9926,36
9926,33
9926,35
9926,17
9927,16
9928,14
9928,7
9928,22
9929,38
9929,26
9929,34
9930,20
9930,28
9930,14
9931,29
9931,38
9931,10
9931,32
9931,34
9932,34
9932,29
9933,38
9934,26
9934,33
9935,24
9936,893
9936,26
9936,25
9936,19
9937,28
9937,33
9937,17
9937,31
9937,18
9938,7
9938,27
9938,12
9938,18
9939,14
9939,8
9940,12
9940,28
9940,25
9940,8
9941,37
9941,31
9941,27
9941,28
9941,25
9942,29
9943,22
9944,27
9944,17
9944,34
9945,37
9945,14
9945,26
9945,28
9946,21
9946,24
9946,36
9946,16
9947,30
9948,15
9948,32
9948,13
9949,17
9949,10
9949,26
9949,13
9950,693
9950,35
9950,16
9950,8
9951,31
9951,38
9951,33
9951,17
9951,8
9952,16
9952,37
9953,8
9954,17
9954,37
9954,16
9954,22
9955,29
9956,20
9956,22
9956,10
9957,26
9957,34
9958,34
9958,8
9959,8
9960,32
9960,584
9960,25
9960,34
9960,36
9961,13
9961,35
9961,36
9961,22
9962,20
9962,27
9962,8
9963,25
9964,32
9965,14
9965,16
9965,15
9965,8
9966,10
9966,29
9966,19
9966,26
9967,10
9968,7
9968,8
9968,27
9969,14
9969,19
9969,12
9969,28
9970,21
9970,18
9970,15
9970,33
9970,8
9971,8
9972,9
9972,32
9972,16
9973,28
9973,37
9973,34
9973,12
9974,34
9974,22
9974,31
9974,19
9974,26
9975,27
9975,7
9975,34
9976,30
9976,37
9976,8
9977,7
9978,21
9978,32
9978,33
9978,37
9979,26
9979,35
9980,22
9981,19
9981,9
9981,22
9982,25
9982,9
9982,20
9983,20
9983,26
9983,10
9983,8
9984,35
9985,28
9985,33
9985,13
9986,27
9986,16
9986,28
9986,25
9987,9
9987,14
9987,21
9988,26
9989,36
9989,26
9989,38
9989,7
9990,38
9990,15
9990,8
9991,23
9991,21
9991,14
9991,35
9991,16
9992,31
9993,22
9994,15
9994,27
9994,21
9995,31
9995,14
9995,29
9996,7
9996,21
9996,11
9997,13
9998,23
9999,35
9999,31
9999,10
9999,25
10000,28
10000,15
10000,34
10000,25
10000,16
10001,23
10001,9
10002,29
10002,9
10002,27
10003,38
10003,10
10003,13
10004,12
10004,7
10004,9
10005,28
10005,20
10005,37
10005,31
10006,32
10006,31
10006,17
10006,33
10006,13
10007,26
10007,28
10008,26
10008,28
10009,31
10009,29
10010,35
10011,19
10011,21
10011,17
10012,32
10012,10
10012,33
10012,26
10012,13
10013,17
10013,10
10013,27
10013,38
10014,38
10014,25
10015,22
10016,37
10017,29
10017,28
10018,15
10018,19
10018,35
10019,27
10019,34
10019,33
10020,26
10020,20
10020,37
10020,8
10020,27
10021,23
10021,25
10022,7
10022,22
10022,8
10023,33
10023,8
10023,38
10024,33
10025,26
10025,13
10025,24
10026,33
10027,36
10027,10
10028,14
10028,34
10028,16
10028,10
10028,29
10029,13
10030,18
10031,30
10031,32
10032,33
10032,34
10032,25
10033,8
10033,17
10033,7
10033,10
10034,15
10034,34
10034,13
10034,31
10035,22
10035,27
10035,11
10036,22
10036,38
10036,18
10036,28
10037,18
10038,15
10038,23
10038,14
10039,24
10039,21
10039,13
10040,15
10040,34
10041,32
10041,34
10041,24
10042,20
10042,34
10043,35
10044,30
10045,8
10045,14
10045,30
10046,27
10047,30
10047,29
10047,19
10047,33
10047,23
10048,32
10048,24
10049,18
10049,9
10050,29
10050,16
10050,30
10050,23
10050,11
10051,28
10052,38
10053,24
10054,21
10054,23
10055,27
10055,9
10056,31
10056,29
10057,27
10057,23
10058,29
10059,37
10059,38
10059,32
10059,20
10059,11
10060,18
10060,19
10060,35
10060,23
10061,21
10061,14
10062,25
10062,32
10062,17
10062,35
10063,20
10064,24
10064,29
10064,20
10064,25
10065,11
10066,12
10066,24
10066,7
10066,444
10067,37
10068,38
10068,15
10068,32
10069,9
10070,613
10070,16
10070,14
10070,30
10071,31
10072,9
10072,22
10072,30
10072,36
10072,32
10073,25
10073,556
10073,24
10074,10
10075,37
10075,19
10075,21
10076,14
10077,22
10077,30
10078,9
10079,24
10080,9
10080,25
10080,35
10081,25
10081,35
10081,20
10082,15
10082,17
10083,33
10084,34
10084,19
10084,12
10084,29
10085,7
10085,23
10085,31
10086,9
10086,13
10086,35
10087,31
10087,12
10088,32
10088,25
10089,35
10089,28
10090,36
10090,25
10091,22
10091,7
10091,23
10092,21
10092,22
10093,26
10093,15
10094,11
10094,36
10095,12
10095,18
10095,34
10096,16
10096,30
10096,28
10096,36
10097,12
10097,15
10097,28
10097,32
10097,38
10098,37
10098,38
10098,30
10099,38
10099,7
10100,24
10100,34
10101,8
10101,28
10102,31
10102,16
10102,19
10102,28
10102,26
10103,17
10103,25
10103,29
10104,18
10104,28
10104,26
10105,18
10105,34
10105,21
10106,37
10106,25
10106,21
10106,15
10106,12
10107,30
10107,32
10107,9
10108,12
10109,24
10109,38
10109,35
10109,36
10110,38
10110,25
10110,647
10111,24
10111,22
10112,20
10113,25
10113,20
10114,22
10114,11
10114,17
10114,38
10114,13
10115,20
10115,37
10116,25
10116,16
10116,9
10117,15
10117,32
10117,18
10117,27
10117,17
10118,28
10118,36
10118,37
10119,7
10119,31
10119,30
10120,20
10120,17
10120,16
10120,13
10121,18
10121,38
10121,14
10121,22
10121,7
10122,12
10122,24
10122,34
10123,32
10123,37
10124,9
10124,20
10124,27
10124,31
10125,29
10125,10
10125,27
10126,20
10126,11
10126,15
10127,17
10127,12
10127,19
10128,38
10129,13
10129,19
10130,38
10131,16
10131,17
10131,8
10131,23
10132,37
10132,18
10132,624
10132,33
10132,12
10133,33
10133,12
10133,8
10133,13
10134,23
10134,29
10134,10
10135,10
10136,28
10136,7
10136,17
10137,33
10138,26
10138,18
10138,14
10139,19
10140,35
10140,32
10141,38
10141,36
10141,24
10141,22
10142,35
10142,28
10143,30
10143,9
10143,34
10144,34
10144,7
10144,24
10144,35
10145,36
10145,9
10146,26
10146,31
10146,23
10147,29
10147,36
10148,37
10148,26
10148,25
10149,15
10149,22
10149,8
10149,33
10150,9
10150,23
10150,8
10151,7
10152,29
10152,22
10152,28
10152,21
10153,30
10153,23
10154,7
10154,22
10154,36
10155,34
10155,26
10156,29
10156,15
10157,14
10157,11
10157,25
10157,37
10158,34
10158,12
10158,30
10158,28
10159,8
10159,36
10159,28
10159,33
10159,20
10160,7
10161,35
10161,15
10161,26
10161,22
10162,7
10162,20
10162,18
10163,23
10163,22
10163,35
10164,22
10165,18
10165,14
10165,37
10166,15
10166,38
10166,13
10167,20
10167,38
10167,32
10167,36
10167,11
10168,12
10168,7
10168,14
10168,35
10168,10
10169,20
10170,25
10171,37
10172,10
10172,16
10172,27
10172,21
10173,12
10174,19
10174,33
10175,31
10176,33
10177,12
10177,33
10177,13
10177,36
10177,16
10178,26
10178,34
10178,15
10178,13
10178,33
10179,33
10179,11
10179,34
10179,23
10179,28
10180,38
10180,24
10180,21
10181,33
10181,10
10182,21
10182,17
10182,36
10183,33
10184,16
10184,24
10184,30
10184,12
10185,25
10185,11
10185,37
10185,9
10186,35
10186,29
10186,7
10186,13
10187,11
10187,7
10187,10
10187,28
10187,14
10188,22
10188,38
10188,16
10188,9
10188,33
10189,11
10189,21
10190,20
10190,24
10190,10
10190,22
10191,34
10191,20
10191,33
10191,11
10191,18
10192,20
10192,13
10193,30
10193,22
10193,27
10193,9
10194,23
10194,27
10195,14
10196,12
10196,22
10196,516
10196,8
10197,14
10197,37
10197,9
10197,35
10198,28
10198,14
10199,38
10200,12
10200,23
10200,11
10200,17
10201,9
10202,9
10202,37
10202,33
10203,27
10203,35
10203,34
10203,18
10203,315
10204,37
10204,15
10205,9
10205,15
10205,19
10205,30
10206,33
10206,162
10206,22
10206,15
10207,28
10207,35
10207,17
10207,27
10207,13
10208,29
10208,34
10209,34
10209,8
10209,21
10210,10
10210,14
10210,30
10210,38
10211,14
10212,35
10212,20
10212,22
10212,11
10212,38
10213,10
10213,20
10214,22
10215,15
10215,32
10215,26
10215,20
10216,28
10216,20
10216,21
10216,12
10217,35
10218,34
10219,10
10219,12
10219,34
10219,38
10219,21
10220,32
10220,26
10220,37
10220,31
10220,7
10221,37
10221,16
10221,22
10221,36
10221,25
10222,27
10222,28
10222,32
10222,9
10223,19
10223,28
10223,10
10224,30
10224,18
10224,7
10224,29
10225,10
10225,13
10226,34
10226,31
10226,32
10226,27
10227,10
10228,20
10228,36
10228,25
10228,34
10228,28
10229,20
10229,23
10229,12
10229,18
10230,17
10230,23
10230,37
10231,20
10232,33
10232,17
10233,19
10233,703
10233,8
10234,11
10235,18
10235,38
10235,26
10235,31
10236,30
10236,23
10236,38
10237,20
10237,21
10237,18
10238,19
10238,24
10238,30
10238,20
10239,10
10240,30
10240,9
10240,24
10241,11
10241,15
10241,25
10241,7
10242,14
10242,8
10243,27
10244,22
10245,35
10245,31
10245,38
10245,10
10246,25
10246,32
10247,491
10247,22
10247,21
10247,27
10247,26
10248,13
10248,34
10248,37
10248,29
10249,8
10249,30
10250,13
10250,7
10250,23
10250,8
10250,26
10251,25
10251,16
10251,30
10251,13
10252,15
10252,37
10253,14
10253,31
10253,35
10253,29
10253,9
10254,10
10255,23
10255,12
10256,13
10256,16
10256,11
10257,14
10257,19
10257,18
10257,8
10257,31
10258,24
10259,22
10260,26
10260,7
10260,23
10260,16
10260,27
10261,19
10261,38
10261,13
10262,25
10262,15
10262,32
10263,27
10263,22
10263,23
10263,25
10264,14
10264,32
10264,23
10264,22
10264,12
10265,14
10265,16
10265,30
10266,37
10266,12
10266,8
10266,22
10266,34
10267,33
10268,16
10268,29
10268,11
10268,24
10268,33
10269,18
10269,23
10269,15
10269,27
10269,14
10270,9
10271,22
10271,7
10272,31
10273,690
10273,29
10273,7
10274,35
10274,15
10275,28
10275,21
10275,38
10276,25
10276,15
10276,16
10277,33
10277,25
10277,30
10277,11
10278,10
10278,38
10279,28
10279,38
10279,26
10279,19
10280,21
10281,13
10281,16
10281,17
10282,10
10283,30
10283,19
10284,9
10284,27
10285,29
10285,28
10285,30
10286,17
10286,21
10286,8
10286,11
10287,8
10287,32
10287,7
10288,25
10288,13
10288,9
10288,34
10288,38
10289,28
10289,20
10289,29
10289,26
10289,21
10290,29
10291,30
10291,14
10292,12
10292,23
10292,20
10292,27
10293,16
10293,30
10294,11
10295,17
10295,8
10295,9
10296,26
10296,38
10297,35
10297,9
10297,17
10298,16
10298,9
10298,20
10298,28
10299,28
10300,7
10300,8
10300,35
10300,23
10301,29
10301,25
10302,19
10302,27
10302,33
10303,27
10303,36
10304,17
10304,16
10305,8
10305,25
10305,38
10306,8
10306,30
10306,17
10307,10
10308,35
10308,19
10309,14
10309,31
10310,12
10310,30
10311,20
10311,23
10311,7
10311,36
10311,29
10312,25
10313,8
10313,37
10314,8
10314,33
10314,34
10314,26
10314,13
10315,27
10316,24
10316,29
10316,38
10316,20
10317,13
10318,34
10318,33
10318,7
10318,25
10319,18
10319,23
10319,15
10319,31
10320,19
10320,25
10321,8
10321,25
10322,7
10323,26
10323,17
10323,25
10323,18
10324,13
10324,19
10324,38
10324,36
10324,31
10325,15
10326,16
10326,10
10326,9
10326,15
10327,34
10327,21
10328,32
10328,27
10329,15
10329,14
10330,16
10330,13
10330,10
10330,38
10331,38
10331,16
10331,23
10332,24
10333,19
10333,23
10334,8
10335,28
10335,8
10335,24
10335,38
10336,37
10336,9
10336,10
10336,25
10336,12
10337,15
10337,10
10337,25
10338,11
10338,27
10338,7
10338,30
10338,35
10339,19
10339,12
10340,29
10340,17
10341,13
10341,21
10341,16
10341,25
10342,9
10342,19
10342,7
10342,34
10343,17
10343,10
10344,16
10344,27
10345,27
10346,29
10347,31
10347,14
10347,19
10348,29
10348,15
10348,32
10348,34
10348,11
10349,10
10349,35
10350,16
10350,13
10350,9
10351,28
10351,21
10351,18
10351,17
10351,20
10352,22
10352,27
10353,30
10353,38
10353,31
10353,11
10354,10
10355,36
10355,19
10356,17
10356,22
10356,11
10357,32
10358,12
10358,16
10358,29
10358,28
10359,8
10359,36
10359,9
10360,11
10361,22
10362,35
10363,16
10363,31
10363,9
10364,8
10364,15
10364,25
10365,20
10365,22
10365,23
10366,10
10366,34
10366,38
10367,16
10367,35
10368,18
10368,35
10369,11
10369,37
10370,10
10370,27
10371,34
10371,13
10372,12
10372,7
10372,10
10372,15
10373,7
10373,13
10374,12
10374,27
10375,18
10375,30
10375,11
10375,17
10376,17
10376,19
10376,33
10376,23
10376,37
10377,27
10378,15
10378,17
10378,7
10378,34
10379,36
10379,13
10380,9
10380,22
10380,33
10380,8
10380,37
10381,26
10381,28
10382,24
10382,38
10382,11
10383,17
10384,25
10384,35
10385,20
10385,32
10385,25
10386,28
10386,27
10386,21
10386,22
10387,38
10387,13
10388,35
10388,15
10388,37
10388,16
10389,14
10389,24
10390,23
10390,18
10391,10
10392,21
10392,271
10392,29
10392,11
10392,35
10393,22
10393,12
10393,16
10394,20
10394,9
10395,15
10395,22
10395,23
10395,17
10396,523
10396,19
10396,25
10396,8
10397,17
10397,23
10397,22
10398,34
10398,8
10398,7
10398,35
10399,21
10399,27
10399,16
10400,27
10400,19
10400,36
10400,22
10401,36
10401,27
10401,34
10401,29
10401,8
10402,17
10403,33
10403,11
10403,32
10404,11
10404,23
10404,30
10404,17
10404,34
10405,30
10405,19
10405,34
10405,37
10406,16
10407,16
10407,38
10407,37
10407,8
10407,27
10408,12
10409,33
10409,31
10409,8
10409,17
10409,38
10410,35
10410,13
10410,10
10410,24
10411,30
10411,38
10411,23
10411,31
10411,751
10412,12
10412,15
10412,9
10413,36
10413,31
10413,24
10413,26
10414,38
10414,28
10415,33
10415,27
10416,8
10416,9
10416,31
10416,36
10417,34
10417,11
10417,8
10418,28
10419,29
10419,11
10420,13
10420,23
10420,29
10421,27
10421,28
10421,37
10421,34
10421,24
10422,16
10422,14
10422,10
10423,11
10423,20
10423,23
10424,7
10424,22
10424,16
10424,35
10425,25
10425,31
10426,26
10426,22
10426,23
10427,9
10427,30
10427,29
10427,11
10428,28
10428,38
10429,30
10430,18
10431,24
10431,21
10431,31
10432,27
10433,20
10433,34
10433,32
10434,35
10434,37
10435,37
10436,15
10436,37
10437,14
10438,32
10438,30
10438,26
10439,32
10439,16
10439,29
10440,15
10441,24
10441,12
10442,12
10442,32
10443,16
10443,22
10443,21
10443,8
10443,34
10444,16
10444,10
10445,25
10445,17
10445,16
10445,10
10446,18
10446,19
10446,31
10446,16
10447,17
10447,9
10447,11
10447,35
10447,24
10448,25
10448,33
10448,19
10448,20
10449,15
10449,26
10450,30
10450,35
10451,18
10451,29
10452,23
10453,17
10453,36
10453,31
10453,22
10453,10
10454,34
10455,12
10455,21
10456,10
10456,9
10456,28
10456,34
10456,18
10457,32
10457,14
10457,23
10458,8
10458,23
10458,20
10458,14
10459,19
10459,7
10459,18
10459,32
10459,17
10460,15
10461,38
10462,19
10463,13
10463,22
10463,16
10463,14
10464,26
10464,24
10464,21
10465,16
10465,38
10465,33
10465,13
10466,38
10466,26
10466,16
10466,34
10466,9
10467,8
10467,38
10468,36
10469,17
10470,22
10470,17
10471,14
10472,12
10473,21
10473,12
10473,27
10473,30
10474,36
10474,15
10475,8
10476,17
10476,20
10476,33
10476,25
10477,15
10478,32
10478,33
10478,23
10478,30
10479,30
10480,23
10480,32
10480,20
10481,34
10481,24
10482,25
10482,35
10483,37
10483,10
10484,34
10484,21
10484,29
10484,28
10485,27
10486,22
10487,7
10487,30
10487,23
10487,17
10487,35
10488,9
10488,21
10488,18
10489,37
10489,24
10489,11
10489,18
10490,21
10490,24
10490,37
10490,28
10490,25
10491,8
10491,29
10492,33
10493,22
10493,18
10493,8
10493,38
10494,24
10494,16
10494,37
10494,21
10495,21
10495,18
10495,36
10496,27
10496,12
10496,29
10496,20
10496,495
10497,36
10497,38
10497,30
10497,32
10498,31
10498,23
10498,16
10499,29
10499,16
10500,13
10500,30
10501,17
10501,19
10501,8
10502,10
10502,9
10502,25
10502,21
10502,18
10503,25
10504,30
10504,24
10504,23
10504,26
10505,9
10505,15
10505,30
10505,38
10506,14
10506,15
10507,17
10508,9
10508,19
10508,8
10508,31
10508,30
10509,13
10509,9
10510,34
10510,19
10510,29
10510,37
10511,35
10511,14
10512,20
10512,34
10513,11
10513,10
10513,7
10514,9
10514,33
10514,36
10514,25
10515,29
10515,18
10516,35
10516,30
10516,12
10516,17
10517,25
10517,38
10517,24
10518,24
10518,11
10518,20
10518,30
10519,33
10519,17
10520,17
10520,34
10520,26
10521,13
10521,36
10521,8
10521,33
10521,31
10522,7
10522,33
10523,38
10523,10
10523,24
10524,23
10525,26
10525,11
10525,32
10525,25
10525,36
10526,34
10526,26
10526,20
10526,19
10527,26
10527,16
10527,28
10527,24
10528,112
10529,13
10530,22
10531,17
10531,12
10531,7
10531,27
10532,10
10533,13
10533,7
10534,17
10534,38
10535,16
10535,27
10535,22
10535,34
10536,29
10536,25
10537,38
10537,27
10537,36
10538,28
10538,34
10538,18
10539,33
10539,25
10539,9
10539,8
10540,21
10540,13
10540,27
10540,31
10541,18
10541,26
10541,19
10542,18
10542,13
10543,19
10543,9
10543,10
10544,9
10544,15
10544,18
10545,37
10545,24
10546,17
10546,18
10546,32
10546,9
10546,13
10547,33
10548,10
10548,14
10548,31
10549,30
10549,7
10550,20
10550,31
10550,29
10550,33
10550,28
10551,30
10551,29
10551,28
10551,9
10552,22
10552,25
10553,34
10553,12
10553,11
10554,9
10554,12
10554,31
10554,25
10555,26
10555,8
10555,33
10556,22
10556,32
10557,19
10557,35
10557,23
10557,24
10558,18
10558,29
10558,26
10558,17
10559,7
10559,15
10559,13
10560,27
10561,20
10561,26
10561,12
10561,9
10561,30
10562,12
10562,21
10562,23
10563,22
10563,18
10563,35
10564,38
10565,19
10566,12
10566,23
10567,10
10568,23
10569,26
10569,34
10569,7
10570,7
10570,38
10571,7
10571,34
10571,20
10572,36
10572,32
10573,17
10573,20
10573,27
10573,11
10574,14
10575,27
10575,32
10575,929
10575,17
10575,28
10576,19
10576,29
10576,16
10577,37
10577,20
10577,11
10578,10
10579,7
10580,23
10581,36
10582,22
10582,7
10582,14
10582,27
10583,11
10583,31
10584,30
10584,15
10584,25
10584,38
10584,659
10585,30
10586,36
10586,7
10586,16
10586,37
10587,35
10587,9
10588,10
10588,11
10588,25
10589,9
10590,10
10591,18
10592,34
10592,18
10592,17
10592,10
10592,38
10593,15
10593,18
10594,29
10594,16
10594,19
10594,9
10595,15
10595,9
10595,14
10596,11
10596,25
10596,8
10597,32
10598,33
10599,35
10599,34
10599,30
10599,17
10600,29
10600,27
10600,34
10601,25
10601,9
10601,10
10602,20
10603,33
10604,9
10605,26
10605,36
10605,31
10605,14
10605,18
10606,24
10606,11
10607,12
10607,26
10607,32
10608,17
10608,25
10609,26
10609,15
10609,12
10609,31
10610,19
10610,11
10611,19
10611,16
10611,36
10612,35
10613,23
10613,31
10613,38
10613,20
10614,13
10614,17
10615,35
10616,27
10616,38
10617,23
10617,36
10617,14
10618,9
10618,25
10618,26
10618,12
10619,22
10619,31
10619,36
10619,32
10620,18
10620,21
10621,19
10621,31
10622,35
10622,23
10622,8
10622,27
10623,24
10623,13
10624,16
10625,24
10625,501
10625,14
10626,19
10626,26
10627,31
10627,10
10627,14
10627,28
10628,835
10628,35
10629,18
10629,29
10629,35
10630,37
10630,35
10631,11
10631,33
10631,38
10631,10
10632,35
10632,25
10632,38
10632,24
10633,31
10634,21
10634,18
10635,37
10635,30
10635,33
10635,34
10636,16
10637,30
10637,8
10637,16
10637,26
10637,36
10638,7
10638,9
10638,27
10639,8
10639,26
10639,15
10639,38
10640,37
10641,24
10641,11
10641,9
10641,15
10641,18
10642,36
10642,12
10642,22
10643,9
10643,26
10643,29
10644,11
10645,26
10645,24
10646,20
10646,32
10646,36
10647,37
10648,14
10648,12
10648,16
10648,38
10649,32
10649,22
10649,26
10649,13
10649,15
10650,11
10650,7
10650,22
10651,8
10652,35
10652,28
10652,32
10652,20
10653,31
10653,9
10653,38
10653,37
10653,36
10654,23
10654,30
10654,17
10654,20
10654,35
10655,8
10655,34
10655,21
10656,11
10656,12
10657,16
10657,27
10657,28
10657,13
10657,355
10658,25
10658,32
10658,34
10658,29
10659,26
10660,15
10660,19
10660,9
10661,25
10661,839
10661,32
10661,20
10661,37
10662,17
10662,36
10663,35
10664,22
10664,19
10664,14
10664,26
10664,16
10665,26
10665,9
10666,16
10666,17
10666,9
10667,21
10667,31
10667,29
10667,27
10667,7
10668,16
10668,17
10668,23
10668,32
10668,29
10669,13
10669,24
10669,23
10669,26
10670,12
10670,17
10670,16
10670,21
10670,38
10671,35
10671,17
10672,10
10673,16
10673,22
10674,32
10675,37
10675,36
10675,20
10676,20
10676,27
10676,30
10676,13
10677,13
10678,30
10679,15
10679,38
10679,21
10679,34
10679,8
10680,30
10680,7
10680,25
10680,26
10681,9
10681,22
10681,20
10682,21
10682,26
10683,22
10683,38
10683,30
10683,32
10684,34
10685,22
10685,14
10685,7
10686,26
10686,24
10686,16
10687,35
10687,37
10687,22
10687,9
10688,13
10688,23
10688,16
10688,38
10688,19
10689,16
10689,14
10689,27
10689,35
10689,10
10690,36
10690,15
10690,168
10690,33
10690,12
10691,15
10691,31
10691,30
10691,18
10692,37
10692,35
10692,9
10693,7
10694,24
10694,13
10694,11
10694,20
10695,34
10695,9
10695,37
10696,28
10697,35
10697,30
10697,15
10697,37
10698,19
10699,9
10699,15
10699,13
10699,20
10700,38
10700,21
10700,15
10700,12
10700,22
10701,27
10702,25
10702,11
10702,27
10702,16
10703,14
10704,34
10704,28
10704,30
10705,18
10705,33
10705,35
10706,37
10706,23
10706,8
10707,24
10707,37
10707,36
10708,13
10708,29
10708,27
10708,9
10709,32
10709,34
10710,34
10710,29
10710,12
10710,35
10711,34
10711,23
10712,16
10712,13
10712,29
10713,17
10713,19
10714,9
10714,14
10714,342
10715,35
10715,34
10716,10
10716,17
10717,30
10718,31
10718,34
10718,15
10719,30
10719,26
10720,32
10720,35
10720,12
10720,27
10720,30
10721,21
10722,14
10722,33
10722,23
10723,22
10724,25
10724,15
10725,30
10725,34
10725,24
10725,27
10726,10
10726,8
10726,23
10727,32
10727,8
10727,11
10727,21
10728,24
10728,38
10728,33
10728,7
10729,37
10729,24
10729,25
10729,36
10729,29
10730,34
10730,13
10731,35
10732,22
10732,10
10732,25
10732,16
10732,37
10733,23
10733,38
10733,12
10733,36
10733,26
10734,38
10734,14
10734,13
10734,7
10735,38
10736,34
10736,36
10736,24
10736,17
10737,29
10737,22
10738,8
10738,9
10739,15
10739,12
10739,30
10739,20
10740,13
10740,36
10740,37
10740,25
10740,28
10741,38
10741,37
10741,12
10741,35
10741,18
10742,34
10743,29
10743,18
10743,13
10743,22
10743,27
10744,15
10744,8
10744,14
10744,27
10745,30
10745,35
10745,9
10745,14
10745,32
10746,903
10746,9
10746,17
10746,26
10747,7
10747,12
10747,36
10747,38
10748,9
10748,10
10748,37
10748,29
10748,35
10749,37
10749,28
10750,8
10750,27
10751,15
10751,834
10751,14
10751,19
10752,13
10752,22
10752,38
10753,26
10753,14
10753,35
10753,27
10754,27
10754,16
10754,13
10754,33
10754,22
10755,7
10755,34
10756,15
10756,34
10756,37
10756,29
10757,9
10757,231
10757,8
10758,11
10759,32
10759,29
10759,27
10759,21
10760,10
10760,13
10760,35
10760,16
10760,14
10761,22
10762,22
10762,32
10763,17
10763,28
10763,36
10764,24
10765,9
10766,8
10766,15
10766,19
10766,28
10767,36
10767,8
10767,15
10768,10
10768,30
10768,25
10769,13
10769,20
10769,9
10770,30
10770,13
10771,14
10771,9
10771,20
10772,21
10772,20
10773,28
10773,15
10773,24
10773,8
10774,9
10774,21
10774,12
10774,20
10775,28
10776,28
10776,17
10776,33
10777,12
10777,11
10777,25
10777,13
10778,13
10778,18
10778,30
10778,9
10779,21
10780,8
10780,36
10781,28
10781,8
10781,18
10782,35
10783,28
10783,23
10783,24
10784,13
10784,23
10784,33
10785,28
10785,13
10785,7
10785,9
10786,28
10786,7
10786,23
10786,15
10787,23
10787,14
10788,38
10788,24
10788,15
10788,37
10788,29
10789,21
10789,8
10790,26
10790,35
10790,31
10791,32
10791,22
10791,18
10791,14
10792,32
10792,30
10792,24
10792,10
10793,11
10793,12
10793,18
10793,35
10793,33
10794,8
10794,25
10794,14
10794,33
10795,14
10795,16
10796,28
10797,14
10797,18
10797,26
10797,11
10797,23
10798,11
10799,15
10800,29
10801,31
10802,33
10802,15
10802,27
10803,23
10803,8
10803,15
10804,10
10805,19
10806,10
10807,34
10807,19
10807,37
10807,25
10808,29
10808,20
10808,35
10809,34
10810,25
10810,23
10811,21
10811,33
10812,14
10812,36
10812,29
10813,13
10813,18
10814,11
10814,18
10814,33
10814,8
10815,14
10815,10
10816,18
10816,35
10816,24
10816,36
10816,13
10817,10
10818,12
10818,29
10819,15
10820,14
10820,29
10820,20
10820,30
10821,8
10821,9
10821,38
10822,24
10822,10
10822,31
10823,33
10823,25
10823,9
10823,19
10824,30
10824,19
10825,25
10825,8
10825,28
10825,31
10826,36
10826,22
10826,17
10826,11
10826,12
10827,24
10827,7
10827,33
10827,38
10828,26
10828,29
10828,33
10828,17
10828,30
10829,35
10829,16
10829,25
10829,21
10830,18
10831,16
10831,35
10831,7
10832,24
10833,33
10833,9
10834,19
10834,28
10834,29
10835,23
10835,26
10835,7
10835,27
10836,32
10837,13
10837,28
10837,35
10837,31
10838,8
10839,32
10839,37
10839,20
10840,9
10841,16
10841,38
10841,20
10842,28
10842,7
10842,37
10842,13
10843,24
10843,19
10844,19
10845,23
10845,31
10845,36
10845,33
10846,10
10846,35
10846,19
10846,13
10847,16
10847,17
10847,26
10848,30
10848,18
10848,38
10849,14
10849,25
10849,9
10850,14
10850,8
10851,17
10851,14
10851,16
10851,29
10851,33
10852,34
10852,32
10852,19
10852,8
10853,38
10853,35
10853,26
10853,30
10853,19
10854,37
10854,38
10854,29
10854,34
10855,26
10855,24
10856,10
10856,26
10856,32
10856,15
10856,17
10857,11
10857,34
10858,12
10858,16
10858,14
10858,15
10859,32
10859,17
10859,21
10860,11
10860,24
10860,9
10861,16
10861,37
10861,11
10862,31
10863,19
10863,228
10863,23
10864,27
10864,37
10864,33
10865,9
10865,30
10865,28
10866,29
10866,37
10866,12
10867,12
10867,18
10867,9
10867,26
10868,29
10868,25
10868,15
10868,13
10869,24
10869,7
10870,8
10870,26
10870,24
10871,14
10871,11
10871,9
10872,31
10872,29
10872,12
10872,28
10873,29
10873,19
10873,24
10874,16
10874,25
10874,19
10874,36
10875,34
10875,19
10875,12
10876,11
10876,9
10877,23
10877,34
10878,29
10878,26
10878,19
10879,15
10879,18
10880,16
10880,28
10880,12
10880,8
10881,17
10881,35
10881,23
10882,33
10883,27
10883,15
10884,13
10884,16
10884,37
10884,8
10885,15
10885,20
10886,9
10886,28
10886,26
10886,38
10887,34
10887,20
10887,8
10887,24
10888,37
10888,27
10889,34
10889,8
10889,18
10889,35
10889,21
10890,25
10890,21
10890,26
10891,35
10891,34
10891,22
10891,19
10892,12
10893,7
10893,10
10893,11
10893,32
10894,25
10895,32
10896,31
10896,22
10896,13
10896,34
10896,16
10897,15
10898,15
10898,38
10899,38
10899,20
10899,23
10900,32
10900,21
10900,31
10900,27
10901,20
10901,28
10901,14
10902,18
10903,37
10903,25
10903,27
10904,17
10904,23
10904,30
10904,31
10904,21
10905,8
10905,18
10905,31
10905,7
10905,33
10906,21
10906,34
10907,16
10907,29
10908,8
10908,29
10909,8
10910,8
10911,30
10911,23
10912,25
10913,738
10913,16
10913,32
10914,7
10914,15
10914,33
10914,30
10914,37
10915,37
10916,7
10916,11
10916,33
10916,26
10917,31
10918,23
10918,12
10918,8
10919,25
10919,15
10919,26
10920,31
10920,11
10920,17
10920,16
10920,22
10921,30
10921,9
10922,36
10922,34
10922,24
10923,38
10924,31
10924,10
10924,9
10925,20
10926,35
10927,33
10927,15
10927,27
10928,34
10928,35
10928,29
10929,18
10929,10
10929,14
10929,26
10930,16
10930,19
10930,17
10930,25
10930,37
10931,35
10931,18
10931,28
10931,16
10932,22
10932,23
10932,35
10932,34
10932,19
10933,31
10933,18
10933,7
10934,21
10934,25
10934,14
10934,32
10935,25
10935,27
10935,38
10935,37
10935,28
10936,31
10936,17
10936,11
10936,15
10937,31
10937,21
10937,13
10937,8
10937,10
10938,20
10938,37
10938,29
10939,16
10939,10
10940,12
10941,30
10941,21
10942,11
10942,13
10943,27
10943,16
10944,24
10945,23
10945,30
10945,32
10946,17
10946,34
10946,32
10946,23
10946,12
10947,24
10947,7
10947,31
10947,9
10948,13
10948,33
10948,7
10949,12
10949,22
10950,26
10950,36
10950,884
10951,23
10951,22
10951,16
10951,30
10951,13
10952,30
10952,18
10952,32
10952,7
10952,25
10953,11
10953,14
10954,19
10955,31
10955,11
10956,35
10956,21
10956,19
10957,20
10957,21
10957,33
10957,34
10957,32
10958,24
10959,11
10959,19
10959,33
10959,28
10959,20
10960,27
10960,20
10960,12
10960,24
10961,8
10962,34
10962,33
10962,36
10962,16
10963,29
10964,26
10964,15
10964,38
10964,37
10965,7
10965,20
10965,15
10966,34
10966,8
10967,35
10967,37
10967,24
10967,9
10968,36
10969,33
10969,538
10969,26
10970,21
10971,32
10971,20
10971,25
10972,7
10972,18
10972,12
10972,13
10973,445
10974,13
10974,8
10974,22
10975,33
10975,26
10976,34
10976,29
10976,13
10976,8
10976,32
10977,33
10977,16
10978,24
10978,38
10978,16
10978,18
10978,30
10979,26
10979,31
10980,21
10980,34
10980,8
10980,36
10980,13
10981,13
10981,25
10982,32
10982,30
10982,19
10982,16
10982,14
10983,22
10983,21
10984,17
10985,14
10985,27
10985,19
10986,24
10987,14
10987,38
10987,27
10988,31
10989,22
10989,16
10989,36
10989,27
10990,8
10991,8
10991,32
10991,23
10992,33
10992,14
10992,32
10993,9
10993,29
10993,19
10994,9
10994,38
10994,20
10994,24
10995,9
10995,25
10995,27
10995,17
10996,37
10996,33
10996,16
10996,25
10997,33
10997,38
10997,11
10997,9
10997,12
10998,36
10999,16
10999,30
10999,27
10999,25
10999,33
11000,17
11000,20
11000,19
11000,37
11001,18
11001,35
11002,12
11002,31
11002,21
11003,28
11003,7
11003,25
11003,36
11004,23
11005,11
11005,24
11006,8
11006,19
11007,14
11007,30
11008,35
11008,18
11008,21
11009,37
11009,28
11009,25
11010,21
11010,9
11010,7
11010,33
11011,16
11011,38
11012,23
11012,20
11012,22
11013,16
11013,38
11013,7
11013,18
11014,14
11014,22
11014,11
11014,23
11014,25
11015,20
11015,8
11015,28
11015,24
11016,28
11016,38
11016,25
11016,32
11017,24
11017,31
11017,23
11018,38
11018,23
11018,37
11019,9
11019,35
11019,37
11019,11
11019,19
11020,15
11020,249
11021,25
11021,21
11021,16
11021,26
11022,17
11023,20
11023,29
11024,36
11025,16
11026,22
11027,13
11028,36
11029,14
11030,21
11030,11
11030,33
11030,26
11031,27
11031,13
11032,27
11032,34
11032,14
11032,26
11033,11
11034,31
11034,36
11034,18
11035,19
11036,13
11037,17
11037,16
11038,7
11038,32
11038,10
11038,20
11039,16
11039,37
11039,33
11040,31
11040,34
11041,35
11041,31
11041,23
11041,33
11042,22
11042,24
11043,26
11043,12
11043,29
11044,17
11045,32
11045,36
11045,33
11046,35
11046,28
11046,10
11046,30
11047,8
11047,24
11047,14
11047,17
11048,19
11048,22
11048,8
11048,38
11048,33
11049,9
11049,20
11049,34
11049,37
11049,11
11050,26
11051,34
11051,27
11051,12
11052,36
11052,34
11052,11
11052,17
11052,27
11053,35
11053,31
11053,38
11053,34
11054,12
11054,15
11054,21
11054,11
11055,15
11056,17
11056,14
11057,27
11057,26
11057,14
11057,127
11057,37
11058,17
11059,30
11059,29
11059,10
11059,11
11060,10
11061,20
11061,35
11062,27
11063,32
11064,21
11064,18
11065,21
11065,27
11065,7
11065,29
11066,770
11066,36
11066,22
11066,31
11067,31
11068,28
11069,16
11069,21
11069,9
11070,13
11070,28
11070,30
11071,18
11072,18
11072,21
11072,22
11073,17
11073,16
11073,31
11073,26
11073,15
11074,23
11074,11
11074,8
11074,9
11075,24
11075,16
11075,32
11076,21
11076,31
11076,27
11076,11
11076,37
11077,36
11077,13
11078,23
11078,7
11078,28
11078,32
11078,25
11079,35
11079,31
11079,16
11079,17
11080,24
11080,12
11081,35
11081,17
11081,19
11081,21
11082,11
11082,10
11083,38
11083,24
11084,20
11085,22
11085,29
11085,25
11085,8
11086,18
11086,38
11087,24
11087,34
11087,33
11087,11
11088,32
11088,24
11089,33
11089,36
11089,19
11089,23
11089,34
11090,26
11090,35
11091,21
11091,25
11091,14
11091,9
11092,28
11092,7
11093,14
11093,35
11093,10
11094,32
11095,29
11095,37
11095,8
11095,30
11096,30
11096,8
11096,11
11097,19
11097,11
11097,8
11098,17
11099,32
11099,26
11099,10
11100,16
11100,27
11101,18
11101,34
11102,36
11102,18
11103,15
11104,24
11104,18
11104,22
11105,9
11105,37
11105,34
11105,30
11106,13
11106,33
11106,36
11107,28
11107,25
11107,14
11107,16
11108,31
11108,8
11109,37
11109,7
11109,38
11110,36
11110,12
11110,15
11110,30
11110,22
11111,15
11111,10
11111,22
11112,12
11112,32
11112,30
11113,38
11113,30
11113,17
11114,16
11114,29
11114,34
11114,30
11114,32
11115,30
11115,10
11115,26
11116,20
11116,10
11116,35
11116,17
11117,35
11117,34
11117,12
11118,25
11118,19
11118,28
11118,9
11118,27
11119,16
11119,36
11119,10
11119,29
11120,30
11120,9
11120,29
11120,23
11121,32
11121,22
11121,21
11121,13
11121,16
11122,10
11123,25
11123,17
11123,16
11123,269
11123,33
11124,11
11124,19
11124,35
11124,36
11124,20
11125,12
11125,11
11125,9
11126,11
11127,16
11127,21
11127,36
11128,21
11128,9
11128,32
11128,24
11128,19
11129,13
11129,8
11130,16
11131,13
11131,33
11131,24
11131,36
11132,11
11132,27
11132,9
11133,22
11133,15
11133,13
11133,12
11133,10
11134,26
11134,11
11135,7
11135,18
11135,9
11135,19
11135,28
11136,35
11136,28
11137,28
11137,11
11138,571
11138,10
11138,33
11138,18
11139,13
11139,17
11140,9
11140,38
11140,34
11141,10
11141,31
11141,32
11141,27
11142,38
11142,11
11142,35
11143,35
11144,12
11144,26
11144,27
11144,18
11145,23
11145,24
11145,28
11145,17
11145,22
11146,9
11146,32
11146,35
11146,10
11147,29
11147,13
11148,25
11148,21
11148,34
11149,23
11150,7
11150,36
11150,16
11150,28
11151,24
11151,29
11151,21
11151,32
11151,27
11152,32
11152,33
11152,31
11152,26
11153,14
11153,18
11153,8
11153,29
11153,27
11154,7
11154,37
11154,13
11154,19
11155,25
11155,34
11155,10
11156,29
11156,32
11156,26
11156,27
11157,17
11157,10
11157,20
11158,7
11158,32
11158,16
11159,22
11159,11
11159,34
11159,10
11160,18
11160,26
11160,31
11161,24
11161,27
11161,10
11161,18
11162,11
11163,22
11163,25
11163,7
11163,34
11163,17
11164,19
11165,29
11166,19
11166,9
11167,8
11167,14
11167,19
11167,18
11168,24
11168,18
11168,19
11168,35
11169,7
11169,30
11169,27
11170,37
11170,26
11170,19
11170,22
11171,14
11172,13
11172,14
11172,28
11173,22
11173,29
11173,31
11174,35
11175,9
11175,24
11175,27
11175,32
11176,37
11176,10
11176,32
11176,19
11177,25
11177,14
11177,38
11178,24
11179,26
11179,11
11180,16
11180,20
11180,12
11180,13
11181,32
11182,9
11182,11
11183,37
11183,27
11183,25
11183,21
11184,20
11184,38
11185,20
11185,28
11186,33
11186,9
11186,35
11186,19
11186,34
11187,35
11187,38
11187,19
11188,19
11188,16
11189,8
11189,26
11189,14
11190,37
11191,36
11191,20
11192,21
11192,33
11192,30
11193,17
11193,20
11193,24
11193,32
11193,10
11194,23
11194,19
11194,31
11194,10
11194,18
11195,24
11195,29
11195,31
11195,27
11196,31
11196,753
11196,30
11196,28
11197,16
11197,31
11197,12
11197,23
11198,13
11198,26
11199,15
11199,23
11199,32
11199,9
11200,24
11201,9
11201,20
11201,27
11201,17
11202,28
11202,35
11202,37
11202,24
11203,34
11203,15
11203,12
11204,10
11204,31
11204,37
11204,30
11205,27
11205,17
11205,11
11205,14
11206,11
11206,26
11206,20
11207,22
11207,30
11207,17
11207,34
11207,9
11208,28
11208,9
11208,13
11209,12
11209,11
11209,9
11209,23
11209,16
11210,12
11210,31
11210,17
11210,9
11211,20
11211,23
11212,24
11212,27
11213,36
11213,14
11214,28
11215,33
11215,13
11215,8
11215,9
11215,38
11216,30
11216,29
11216,31
11216,8
11216,17
11217,36
11217,24
11217,27
11217,12
11217,13
11218,31
11218,17
11218,13
11219,8
11219,11
11220,31
11220,27
11220,37
11221,35
11221,13
11222,21
11222,38
11222,37
11222,31
11223,12
11224,21
11224,13
11225,16
11225,21
11226,29
11227,36
11227,27
11227,34
11227,26
11228,9
11228,36
11229,8
11230,33
11230,34
11230,19
11230,21
11231,24
11231,13
11232,8
11233,20
11233,7
11233,26
11234,9
11234,36
11235,17
11235,26
11235,9
11236,32
11236,7
11236,27
11236,24
11236,28
11237,29
11237,21
11237,15
11238,32
11238,21
11238,38
11239,18
11239,17
11240,8
11241,15
11241,33
11241,9
11241,28
11242,23
11242,27
11243,13
11244,8
11244,33
11244,23
11245,31
11245,24
11246,31
11246,12
11246,18
11247,14
11247,19
11247,11
11247,10
11247,29
11248,38
11249,32
11249,10
11249,33
11249,14
11250,23
11250,24
11251,23
11251,10
11251,12
11251,25
11252,26
11252,20
11252,10
11252,25
11253,38
11253,10
11253,19
11253,8
11254,32
11255,16
11255,22
11256,26
11256,22
11256,18
11257,12
11257,24
11257,29
11258,27
11258,24
11258,35
11258,8
11259,18
11260,9
11260,27
11260,13
11260,28
11261,7
11261,37
11262,36
11262,15
11262,21
11263,15
11264,9
11264,33
11265,11
11265,12
11265,35
11265,32
11265,13
11266,24
11266,15
11267,22
11267,8
11267,36
11268,18
11268,21
11269,7
11269,24
11270,33
11270,28
11270,38
11271,38
11271,34
11272,11
11272,28
11273,23
11274,19
11275,38
11275,35
11276,22
11276,21
11276,32
11276,27
11276,24
11277,13
11277,26
11277,24
11278,21
11278,10
11279,11
11279,33
11279,10
11279,12
11280,20
11280,10
11281,34
11282,13
11282,9
11282,27
11283,20
11283,18
11283,38
11284,18
11284,17
11284,36
11284,11
11284,10
11285,26
11285,14
11286,32
11286,25
11286,22
11286,12
11287,21
11288,8
11289,29
11289,15
11289,12
11289,37
11290,34
11290,13
11290,23
11291,30
11291,37
11291,14
11291,36
11292,21
11292,27
11293,26
11293,24
11293,25
11293,20
11294,35
11294,12
11294,9
11294,25
11295,36
11295,27
11295,29
11295,23
11296,35
11296,18
11297,33
11298,26
11298,17
11298,24
11298,15
11299,25
11299,11
11300,24
11300,30
11300,7
11301,16
11301,18
11302,21
11302,34
11302,19
11302,35
11303,13
11303,24
11303,32
11304,37
11305,16
11306,31
11306,13
11306,12
11306,34
11306,38
11307,29
11307,13
11308,37
11308,8
11308,17
11308,14
11308,23
11309,33
11309,13
11309,27
11309,36
11309,30
11310,13
11310,32
11310,31
11310,9
11310,24
11311,15
11311,23
11311,34
11311,14
11312,8
11312,32
11312,11
11312,33
11313,19
11313,7
11313,10
11313,31
11313,16
11314,17
11314,29
11314,20
11315,13
11315,24
11315,27
11315,21
11315,30
11316,36
11317,16
11317,27
11318,22
11318,16
11318,35
11319,8
11319,26
11319,14
11320,36
11320,26
11320,15
11320,24
11320,25
11321,22
11321,10
11322,20
11322,36
11322,31
11322,24
11322,34
11323,29
11323,14
11324,26
11324,35
11325,12
11325,30
11325,23
11325,36
11326,25
11326,8
11326,21
11326,32
11326,7
11327,31
11327,32
11327,15
11327,9
11328,21
11329,37
11330,33
11330,16
11330,13
11330,29
11330,34
11331,24
11331,35
11332,15
11332,26
11332,34
11332,14
11332,16
11333,37
11333,10
11333,19
11333,7
11334,22
11334,28
11334,35
11334,23
11334,11
11335,30
11335,10
11336,24
11336,23
11336,11
11336,21
11337,9
11337,18
11337,14
11338,35
11338,14
11338,11
11338,17
11338,18
11339,36
11339,34
11339,17
11339,22
11340,33
11340,27
11340,21
11341,36
11341,37
11341,10
11341,22
11342,12
11342,35
11343,29
11343,8
11344,24
11344,14
11345,12
11345,14
11346,34
11346,21
11346,24
11346,29
11346,19
11347,12
11347,38
11347,22
11348,26
11349,16
11349,38
11349,36
11349,31
11350,27
11350,35
11351,7
11351,32
11351,28
11351,29
11352,31
11352,32
11352,11
11352,34
11352,37
11353,11
11353,23
11353,12
11354,33
11354,21
11355,29
11355,21
11355,23
11355,35
11356,37
11356,15
11356,33
11357,35
11357,132
11357,13
11357,10
11357,15
11358,38
11358,15
11359,28
11359,34
11360,16
11360,27
11360,22
11361,12
11361,20
11362,34
11362,23
11363,20
11363,30
11363,36
11363,14
11363,15
11364,12
11364,21
11364,20
11364,10
11364,30
11365,14
11365,38
11366,38
11366,26
11366,29
11366,10
11367,9
11368,11
11369,33
11370,26
11370,10
11370,13
11371,38
11371,15
11371,19
11371,32
11371,30
11372,25
11372,13
11372,14
11373,24
11373,22
11373,38
11373,9
11374,35
11374,10
11374,17
11375,31
11375,23
11375,30
11375,16
11376,18
11376,30
11376,11
11377,34
11377,27
11378,34
11378,35
11378,32
11379,36
11379,38
11379,15
11380,16
11380,15
11380,8
11381,36
11382,24
11382,8
11382,21
11382,15
11382,33
11383,24
11383,22
11383,15
11383,12
11384,14
11384,10
11385,38
11385,31
11385,22
11386,31
11386,27
11386,33
11386,38
11387,12
11387,10
11387,29
11388,16
11388,33
11388,12
11389,7
11389,12
11390,37
11390,7
11390,36
11390,25
11391,8
11392,9
11392,13
11393,10
11393,30
11394,26
11394,11
11395,34
11396,25
11396,34
11396,23
11397,12
11398,23
11399,7
11399,10
11399,16
11400,28
11400,37
11400,15
11400,11
11400,9
11401,23
11402,31
11402,24
11402,15
11402,35
11402,19
11403,15
11404,12
11404,36
11405,30
11405,21
11405,18
11405,16
11406,27
11406,14
11406,13
11407,9
11407,806
11407,35
11408,33
11408,27
11408,592
11408,38
11409,37
11410,26
11410,25
11411,28
11411,24
11412,35
11413,10
11413,16
11413,32
11414,11
11414,10
11414,26
11414,36
11415,38
11416,9
11416,7
11416,19
11416,14
11416,13
11417,10
11417,16
11417,12
11417,26
11418,22
11418,8
11418,34
11419,36
11420,21
11420,29
11420,11
11420,28
11420,16
11421,10
11421,35
11421,36
11422,10
11422,26
11422,35
11422,21
11423,16
11423,12
11424,23
11425,30
11425,617
11425,31
11425,25
11425,22
11426,23
11426,20
11427,11
11427,34
11428,28
11428,13
11429,15
11429,9
11430,21
11430,13
11431,33
11431,25
11431,23
11432,18
11432,13
11432,36
11433,37
11433,14
11433,16
11433,30
11433,33
11434,10
11434,21
11434,15
11435,16
11435,22
11436,37
11436,14
11436,9
11437,19
11437,26
11437,20
11437,31
11437,25
11438,18
11438,30
11439,19
11439,12
11440,8
11440,32
11441,38
11441,26
11441,9
11442,24
11443,11
11443,35
11444,17
11444,11
11444,24
11444,22
11444,10
11445,10
11446,14
11447,11
11448,31
11448,11
11448,35
11448,10
11449,32
11449,23
11450,11
11450,17
11450,30
11450,8
11451,28
11451,10
11451,9
11452,14
11453,17
11453,14
11453,19
11454,9
11454,37
11454,34
11454,12
11455,21
11455,18
11456,10
11457,33
11457,17
11457,25
11458,18
11458,16
11458,9
11459,17
11459,31
11459,33
11459,22
11460,7
11460,12
11461,30
11461,33
11462,38
11462,7
11462,36
11463,26
11463,38
11463,33
11464,29
11464,7
11465,31
11466,31
11466,22
11466,17
11466,9
11466,29
11467,21
11468,37
11468,13
11469,17
11469,13
11470,28
11470,15
11470,23
11470,11
11470,7
11471,25
11471,26
11472,17
11472,25
11472,27
11473,19
11473,27
11474,8
11474,23
11474,10
11475,26
11475,18
11475,9
11475,35
11475,13
11476,36
11477,11
11477,34
11477,22
11477,21
11478,15
11479,18
11479,8
11479,7
11479,21
11479,30
11480,8
11480,31
11480,13
11481,26
11481,28
11481,34
11482,20
11483,25
11484,15
11484,34
11484,9
11484,27
11485,24
11485,7
11486,30
11487,29
11487,38
11487,24
11487,10
11488,26
11488,32
11489,30
11489,7
11489,9
11490,20
11490,21
11491,27
11492,38
11492,32
11492,12
11493,26
11493,25
11494,16
11495,31
11495,8
11495,37
11495,28
11496,7
11496,37
11496,14
11496,11
11497,34
11497,7
11497,12
11498,11
11498,8
11498,35
11498,13
11499,18
11500,13
11500,20
11501,33
11501,37
11502,31
11502,7
11502,26
11502,9
11503,11
11503,7
11504,27
11504,28
11504,23
11505,8
11505,20
11506,32
11506,17
11506,21
11506,35
11506,16
11507,11
11507,27
11507,7
11507,29
11508,8
11508,26
11508,18
11509,23
11509,7
11510,12
11510,26
11510,7
11510,13
11510,21
11511,37
11511,27
11511,10
11512,33
11512,30
11512,24
11513,9
11513,11
11513,20
11514,36
11514,28
11514,35
11514,29
11515,35
11516,38
11516,37
11516,19
11516,12
11516,24
11517,7
11517,26
11518,26
11518,7
11519,10
11519,25
11520,20
11520,12
11520,10
11520,31
11521,22
11521,28
11522,34
11523,26
11524,35
11525,23
11526,30
11526,10
11527,17
11527,9
11527,38
11527,24
11528,18
11528,22
11528,10
11529,29
11529,38
11529,7
11529,35
11530,23
11530,16
11531,25
11531,8
11531,32
11531,30
11531,20
11532,32
11533,29
11533,30
11533,21
11533,24
11533,18
11534,11
11534,38
11534,23
11534,8
11534,37
11535,12
11535,28
11535,21
11536,12
11537,33
11537,7
11538,28
11538,15
11539,15
11539,22
11539,31
11539,28
11540,20
11540,30
11540,27
11541,37
11542,8
11543,19
11543,21
11544,16
11545,26
11546,18
11547,7
11547,18
11547,17
11547,24
11548,18
11548,7
11548,21
11548,22
11549,18
11549,11
11549,27
11549,9
11549,26
11550,18
11550,11
11550,23
11551,38
11552,16
11552,26
11552,31
11552,21
11552,37
11553,37
11554,14
11554,9
11554,26
11554,29
11555,12
11555,17
11555,18
11556,37
11556,33
11556,28
11556,31
11556,17
11557,33
11557,30
11558,24
11558,18
11558,37
11558,29
11559,18
11559,17
11559,24
11560,20
11560,34
11560,12
11560,21
11561,450
11561,37
11561,12
11561,17
11561,36
11562,7
11562,19
11562,35
11562,33
11563,16
11563,33
11563,37
11564,8
11564,16
11564,28
11565,16
11565,21
11565,27
11565,13
11565,28
11566,16
11566,22
11566,23
11566,31
11567,32
11567,16
11567,23
11568,17
11569,18
11569,8
11570,26
11570,23
11570,16
11570,27
11571,21
11571,34
11571,20
11572,31
11573,14
11573,33
11574,32
11575,26
11575,13
11575,28
11575,10
11576,24
11576,13
11576,33
11577,8
11577,37
11577,33
11577,30
11577,36
11578,13
11578,29
11579,28
11580,25
11581,38
11581,14
11581,23
11582,30
11582,23
11582,35
11582,8
11582,20
11583,19
11583,17
11584,23
11584,12
11585,18
11585,11
11585,15
11585,28
11586,26
11586,28
11587,25
11588,15
11588,35
11588,34
11589,36
11589,9
11589,27
11589,31
11590,18
11590,19
11590,36
11590,35
11591,21
11591,121
11591,16
11591,35
11591,36
11592,32
11592,24
11592,38
11593,22
11593,28
11593,11
11593,23
11594,37
11595,14
11595,25
11595,10
11595,9
11596,7
11596,29
11596,35
11596,28
11596,34
11597,11
11597,10
11597,23
11598,26
11598,29
11599,21
11599,20
11599,34
11599,7
11600,37
11600,13
11600,27
11600,16
11601,37
11601,24
11602,35
11602,21
11603,8
11604,30
11604,26
11604,10
11604,28
11605,21
11606,11
11607,35
11608,13
11608,12
11608,370
11608,16
11608,35
11609,33
11609,8
11609,25
11609,20
11610,26
11610,23
11610,28
11610,19
11610,10
11611,25
11611,17
11611,38
11611,35
11612,21
11612,29
11612,37
11613,13
11613,24
11613,22
11613,32
11613,11
11614,30
11614,26
11614,23
11615,32
11615,27
11616,14
11616,12
11616,22
11617,33
11617,28
11618,12
11618,28
11618,38
11619,18
11619,14
11619,11
11620,36
11620,30
11620,16
11621,38
11622,25
11622,22
11623,37
11623,23
11623,22
11624,7
11624,11
11624,32
11624,9
11624,28
11625,10
11625,27
11625,19
11626,23
11626,18
11627,21
11627,29
11627,30
11627,14
11628,12
11628,32
11629,28
11629,20
11629,35
11629,24
11629,30
11630,22
11630,7
11630,31
11630,9
11631,26
11632,23
11632,24
11632,16
11632,37
11633,11
11633,19
11633,25
11633,28
11634,33
11634,17
11634,15
11634,29
11634,22
11635,26
11636,16
11636,22
11637,22
11637,37
11637,21
11638,35
11639,25
11639,11
11639,14
11639,37
11640,19
11640,11
11640,31
11641,31
11641,28
11641,12
11641,135
11641,29
11642,36
11643,16
11643,38
11643,27
11643,25
11643,31
11644,8
11644,14
11645,9
11645,31
11645,24
11646,16
11646,38
11646,23
11646,36
11647,34
11647,35
11648,25
11649,15
11649,25
11649,30
11650,37
11650,32
11650,11
11650,19
11651,37
11652,32
11652,33
11652,29
11652,26
11653,23
11653,16
11653,26
11653,36
11654,692
11654,22
11654,18
11654,35
11655,38
11656,9
11656,24
11657,19
11657,7
11657,30
11657,38
11658,9
11658,7
11658,21
11659,10
11659,21
11659,19
11660,22
11660,26
11660,12
11660,23
11661,20
11661,31
11662,16
11663,37
11663,16
11664,29
11665,11
11665,20
11666,28
11666,13
11667,33
11667,22
11668,37
11668,21
11668,19
11668,7
11669,16
11669,31
11670,18
11670,25
11671,17
11671,11
11671,22
11671,38
11672,25
11672,566
11672,23
11673,23
11674,32
11674,18
11674,21
11674,23
11675,12
11676,24
11677,18
11678,15
11679,36
11679,8
11679,24
11680,13
11680,16
11680,34
11680,20
11681,27
11681,11
11682,19
11682,32
11683,26
11683,14
11683,35
11684,14
11684,23
11684,37
11684,12
11685,28
11685,13
11686,21
11686,37
11686,12
11686,13
11687,25
11687,8
11687,37
11687,35
11687,36
11688,26
11688,38
11688,21
11688,8
11689,26
11689,31
11690,35
11690,15
11690,17
11691,7
11692,8
11692,305
11692,31
11693,36
11693,38
11693,34
11694,26
11694,10
11695,17
11695,26
11695,14
11695,24
11696,24
11696,11
11697,8
11698,29
11698,37
11698,24
11699,26
11699,24
11699,8
11700,7
11700,20
11701,31
11701,35
11701,17
11701,9
11702,38
11702,27
11703,13
11703,9
11703,26
11704,24
11704,11
11704,25
11704,26
11704,33
11705,7
11705,30
11706,37
11706,14
11707,21
11707,12
11707,35
11707,33
11708,29
11708,38
11708,15
11708,17
11709,36
11709,18
11709,12
11709,19
11709,24
11710,25
11710,10
11711,24
11711,30
11711,36
11711,8
11711,17
11712,37
11712,13
11712,19
11712,11
11712,25
11713,23
11714,25
11714,9
11714,12
11715,9
11716,8
11716,16
11716,38
11716,18
11717,38
11718,25
11719,25
11719,8
11719,21
11719,10
11720,31
11721,26
11722,10
11722,36
11722,31
11722,14
11723,11
11723,18
11723,32
11724,26
11724,22
11724,37
11724,28
11725,19
11725,22
11725,16
11725,33
11726,21
11726,15
11726,27
11726,38
11726,33
11727,10
11728,20
11728,13
11728,27
11729,22
11729,9
11730,33
11731,29
11732,13
11732,16
11732,28
11732,15
11733,22
11733,38
11733,27
11734,8
11734,38
11734,32
11734,27
11735,16
11735,26
11736,30
11736,37
11736,29
11737,21
11737,11
11737,9
11738,7
11738,18
11738,36
11739,14
11740,25
11740,12
11740,21
11741,33
11742,32
11742,13
11743,12
11743,17
11744,36
11744,34
11744,23
11744,18
11745,17
11745,13
11745,19
11745,11
11746,28
11746,13
11747,31
11747,10
11747,23
11747,22
11747,30
11748,10
11748,38
11748,26
11748,11
11749,23
11749,38
11749,9
11749,31
11750,14
11750,32
11750,11
11750,19
11750,23
11751,32
11751,8
11751,15
11752,15
11752,20
11753,34
11753,23
11753,20
11753,37
11754,31
11754,14
11754,15
11755,27
11755,30
11755,32
11755,11
11756,37
11756,35
11756,25
11756,33
11756,26
11757,16
11758,13
11758,28
11758,31
11759,31
11760,32
11760,21
11760,22
11760,29
11761,27
11761,34
11761,24
11761,35
11762,19
11762,31
11762,21
11762,32
11763,36
11763,11
11763,38
11764,35
11764,19
11765,10
11766,27
11766,35
11766,23
11766,30
11767,27
11767,31
11767,23
11767,37
11768,38
11768,23
11768,20
11768,35
11768,14
11769,19
11770,33
11771,38
11771,18
11771,10
11771,27
11772,21
11773,38
11773,23
11773,25
11774,7
11774,37
11774,30
11775,30
11775,14
11775,10
11776,8
11776,27
11776,20
11776,7
11777,29
11777,11
11777,36
11777,14
11778,13
11778,23
11778,35
11778,9
11779,19
11779,14
11779,15
11779,35
11779,33
11780,34
11780,24
11780,20
11780,27
11781,11
11781,18
11782,15
11782,31
11783,19
11783,29
11783,16
11783,7
11783,15
11784,35
11785,33
11785,20
11785,13
11785,11
11785,16
11786,38
11786,18
11787,7
11788,12
11789,13
11789,35
11789,29
11789,15
11790,14
11790,7
11790,34
11790,12
11791,29
11791,30
11791,12
11791,27
11792,16
11792,26
11792,27
11793,18
11793,17
11794,23
11795,25
11795,9
11795,16
11795,7
11796,31
11796,26
11796,17
11796,8
11796,33
11797,23
11797,34
11797,29
11797,10
11798,9
11798,30
11799,23
11799,18
11799,35
11799,27
11799,36
11800,9
11800,37
11800,10
11801,37
11801,34
11801,800
11802,33
11803,37
11803,32
11803,22
11803,123
11803,29
11804,737
11804,22
11804,18
11805,29
11806,33
11806,12
11806,26
11806,17
11807,9
11807,38
11807,24
11808,33
11808,15
11808,35
11808,18
11809,30
11810,8
11810,33
11810,18
11810,10
11810,32
11811,12
11812,26
11812,13
11813,30
11813,19
11813,9
11813,33
11814,18
11814,8
11815,14
11815,22
11816,30
11816,12
11816,32
11817,18
11817,22
11817,27
11817,26
11818,31
11818,33
11818,36
11818,18
11819,14
11819,8
11820,17
11820,27
11820,18
11820,31
11820,14
11821,14
11822,11
11822,22
11822,27
11822,25
11823,9
11823,19
11823,24
11824,874
11824,21
11824,13
11824,9
11825,12
11826,11
11826,18
11826,20
11826,15
11827,12
11827,30
11827,37
11827,18
11828,15
11828,13
11828,17
11828,34
11829,15
11829,30
11829,35
11829,12
11830,29
11830,18
11830,15
11830,36
11831,371
11831,18
11832,31
11833,16
11833,37
11834,36
11835,33
11835,29
11836,9
11836,23
11837,11
11837,14
11837,24
11837,22
11838,19
11838,32
11838,30
11839,9
11839,30
11839,10
11840,16
11840,35
11840,21
11841,31
11841,12
11842,30
11842,34
11842,12
11842,15
11842,18
11843,20
11843,17
11843,14
11843,16
11843,26
11844,10
11844,22
11845,19
11845,28
11845,7
11846,38
11846,16
11846,17
11846,13
11846,29
11847,27
11848,21
11848,13
11849,32
11849,10
11849,19
11849,24
11850,31
11850,30
11850,27
11850,13
11850,26
11851,11
11851,38
11851,18
11851,24
11852,14
11853,23
11853,20
11853,9
11853,30
11854,9
11854,10
11854,31
11855,9
11856,25
11856,21
11857,23
11858,20
11858,31
11859,32
11859,10
11860,36
11860,7
11861,32
11861,34
11861,31
11862,32
11862,33
11862,27
11863,27
11863,18
11864,31
11864,21
11865,37
11865,9
11865,23
11865,14
11865,30
11866,7
11866,32
11866,26
11867,37
11867,22
11867,13
11867,16
11868,14
11868,36
11868,13
11869,21
11869,27
11869,32
11870,10
11870,28
11871,14
11871,27
11871,36
11871,38
11872,11
11873,27
11873,15
11873,20
11873,35
11873,12
11874,19
11874,38
11875,18
11875,21
11876,36
11877,20
11877,9
11877,18
11878,31
11878,21
11878,14
11878,32
11878,27
11879,13
11880,25
11880,9
11880,29
11881,13
11881,23
11882,25
11882,33
11883,21
11883,12
11883,18
11883,29
11884,27
11884,33
11885,21
11885,25
11886,17
11886,31
11887,8
11887,7
11888,30
11889,35
11889,19
11889,34
11890,16
11890,22
11890,38
11890,24
11891,10
11891,34
11892,18
11892,28
11892,33
11893,21
11894,18
11894,38
11895,37
11895,34
11895,23
11896,26
11896,10
11896,16
11896,20
11897,20
11897,26
11897,10
11898,29
11898,34
11898,32
11898,17
11899,37
11899,21
11899,29
11899,22
11900,16
11900,38
11900,15
11900,14
11901,22
11901,35
11902,32
11903,33
11903,36
11903,21
11904,16
11904,29
11904,28
11905,14
11906,30
11906,34
11907,33
11907,14
11907,27
11907,21
11907,11
11908,33
11908,35
11908,37
11909,32
11909,22
11909,9
11910,36
11910,15
11910,24
11910,22
11911,15
11911,37
11911,23
11911,8
11912,33
11913,22
11914,18
11914,33
11915,38
11915,16
11915,7
11915,22
11916,36
11917,22
11917,17
11917,640
11917,26
11918,31
11918,35
11918,9
11919,34
11919,8
11919,20
11919,18
11920,33
11920,13
11920,21
11920,23
11920,24
11921,8
11921,37
11921,12
11921,19
11921,32
11922,37
11922,28
11922,18
11923,36
11923,12
11924,37
11924,17
11924,7
11924,14
11925,14
11925,23
11926,33
11926,37
11926,36
11927,30
11927,20
11927,25
11927,34
11928,27
11928,31
11928,30
11929,13
11929,12
11930,16
11930,28
11930,36
11930,17
11931,31
11931,22
11932,31
11933,35
11933,16
11933,28
11933,36
11933,11
11934,7
11935,10
11935,383
11935,27
11936,10
11936,15
11936,33
11936,25
11937,24
11937,10
11937,12
11937,19
11938,22
11938,32
11938,28
11938,23
11939,19
11939,37
11939,29
11939,14
11940,36
11940,7
11941,23
11941,32
11942,21
11942,31
11942,12
11943,25
11943,12
11944,29
11944,23
11944,36
11945,38
11945,32
11945,33
11946,22
11946,9
11946,34
11946,20
11946,31
11947,35
11947,15
11947,32
11948,7
11948,31
11948,13
11948,18
11948,9
11949,38
11949,14
11949,25
11949,17
11950,7
11950,33
11951,33
11951,16
11951,10
11951,20
11952,30
11952,32
11952,23
11952,13
11952,28
11953,19
11953,36
11953,33
11954,36
11954,35
11954,28
11954,25
11954,17
11955,26
11956,28
11956,27
11956,13
11956,15
11956,34
11957,8
11957,10
11957,19
11958,34
11958,29
11958,36
11958,25
11959,14
11959,22
11959,9
11960,30
11960,14
11960,18
11960,21
11960,27
11961,15
11961,12
11961,38
11962,25
11962,10
11963,26
11963,24
11963,16
11963,19
11963,28
11964,31
11964,16
11965,24
11965,17
11965,22
11965,15
11966,32
11966,10
11966,18
11967,9
11967,27
11967,30
11968,38
11969,22
11969,36
11969,30
11970,29
11970,20
11970,16
11970,24
11971,17
11971,25
11971,36
11972,22
11972,37
11972,38
11973,11
11973,8
11973,37
11974,27
11974,8
11974,30
11975,28
11976,17
11977,26
11977,11
11977,12
11978,23
11978,9
11979,28
11979,32
11979,31
11980,11
11980,35
11980,33
11981,18
11982,20
11982,26
11982,626
11982,192
11982,21
11983,12
11983,33
11983,24
11984,11
11984,13
11985,19
11986,9
11986,20
11986,30
11987,22
11988,22
11988,27
11988,37
11988,32
11988,17
11989,14
11990,38
11990,34
11990,35
11990,7
11990,23
11991,21
11991,13
11991,9
11992,27
11993,36
11993,31
11994,19
11995,19
11995,17
11995,36
11995,37
11995,33
11996,35
11996,24
11996,11
11996,38
11997,25
11998,21
11998,15
11998,19
11999,31
11999,18
12000,30
12000,11
12000,8
11332,16
3586,4
6565,21
6740,1
7997,32
11219,11
8523,1
169,37
2966,18
1814,5
11301,18
11540,30
11362,4
11689,31
3772,9
10306,8
11055,4
8545,4
7824,6
1091,27
5881,1
1235,37
10514,6
2886,30
9587,2
2028,24
3589,26
3956,34
147,7
1733,33
8173,15
2916,1
11726,27
6358,1
9047,32
10719,4
1609,5
5955,3
11747,10
4194,4
2987,22
5811,13
8250,4
3407,1
4230,8
10791,3
3371,11
543,18
10033,8
5804,34
9256,426
175,21
7800,18
10110,5
819,1
10932,6
8303,3
824,4
11865,891
1024,5
1567,4
8924,12
7362,25
10843,5
8869,7
3174,6
8619,5
9220,2
4594,16
5088,819
11272,11
4696,37
4285,28
6184,38
6901,4
3582,4
3229,14
7393,37
1292,5
3516,4
691,21
2676,6
3888,12
3499,24
9254,3
483,6
10307,5
8865,3
11017,5
423,6
8249,37
5353,20
2688,5
7484,26
756,24
6950,33
793,6
1795,6
3860,1
1743,6
11241,9
6360,32
11662,16
5384,25
3282,5
6868,35
8531,3
4463,3
4757,31
4898,7
3027,27
7700,4
11895,5
10867,6
914,26
2799,5
4532,18
1869,11
518,14
6371,6
11930,36
5846,34
10394,4
5420,5
1259,29
9282,29
9729,6
1528,37
11981,2
6701,4
5569,2
6600,7
10410,13
6182,10
4829,29
9597,7
8788,12
3491,4
7257,3
6371,26
4699,30
9341,5
7462,4
4919,29
5492,21
10444,10
6810,17
5439,10
9806,14
9467,4
7830,28
10308,6
8524,4
2071,37
9990,8
11018,23
5009,31
2234,4
6787,12
5265,6
3893,27
10909,6
8015,30
9717,9
5102,26
11047,1
7032,17
2,15
10370,10
10601,5
3091,1
11168,19
3322,27
7327,7
487,10
9665,36
1164,1
659,3
1844,9
2656,7
7418,19
4694,14
4042,3
7060,21
5615,3
10789,21
9099,3
2283,5
7354,27
9408,19
7850,13
7847,18
3671,26
7667,4
6542,5
2790,15
2115,24
7546,4
8280,10
2117,31
8795,17
5730,3
8751,34
11366,3
6703,22
36,16
1193,1
3779,17
11,33
1180,30
7451,28
6321,3
5942,7
4675,12
6315,3
7643,1
4739,14
6427,33
10744,6
9391,10
9704,2
9054,14
6724,1
7511,14
9257,4
10686,5
8608,25
11704,11
6075,1
7826,11
2095,14
8416,2
6560,34
3930,25
11530,23
873,6
984,1
9916,33
11412,35
9700,12
9013,38
95,35
10404,11
1790,38
9356,23
5652,11
5139,18
6456,4
10136,17
2657,1
10555,33
11507,27
10978,38
10653,9
4071,20
5243,36
11745,11
7871,4
7140,5
10989,22
3896,22
6714,4
5460,25
46,5
2072,19
11990,4
7087,6
11078,7
4125,10
2736,13
1992,12
10220,37
9980,22
2244,30
11872,5
9759,4
6407,8
3020,33
6019,19
6319,16
11005,4
9169,8
11807,4
6943,3
10994,24
3725,7
4963,19
1088,15
11553,1
1807,14
9970,6
2447,2
9392,1
10053,1
8275,31
3237,12
6698,13
7373,10
10351,3
954,19
5917,35
9312,1
7840,6
251,27
81,5
10688,23
11468,13
6820,4
860,4
1242,30
3392,4
6747,3
8688,15
6512,19
7210,21
477,19
2208,7
510,21
9759,3
6253,31
9774,12
8922,3
10328,27
360,19
2060,4
1759,30
1636,37
5763,4
8421,32
5224,12
7604,23
1062,11
10346,29
3165,4
301,3
5461,5
7354,32
11176,37
9528,11
4547,2
5053,1
626,3
2588,23
9673,1
6915,4
9026,6
7976,7
3793,37
3183,5
6325,8
4534,15
555,6
5228,16
6014,4
7950,31
5605,9
4103,6
1904,2
7184,1
4167,4
3857,27
4605,5
2085,35
11556,1
4531,10
1556,10
2649,3
2280,11
4053,35
10173,4
6914,10
4612,20
7942,1
6348,24
11043,6
498,5
11326,4
3970,5
2459,4
1390,27
1742,8
10959,4
1614,24
515,3
7312,17
369,1
10696,28
2320,12
11009,4
7317,18
5545,10
7876,22
9320,685
8485,5
7082,9
5669,3
9046,10
2641,1
2275,1
9398,15
7018,25
5560,3
4973,36
5066,12
8494,6
7204,25
6470,12
2445,22
2475,18
4102,5
8793,4
11976,17
6260,32
10845,33
10952,32
6783,3
10750,8
3943,23
2175,1
2771,6
2995,8
10190,24
8370,4
4991,746
10445,17
5743,3
1131,27
456,7
8606,31
6267,1
9996,7
5355,4
3105,2
10278,4
9864,5
8628,24
3578,26
11643,27
6253,19
2639,5
4464,1
1937,5
4831,3
10189,1
5719,27
6077,2
8335,4
4277,33
4090,32
7344,3
4591,13
4630,18
146,13
9867,2
11031,13
10505,15
7109,31
4147,32
1387,1
8512,3
1114,11
8912,30
7817,16
364,6
11807,9
7098,17
10766,28
3611,24
2584,16
9708,6
510,19
10235,26
26,12
8331,7
1958,3
1813,10
11344,1
83,32
10521,1
1255,23
5460,13
598,36
4611,3
6560,4
11742,1
2527,20
6624,5
187,5
1134,9
5892,24
5533,18
4213,16
10772,20
4075,34
9017,2
5855,34
9343,23
10668,17
7781,33
11893,4
1113,3
10270,9
5615,20
10808,29
445,29
366,3
9579,5
2495,24
10496,29
1934,24
4934,11
5957,3
4149,5
7987,4
7463,35
4252,5
5760,3
4310,7
4602,36
6664,9
120,12
5927,20
2925,34
587,4
9337,8
4997,1
4629,17
1405,33
2554,28
5091,35
9695,3
1989,5
1432,5
10749,28
2135,15
7785,38
9227,7
2976,13
9317,3
7368,10
8752,22
9402,23
3043,3
4750,25
157,3
3692,1
9924,28
5068,38
6685,7
6188,33
10083,6
3343,1
6648,29
2590,4
11880,3
10599,5
1988,4
3670,28
3346,17
222,19
11672,23
3096,33
11783,15
3627,22
10548,6
1918,4
621,3
11506,5
668,19
10403,32
7134,31
1935,555
3858,27
9901,17
1632,6
2640,19
8659,33
2842,28
5197,874
6264,37
786,1
4162,3
5509,1
408,16
4217,28
4024,23
5491,13
2269,5
654,5
230,23
8896,27
9248,4
4450,6
4458,23
4906,33
1881,31
271,3
11900,16
628,5
860,1
1519,4
8378,5
1501,37
7532,6
2141,29
7438,1
5938,33
8699,33
294,18
1782,10
1003,3
11168,4
6276,3
2642,31
4160,35
11227,36
6111,12
1095,4
1441,19
5215,18
3883,2
4599,2
8818,4
289,20
9850,6
7208,16
6757,16
11218,5
10546,17
8783,14
9070,35
10,5
322,23
10472,3
1086,17
4772,27
372,5
10360,11
9438,14
1798,921
2207,5
921,4
10415,33
7207,21
6149,30
10341,4
2226,31
3383,11
6563,25
10877,23
11332,34
8243,20
9535,20
3911,4
6802,10
100,6
2314,24
744,34
11115,26
10979,6
5088,24
2420,13
7175,3
10084,34
8293,21
7127,28
8315,7
3721,25
2635,3
6546,29
10653,691
749,2
4191,2
6219,15
2383,6
5989,35
7245,27
3432,38
2827,5
7477,8
9264,22
9279,26
551,34
2476,5
1364,36
1832,28
7756,4
257,1
7815,6
8544,12
864,24
2633,7
7103,12
11517,7
7794,32
2220,2
1685,3
9123,28
4071,3
674,8
11404,1
6582,16
12,22
5128,5
177,4
3330,4
1328,28
3555,6
8274,4
1319,4
1685,21
3028,28
10423,11
2594,31
2994,27
6760,7
5188,14
5840,23
413,1
89,25
1033,5
5785,25
8167,4
9848,7
4242,15
3186,5
4275,33
9688,9
6375,25
306,2
8683,25
3675,1
4404,6
183,1
9184,25
11030,11
2091,5
7052,25
7113,23
5908,20
11326,8
4036,722
1242,21
11207,17
4056,17
10087,31
7380,12
7169,3
4356,1
6533,6
4493,21
8651,38
6775,1
116,6
378,2
8685,21
3963,3
9812,26
7880,6
6950,5
5315,25
5225,1
645,23
9506,32
10557,19
10276,15
11144,1
5508,24
3950,24
11400,11
4348,16
5228,5
6801,38
1420,5
3699,15
10442,6
1451,6
520,2
469,2
1997,26
4969,2
7483,3
3866,15
3894,2
8407,34
5835,3
10920,11
1799,11
5931,6
1140,2
2576,4
6097,5
4180,1
303,3
6383,10
2096,2
3424,5
4725,19
3537,15
9454,32
8659,6
1042,3
5852,5
90,29
5720,1
1950,3
11926,5
578,3
9264,10
6602,8
2482,5
4795,11
11010,33
3551,3
1283,13
3068,4
2543,36
8099,25
9513,14
10147,29
7444,4
3694,5
6118,2
2999,6
4071,24
7434,37
4151,10
7863,2
11247,19
1041,7
5095,9
8014,1
5049,9
10149,1
512,15
11547,1
996,3
8327,4
10729,24
6160,1
6717,25
4059,3
11261,7
3682,3
6400,5
5234,7
1395,31
9383,10
1980,23
9584,18
715,3
4419,9
1677,4
4187,7
5870,5
5117,38
9757,3
7841,35
9876,3
10040,2
9208,5
6860,3
4075,4
549,5
3180,23
10683,30
8787,10
11323,3
11597,2
6239,7
5252,38
9714,5
1315,17
1300,25
