child_id,sleep_duration,screen_time,gaming,social_media_usage,outdoor_time,study_time,free_play
1,9.90,2.0,,0.70,2.00,2.00,3.20
2,9.50,3.5,1.30,1.50,2.00,2.20,3.80
3,9.80,1.1,0.00,1.10,1.20,3.10,3.20
4,7.50,300.0,30.00,60.00,3.60,,0.70
5,10.50,0.0,0.00,0.30,2.40,1.70,2.50
6,9.00,0.0,0.00,0.00,3.50,2.00,2.00
7,10.50,3.4,0.20,1.20,1.50,4.00,2.30
8,9.00,4.4,0.10,0.00,5.50,2.00,4.50
9,11.60,0.5,0.20,0.60,3.00,1.50,3.70
10,9.30,126.0,48.00,0.60,2.20,2.60,3.80
11,,2.6,1.30,0.50,3.00,3.00,2.40
12,10.50,2.6,1.00,1.00,2.00,0.00,4.60
13,9.50,5.0,0.90,,0.90,0.50,4.00
14,10.40,2.4,0.30,0.10,1.40,2.20,4.50
15,10.60,2.5,0.00,0.70,4.50,0.90,2.50
16,9.50,4.5,1.10,,0.50,3.00,3.50
17,9.00,<1,0.20,0.00,4.10,2.50,2.50
18,9.50,5.0,0.80,1.00,3.00,2.00,2.50
19,9.40,2.1,0.40,,2.00,2.00,3.50
20,10.00,138.0,18.00,0.00,2.00,2.50,4.00
21,9.00,5.0,0.70,0.10,2.30,3.20,3.00
22,9.80,78.0,78.00,0.00,1.50,,2.30
23,9.50,4.0,1.20,2.00,2.00,3.00,2.60
24,9.80,1.0,1.50,0.00,3.50,2.10,4.50
25,9.50,2.4,0.40,0.70,2.00,3.30,0.90
26,9.00,3.9,0.70,1.10,2.30,4.50,2.00
27,7.80,,0.00,0.90,0.90,4.50,1.00
28,9.50,6.6,1.00,0.40,1.20,,3.00
29,9.60,3.5,1.00,,3.20,2.00,3.50
30,10.20,4.0,0.60,0.00,1.00,1.00,3.80
31,9.70,5.2,1.10,0.00,2.00,3.00,2.50
32,8.00,1.4,0.50,1.20,1.60,3.20,
33,7.70,4.0,0.00,0.70,0.90,3.50,4.40
34,11.00,1.8,0.50,0.20,3.00,2.00,2.80
35,10.50,0.4,0.00,0.20,2.40,0.80,4.00
36,10.50,120.0,84.00,0.00,3.30,0.80,4.30
37,11.80,2.0,0.60,,2.00,0.50,4.90
38,11.70,180.0,12.00,18.00,1.50,2.50,2.90
39,8.50,1.5,0.50,0.20,3.00,4.00,1.70
40,8.50,150.0,0.00,0.40,3.20,3.30,2.10
41,8.50,,0.50,2.40,3.00,3.70,0.00
42,10.00,3.5,0.40,1.70,2.50,2.60,2.60
43,9.70,126.0,54.00,0.40,2.00,0.10,2.10
44,7.00,2.0,,0.90,3.00,2.50,2.00
45,11.80,2.2,,0.50,2.00,3.80,1.50
46,7.50,,,0.00,0.90,4.20,1.50
47,9.20,0.8,1.10,0.00,2.90,1.80,2.60
48,11.50,not recorded,1.00,0.70,1.00,3.00,1.50
49,10.00,2.8,0.80,,4.50,2.50,1.50
50,9.60,0.0,0.40,0.50,3.50,3.30,2.00
51,9.40,2.0,,1.30,2.00,3.30,3.50
52,,1.5,0.30,0.00,3.90,3.50,3.10
53,9.50,3.0,0.00,1.20,4.00,2.50,3.40
54,,6.0,0.40,0.80,1.60,2.50,3.50
55,9.00,6.1,0.60,0.30,1.90,2.50,
56,8.90,3.0,1.00,1.00,2.30,,1.70
57,11.50,,0.30,0.00,2.00,1.60,5.00
58,,2.8,0.70,1.00,2.30,4.00,2.50
59,10.20,2.3,1.20,0.60,2.40,2.00,4.50
60,7.50,3.3,0.90,0.50,2.30,2.40,2.20
61,8.00,3.0,0.40,0.20,1.00,2.00,2.60
62,10.90,0.5,0.80,1.10,2.00,3.00,2.60
63,,1.0,1.10,0.00,3.00,1.50,4.00
64,7.90,3.0,1.10,1.10,3.00,3.00,2.10
65,8.50,1.6,,0.50,3.00,3.40,3.50
66,11.00,1.0,0.00,0.00,3.00,1.50,3.50
67,10.20,4.0,0.30,0.90,3.20,1.20,3.00
68,11.00,,1.00,1.30,1.50,2.50,0.20
69,,6.0,0.80,1.00,,2.50,0.50
70,8.00,TBD,0.00,0.00,5.30,3.00,3.00
71,9.50,,0.60,0.00,5.00,2.40,
72,9.10,6.0,,0.00,,2.60,2.80
73,10.50,240.0,24.00,0.00,0.00,2.00,2.00
74,9.30,,0.50,0.10,0.90,2.50,
75,9.50,2.5,0.70,2.20,1.50,2.90,3.00
76,9.90,2.5,1.60,0.50,2.50,,1.00
77,9.40,3.5,0.20,0.00,2.00,3.50,3.50
78,10.70,1.4,0.60,0.00,1.00,2.50,2.10
79,10.50,3.5,1.40,0.80,3.70,1.70,1.50
80,10.00,210.0,0.00,0.00,1.50,2.20,4.00
81,10.50,3.2,1.40,0.90,2.60,0.50,4.20
82,9.10,,0.00,0.70,2.90,4.50,1.60
83,9.00,390.0,18.00,42.00,1.50,3.00,2.70
84,10.50,204.0,48.00,0.00,2.50,2.00,3.50
85,10.10,4.0,0.30,,3.50,1.00,3.50
86,10.50,72.0,36.00,6.00,5.90,,2.70
87,10.00,2.5,0.40,0.00,,2.30,2.20
88,10.00,2.0,1.30,0.00,1.50,3.50,1.30
89,10.20,0.0,,0.60,3.30,2.00,4.20
90,10.10,<1,0.60,1.50,0.50,1.40,3.50
91,9.00,--,0.60,0.10,3.30,2.50,2.60
92,9.70,0.0,0.70,0.10,5.70,2.00,2.80
93,10.30,5.0,0.50,,2.20,1.80,1.90
94,8.50,n/a,1.70,0.70,0.50,3.10,3.00
95,10.10,192.0,18.00,60.00,4.00,3.00,2.20
96,,132.0,48.00,0.70,0.10,2.00,4.50
97,9.50,2.0,0.50,0.20,3.00,2.50,3.00
98,9.50,1.8,1.10,0.00,3.50,0.50,4.00
99,9.60,5.5,1.10,1.10,1.50,3.00,2.00
100,11.50,4.5,0.60,0.10,1.80,1.80,3.10
101,10.50,5.7,0.70,0.30,3.00,0.60,3.50
102,10.00,4.0,0.50,0.40,3.00,3.10,
103,,6.0,0.30,0.50,0.60,3.20,2.70
104,11.00,,30.00,66.00,,1.00,4.20
105,10.50,1.5,0.00,,1.80,1.50,
106,9.00,5.0,1.40,0.00,2.00,1.00,0.60
107,12.00,126.0,0.00,48.00,2.90,2.00,3.70
108,11.30,2.0,0.50,0.30,2.00,1.30,4.50
109,10.00,210.0,66.00,42.00,5.00,2.40,2.00
110,10.50,n/a,0.90,0.10,0.00,1.50,3.00
111,7.70,264.0,30.00,1.00,1.10,4.10,1.00
112,9.50,,1.20,0.00,2.10,3.20,
113,9.50,6.0,0.60,0.50,0.70,4.00,1.00
114,9.10,1.0,0.70,0.70,2.50,2.50,4.00
115,11.10,,66.00,0.00,2.00,1.40,4.50
116,9.30,0.8,0.70,0.70,1.50,1.60,4.10
117,9.40,210.0,60.00,48.00,1.50,2.00,4.00
118,,4.2,0.50,0.30,1.80,4.90,1.00
119,9.90,<1,84.00,0.00,2.00,1.50,3.50
120,9.10,150.0,108.00,1.00,2.50,3.00,3.30
121,10.80,4.0,0.60,0.90,3.20,1.10,2.90
122,10.50,114.0,114.00,0.00,5.40,1.00,3.80
123,10.50,240.0,24.00,30.00,4.00,2.30,2.40
124,8.50,2.4,0.50,1.80,1.50,1.20,1.50
125,8.10,2.2,0.70,0.90,0.60,2.00,2.50
126,9.50,4.7,0.30,,1.70,2.00,3.30
127,10.00,300.0,,54.00,1.70,2.50,2.00
128,9.70,114.0,42.00,6.00,2.30,2.00,2.30
129,8.20,270.0,42.00,72.00,3.00,2.50,
130,12.00,1.5,,1.10,3.50,1.40,3.40
131,10.60,4.5,0.40,0.00,2.00,2.00,2.50
132,,,0.50,0.80,0.60,2.70,1.00
133,9.20,,1.00,1.30,1.10,3.30,1.50
134,11.50,126.0,0.00,54.00,1.30,2.60,1.60
135,8.30,84.0,48.00,132.00,2.60,3.60,2.10
136,9.50,0.0,0.20,0.50,0.70,0.50,4.00
137,8.50,4.0,0.00,1.20,,5.40,1.30
138,9.20,4.5,1.30,0.40,1.00,2.80,2.30
139,8.00,n/a,0.50,0.80,0.80,3.50,2.90
140,10.50,not recorded,,,2.00,2.00,6.00
141,9.50,3.3,2.10,0.30,2.20,2.20,2.00
142,10.80,5.0,0.20,0.60,1.50,2.20,3.00
143,9.50,2.2,0.70,0.70,2.80,3.00,3.40
144,8.50,360.0,66.00,84.00,0.50,3.50,2.50
145,10.60,2.5,0.90,0.00,3.20,1.00,2.00
146,9.50,150.0,96.00,,2.40,0.90,3.20
147,10.20,,0.70,0.70,2.30,2.50,4.70
148,10.30,n/a,48.00,42.00,2.30,1.50,3.00
149,9.50,240.0,36.00,0.00,2.00,3.30,4.20
150,9.00,6.7,0.70,0.70,2.90,3.50,0.70
151,7.90,,1.40,,3.00,0.80,3.00
152,10.30,114.0,138.00,0.00,2.00,0.50,3.00
153,,,0.50,0.40,2.50,,2.80
154,9.00,438.0,48.00,66.00,1.00,3.00,1.00
155,8.50,330.0,24.00,36.00,1.50,4.20,2.00
156,11.90,4.5,0.30,0.00,3.50,0.90,3.50
157,9.50,1.5,0.80,0.00,1.90,0.50,3.00
158,8.00,384.0,6.00,0.90,1.50,2.50,3.50
159,,240.0,42.00,,2.30,1.90,3.50
160,10.90,3.6,0.40,0.20,1.00,3.10,3.40
161,11.10,1.5,0.40,0.00,3.90,2.80,2.20
162,8.50,,0.90,0.00,2.00,1.50,
163,11.00,5.1,0.40,0.30,0.40,1.00,4.10
164,8.60,270.0,18.00,90.00,0.70,2.90,1.50
165,8.00,5.3,1.30,0.00,,3.50,2.50
166,11.10,<1,0.10,0.90,2.20,2.20,3.50
167,8.00,180.0,54.00,1.10,3.60,3.50,2.80
168,9.50,4.0,0.00,0.60,3.00,2.70,2.90
169,,2.9,1.30,0.00,3.40,2.10,2.50
170,9.50,<1,30.00,0.00,2.50,3.00,4.20
171,9.50,5.5,1.30,1.50,0.40,3.50,0.90
172,9.40,120.0,0.00,0.00,1.00,2.00,4.00
173,11.00,270.0,42.00,0.90,0.50,0.00,3.50
174,10.00,60.0,66.00,42.00,4.00,0.20,1.50
175,8.60,1.4,0.30,0.00,3.30,1.50,3.50
176,10.40,0.3,,1.40,1.10,,1.80
177,8.00,4.8,0.40,1.00,1.10,,2.30
178,7.50,150.0,24.00,1.10,2.80,3.50,1.20
179,10.10,3.7,0.20,1.00,1.10,2.80,1.50
180,11.00,168.0,36.00,0.10,3.00,2.00,3.00
181,8.50,396.0,108.00,,1.10,3.70,0.00
182,9.20,120.0,54.00,0.30,2.50,1.30,3.80
183,10.50,3.7,0.00,0.20,2.50,3.50,3.70
184,9.00,2.5,0.10,0.40,3.00,2.00,3.00
185,12.00,120.0,36.00,12.00,,2.50,3.50
186,9.50,5.9,0.70,0.00,2.60,3.00,1.50
187,9.50,3.7,0.50,0.40,3.30,3.00,2.80
188,10.20,252.0,36.00,0.70,1.20,2.50,2.00
189,10.40,60.0,36.00,,1.50,1.80,5.00
190,10.00,2.0,1.40,,0.50,3.50,3.00
191,11.30,1.6,0.00,0.00,5.00,1.00,3.20
192,11.30,3.2,0.40,0.40,3.00,3.00,2.00
193,,2.0,1.00,0.20,2.30,3.30,2.70
194,9.20,150.0,102.00,0.00,3.50,2.40,3.90
195,10.90,120.0,48.00,0.00,3.50,1.40,3.00
196,10.40,1.0,0.50,0.00,4.80,2.00,4.50
197,7.80,6.0,0.80,1.30,1.00,4.00,1.50
198,10.40,2.0,0.80,0.80,2.00,2.00,3.00
199,10.00,3.0,0.50,0.50,,1.50,3.60
200,9.60,360.0,,84.00,0.10,3.60,1.50
201,,2.2,0.70,0.00,2.80,1.60,0.50
202,9.30,0.8,1.50,0.00,1.00,1.80,2.30
203,10.60,,0.00,0.00,3.50,3.00,2.00
204,8.50,126.0,30.00,,4.80,1.50,3.50
205,9.90,not recorded,0.30,1.00,0.50,1.50,3.50
206,9.00,3.0,1.80,0.90,2.00,2.60,3.90
207,10.20,2.8,0.20,0.00,2.40,2.50,3.10
208,9.50,,0.00,0.30,3.40,1.00,5.00
209,8.20,162.0,0.00,0.00,4.00,3.00,3.00
210,9.50,3.9,0.50,0.80,2.50,4.00,1.50
211,8.50,5.5,1.00,1.10,0.50,5.90,1.00
212,8.40,7.0,1.70,1.20,2.00,3.50,0.50
213,10.10,2.5,0.80,0.00,1.50,1.50,5.00
214,10.00,4.1,0.40,0.90,2.50,,
215,9.90,5.6,0.00,0.50,,,4.00
216,9.50,2.0,0.80,0.00,0.90,2.10,3.50
217,10.00,2.0,0.60,0.10,1.00,3.20,1.50
218,10.50,1.1,,0.00,2.50,,4.50
219,10.50,4.0,0.60,0.70,1.00,4.00,2.50
220,7.50,186.0,,2.20,3.90,3.00,1.20
221,8.00,3.6,0.40,0.10,3.50,3.00,2.00
222,,228.0,72.00,,1.00,2.30,2.60
223,10.70,<1,18.00,0.00,0.00,2.30,3.50
224,10.00,3.5,1.50,1.10,2.00,0.00,1.80
225,9.00,210.0,36.00,0.60,4.10,2.50,1.60
226,8.20,not recorded,66.00,0.00,1.20,1.70,4.50
227,8.60,180.0,54.00,18.00,1.50,1.50,3.00
228,9.00,4.5,0.00,1.00,2.40,3.50,
229,9.60,2.0,1.70,0.00,2.30,0.60,
230,10.00,1.3,0.10,0.00,5.10,2.20,2.40
231,,5.0,0.70,0.00,1.70,3.90,2.00
232,10.00,2.7,0.10,0.00,3.30,3.80,3.50
233,9.30,5.0,0.00,0.50,2.90,2.00,3.50
234,9.00,0.2,1.10,0.60,5.50,0.00,3.20
235,7.00,270.0,30.00,42.00,3.00,,1.50
236,11.30,2.5,0.80,0.20,1.20,2.60,4.50
237,10.00,2.4,0.30,0.00,1.70,1.20,3.00
238,8.90,4.0,0.60,0.00,2.50,2.80,4.00
239,11.00,4.4,0.60,1.00,0.50,3.50,2.40
240,10.20,<1,84.00,0.00,6.00,1.20,4.70
241,11.70,1.0,1.10,0.40,5.90,0.20,
242,7.50,3.0,0.40,1.30,1.50,2.80,2.40
243,9.90,,0.60,0.10,1.30,3.40,0.90
244,9.00,1.9,0.70,0.00,4.00,0.50,5.00
245,9.50,4.5,0.50,0.60,,3.00,2.00
246,13.00,1.6,0.20,0.70,2.50,0.00,3.50
247,9.40,1.5,1.70,,1.60,0.30,3.30
248,11.00,2.1,0.00,0.50,3.00,2.80,4.00
249,11.20,0.0,1.30,0.80,2.00,0.00,5.60
250,9.40,4.5,0.60,1.50,1.70,2.50,
251,9.30,24.0,48.00,0.80,2.50,1.90,3.90
252,9.30,7.0,1.00,0.60,1.60,2.00,2.00
253,9.50,4.6,1.30,0.50,2.00,2.90,3.60
254,9.10,138.0,0.00,0.60,,2.60,4.50
255,10.50,1.2,0.00,0.60,2.00,1.30,4.00
256,11.80,,0.50,0.00,2.30,0.60,2.80
257,10.00,4.0,1.20,1.90,0.30,,1.00
258,8.90,306.0,24.00,0.70,3.60,2.50,1.50
259,11.00,4.0,1.00,0.00,1.20,2.20,2.60
260,,0.8,0.70,0.70,2.20,2.50,5.00
261,8.50,174.0,,0.90,1.90,4.50,3.40
262,9.90,3.2,0.80,0.50,,,1.60
263,10.00,4.5,0.00,0.00,1.00,5.30,0.70
264,9.00,0.5,0.40,0.50,7.10,0.60,5.00
265,10.70,1.1,0.40,0.40,3.00,2.00,2.20
266,11.50,1.4,0.40,0.80,1.10,0.00,4.00
267,9.80,3.4,0.30,0.70,4.80,3.50,3.00
268,8.50,30.0,84.00,0.90,6.40,1.50,4.50
269,9.70,4.0,0.00,0.00,2.20,2.20,3.00
270,10.60,2.9,0.30,0.30,2.00,3.00,2.90
271,9.80,120.0,6.00,0.00,1.50,1.50,3.50
272,8.30,5.9,0.60,0.90,0.50,4.50,1.70
273,11.30,2.2,0.60,0.00,2.40,2.30,4.00
274,11.50,210.0,18.00,0.00,3.20,2.80,2.00
275,11.70,1.7,0.00,0.60,3.10,1.00,3.10
276,9.00,210.0,6.00,54.00,3.40,0.80,4.10
277,8.90,4.2,0.70,0.00,2.20,4.00,1.90
278,8.50,5.0,0.90,,1.00,0.50,3.00
279,11.80,<1,90.00,30.00,1.70,1.00,2.70
280,10.00,3.0,0.60,1.60,2.50,2.20,3.50
281,7.50,360.0,24.00,1.50,1.20,3.00,3.50
282,9.40,270.0,42.00,30.00,3.00,1.00,
283,10.50,2.0,1.70,0.60,2.50,1.90,4.00
284,7.90,2.5,0.20,1.20,2.30,2.80,3.00
285,,3.3,0.80,0.10,2.20,1.20,4.50
286,8.50,270.0,60.00,0.90,2.30,4.00,0.50
287,10.50,2.0,1.20,1.80,3.60,1.70,2.30
288,9.00,3.1,0.70,0.10,2.00,2.00,4.00
289,10.90,1.0,0.40,0.00,1.40,0.40,
290,,216.0,54.00,0.00,3.00,3.50,3.50
291,,2.5,0.40,1.00,2.10,2.50,3.50
292,8.00,4.1,1.20,2.00,2.20,1.70,5.00
293,10.00,3.0,0.30,0.00,,2.00,4.00
294,10.50,3.0,0.80,0.00,3.00,1.80,2.40
295,8.80,3.1,0.90,0.60,4.40,1.40,2.70
296,8.40,4.0,1.20,0.60,1.20,,1.10
297,,6.5,0.00,0.30,0.70,,2.50
298,8.40,210.0,96.00,0.00,1.20,2.50,2.00
299,,0.0,24.00,0.00,3.50,3.00,3.50
300,11.00,4.5,0.50,0.50,0.90,3.50,2.00
301,11.20,>60,0.70,0.60,3.60,0.50,2.50
302,9.60,150.0,54.00,54.00,3.20,2.20,2.00
303,10.00,1.0,1.00,0.00,3.00,1.00,1.50
304,9.00,<1,96.00,90.00,1.60,3.50,0.50
305,11.00,3.4,1.00,0.30,1.00,2.20,3.50
306,,2.0,1.40,0.60,1.70,2.60,3.00
307,8.70,4.0,0.10,0.80,6.50,2.10,0.20
308,9.50,3.7,0.40,0.40,1.50,3.50,3.30
309,10.00,0.0,,0.00,2.00,2.60,4.00
310,10.20,1.0,1.90,,1.70,1.60,
311,9.60,0.0,0.50,0.10,6.70,0.00,4.10
312,,2.0,0.60,1.40,2.70,0.50,4.50
313,9.60,228.0,60.00,18.00,3.80,1.90,3.10
314,10.00,4.5,0.40,0.00,1.90,3.50,2.50
315,10.00,258.0,0.00,0.00,2.60,2.50,2.00
316,9.80,2.2,0.90,0.20,,2.40,4.70
317,9.50,1.6,1.10,0.30,2.00,,2.60
318,10.00,4.0,0.40,0.70,1.50,1.50,4.20
319,9.60,2.8,0.00,0.50,1.20,3.50,2.50
320,9.70,84.0,0.00,0.00,2.00,2.80,2.10
321,10.80,4.0,,0.50,2.20,3.00,3.00
322,9.00,3.0,,0.20,2.00,1.90,4.00
323,8.40,4.6,0.10,0.40,1.50,5.00,3.00
324,9.50,2.9,1.10,0.00,1.50,3.60,3.50
325,10.10,1.5,0.10,0.00,2.20,1.00,4.70
326,10.00,3.4,1.00,0.00,1.00,1.50,2.20
327,9.70,2.0,0.40,0.10,1.90,,4.10
328,9.50,4.0,0.00,0.30,1.70,4.00,
329,9.00,0.0,0.90,0.20,3.00,2.00,4.30
330,9.10,2.1,0.60,0.10,4.00,2.10,5.00
331,9.00,222.0,6.00,0.90,,1.90,4.50
332,9.50,2.5,,0.20,3.10,1.50,1.90
333,10.60,1.5,0.70,1.20,2.50,2.80,0.70
334,9.50,306.0,54.00,108.00,2.00,3.00,0.50
335,10.00,264.0,54.00,0.70,3.00,2.50,2.40
336,8.80,6.0,1.20,0.40,1.50,2.30,2.60
337,10.90,4.7,0.00,0.30,3.00,2.50,
338,9.00,6.5,0.00,0.90,0.90,4.00,1.70
339,9.50,1.3,0.60,0.00,3.00,1.30,3.00
340,10.20,2.1,0.30,0.00,4.90,2.50,1.80
341,8.10,2.2,1.10,0.10,2.00,2.80,3.00
342,,0.5,0.00,0.60,,2.00,4.50
343,7.40,3.6,0.40,0.70,2.50,5.00,1.50
344,10.60,3.0,1.60,0.60,1.60,1.60,3.10
345,10.00,0.5,1.50,0.50,3.50,1.30,5.00
346,12.00,4.2,1.10,0.50,1.50,2.00,2.50
347,9.00,4.5,1.50,0.30,2.10,3.50,
348,9.60,138.0,0.00,,5.00,2.00,4.00
349,8.50,1.5,0.60,1.60,4.00,2.50,1.50
350,10.50,2.5,0.10,0.10,0.50,1.50,2.80
351,10.00,1.0,0.30,0.80,4.50,2.50,
352,9.20,120.0,42.00,1.30,1.30,2.30,
353,10.10,1.4,1.00,0.80,0.20,1.80,3.70
354,9.30,4.0,1.10,1.90,2.50,1.10,2.00
355,10.50,5.1,0.90,0.00,1.50,3.00,1.70
356,9.00,1.0,0.40,0.00,4.50,1.20,5.00
357,9.50,,0.00,0.10,3.00,1.50,
358,10.00,126.0,126.00,0.60,2.00,1.50,3.60
359,10.10,2.7,0.40,,2.00,1.90,3.00
360,9.50,,1.00,2.20,1.40,3.50,0.00
361,9.50,5.0,0.70,,1.80,0.70,3.00
362,9.90,0.9,0.50,0.30,1.10,3.70,4.40
363,10.50,1.6,1.30,0.30,1.50,1.70,3.50
364,8.00,0.9,0.00,0.00,2.90,3.60,3.40
365,12.20,5.2,0.60,0.30,,1.70,2.00
366,10.00,1.0,1.40,0.00,,2.30,3.00
367,10.50,360.0,24.00,0.40,1.50,2.00,3.00
368,9.40,180.0,78.00,0.00,3.50,0.90,4.00
369,10.30,1.4,0.50,0.00,3.00,,3.70
370,,4.7,0.70,0.80,0.60,3.00,3.10
371,10.00,2.5,0.20,0.00,1.00,3.00,2.60
372,10.80,3.5,0.00,0.30,2.60,2.50,3.60
373,8.00,240.0,48.00,60.00,1.70,4.90,
374,11.50,1.5,0.30,0.80,4.90,0.90,5.00
375,8.20,174.0,,1.80,1.50,3.50,0.90
376,11.00,2.0,0.10,1.10,1.00,0.50,3.30
377,10.50,246.0,72.00,0.00,2.50,1.50,3.50
378,,,66.00,6.00,1.30,2.10,4.00
379,,7.3,1.30,0.30,1.00,1.10,1.50
380,8.50,204.0,30.00,,1.90,3.40,2.20
381,8.70,198.0,24.00,42.00,2.50,3.50,0.00
382,11.40,4.5,0.00,0.80,0.50,3.00,3.00
383,11.20,132.0,78.00,0.50,3.00,3.20,3.00
384,8.50,3.5,0.60,0.30,1.70,2.40,2.50
385,8.50,282.0,42.00,84.00,3.20,4.80,0.90
386,10.50,,60.00,36.00,2.00,1.40,3.40
387,9.00,>60,48.00,0.30,3.30,2.00,2.00
388,11.30,n/a,0.40,0.00,1.60,2.30,5.00
389,11.90,240.0,66.00,0.00,0.60,0.50,5.20
390,9.00,312.0,48.00,0.00,1.00,2.00,4.20
391,8.50,3.0,0.90,1.00,3.40,3.00,1.50
392,11.30,2.5,0.90,0.00,2.00,0.50,3.40
393,10.10,6.0,0.20,0.90,2.60,2.10,2.10
394,10.00,5.5,0.10,1.10,,4.70,
395,9.50,,0.00,60.00,2.00,1.90,2.70
396,10.60,3.5,0.30,0.10,2.30,2.20,1.80
397,11.10,3.7,0.00,0.20,,2.00,3.70
398,10.30,150.0,54.00,6.00,3.00,0.80,2.90
399,9.60,--,54.00,66.00,,2.00,1.50
400,9.00,,0.00,1.20,0.50,3.50,3.50
401,7.70,186.0,24.00,54.00,1.70,4.10,3.50
402,9.90,,0.40,,2.00,3.50,2.00
403,8.00,,0.80,1.40,2.00,2.50,1.20
404,8.10,210.0,18.00,0.00,3.50,1.30,4.00
405,8.50,420.0,72.00,72.00,0.00,,0.50
406,8.70,2.5,0.40,0.00,0.50,2.10,3.50
407,8.50,<1,30.00,,0.50,2.00,2.00
408,11.50,0.7,0.40,1.00,,0.00,4.50
409,10.40,6.0,0.10,0.00,1.00,2.00,3.50
410,10.50,2.5,0.10,0.30,3.00,1.60,1.50
411,,2.4,0.00,1.10,4.00,2.50,3.50
412,7.50,5.0,0.50,1.00,2.00,4.20,2.90
413,8.40,150.0,6.00,42.00,3.00,1.00,1.90
414,,144.0,24.00,48.00,2.50,4.00,3.00
415,10.00,3.2,0.80,1.00,3.40,0.60,4.00
416,9.00,6.5,1.20,,0.50,,3.00
417,10.00,3.5,0.80,0.80,2.00,3.70,1.50
418,9.40,2.5,1.10,0.00,2.50,3.20,3.40
419,9.50,198.0,60.00,,2.50,3.50,2.70
420,10.50,0.5,1.00,0.20,3.00,0.00,4.50
421,10.00,138.0,78.00,72.00,2.50,4.30,2.10
422,9.50,270.0,54.00,42.00,,1.80,3.50
423,9.40,4.0,0.60,1.00,1.40,3.00,1.50
424,9.00,5.1,0.90,1.00,1.10,0.50,3.30
425,9.50,186.0,6.00,1.30,,4.00,1.50
426,10.50,3.9,0.80,1.10,2.00,3.70,2.00
427,10.00,1.3,1.00,0.30,3.00,1.50,4.00
428,8.50,7.9,0.40,0.00,1.70,4.00,1.40
429,6.50,180.0,78.00,126.00,1.10,3.10,1.00
430,8.00,3.8,0.50,1.40,,2.80,3.50
431,8.50,3.5,0.80,0.90,1.50,5.50,2.00
432,8.70,6.5,,0.20,1.50,3.50,2.50
433,9.50,240.0,108.00,48.00,0.50,2.50,2.90
434,8.50,3.0,0.30,0.60,3.50,,2.50
435,10.50,,1.20,0.00,4.00,,1.50
436,10.00,6.0,1.00,1.40,0.80,2.50,1.70
437,11.00,0.0,0.30,0.20,4.00,1.50,4.60
438,10.00,n/a,,0.20,2.50,2.00,3.20
439,8.80,2.0,0.40,0.00,2.40,2.30,3.40
440,8.90,84.0,66.00,36.00,0.90,3.50,3.50
441,,2.9,0.80,1.10,,2.70,0.50
442,,150.0,78.00,0.00,3.50,1.30,3.50
443,10.00,6.5,1.30,0.80,1.00,0.00,4.00
444,8.50,n/a,30.00,78.00,3.00,2.50,1.50
445,12.00,2.5,0.40,0.00,2.50,2.80,4.00
446,10.50,0.0,0.40,0.00,0.90,1.40,3.60
447,9.50,174.0,6.00,36.00,2.50,,3.50
448,10.30,2.5,,0.00,1.70,,0.00
449,,2.5,1.00,0.50,1.50,1.80,3.70
450,8.80,3.2,1.00,,,2.00,4.00
451,11.50,0.0,0.90,0.00,4.00,1.30,3.30
452,11.50,,6.00,0.00,2.70,0.70,3.00
453,9.00,150.0,30.00,42.00,3.00,3.50,2.50
454,9.10,3.1,0.50,1.30,2.00,2.00,1.90
455,8.50,7.8,0.20,0.00,1.10,3.00,2.50
456,9.30,162.0,0.00,0.00,2.60,1.90,2.30
457,8.90,2.0,0.60,0.10,1.50,4.00,4.10
458,10.60,5.8,0.50,0.30,0.80,3.70,1.70
459,9.00,2.1,0.80,0.00,2.50,2.90,3.00
460,8.70,276.0,78.00,0.40,1.40,3.00,2.50
461,9.20,2.2,0.60,,5.00,2.10,4.50
462,10.00,,0.20,0.00,2.50,1.90,2.60
463,10.00,2.0,1.50,1.00,4.00,1.50,2.10
464,11.70,2.1,0.90,0.00,2.00,0.40,3.00
465,8.50,6.7,1.20,1.70,2.50,2.90,0.80
466,8.90,2.0,0.10,0.80,1.40,0.90,4.00
467,8.90,3.5,0.20,2.30,2.80,2.20,3.00
468,10.00,1.0,0.60,0.00,2.90,0.50,2.00
469,10.00,2.3,0.60,0.50,0.50,2.00,3.10
470,11.00,,0.00,0.00,7.00,0.20,2.00
471,9.20,2.6,1.30,1.20,4.60,3.50,2.40
472,10.80,3.0,0.90,0.20,2.00,0.50,
473,11.00,3.9,0.30,,1.80,1.90,
474,9.50,174.0,42.00,42.00,2.00,3.60,1.30
475,9.50,1.1,0.20,0.00,1.70,0.70,5.00
476,10.10,2.0,0.90,0.30,2.00,1.00,3.90
477,9.70,240.0,48.00,96.00,3.50,2.50,1.50
478,10.10,5.0,0.00,1.10,1.50,4.00,1.50
479,9.00,360.0,6.00,1.00,1.00,4.50,1.30
480,10.00,3.2,1.60,0.00,1.00,2.80,2.50
481,11.30,2.6,0.80,0.00,1.60,1.20,2.50
482,9.40,138.0,18.00,0.60,2.50,2.00,3.50
483,10.00,90.0,0.00,36.00,5.10,2.20,3.40
484,8.90,6.2,0.50,0.20,2.00,3.00,1.80
485,10.00,2.0,0.10,0.40,5.00,3.00,2.00
486,10.40,2.0,0.50,0.10,3.20,2.50,4.90
487,8.30,300.0,0.00,24.00,1.50,3.00,2.20
488,9.60,3.0,1.30,0.50,2.00,3.50,2.70
489,9.00,3.0,0.60,0.00,2.60,1.80,3.50
490,8.00,6.5,,0.40,1.00,3.00,2.20
491,10.20,2.6,0.60,0.00,3.10,1.50,4.00
492,12.30,1.8,1.20,0.70,1.00,1.00,4.00
493,10.50,3.5,1.00,1.40,1.10,2.50,2.00
494,10.60,,,0.00,1.30,,1.20
495,9.10,5.5,0.10,0.50,2.30,2.50,2.50
496,10.30,2.9,0.70,1.20,,,4.00
497,11.40,246.0,36.00,18.00,1.50,2.00,3.70
498,10.20,2.5,1.10,,1.70,1.20,
499,10.80,,0.60,0.30,2.50,0.40,4.50
500,9.00,84.0,42.00,48.00,0.60,2.50,4.50
501,10.50,TBD,0.00,0.00,1.70,2.00,3.00
502,8.00,150.0,18.00,,2.90,3.00,0.60
503,8.70,2.9,0.60,1.50,3.30,2.20,2.00
504,11.50,TBD,108.00,0.50,3.50,1.40,4.50
505,10.00,180.0,54.00,78.00,1.00,2.00,2.80
506,10.00,5.0,1.40,0.50,1.20,3.30,1.50
507,9.50,3.0,0.70,0.60,2.30,2.00,2.50
508,9.50,1.0,1.30,0.00,4.00,2.50,3.50
509,8.00,2.1,0.90,0.50,2.00,2.40,2.20
510,10.00,198.0,54.00,0.00,1.70,3.00,3.80
511,10.60,2.5,1.80,0.00,1.40,1.50,2.00
512,8.50,330.0,30.00,48.00,4.50,2.50,1.50
513,11.00,1.3,0.30,0.00,1.70,2.00,3.90
514,10.00,1.5,0.80,0.00,5.00,1.50,4.50
515,9.50,240.0,0.00,0.00,3.20,,3.00
516,10.40,144.0,24.00,42.00,3.40,0.00,5.50
517,11.10,<1,0.20,0.20,1.00,1.50,5.00
518,10.10,2.5,0.90,0.00,3.50,2.70,4.90
519,8.00,,0.60,1.20,1.20,2.10,2.40
520,10.60,3.6,1.10,0.30,1.30,1.90,
521,8.80,3.0,1.40,,2.00,2.00,2.00
522,11.00,1.0,,0.10,3.60,0.00,4.70
523,10.20,1.8,0.20,,1.50,2.30,2.30
524,,4.0,1.90,0.10,2.90,3.00,1.40
525,9.10,30.0,18.00,6.00,3.00,2.00,2.00
526,10.80,--,0.10,0.00,2.00,3.50,3.50
527,10.70,6.7,,0.20,0.20,3.00,2.20
528,,228.0,12.00,12.00,1.50,1.40,4.20
529,7.90,4.5,0.40,0.80,0.60,3.00,3.10
530,,258.0,96.00,72.00,2.50,,1.80
531,10.60,7.0,0.10,0.00,0.00,3.50,2.50
532,10.00,102.0,54.00,0.00,3.30,2.10,4.00
533,9.10,2.8,0.20,0.10,3.00,2.70,2.00
534,8.50,5.6,0.00,1.30,0.20,3.00,2.10
535,11.00,330.0,18.00,,1.50,2.70,2.50
536,9.00,0.0,0.10,0.80,3.10,3.60,2.50
537,11.00,3.0,0.90,0.80,2.00,0.50,3.50
538,10.50,1.5,0.00,0.20,5.80,2.90,4.00
539,10.50,258.0,18.00,0.00,3.00,3.70,2.50
540,10.30,,1.10,0.90,,2.00,4.00
541,9.80,240.0,54.00,48.00,2.00,2.50,0.00
542,10.50,1.5,0.60,0.00,3.00,0.00,4.10
543,9.90,4.3,0.50,0.10,2.00,3.50,1.30
544,9.00,2.5,1.20,1.40,2.40,3.60,0.40
545,9.00,246.0,48.00,66.00,1.70,2.00,1.90
546,8.30,not recorded,0.30,0.00,1.00,2.40,5.50
547,9.20,3.5,0.80,,1.50,2.10,
548,9.50,120.0,54.00,0.50,3.80,0.00,3.50
549,10.70,3.0,1.20,0.00,3.90,2.70,3.20
550,11.00,4.0,,0.20,3.40,3.00,0.90
551,10.80,TBD,0.30,0.00,3.20,1.00,4.20
552,10.00,5.5,1.10,0.70,0.50,2.40,2.90
553,11.50,4.2,0.80,,0.90,3.00,2.50
554,9.00,5.5,1.20,0.00,1.20,,1.80
555,9.00,6.5,0.90,1.20,0.40,4.50,0.90
556,11.30,0.0,1.90,0.00,1.90,1.90,
557,11.50,1.4,1.40,0.00,4.50,1.00,4.50
558,10.00,2.2,0.40,0.10,,2.00,3.90
559,10.00,3.5,0.60,1.00,,3.80,3.00
560,8.00,1.3,1.20,1.20,,2.40,1.20
561,11.70,3.0,0.70,0.70,3.50,1.70,3.50
562,10.70,2.8,0.50,0.00,2.00,0.80,4.20
563,11.40,90.0,54.00,30.00,3.50,3.50,2.20
564,9.00,2.9,0.60,0.00,1.00,3.00,4.50
565,7.80,5.5,0.70,1.30,0.90,3.70,2.40
566,9.00,7.0,0.10,0.10,4.00,2.50,2.50
567,10.60,156.0,90.00,0.00,3.50,1.70,2.00
568,9.50,,0.50,0.50,2.20,3.20,3.50
569,11.00,0.5,0.00,,,,5.30
570,,3.2,,0.70,3.60,2.00,3.00
571,9.40,2.5,0.40,1.20,1.80,3.70,2.50
572,9.50,4.5,0.60,0.40,0.00,2.30,3.60
573,9.50,5.6,1.20,1.00,0.50,5.10,0.50
574,,1.5,0.40,0.60,2.50,,2.40
575,9.00,2.0,1.20,1.80,4.00,3.00,3.00
576,10.00,2.0,0.40,1.00,3.50,2.60,1.90
577,9.70,300.0,60.00,30.00,1.90,4.30,1.50
578,11.50,1.5,0.50,0.40,3.80,0.60,3.50
579,10.50,0.8,1.50,0.80,1.50,2.10,3.50
580,8.00,3.6,0.40,0.60,0.00,2.40,2.20
581,9.40,,1.40,1.00,3.70,1.30,4.00
582,9.00,4.5,0.30,1.20,2.10,3.00,2.50
583,10.80,3.0,0.90,0.00,2.00,1.70,4.50
584,9.00,5.2,1.10,0.10,3.90,3.00,1.60
585,9.40,2.5,0.40,0.30,2.20,,3.00
586,,1.9,1.00,0.80,2.40,0.00,3.40
587,9.50,6.5,1.00,0.20,0.20,3.00,3.50
588,9.60,3.0,1.10,1.00,4.10,2.00,3.60
589,9.60,,66.00,18.00,2.50,0.70,3.00
590,11.50,4.6,0.00,0.30,1.70,1.70,2.50
591,10.50,3.5,0.30,0.20,,,2.50
592,8.50,4.0,0.90,1.70,1.00,3.20,0.40
593,9.50,0.0,0.40,0.80,1.30,0.50,3.00
594,9.50,5.0,0.90,,3.00,1.60,3.00
595,10.00,4.2,1.30,0.00,2.30,2.00,3.30
596,10.50,2.5,0.90,0.00,1.60,0.00,2.80
597,10.50,2.6,0.40,0.50,6.40,3.00,2.00
598,11.30,not recorded,90.00,18.00,1.00,1.50,2.30
599,10.20,4.0,1.20,0.00,1.40,2.00,
600,11.30,TBD,54.00,36.00,0.80,1.50,3.00
601,10.10,168.0,18.00,36.00,2.60,2.50,3.00
602,8.70,3.4,0.80,0.80,4.90,3.00,3.40
603,10.40,4.6,1.30,0.60,1.50,2.50,2.70
604,,360.0,12.00,72.00,1.00,2.30,3.00
605,9.90,3.5,1.10,0.50,2.50,1.50,1.50
606,10.30,3.5,0.70,0.00,0.00,0.60,4.10
607,10.50,174.0,96.00,0.00,4.00,0.50,4.00
608,11.00,1.5,1.00,,1.40,1.40,
609,10.00,1.5,,0.90,4.80,1.40,4.20
610,9.80,1.2,0.10,0.00,,2.50,2.40
611,9.80,150.0,12.00,30.00,1.40,2.90,0.50
612,8.50,330.0,66.00,1.20,1.10,4.00,1.50
613,9.00,198.0,24.00,0.00,2.90,2.40,1.70
614,10.00,2.5,1.10,0.60,,3.00,2.30
615,9.90,0.0,1.10,0.40,4.00,,4.00
616,9.00,2.5,0.80,0.00,2.60,2.70,1.00
617,9.00,4.5,0.10,0.80,1.80,3.50,3.00
618,11.10,3.4,1.10,0.20,2.00,2.30,2.80
619,8.50,,0.60,0.10,1.50,1.00,4.10
620,11.20,150.0,48.00,1.00,1.90,3.00,3.20
621,9.00,4.0,1.60,1.90,3.50,,2.00
622,10.50,1.5,0.00,0.00,1.00,0.10,3.50
623,10.00,6.6,,0.90,0.80,3.00,0.60
624,,0.5,0.00,0.00,3.50,0.00,5.10
625,10.00,--,0.50,1.10,2.50,3.50,2.00
626,11.50,,1.50,0.30,0.90,1.80,2.00
627,9.00,6.3,0.90,0.00,1.90,2.50,2.50
628,,3.0,1.00,0.00,1.30,0.50,3.00
629,8.60,3.1,1.30,0.70,2.50,2.20,2.00
630,9.80,4.0,0.30,0.00,1.50,4.40,1.00
631,8.20,2.4,1.10,,2.10,2.00,1.60
632,9.00,4.5,0.90,1.50,2.50,4.10,0.50
633,10.00,3.0,1.10,0.40,1.50,3.00,
634,8.60,282.0,12.00,54.00,3.00,4.00,1.90
635,9.10,6.0,1.60,,3.50,0.90,2.80
636,8.80,210.0,0.00,72.00,2.30,3.60,4.00
637,9.00,3.7,0.00,0.00,2.50,3.30,2.20
638,11.00,3.0,0.00,0.70,3.50,2.00,3.00
639,,3.0,1.10,0.00,2.10,1.50,2.00
640,,1.5,0.70,0.30,4.00,2.50,2.80
641,9.00,5.0,0.50,0.60,1.00,2.70,3.00
642,,4.5,0.40,0.60,1.50,3.70,1.10
643,,5.5,1.40,0.80,2.00,3.00,1.50
644,,1.5,0.00,0.20,2.40,1.00,3.80
645,11.40,3.0,0.80,0.00,3.00,0.00,3.50
646,9.60,5.5,1.60,0.90,0.00,1.40,
647,8.50,0.5,0.40,0.10,2.30,1.50,4.60
648,11.00,6.1,0.50,0.00,0.60,2.00,3.00
649,10.50,0.9,0.80,0.00,2.80,4.00,3.50
650,9.00,0.1,,0.00,3.50,2.00,3.50
651,9.30,1.6,1.70,0.00,3.40,1.50,1.80
652,10.00,5.0,0.60,0.40,1.30,3.30,3.00
653,11.00,270.0,,36.00,1.00,2.20,2.80
654,8.20,384.0,48.00,12.00,1.50,4.00,
655,9.10,6.0,0.30,0.80,0.50,3.90,1.20
656,8.70,4.7,1.00,1.70,2.50,3.50,1.40
657,8.40,5.4,0.90,0.80,2.50,3.00,2.00
658,9.60,1.0,0.90,0.50,1.50,,3.60
659,10.00,60.0,18.00,0.00,4.20,1.90,2.00
660,9.00,3.6,2.00,0.90,1.50,3.50,1.40
661,9.00,3.2,1.10,0.20,3.00,1.00,3.00
662,10.00,3.0,0.90,0.40,2.80,1.50,3.90
663,9.90,5.0,0.80,1.00,1.10,3.50,1.10
664,8.70,6.5,0.00,1.60,1.00,2.70,2.40
665,10.70,3.3,0.00,0.30,2.50,1.00,0.60
666,10.90,1.7,1.00,1.10,3.00,0.80,4.60
667,11.80,0.9,0.50,0.60,2.70,2.30,3.00
668,11.20,1.0,0.80,0.00,1.90,0.50,5.10
669,10.50,,1.30,0.00,2.00,2.60,2.00
670,10.00,210.0,12.00,0.00,3.00,2.00,2.00
671,11.00,4.0,0.20,0.00,4.00,3.00,2.50
672,10.50,6.5,0.60,0.30,0.90,3.00,2.20
673,9.20,3.4,0.50,0.50,2.50,4.00,4.00
674,9.50,1.5,0.50,0.00,2.60,0.10,3.10
675,11.00,84.0,,0.00,4.40,2.30,4.00
676,9.50,2.5,0.50,0.40,0.50,2.70,3.10
677,9.50,1.5,1.30,0.70,1.00,2.00,1.60
678,10.50,3.0,0.70,0.50,2.10,4.00,2.00
679,10.50,90.0,48.00,24.00,3.80,2.00,1.50
680,9.20,4.7,0.40,0.60,1.20,5.00,1.50
681,9.80,2.0,0.80,0.80,0.20,,1.90
682,10.10,1.0,0.80,0.10,4.00,3.50,3.70
683,8.00,264.0,36.00,42.00,1.50,1.80,1.00
684,9.00,336.0,90.00,66.00,1.50,2.50,1.50
685,9.00,not recorded,1.30,1.20,4.60,3.00,1.50
686,7.40,2.5,0.00,0.00,1.50,3.90,2.00
687,9.00,6.0,1.40,1.00,1.70,4.00,1.20
688,10.50,3.0,0.30,0.00,1.10,3.20,3.30
689,9.10,n/a,1.00,2.40,2.00,2.70,
690,9.80,3.6,,1.50,1.40,2.30,2.50
691,8.90,1.9,0.20,0.70,4.90,3.00,2.20
692,10.10,1.6,1.20,0.00,4.50,2.50,3.40
693,10.50,<1,48.00,72.00,1.00,3.00,1.10
694,7.60,,0.50,1.20,1.50,3.00,1.00
695,10.50,2.1,1.80,0.20,3.00,1.90,3.40
696,11.50,3.3,0.90,0.00,2.00,3.30,2.50
697,12.00,0.5,1.20,0.60,2.60,1.50,5.00
698,9.50,2.0,0.70,1.00,3.50,0.50,4.50
699,11.90,,0.90,0.70,2.80,1.00,4.00
700,8.80,180.0,0.00,0.00,4.10,,4.00
701,9.00,5.0,0.90,0.50,2.00,3.30,2.20
702,9.50,1.2,0.80,0.30,3.00,1.60,1.40
703,9.50,,0.50,,3.50,1.30,4.60
704,,198.0,24.00,72.00,1.50,2.50,3.10
705,10.00,1.3,0.90,1.70,4.00,1.70,1.00
706,10.20,0.5,0.20,0.10,,1.50,3.50
707,10.40,,,0.70,4.00,1.50,2.50
708,10.00,5.0,0.20,1.00,,2.20,2.50
709,10.00,1.3,0.80,0.00,3.80,0.50,3.00
710,,0.3,0.70,,,0.00,3.50
711,,42.0,6.00,12.00,1.70,1.50,2.40
712,9.50,2.0,0.00,0.10,2.70,2.50,3.00
713,10.50,5.2,0.40,0.50,2.00,2.50,2.50
714,9.30,5.6,1.10,0.00,1.10,1.50,2.80
715,,,0.20,0.00,,0.50,1.50
716,9.50,1.8,0.90,1.70,2.30,2.50,0.00
717,11.00,--,0.00,0.50,2.80,2.50,2.50
718,8.60,,0.80,,3.90,3.30,1.30
719,8.50,1.5,0.70,1.30,3.00,0.00,
720,8.00,3.5,1.70,0.40,2.50,4.00,0.70
721,9.70,4.7,1.70,0.00,1.00,3.70,1.50
722,9.00,1.8,0.80,0.90,3.00,1.50,3.90
723,,300.0,60.00,24.00,2.00,2.40,2.70
724,6.00,4.9,1.10,0.50,1.90,3.70,1.30
725,11.50,0.0,1.00,0.20,5.00,0.00,
726,9.00,4.0,0.30,0.40,1.50,4.60,1.80
727,8.80,4.3,0.00,0.00,2.00,3.00,4.00
728,9.90,4.7,2.10,0.00,0.70,2.70,1.70
729,10.50,336.0,42.00,24.00,1.00,2.00,2.50
730,8.40,,1.10,1.10,0.30,,1.50
731,11.20,30.0,78.00,0.00,1.00,3.70,4.00
732,,5.2,0.80,1.10,3.80,4.40,0.70
733,,6.4,1.10,1.10,1.40,4.00,0.90
734,9.50,not recorded,1.10,0.40,4.10,1.20,4.70
735,6.00,6.0,1.50,1.80,1.90,6.00,
736,10.50,5.0,0.00,0.00,1.50,3.50,2.10
737,,,0.70,0.70,2.50,2.70,3.90
738,10.00,0.5,0.00,0.00,4.90,2.00,4.00
739,10.20,1.6,0.40,0.00,1.40,2.00,2.20
740,11.50,2.8,0.90,0.00,1.60,0.50,4.50
741,11.50,150.0,24.00,0.00,1.60,1.20,3.00
742,10.60,2.1,0.40,0.40,3.40,3.40,2.20
743,,,0.50,1.50,3.90,2.50,3.00
744,9.20,TBD,0.90,1.50,2.00,2.20,3.00
745,8.30,3.1,0.00,0.40,5.00,1.50,2.20
746,10.00,3.0,0.20,0.60,1.00,3.60,3.60
747,10.00,330.0,24.00,6.00,0.70,2.10,3.00
748,9.00,0.5,0.00,0.40,2.00,1.50,3.00
749,9.50,3.0,0.30,0.50,2.00,2.40,3.20
750,10.50,3.0,0.20,0.00,0.30,1.00,3.00
751,8.00,72.0,0.00,60.00,3.00,3.00,1.80
752,10.70,120.0,90.00,,2.00,1.00,3.20
753,9.50,198.0,36.00,0.00,2.30,0.50,4.20
754,11.00,0.6,1.60,0.00,1.50,2.10,4.40
755,8.60,390.0,84.00,24.00,0.30,3.50,3.00
756,10.00,4.5,0.30,1.10,2.00,2.50,2.00
757,10.30,0.7,0.30,0.00,1.70,2.50,2.80
758,10.20,3.0,1.00,1.30,1.50,1.70,3.50
759,12.50,72.0,0.00,0.00,5.00,2.50,3.40
760,11.30,1.5,1.10,0.10,1.50,2.70,
761,10.80,2.0,1.00,0.40,4.50,2.90,1.50
762,9.50,2.5,0.70,1.10,4.50,3.10,0.90
763,10.00,2.6,0.00,0.60,2.50,1.20,3.00
764,9.60,,0.20,1.00,3.00,2.90,3.70
765,8.20,2.0,0.10,1.10,3.00,3.00,3.00
766,11.50,90.0,36.00,0.00,,1.20,2.10
767,8.50,5.5,1.00,0.80,2.00,,1.50
768,10.50,2.4,0.80,0.00,3.20,1.50,3.70
769,11.60,4.7,1.00,0.00,1.90,1.00,3.00
770,9.30,3.8,0.00,0.30,2.00,2.10,2.00
771,9.00,0.0,0.70,0.90,2.50,,4.60
772,9.60,0.7,0.80,0.60,2.00,1.70,5.30
773,7.50,120.0,84.00,,2.20,3.00,3.60
774,,3.5,1.30,0.00,1.20,3.90,2.50
775,9.60,not recorded,1.00,0.40,1.00,2.90,3.50
776,10.50,2.5,1.20,0.70,4.60,2.50,
777,10.40,0.9,0.50,0.00,3.00,1.00,4.00
778,8.10,4.4,0.30,0.50,2.70,3.50,3.50
779,10.00,1.0,,1.40,2.60,1.50,4.50
780,9.50,1.7,0.70,0.00,3.00,0.00,3.50
781,10.00,--,54.00,0.00,1.00,2.00,
782,9.00,2.0,0.10,0.90,2.30,2.90,
783,11.00,1.5,0.00,0.60,2.50,3.50,4.00
784,10.50,3.5,1.20,1.10,1.00,3.50,1.80
785,10.20,210.0,18.00,0.00,2.00,4.00,2.50
786,9.00,3.4,1.20,0.70,3.00,3.30,1.50
787,11.30,0.5,0.00,0.00,5.00,0.00,3.40
788,8.50,276.0,18.00,54.00,,4.60,2.20
789,9.60,1.6,0.90,0.10,3.10,,3.00
790,8.00,186.0,18.00,102.00,2.00,2.30,1.60
791,10.50,3.8,0.60,0.20,3.00,,3.00
792,10.40,1.2,0.40,0.00,2.30,,2.00
793,11.00,3.5,1.20,0.30,4.00,,1.90
794,9.00,3.0,0.50,0.60,2.30,1.30,4.00
795,7.90,4.5,0.30,0.00,2.40,2.00,5.40
796,,5.0,1.90,0.10,1.00,2.10,2.80
797,8.50,294.0,30.00,0.00,3.00,3.40,3.00
798,10.70,3.5,1.10,0.10,2.50,3.20,2.00
799,11.10,204.0,90.00,0.00,1.00,1.00,4.50
800,11.00,n/a,0.50,0.00,3.10,1.40,3.50
801,9.60,2.5,0.00,0.00,2.00,3.20,5.20
802,9.50,4.0,0.70,1.70,2.00,,1.50
803,8.80,4.5,0.20,0.60,3.30,1.50,3.00
804,,3.0,0.20,0.00,,1.20,2.00
805,9.70,1.0,1.30,0.70,4.00,2.00,2.20
806,9.20,6.1,,0.00,2.00,3.00,0.20
807,7.40,3.8,1.60,1.40,3.80,2.00,2.30
808,8.70,6.0,0.90,1.20,1.90,4.50,0.00
809,9.70,240.0,,0.30,2.60,3.50,1.50
810,7.40,6.0,1.30,1.10,1.00,4.10,1.90
811,10.50,0.0,0.00,0.00,3.60,,2.10
812,10.70,3.5,0.80,0.00,3.00,1.80,4.60
813,10.50,2.0,0.90,0.50,5.10,0.50,3.00
814,10.00,360.0,12.00,0.10,4.50,,1.50
815,7.30,5.5,0.50,0.90,4.10,4.50,2.30
816,9.10,5.0,1.40,0.30,2.60,3.00,2.80
817,10.30,210.0,18.00,0.00,4.00,0.00,4.00
818,10.00,0.0,36.00,0.00,2.00,0.50,3.10
819,8.50,300.0,120.00,2.00,0.70,3.40,2.00
820,10.20,4.0,1.00,0.80,1.50,2.00,3.00
821,10.50,3.7,0.70,0.00,,2.50,3.30
822,12.20,1.0,0.50,1.40,2.00,,3.60
823,9.70,,0.70,0.70,3.00,1.60,5.70
824,9.00,4.5,0.40,0.80,2.10,2.40,3.00
825,9.60,90.0,48.00,60.00,,2.10,2.50
826,10.30,2.0,1.10,0.70,1.60,2.30,3.50
827,8.30,330.0,24.00,,1.50,3.20,2.00
828,7.30,2.5,0.50,1.20,2.90,4.00,2.90
829,10.50,174.0,90.00,,3.30,3.10,0.80
830,8.70,n/a,0.20,0.00,2.90,3.50,3.00
831,9.80,4.4,0.80,0.00,2.50,3.50,3.30
832,9.30,210.0,12.00,0.00,1.00,1.40,2.00
833,9.60,1.5,1.00,0.00,2.50,1.50,5.60
834,10.50,1.8,1.00,0.50,0.50,3.50,4.70
835,10.00,1.4,0.60,0.20,1.00,1.00,4.00
836,9.10,2.8,1.00,1.50,3.00,3.00,2.00
837,10.50,,,0.20,2.80,3.20,
838,7.30,5.7,0.80,0.70,2.30,4.20,2.00
839,10.00,4.1,0.00,0.50,2.50,1.70,4.30
840,7.50,4.0,0.30,1.40,1.00,4.00,0.00
841,10.30,270.0,66.00,0.60,,2.00,2.90
842,10.50,2.8,0.00,0.00,1.40,0.60,6.00
843,9.00,270.0,12.00,48.00,1.00,2.70,0.60
844,9.50,5.0,1.10,0.10,1.50,3.70,1.80
845,10.50,198.0,78.00,30.00,3.00,1.50,3.40
846,9.40,0.3,0.10,0.00,2.60,3.00,3.50
847,8.50,,0.80,0.30,2.20,1.50,3.00
848,10.00,2.0,,0.60,5.00,2.50,3.50
849,8.80,2.3,0.60,0.10,6.00,3.40,3.30
850,10.50,1.4,1.30,0.10,3.60,3.50,0.90
851,9.50,5.7,,0.00,0.00,2.10,3.90
852,9.70,1.6,0.80,0.00,1.50,2.00,5.00
853,9.90,0.6,0.70,1.00,2.50,3.50,3.00
854,10.00,3.0,1.10,0.20,2.00,,3.50
855,9.50,4.0,0.00,0.30,3.50,1.00,4.50
856,10.90,3.4,0.80,0.40,2.00,1.50,3.50
857,10.40,2.2,0.70,0.50,2.50,0.60,3.50
858,8.50,4.5,0.70,1.00,3.50,4.20,1.50
859,10.50,1.8,0.60,0.20,4.00,1.50,3.00
860,9.00,4.2,0.90,1.40,0.10,2.60,0.90
861,11.10,n/a,,12.00,2.90,1.00,1.00
862,8.50,2.1,0.10,0.90,3.50,2.70,2.50
863,11.00,192.0,54.00,18.00,2.50,3.00,2.40
864,9.00,6.5,0.50,,1.50,1.20,4.60
865,8.00,3.5,1.10,0.60,1.50,,3.80
866,10.00,3.6,1.10,0.30,2.20,3.50,2.10
867,9.00,0.4,1.40,0.20,2.70,4.50,1.40
868,9.20,4.0,0.00,,1.50,3.60,2.70
869,6.50,5.0,0.30,0.60,,3.00,2.90
870,10.10,0.5,1.90,0.80,4.90,2.70,3.10
871,11.00,0.5,1.00,0.30,2.90,1.50,6.00
872,8.90,4.1,0.90,1.10,0.50,3.90,3.00
873,8.50,>60,,0.40,1.00,2.80,2.40
874,8.00,4.0,0.70,1.30,2.00,4.00,
875,9.00,3.9,0.80,0.50,,,2.00
876,10.20,2.4,1.10,0.60,3.00,1.50,4.50
877,7.50,7.0,1.40,1.40,2.00,3.40,1.50
878,9.90,6.5,0.20,0.40,1.00,2.80,
879,9.00,300.0,54.00,0.00,3.10,3.00,1.50
880,9.00,5.8,0.50,1.10,3.30,2.30,2.40
881,8.40,4.0,1.30,1.00,2.50,3.70,2.90
882,9.00,3.0,1.20,1.90,2.00,2.50,2.50
883,10.50,2.7,1.30,0.80,2.30,2.60,
884,8.30,3.3,0.80,1.00,4.10,3.50,1.80
885,10.40,,0.10,0.50,2.00,2.50,4.30
886,8.60,2.5,0.30,0.60,5.00,2.00,5.90
887,10.00,0.5,0.40,0.00,4.20,2.20,2.50
888,8.00,,1.20,1.60,2.30,3.80,0.70
889,9.00,1.5,0.00,0.80,2.00,3.00,3.50
890,11.30,5.0,0.90,0.30,0.40,2.60,3.00
891,11.00,2.9,0.50,1.30,1.30,3.50,1.80
892,9.40,294.0,6.00,66.00,1.00,3.10,3.00
893,9.10,1.9,0.10,,5.80,3.50,2.80
894,9.00,5.0,1.10,0.20,0.00,2.80,1.60
895,10.30,150.0,48.00,0.00,3.20,,2.50
896,8.20,2.7,0.80,1.30,,1.50,2.70
897,9.50,4.6,0.00,0.40,2.20,2.50,2.70
898,11.50,330.0,36.00,,2.20,2.00,1.00
899,11.90,n/a,0.00,0.40,2.00,2.50,2.80
900,10.30,4.3,0.10,0.20,2.00,0.00,5.10
901,7.50,360.0,96.00,0.70,1.30,4.50,1.50
902,10.40,3.5,1.50,1.20,,2.50,2.10
903,9.00,180.0,84.00,1.50,2.40,3.10,
904,9.60,3.3,1.00,,2.00,2.30,3.30
905,10.30,3.2,1.00,1.40,4.50,1.00,1.50
906,9.60,0.5,0.50,0.50,4.00,0.00,4.30
907,12.40,114.0,30.00,12.00,4.50,1.50,3.50
908,10.80,2.0,0.10,0.20,3.20,1.00,3.60
909,10.00,2.0,0.40,1.90,3.50,2.10,1.30
910,9.60,6.5,0.50,0.70,0.70,3.20,1.80
911,10.00,1.8,0.80,0.00,3.50,,2.80
912,10.00,2.9,0.50,0.00,2.60,4.00,3.80
913,8.50,,0.90,0.60,1.50,4.00,1.00
914,10.00,5.2,1.00,0.20,,2.10,3.50
915,10.00,TBD,1.90,0.80,1.40,2.50,2.00
916,10.70,4.0,0.20,0.00,2.00,2.50,3.00
917,9.50,48.0,6.00,0.70,8.00,2.50,4.50
918,11.00,120.0,30.00,0.00,,2.00,3.40
919,9.70,3.8,1.20,0.10,3.00,2.00,2.00
920,11.40,4.9,0.00,0.00,1.90,1.90,4.00
921,9.90,,30.00,48.00,1.50,2.00,4.00
922,11.20,0.5,0.00,0.00,3.50,0.50,4.20
923,10.30,2.0,0.00,0.00,1.50,2.50,4.50
924,9.80,2.7,0.30,1.90,2.50,3.60,1.00
925,11.10,1.3,0.70,0.60,3.50,,4.70
926,11.00,222.0,96.00,42.00,,1.40,3.50
927,8.80,3.8,0.50,0.90,2.00,2.50,
928,9.50,2.7,0.60,0.80,2.50,1.70,4.70
929,10.00,,1.50,0.10,1.00,3.50,2.00
930,7.20,5.5,0.70,0.40,1.20,2.10,1.50
931,11.00,4.5,0.90,0.00,0.90,2.70,3.30
932,10.60,3.5,0.80,0.20,2.40,2.50,3.00
933,8.00,120.0,60.00,54.00,2.00,3.00,2.00
934,10.60,3.0,0.00,0.00,1.40,2.30,3.50
935,9.00,5.2,1.70,0.90,4.80,3.50,0.20
936,9.10,60.0,60.00,0.00,,2.50,1.70
937,9.20,1.0,1.30,0.20,3.00,3.00,3.50
938,9.40,0.5,0.80,0.20,4.70,1.50,4.00
939,9.50,5.3,1.20,0.30,0.80,2.00,2.20
940,11.20,3.4,1.00,0.50,3.50,,3.60
941,9.00,2.9,1.30,0.00,1.80,1.00,1.50
942,11.00,0.0,0.90,0.40,1.10,,3.00
943,8.40,3.8,0.00,0.90,3.00,2.90,1.40
944,,3.9,0.60,,2.00,3.60,3.20
945,10.80,2.5,1.00,0.00,2.20,,5.00
946,8.70,3.5,0.50,0.40,2.40,3.50,3.00
947,9.50,366.0,12.00,0.80,,4.00,2.70
948,8.50,3.5,0.10,0.00,3.40,3.50,3.00
949,9.50,<1,1.00,0.80,2.00,3.90,2.00
950,10.00,5.0,1.40,0.20,0.50,3.20,2.50
951,10.10,3.0,0.40,1.40,2.40,4.50,0.50
952,11.00,,0.00,,1.10,2.50,5.00
953,9.00,5.6,0.90,1.20,0.40,3.80,1.80
954,10.50,4.0,0.00,0.00,0.30,3.70,4.40
955,10.00,5.0,1.20,0.00,1.50,3.10,1.00
956,9.50,0.0,0.60,0.60,2.20,3.00,2.50
957,9.10,120.0,36.00,1.40,0.10,2.00,1.60
958,9.00,0.9,1.20,2.10,1.70,2.80,2.70
959,9.90,1.8,0.60,0.80,5.40,2.40,3.00
960,10.60,2.0,1.10,0.90,4.10,2.50,2.50
961,10.00,252.0,48.00,24.00,3.60,1.50,2.50
962,9.60,3.0,0.00,0.20,1.00,1.50,5.00
963,11.30,0.0,0.80,0.00,3.00,0.60,4.20
964,10.00,3.0,0.50,0.00,3.50,2.50,2.50
965,10.10,0.5,0.30,0.00,3.50,2.50,
966,7.30,8.7,0.60,1.30,1.00,3.40,1.20
967,10.50,0.5,0.20,0.00,0.60,1.00,2.70
968,7.00,450.0,66.00,2.00,1.00,3.50,0.00
969,10.00,0.5,0.70,0.00,2.80,2.50,2.00
970,8.50,,0.90,0.50,0.50,,2.20
971,10.50,0.0,0.00,0.10,3.70,0.10,4.30
972,,138.0,0.00,0.00,4.00,3.50,2.00
973,9.00,4.7,0.30,0.80,1.00,4.00,0.50
974,10.00,402.0,54.00,60.00,0.60,3.70,0.60
975,9.70,348.0,36.00,0.00,2.50,3.20,2.60
976,,120.0,18.00,0.00,2.10,2.00,4.60
977,10.00,3.9,0.00,0.40,0.50,1.70,5.20
978,10.20,4.4,0.90,0.00,0.70,2.00,4.60
979,8.00,180.0,18.00,60.00,,3.70,1.20
980,8.40,6.0,0.40,0.90,1.50,4.20,1.20
981,9.20,222.0,48.00,0.00,1.10,3.70,3.10
982,11.00,2.0,0.10,0.00,1.80,4.00,3.40
983,9.50,288.0,60.00,48.00,2.50,1.50,3.00
984,11.70,3.5,1.00,0.20,2.50,1.30,3.50
985,7.50,5.5,0.20,0.40,0.00,5.30,3.00
986,8.40,3.0,1.70,0.40,2.40,3.00,0.90
987,11.50,not recorded,24.00,24.00,0.90,1.00,3.50
988,8.50,72.0,12.00,48.00,1.00,2.00,3.30
989,11.50,2.0,0.30,0.00,4.80,3.00,3.00
990,9.70,318.0,0.00,102.00,1.10,4.50,0.30
991,10.00,3.7,0.40,,,2.50,3.00
992,8.40,282.0,30.00,,2.50,3.90,1.80
993,10.60,270.0,6.00,0.00,1.00,1.40,3.50
994,11.00,0.2,0.60,1.00,2.40,1.00,3.00
995,9.00,2.0,0.30,,5.50,1.10,4.00
996,10.00,1.8,0.90,0.00,,1.00,2.50
997,10.90,1.8,1.40,0.00,1.50,2.70,
998,9.00,186.0,36.00,0.00,1.00,1.00,2.10
999,11.30,4.5,0.60,0.80,1.20,2.50,2.50
1000,11.50,120.0,12.00,0.20,2.00,3.40,3.00
1001,10.00,2.7,0.00,,2.90,2.00,2.00
1002,,3.0,0.50,0.00,1.70,1.50,3.10
1003,9.10,2.5,1.10,0.10,2.60,2.50,2.30
1004,8.50,5.0,1.30,0.90,1.00,2.00,0.50
1005,10.50,0.3,0.50,0.60,1.70,0.00,
1006,8.90,<1,1.20,1.90,3.00,3.10,2.00
1007,8.70,204.0,,54.00,2.60,2.30,3.70
1008,9.00,3.5,1.10,1.10,0.60,3.00,2.60
1009,9.90,3.3,1.10,1.00,2.30,4.00,2.00
1010,10.50,1.5,0.70,0.60,2.70,,3.40
1011,10.00,2.2,0.60,0.60,2.00,0.50,4.40
1012,12.00,,1.20,0.00,2.00,1.90,2.90
1013,,4.2,1.10,0.40,2.50,2.50,2.50
1014,10.00,3.6,0.20,0.50,2.50,3.00,2.50
1015,9.80,120.0,6.00,6.00,3.00,2.50,
1016,,60.0,42.00,1.00,4.00,2.40,
1017,11.20,2.0,0.80,0.00,2.50,1.90,5.00
1018,8.90,2.0,1.10,0.30,1.50,1.50,3.50
1019,10.00,5.5,0.50,1.50,2.00,2.30,1.60
1020,8.80,5.5,,0.00,1.00,3.30,1.20
1021,9.50,3.0,0.90,0.20,1.00,1.40,4.60
1022,11.30,1.4,1.00,0.30,3.00,2.00,2.00
1023,11.30,,,60.00,3.50,1.30,3.90
1024,9.00,,,,2.50,0.60,3.00
1025,8.30,294.0,66.00,,1.50,2.80,
1026,10.50,,1.10,0.60,3.00,2.50,1.80
1027,8.00,5.0,0.10,0.30,2.50,3.00,4.40
1028,11.50,120.0,54.00,30.00,3.00,2.50,3.50
1029,10.50,1.8,0.20,,3.70,1.20,5.90
1030,6.90,2.5,0.20,1.00,2.00,,1.20
1031,8.00,3.6,1.00,2.00,2.00,2.50,2.00
1032,11.50,60.0,66.00,0.30,1.90,1.50,4.30
1033,10.00,30.0,18.00,0.10,4.90,1.50,2.70
1034,8.60,0.9,0.40,0.00,2.00,3.50,3.00
1035,11.50,60.0,,0.00,4.00,1.20,4.50
1036,10.70,2.7,0.20,,3.50,1.90,4.00
1037,,3.5,0.00,,5.10,2.50,2.00
1038,10.00,78.0,42.00,36.00,2.10,3.10,4.00
1039,9.00,4.0,0.90,1.20,1.40,2.80,2.50
1040,10.50,<1,24.00,1.30,2.90,3.50,2.00
1041,9.90,42.0,30.00,12.00,2.00,2.00,4.00
1042,10.00,2.0,0.80,0.20,1.50,1.70,4.10
1043,10.20,3.1,0.90,0.00,7.10,2.50,1.30
1044,11.70,3.8,0.40,0.40,1.40,2.20,3.00
1045,9.00,<1,0.40,0.00,2.20,1.90,2.90
1046,9.60,4.2,0.50,0.20,,2.50,2.50
1047,11.50,not recorded,0.80,0.00,1.50,1.20,
1048,9.50,4.6,0.50,1.30,0.50,4.00,3.00
1049,10.00,4.5,0.80,0.10,1.70,3.00,3.00
1050,10.00,2.0,0.10,,2.70,0.80,2.00
1051,9.50,5.5,0.70,1.00,0.50,3.50,2.00
1052,10.00,2.4,1.00,0.30,2.50,3.10,2.30
1053,10.50,1.0,0.00,0.00,6.00,0.40,3.50
1054,9.80,2.1,0.60,0.00,4.00,2.50,4.00
1055,10.70,3.7,0.90,0.00,1.50,3.50,2.60
1056,12.00,120.0,54.00,0.80,2.20,2.70,3.00
1057,9.50,0.5,0.00,0.00,2.00,1.70,4.00
1058,9.50,4.8,0.80,1.00,2.50,3.90,1.00
1059,10.00,,0.10,0.20,3.50,1.90,1.50
1060,10.40,3.5,0.30,0.30,0.80,3.50,1.70
1061,8.30,4.5,0.70,1.50,2.90,2.70,2.10
1062,,2.0,0.20,,5.00,3.10,3.00
1063,10.50,180.0,24.00,,2.10,,5.00
1064,8.00,<1,0.20,0.20,3.60,2.60,4.00
1065,12.00,>60,0.00,0.30,0.00,1.00,3.00
1066,11.50,6.0,0.60,0.20,1.60,2.50,1.50
1067,8.50,0.8,0.10,0.00,3.00,3.00,2.40
1068,8.70,396.0,18.00,0.60,0.70,3.60,2.00
1069,8.00,2.5,0.90,0.20,2.30,4.20,1.10
1070,11.50,3.0,1.30,0.00,1.00,3.30,2.30
1071,11.00,1.1,0.70,0.00,4.00,0.50,5.40
1072,9.50,270.0,,0.00,,3.40,3.00
1073,10.90,2.9,0.90,0.50,1.00,2.20,3.50
1074,9.70,4.0,0.10,0.70,2.90,3.00,3.00
1075,12.30,2.3,0.60,0.60,2.50,1.50,4.00
1076,10.60,0.0,0.00,12.00,5.50,0.50,3.00
1077,9.20,,1.00,0.90,1.50,3.90,3.10
1078,9.00,186.0,0.00,30.00,1.70,4.80,
1079,10.00,216.0,132.00,54.00,0.50,0.70,1.70
1080,9.50,0.0,1.10,0.00,1.00,1.00,2.30
1081,10.50,1.7,0.00,0.00,2.80,1.80,5.50
1082,9.50,270.0,42.00,18.00,2.20,3.00,2.80
1083,11.50,2.6,0.60,0.00,1.80,0.50,3.00
1084,9.00,252.0,66.00,0.60,1.00,3.70,1.20
1085,10.70,2.1,1.00,0.70,0.90,1.30,3.00
1086,9.50,4.0,0.40,0.20,1.50,3.40,2.50
1087,10.90,3.5,0.70,0.00,,2.50,3.50
1088,10.60,1.2,0.80,0.00,3.00,1.00,4.10
1089,8.50,,54.00,0.30,2.80,3.30,2.00
1090,9.50,4.6,1.10,0.10,1.10,0.50,4.00
1091,12.00,4.2,1.10,0.00,3.00,1.70,1.40
1092,9.90,2.4,1.20,0.30,0.80,1.90,2.00
1093,9.50,4.5,0.90,1.60,1.50,,0.00
1094,10.10,4.0,1.50,,0.60,2.50,1.10
1095,7.50,4.2,0.40,2.00,2.00,3.60,2.00
1096,8.40,2.0,0.40,,2.00,2.90,
1097,9.00,,0.10,0.70,0.50,3.00,0.80
1098,9.50,210.0,42.00,66.00,1.10,2.50,2.90
1099,10.50,150.0,30.00,60.00,4.00,1.00,3.00
1100,10.20,354.0,,30.00,1.30,2.50,3.00
1101,9.10,180.0,18.00,54.00,2.50,1.70,2.50
1102,11.40,4.0,0.90,0.60,1.80,1.80,2.00
1103,10.50,2.2,1.50,0.00,1.50,4.00,2.00
1104,,4.1,0.70,0.70,1.50,2.50,2.50
1105,11.30,114.0,66.00,0.00,5.00,1.50,4.00
1106,9.50,2.5,0.00,1.90,2.00,3.30,3.30
1107,9.00,5.7,0.80,1.30,0.70,3.00,2.50
1108,,2.5,0.90,1.20,2.90,2.00,1.90
1109,8.20,0.5,1.10,0.00,1.00,3.50,1.50
1110,9.50,2.0,1.10,1.60,2.90,2.00,1.90
1111,9.50,2.5,1.00,0.00,2.00,3.00,3.50
1112,,3.9,0.50,0.40,2.00,5.00,2.00
1113,8.50,2.7,1.60,0.50,2.00,2.50,4.00
1114,10.00,TBD,1.30,0.60,2.50,2.40,3.30
1115,9.50,1.7,0.20,0.20,4.00,4.00,2.50
1116,11.20,84.0,42.00,30.00,4.50,1.50,3.60
1117,11.00,4.0,0.90,0.00,,2.50,2.90
1118,8.50,1.4,0.10,0.40,3.50,2.50,3.30
1119,9.50,360.0,30.00,0.00,1.60,2.40,3.50
1120,10.10,3.6,0.10,0.00,2.00,3.50,2.70
1121,,--,0.60,0.30,,1.50,
1122,10.00,0.0,0.70,0.60,4.90,1.50,6.00
1123,8.40,3.0,0.70,,3.10,2.50,2.00
1124,8.80,1.8,0.00,0.30,,3.00,4.00
1125,8.90,270.0,54.00,1.30,2.20,2.50,1.50
1126,8.50,5.0,0.90,0.00,2.00,2.50,3.50
1127,10.00,96.0,24.00,0.00,5.00,0.50,6.70
1128,12.00,4.2,0.90,0.70,0.50,1.50,
1129,8.90,5.0,1.00,1.80,3.00,3.30,1.40
1130,,120.0,108.00,0.00,,2.00,3.50
1131,10.00,252.0,42.00,0.30,2.50,0.90,3.30
1132,10.10,3.5,0.40,1.20,1.40,2.70,3.30
1133,11.00,360.0,36.00,0.00,,3.70,1.50
1134,8.50,5.2,,0.90,,2.90,2.80
1135,7.50,1.4,0.80,1.30,2.00,4.00,1.30
1136,8.40,0.5,0.70,,2.40,3.70,3.50
1137,8.50,5.9,,1.20,2.50,3.50,1.90
1138,11.00,3.9,0.90,0.00,3.50,1.50,3.00
1139,11.10,72.0,108.00,1.20,1.50,2.00,4.50
1140,9.00,180.0,0.00,0.50,2.30,3.50,2.80
1141,8.50,4.0,1.00,1.10,1.70,5.00,1.50
1142,9.00,168.0,84.00,90.00,0.60,3.20,1.50
1143,8.00,2.0,1.00,1.00,2.00,2.10,0.90
1144,10.20,3.4,0.90,0.60,2.20,0.00,4.60
1145,9.70,210.0,30.00,0.00,1.30,3.20,3.50
1146,9.00,4.6,0.00,0.60,1.20,,2.50
1147,9.00,1.5,0.60,0.30,1.70,1.60,1.30
1148,8.80,3.5,0.60,,2.50,3.10,1.00
1149,,0.0,0.50,0.00,5.80,2.10,3.40
1150,10.40,TBD,90.00,0.60,3.00,4.10,3.80
1151,9.00,3.4,1.10,1.10,3.40,2.00,3.10
1152,11.50,,48.00,30.00,2.70,1.80,2.10
1153,9.50,1.8,0.90,0.50,0.50,2.60,1.70
1154,,150.0,60.00,0.00,,1.40,
1155,9.40,4.7,1.50,0.50,0.50,,2.00
1156,10.00,>60,0.00,0.00,1.50,3.50,3.30
1157,9.50,0.0,0.70,0.00,4.40,1.50,2.90
1158,8.70,7.5,1.10,0.20,2.00,2.50,1.00
1159,11.00,,0.90,0.60,1.20,,2.40
1160,9.10,4.2,0.40,0.30,1.50,3.50,1.50
1161,7.50,,0.40,0.00,3.00,2.80,1.70
1162,10.80,5.2,1.00,0.70,2.30,2.30,2.00
1163,8.80,138.0,24.00,30.00,,4.50,3.50
1164,10.20,144.0,6.00,,5.00,2.80,3.50
1165,11.50,0.0,60.00,1.40,3.20,0.00,1.90
1166,10.50,2.5,0.40,0.50,2.20,3.00,1.90
1167,9.50,360.0,42.00,0.60,1.50,1.30,1.70
1168,8.50,3.7,1.50,1.60,1.50,2.50,0.50
1169,,3.1,0.40,0.90,4.00,1.10,4.50
1170,10.30,180.0,60.00,36.00,0.00,0.80,
1171,7.50,3.6,1.00,0.90,2.50,3.50,3.10
1172,11.00,0.0,1.00,0.80,4.00,2.50,3.00
1173,8.00,0.0,0.20,0.00,2.30,4.00,5.00
1174,11.00,4.0,0.70,0.00,2.60,2.30,2.70
1175,8.30,,0.50,1.00,1.50,5.00,2.30
1176,11.40,120.0,48.00,30.00,2.50,0.50,5.00
1177,8.60,4.5,2.00,1.30,2.50,3.10,1.50
1178,,60.0,18.00,42.00,,0.50,2.00
1179,10.50,5.0,0.80,0.40,2.00,2.00,3.00
1180,8.50,4.2,0.70,0.90,3.50,3.00,2.90
1181,8.70,1.5,0.60,0.10,3.20,1.50,2.50
1182,5.80,,0.80,0.80,1.50,,0.00
1183,10.00,3.5,1.50,0.50,,,2.90
1184,9.50,3.5,0.90,1.80,4.40,0.20,4.30
1185,10.00,6.0,0.30,1.10,1.80,3.50,0.50
1186,10.50,1.9,0.20,0.00,2.60,1.00,5.50
1187,9.50,1.5,,0.00,1.00,1.70,2.00
1188,11.00,1.9,0.60,0.00,3.30,1.50,3.00
1189,10.50,3.4,0.90,1.80,2.80,3.00,1.80
1190,11.00,2.1,1.40,0.00,2.30,2.50,4.00
1191,8.50,5.6,0.90,1.70,1.40,3.80,2.00
1192,10.50,288.0,72.00,0.40,1.00,3.30,1.50
1193,8.00,138.0,0.00,1.50,3.50,3.90,0.60
1194,9.70,4.5,0.50,0.90,3.60,3.50,1.50
1195,8.50,4.0,0.80,0.30,1.50,3.00,4.10
1196,9.40,6.0,0.40,1.20,,3.00,1.80
1197,9.50,1.3,1.00,0.00,,3.00,3.00
1198,10.00,240.0,12.00,0.00,3.00,0.50,4.40
1199,11.30,5.4,0.40,0.10,0.50,1.00,3.50
1200,11.00,108.0,12.00,6.00,2.70,1.00,4.50
1201,10.50,3.0,,,3.30,2.50,3.00
1202,11.00,3.0,0.20,0.10,3.00,1.50,1.90
1203,10.00,4.8,,0.40,2.90,2.10,3.00
1204,9.70,3.6,0.00,0.00,0.90,1.50,2.60
1205,11.00,3.5,0.70,0.20,3.00,3.00,1.30
1206,8.60,228.0,18.00,24.00,5.00,2.70,1.50
1207,9.20,300.0,,42.00,0.50,4.50,2.00
1208,9.70,4.5,0.40,0.00,3.00,0.50,3.50
1209,10.90,TBD,1.50,0.50,1.00,0.50,2.80
1210,11.50,0.4,0.40,0.00,3.30,0.50,4.50
1211,8.00,6.2,0.70,,1.50,4.70,0.80
1212,10.00,114.0,0.00,,3.50,1.20,3.50
1213,8.50,4.0,1.30,1.20,,2.30,2.50
1214,8.50,>60,102.00,114.00,1.50,2.50,2.50
1215,11.00,,0.80,0.40,3.00,1.30,3.00
1216,9.00,5.5,0.70,0.00,1.00,3.30,1.50
1217,10.00,n/a,42.00,18.00,5.00,3.00,2.50
1218,9.50,--,1.00,1.60,1.40,4.50,0.00
1219,9.70,3.3,0.50,0.40,,1.50,5.00
1220,10.00,3.5,0.20,0.00,0.00,1.50,2.50
1221,10.50,2.7,,0.40,2.50,1.40,3.50
1222,10.30,3.2,0.40,0.90,1.00,2.90,1.50
1223,9.20,3.0,0.30,0.30,3.00,2.00,2.50
1224,11.50,0.0,0.00,24.00,5.20,0.00,
1225,11.30,2.1,1.20,0.20,2.00,3.50,2.50
1226,9.00,3.0,0.70,0.90,3.50,4.30,1.00
1227,,264.0,12.00,0.00,1.00,3.00,5.00
1228,10.50,2.3,0.70,0.10,1.50,1.70,4.00
1229,7.50,150.0,78.00,0.00,2.50,2.00,2.10
1230,9.70,216.0,66.00,0.10,4.10,2.20,3.70
1231,11.50,1.5,1.00,0.60,2.00,3.50,3.10
1232,10.60,180.0,42.00,0.00,,2.50,3.50
1233,9.00,4.5,0.50,0.80,1.40,1.00,4.20
1234,9.00,3.0,0.20,1.90,5.00,2.50,0.80
1235,9.40,0.5,0.10,0.00,1.90,2.50,2.60
1236,9.50,5.0,1.00,0.50,1.60,4.30,
1237,8.50,2.7,1.80,1.00,3.00,0.50,3.00
1238,11.10,120.0,0.00,0.00,2.00,2.00,4.50
1239,8.50,3.0,,0.00,3.00,2.10,4.50
1240,9.00,1.9,2.10,0.90,4.50,1.50,1.20
1241,10.80,1.0,0.00,0.10,2.00,3.20,2.20
1242,10.20,1.0,0.00,1.10,3.00,2.00,4.20
1243,8.10,3.5,0.40,1.70,3.30,3.60,1.00
1244,9.00,4.7,0.70,1.30,1.80,2.10,1.50
1245,8.30,3.5,0.70,0.50,1.30,3.30,3.50
1246,9.00,0.5,0.40,0.70,3.00,2.40,3.70
1247,9.80,6.3,0.80,0.80,1.50,2.00,1.50
1248,9.50,2.5,0.30,1.30,4.50,2.50,3.00
1249,7.50,1.2,1.30,0.90,2.20,4.50,0.00
1250,12.00,0.0,0.80,0.00,2.50,0.00,3.50
1251,8.50,228.0,36.00,0.60,,,1.30
1252,10.50,3.9,1.90,0.80,0.50,4.00,0.50
1253,6.00,132.0,54.00,60.00,3.00,5.90,
1254,10.50,4.0,0.10,0.70,2.00,1.40,
1255,8.90,2.0,1.20,0.00,3.00,2.50,1.60
1256,8.00,6.3,0.70,0.90,2.50,,1.20
1257,9.00,3.0,1.10,1.40,1.40,2.10,2.70
1258,,5.0,0.80,1.40,1.70,3.50,2.70
1259,8.50,90.0,30.00,,3.50,0.40,2.20
1260,9.50,1.4,1.00,0.60,,2.50,2.60
1261,7.70,1.3,0.20,1.30,,0.80,
1262,11.20,240.0,72.00,60.00,1.00,1.50,2.50
1263,8.80,186.0,42.00,0.30,3.20,2.50,0.80
1264,,5.5,0.80,0.00,2.00,2.00,2.00
1265,10.50,300.0,48.00,0.00,1.00,4.10,1.50
1266,8.90,2.8,0.80,0.80,4.90,1.30,3.00
1267,,5.0,0.90,0.30,1.00,3.10,2.00
1268,10.00,3.5,0.60,1.20,2.00,3.10,
1269,10.60,5.2,0.00,0.00,0.50,3.60,2.50
1270,10.70,276.0,0.00,54.00,2.30,3.50,2.30
1271,7.40,3.5,0.90,1.40,0.80,5.00,2.10
1272,9.30,4.5,0.80,0.40,1.60,2.00,1.00
1273,9.30,126.0,12.00,0.80,4.60,2.10,3.00
1274,10.00,1.0,1.00,0.00,4.00,3.50,2.50
1275,9.00,1.7,1.70,0.50,3.20,4.50,3.30
1276,,5.3,1.20,,2.60,3.00,1.20
1277,11.00,5.4,0.40,,2.40,2.00,
1278,8.50,3.9,1.30,0.90,2.00,4.40,1.50
1279,9.50,2.5,0.40,0.30,1.50,3.00,2.50
1280,9.60,1.3,0.00,0.00,2.00,3.00,3.50
1281,11.10,,0.20,0.70,4.00,2.40,3.50
1282,9.50,366.0,60.00,18.00,1.00,2.00,3.50
1283,10.60,132.0,42.00,1.00,2.60,2.90,3.00
1284,12.00,5.5,0.10,0.00,2.00,0.50,3.00
1285,,5.5,0.80,1.40,1.90,3.00,1.00
1286,9.50,3.0,0.90,0.30,4.00,2.10,3.50
1287,10.70,1.3,0.90,0.00,1.60,,4.00
1288,9.00,108.0,12.00,0.00,2.00,3.00,2.00
1289,9.10,324.0,48.00,,0.50,3.00,3.00
1290,10.10,1.5,0.20,0.80,1.50,1.80,0.50
1291,9.20,30.0,18.00,0.30,1.70,2.50,1.20
1292,10.70,0.0,1.40,0.30,3.00,0.70,2.00
1293,8.50,252.0,78.00,1.90,1.50,3.00,2.80
1294,10.00,1.0,0.00,0.00,4.50,,3.50
1295,,2.3,1.00,0.00,2.30,3.50,2.00
1296,9.30,2.9,0.00,0.00,1.10,1.50,3.00
1297,,4.0,0.10,0.90,2.50,2.00,4.50
1298,9.70,n/a,0.00,0.00,3.50,0.00,5.00
1299,9.50,1.4,0.80,0.00,1.40,2.50,4.10
1300,10.50,198.0,48.00,1.30,1.50,2.50,3.00
1301,10.30,1.5,0.00,0.10,5.70,1.50,4.00
1302,10.40,1.5,0.00,0.40,1.90,1.50,5.00
1303,9.50,5.5,0.00,0.00,1.60,3.20,2.50
1304,9.40,5.0,0.80,0.50,,3.00,3.10
1305,9.80,240.0,48.00,,6.50,2.00,2.30
1306,9.00,4.5,0.80,0.10,3.30,3.70,2.10
1307,8.30,4.9,0.40,0.90,3.50,4.70,0.90
1308,10.00,3.2,0.00,1.10,1.80,2.10,2.10
1309,8.90,3.5,1.10,2.30,2.50,4.00,1.10
1310,10.20,,0.80,1.10,1.00,,5.10
1311,10.00,1.9,0.30,0.30,2.00,2.00,2.00
1312,9.40,3.9,0.80,0.80,1.60,2.70,3.00
1313,9.30,180.0,78.00,1.80,1.50,,3.00
1314,11.50,5.0,1.20,1.30,0.60,3.00,1.00
1315,9.40,156.0,0.00,0.00,3.50,4.50,3.00
1316,9.00,366.0,84.00,72.00,2.00,2.50,1.00
1317,8.00,5.3,1.70,1.50,1.00,0.80,3.20
1318,10.00,3.5,0.70,0.90,2.10,2.00,3.00
1319,10.10,0.0,0.40,0.40,5.00,2.60,1.80
1320,10.10,2.7,0.70,1.00,2.40,2.00,1.00
1321,10.00,150.0,48.00,0.00,1.00,1.50,5.10
1322,10.70,108.0,72.00,60.00,0.60,0.70,
1323,,4.0,0.40,0.10,1.00,1.50,2.50
1324,9.50,3.0,0.00,1.50,2.10,2.50,1.80
1325,9.00,1.0,1.20,1.10,4.10,3.00,3.00
1326,8.50,2.0,0.20,0.60,2.50,2.50,2.80
1327,10.30,1.6,0.90,0.80,3.90,,1.50
1328,9.90,1.3,0.70,0.30,2.00,0.50,6.00
1329,9.90,120.0,78.00,72.00,2.50,3.00,1.80
1330,10.40,2.5,0.70,0.90,4.00,2.50,3.50
1331,11.00,,,0.00,1.40,1.50,5.00
1332,10.00,4.8,0.40,0.00,1.50,2.00,0.60
1333,10.00,2.2,0.30,1.50,0.60,2.00,3.20
1334,10.30,2.5,0.90,0.40,4.00,3.20,0.80
1335,10.90,4.4,1.00,0.90,1.30,3.40,1.10
1336,,7.0,0.70,0.00,2.50,2.00,
1337,10.60,0.5,,0.60,,0.00,3.00
1338,7.50,3.0,0.90,0.10,2.50,1.20,3.00
1339,12.80,2.1,1.40,0.00,3.30,0.00,4.00
1340,8.60,--,0.90,2.20,1.90,3.00,1.90
1341,10.80,3.8,0.60,0.90,1.50,0.40,2.80
1342,8.00,6.5,0.30,1.00,2.20,2.00,4.00
1343,12.00,120.0,60.00,12.00,3.00,0.80,4.50
1344,10.40,2.0,0.80,0.00,1.50,3.00,3.00
1345,11.30,3.6,0.30,0.00,2.90,1.70,1.50
1346,10.00,222.0,48.00,0.80,1.30,1.50,
1347,9.40,1.2,0.00,0.80,2.00,2.50,3.00
1348,8.20,150.0,0.00,0.10,3.50,1.50,3.00
1349,9.50,3.2,0.70,0.40,2.00,3.00,3.50
1350,10.00,2.5,0.00,0.30,0.60,2.50,1.90
1351,,390.0,48.00,0.80,,3.10,1.50
1352,8.60,222.0,42.00,60.00,0.60,3.50,3.00
1353,10.00,168.0,54.00,0.80,2.50,1.70,4.50
1354,10.00,1.0,0.90,,1.50,1.00,3.50
1355,9.50,--,0.00,0.50,2.60,2.00,2.00
1356,10.50,7.0,0.70,0.10,0.00,3.10,2.20
1357,12.50,,0.30,0.70,3.50,2.50,2.00
1358,8.90,198.0,78.00,0.70,1.50,4.60,1.90
1359,10.80,2.5,1.20,,1.60,3.00,3.90
1360,8.50,3.5,1.10,1.10,1.50,3.30,2.50
1361,9.50,270.0,54.00,0.00,1.00,1.50,3.50
1362,11.00,3.9,0.30,0.00,1.60,0.90,3.90
1363,10.30,5.2,0.30,0.40,1.00,2.50,3.70
1364,10.50,90.0,12.00,0.10,2.20,3.00,4.50
1365,10.00,1.2,0.70,0.00,5.70,0.70,4.80
1366,9.50,2.5,0.80,1.00,,2.50,1.10
1367,10.60,0.0,36.00,0.00,5.10,1.50,5.50
1368,10.00,,0.00,0.00,3.40,1.00,4.50
1369,8.50,210.0,48.00,0.00,3.00,0.90,3.00
1370,8.20,36.0,0.00,0.00,4.50,3.00,2.30
1371,,120.0,66.00,0.70,2.80,3.00,4.10
1372,8.50,6.0,0.40,1.50,1.00,2.00,3.10
1373,10.90,,0.00,12.00,4.00,2.50,
1374,10.00,282.0,66.00,0.00,2.50,2.00,1.40
1375,9.00,5.5,0.80,0.80,3.50,4.00,1.20
1376,10.00,60.0,54.00,24.00,3.60,2.10,2.00
1377,9.50,,0.00,1.50,1.90,3.10,2.80
1378,10.90,n/a,1.00,0.60,1.30,2.00,3.10
1379,10.30,0.0,30.00,42.00,1.50,0.00,4.90
1380,8.50,3.0,0.70,1.30,1.10,1.80,2.00
1381,9.50,0.9,0.80,2.70,4.00,2.50,3.00
1382,10.60,0.5,1.50,0.40,3.00,2.90,3.10
1383,10.20,282.0,72.00,90.00,1.50,2.40,
1384,10.50,1.0,0.00,0.00,3.50,0.30,6.00
1385,10.00,96.0,0.00,0.00,1.90,3.40,1.50
1386,9.50,96.0,0.00,54.00,3.20,2.40,2.50
1387,9.00,2.4,1.30,2.30,1.50,4.00,1.20
1388,11.60,3.8,0.70,1.50,1.00,3.50,0.90
1389,9.00,4.0,1.00,1.30,2.00,2.50,3.50
1390,8.00,132.0,36.00,12.00,1.50,1.50,3.50
1391,12.00,174.0,66.00,24.00,1.50,3.60,2.20
1392,12.50,1.5,0.90,0.40,1.40,0.40,4.50
1393,11.20,180.0,36.00,24.00,1.50,1.10,6.00
1394,9.80,204.0,30.00,6.00,5.00,,4.50
1395,9.00,7.0,1.00,1.50,0.50,3.00,1.50
1396,7.00,4.0,0.80,1.40,2.00,4.50,0.50
1397,11.50,2.5,0.20,0.60,2.80,3.50,3.00
1398,9.20,174.0,48.00,0.80,3.80,0.50,3.50
1399,10.00,3.2,0.30,0.00,2.30,1.00,
1400,9.90,78.0,0.00,48.00,2.50,3.60,3.00
1401,9.50,2.3,1.00,0.30,5.00,2.50,2.50
1402,8.60,,0.00,1.40,2.50,4.50,3.00
1403,,4.6,0.10,,2.00,2.00,3.50
1404,,0.8,0.70,0.50,3.50,4.10,0.30
1405,9.50,5.2,0.50,1.20,2.10,2.70,1.00
1406,10.40,150.0,0.00,0.00,1.50,1.50,3.50
1407,9.50,1.5,0.50,0.00,,,3.00
1408,10.00,2.5,0.70,1.40,2.50,3.50,2.50
1409,11.00,not recorded,0.10,0.50,1.40,3.50,3.10
1410,8.90,3.5,1.20,2.00,2.50,3.00,1.50
1411,9.00,1.6,,1.70,2.00,1.80,
1412,8.00,120.0,24.00,120.00,2.00,2.30,
1413,,2.5,0.50,0.50,4.50,2.00,2.00
1414,10.50,2.0,0.60,1.80,3.50,1.00,4.30
1415,11.00,2.4,0.60,0.70,0.80,1.00,2.00
1416,9.70,2.0,0.10,0.60,1.00,2.60,1.50
1417,11.00,1.0,0.90,0.30,3.50,2.00,4.50
1418,9.50,3.7,1.60,0.00,2.80,,
1419,9.70,2.6,0.60,0.60,3.00,3.40,3.30
1420,10.00,,1.10,0.40,2.50,0.60,3.70
1421,10.90,,36.00,30.00,3.00,3.00,
1422,7.50,3.8,1.00,,,3.00,2.50
1423,7.20,9.3,0.40,0.90,0.00,4.00,1.40
1424,10.60,3.0,1.40,0.00,1.50,2.70,2.50
1425,9.80,4.0,0.30,0.90,1.20,3.50,2.40
1426,10.50,,102.00,,2.00,2.00,3.50
1427,10.50,1.5,0.50,0.20,3.00,0.50,4.20
1428,7.80,0.0,1.60,1.00,1.50,4.00,2.50
1429,8.50,2.0,0.40,0.30,6.00,,5.20
1430,9.50,n/a,0.60,0.00,1.00,3.00,4.00
1431,9.00,210.0,66.00,0.00,,0.40,3.20
1432,10.00,1.6,0.70,0.30,4.50,0.50,2.10
1433,8.40,3.9,0.00,0.50,1.80,3.70,2.80
1434,8.80,4.5,0.00,1.30,3.00,1.00,1.10
1435,8.20,120.0,0.00,54.00,3.00,5.60,0.50
1436,7.90,7.2,0.80,0.80,2.50,3.00,1.00
1437,11.00,0.0,0.60,0.20,1.90,0.00,6.60
1438,11.00,2.6,0.40,0.50,1.90,0.00,3.80
1439,10.00,1.3,,0.00,3.60,0.00,2.50
1440,9.00,8.0,1.90,1.20,0.00,2.20,0.00
1441,8.40,>60,0.80,0.00,0.80,2.00,4.00
1442,9.90,3.0,1.30,0.00,3.90,2.00,4.80
1443,9.50,0.5,1.20,,2.50,,3.00
1444,8.50,1.5,1.00,,2.00,,2.40
1445,11.00,0.1,0.50,0.80,,1.00,4.50
1446,11.60,,18.00,6.00,2.70,1.00,4.60
1447,10.50,66.0,72.00,0.00,2.60,2.00,3.10
1448,8.50,3.6,1.30,1.80,1.00,2.50,2.00
1449,8.10,150.0,60.00,0.00,4.00,1.90,2.50
1450,10.10,126.0,36.00,0.00,5.00,2.00,3.90
1451,11.00,0.0,0.60,0.00,2.50,1.50,4.60
1452,8.40,210.0,96.00,48.00,2.50,,1.50
1453,8.50,2.5,0.20,0.20,1.70,2.00,3.20
1454,9.00,120.0,72.00,0.50,3.80,1.50,3.30
1455,12.10,1.3,0.80,1.20,2.50,0.50,4.80
1456,11.50,3.1,1.30,0.00,0.70,2.00,4.00
1457,11.50,--,,1.10,2.50,1.50,2.60
1458,10.50,3.4,0.70,0.00,0.20,1.50,0.50
1459,11.30,>60,1.00,0.50,2.20,1.50,3.00
1460,10.00,1.6,1.70,0.70,2.50,3.20,2.00
1461,8.50,288.0,0.00,0.00,1.00,4.30,2.50
1462,,342.0,54.00,72.00,2.60,3.50,1.10
1463,12.40,3.0,0.50,1.00,1.40,2.50,2.50
1464,9.00,300.0,42.00,1.00,1.50,3.00,1.60
1465,,,,0.00,2.50,0.50,2.20
1466,10.00,0.4,1.50,0.60,3.60,2.00,3.10
1467,8.30,228.0,18.00,0.00,,3.00,3.60
1468,9.50,3.5,0.90,2.30,1.50,3.80,1.00
1469,10.30,5.6,0.50,0.50,1.20,2.60,2.00
1470,9.40,4.3,1.30,1.40,0.70,2.00,2.90
1471,13.00,,0.00,0.30,3.70,0.00,5.00
1472,10.00,5.0,1.40,0.20,1.00,2.10,3.00
1473,9.60,5.0,,0.80,1.50,2.70,1.00
1474,7.50,5.0,0.40,0.70,,3.50,0.70
1475,,1.4,0.00,0.00,4.20,2.00,3.00
1476,6.00,300.0,18.00,114.00,3.00,2.70,2.00
1477,9.20,2.9,1.50,0.00,4.50,2.10,4.00
1478,9.50,114.0,0.00,,3.00,3.00,3.00
1479,9.50,0.1,0.40,1.60,2.10,1.00,2.50
1480,9.20,1.5,1.00,0.60,1.00,2.50,2.40
1481,8.00,300.0,66.00,1.60,3.50,2.90,
1482,10.60,5.8,0.40,0.40,1.50,2.80,2.20
1483,11.00,210.0,0.00,0.00,2.50,1.00,5.90
1484,8.70,3.5,0.10,0.50,1.80,2.00,2.10
1485,12.70,4.5,1.00,0.50,1.00,1.50,2.50
1486,8.80,5.5,1.00,0.60,1.20,4.00,1.50
1487,10.00,5.0,0.40,0.60,1.20,2.50,2.90
1488,11.50,0.5,1.00,0.00,3.60,1.50,3.50
1489,9.00,5.5,0.80,1.10,0.00,5.50,1.70
1490,9.00,270.0,72.00,2.00,2.00,2.60,1.10
1491,9.60,<1,0.80,0.60,2.60,3.00,2.50
1492,,3.5,0.50,0.00,2.00,3.00,3.00
1493,10.50,--,0.00,0.00,1.50,,2.30
1494,10.00,,66.00,24.00,,0.80,3.20
1495,10.00,120.0,,24.00,3.00,2.50,2.70
1496,9.00,3.3,0.40,0.00,0.50,1.50,2.40
1497,9.50,300.0,0.00,0.20,0.90,3.40,
1498,,1.5,,0.00,2.50,1.50,3.00
1499,10.20,2.8,0.40,0.40,1.50,3.20,2.20
1500,10.10,4.5,1.00,0.50,0.50,1.50,3.50
1501,8.50,222.0,36.00,6.00,2.20,1.50,3.00
1502,11.50,0.0,,0.00,3.90,0.00,6.00
1503,10.50,3.6,0.20,0.60,3.50,1.50,
1504,10.00,3.1,0.00,0.20,2.00,1.70,2.50
1505,9.50,450.0,18.00,0.00,1.00,2.10,
1506,11.00,150.0,48.00,0.00,4.50,2.40,2.30
1507,11.00,1.0,1.10,0.00,4.50,0.90,3.50
1508,10.00,0.0,0.50,1.40,2.40,4.10,2.70
1509,8.70,300.0,18.00,0.60,2.50,4.40,1.50
1510,9.90,3.9,0.90,1.70,1.00,1.20,0.70
1511,7.70,2.1,0.40,0.40,3.00,1.50,
1512,8.50,210.0,60.00,1.70,2.20,2.60,2.70
1513,10.40,--,36.00,54.00,3.00,3.30,2.60
1514,10.20,0.0,0.20,0.00,4.00,0.70,5.00
1515,9.50,0.1,1.10,0.00,2.70,2.00,
1516,9.50,1.3,0.20,0.80,3.00,2.50,3.50
1517,11.10,>60,0.00,30.00,1.50,3.00,2.50
1518,11.00,60.0,30.00,0.00,1.60,,1.50
1519,10.00,,1.70,0.10,,2.50,2.70
1520,7.50,4.0,1.10,,,3.50,2.00
1521,10.50,0.9,0.00,0.40,3.00,1.10,3.00
1522,10.50,4.9,0.50,0.00,1.80,0.50,2.00
1523,10.90,3.8,1.40,0.00,2.00,1.50,4.00
1524,8.50,2.4,0.40,1.60,5.50,3.00,3.00
1525,,4.5,0.60,0.70,1.10,2.50,2.50
1526,9.50,4.5,0.30,1.60,2.50,2.00,3.50
1527,10.00,4.0,1.10,1.30,1.10,3.20,2.00
1528,10.20,150.0,48.00,0.00,1.00,3.00,2.50
1529,8.50,,24.00,0.20,2.50,1.50,4.00
1530,8.90,150.0,72.00,0.80,2.40,3.10,3.00
1531,11.00,156.0,90.00,84.00,2.00,1.70,1.90
1532,,4.5,1.00,0.60,1.50,1.50,4.40
1533,,4.6,1.00,0.80,2.90,3.10,2.50
1534,10.30,2.0,0.30,0.00,1.40,1.50,2.70
1535,8.90,5.0,1.00,1.10,1.40,3.30,1.50
1536,9.50,1.5,1.10,0.50,1.50,2.30,1.00
1537,10.50,1.2,0.80,0.20,2.60,,4.00
1538,9.40,5.0,0.80,1.00,2.00,1.50,1.90
1539,10.10,,0.20,1.10,1.00,3.50,2.50
1540,9.60,3.0,1.20,0.90,2.20,2.50,4.00
1541,9.00,n/a,2.00,0.30,,2.40,2.00
1542,8.50,6.8,0.30,0.80,1.50,,
1543,9.50,2.5,0.70,0.90,3.00,1.00,3.90
1544,10.50,2.0,1.50,0.60,4.80,,3.00
1545,8.90,5.0,,1.00,1.50,,2.50
1546,7.20,222.0,24.00,156.00,1.10,4.00,0.50
1547,9.00,180.0,42.00,102.00,1.60,2.30,1.60
1548,10.00,2.8,1.20,0.00,3.30,3.30,3.70
1549,10.80,2.2,0.20,0.40,4.00,3.40,1.00
1550,9.00,4.0,0.20,0.70,3.70,1.50,4.30
1551,11.50,3.5,0.40,0.00,1.00,3.90,3.00
1552,7.10,3.0,0.20,1.90,3.60,4.00,1.00
1553,9.90,4.3,0.90,0.70,1.50,2.00,3.50
1554,9.60,6.0,0.90,0.20,1.50,,2.30
1555,11.50,1.5,1.50,0.60,3.50,1.90,2.00
1556,11.00,3.0,0.00,0.40,4.50,1.50,3.80
1557,11.30,1.6,0.20,0.10,2.00,2.60,4.00
1558,8.20,5.4,0.50,0.10,,3.10,2.00
1559,9.10,186.0,78.00,18.00,2.50,3.60,1.30
1560,9.50,4.5,1.10,0.00,1.20,2.80,3.00
1561,10.20,2.4,1.40,1.10,2.00,0.70,6.00
1562,8.60,5.2,1.50,0.90,0.50,4.30,0.00
1563,8.50,4.5,0.70,0.80,0.00,4.10,
1564,9.00,3.2,0.40,0.80,0.40,,1.20
1565,10.20,2.3,0.70,0.40,,0.50,3.50
1566,8.70,0.0,54.00,0.00,3.00,1.50,1.50
1567,8.10,2.5,0.90,1.70,2.10,1.50,1.00
1568,9.50,246.0,78.00,12.00,1.50,1.90,3.40
1569,10.00,3.2,0.30,0.00,1.50,4.00,2.50
1570,11.00,3.0,0.20,0.40,3.50,2.50,2.90
1571,11.50,0.0,0.30,0.30,3.40,1.50,3.50
1572,9.50,360.0,36.00,12.00,1.10,,3.60
1573,9.30,4.0,0.90,,0.70,1.00,
1574,9.10,270.0,24.00,0.00,0.90,4.50,3.60
1575,11.50,90.0,0.00,30.00,2.00,2.50,3.50
1576,10.00,3.5,1.00,0.90,4.10,1.50,2.50
1577,11.00,0.0,0.00,0.70,1.50,0.00,4.00
1578,10.50,4.3,0.50,0.30,2.00,2.80,3.40
1579,9.00,0.0,0.40,0.70,6.50,0.70,3.80
1580,11.50,1.5,0.00,0.10,1.70,1.70,3.50
1581,10.00,,18.00,1.40,4.10,2.50,1.70
1582,10.80,198.0,24.00,12.00,,3.50,
1583,9.20,0.0,0.30,2.10,2.00,3.50,2.50
1584,11.00,3.8,0.40,0.00,3.00,4.00,2.00
1585,10.50,3.3,0.70,0.00,0.90,2.50,3.70
1586,9.10,120.0,54.00,0.80,3.50,,0.90
1587,9.50,5.2,1.00,1.20,0.60,4.20,2.00
1588,11.50,--,1.00,0.20,2.00,2.30,2.50
1589,8.40,1.5,0.40,1.10,1.00,1.40,2.50
1590,10.00,30.0,,0.70,2.50,3.00,2.80
1591,9.70,,0.10,0.20,2.00,1.50,2.20
1592,9.00,3.7,0.90,0.00,2.00,3.20,1.70
1593,10.20,5.0,0.40,1.20,1.70,2.20,3.50
1594,9.80,,0.20,1.00,2.00,2.90,4.50
1595,7.60,5.0,0.80,0.10,1.00,1.50,3.10
1596,11.00,3.5,0.20,0.00,,1.20,
1597,11.00,3.5,0.50,0.60,0.60,,5.10
1598,8.50,4.0,0.30,1.20,3.30,2.00,2.50
1599,10.00,3.3,1.20,0.00,2.50,1.50,3.20
1600,9.10,4.9,0.90,0.80,4.00,2.60,2.00
1601,10.00,4.7,1.20,0.10,2.30,3.50,
1602,9.50,1.5,0.60,0.00,2.60,1.00,3.70
1603,9.50,4.0,1.00,0.40,2.30,2.60,2.00
1604,9.50,4.5,1.20,,2.00,2.90,1.50
1605,9.90,>60,54.00,30.00,1.00,3.00,
1606,10.00,54.0,48.00,6.00,7.00,1.00,4.50
1607,8.50,5.0,1.00,2.50,1.50,3.00,
1608,,4.5,0.70,0.20,0.50,,4.00
1609,8.50,4.4,1.60,0.40,3.20,3.30,3.20
1610,11.20,,0.10,0.00,2.50,0.40,4.00
1611,9.20,4.5,0.30,0.80,,3.70,1.50
1612,10.50,2.1,0.30,0.10,2.50,1.50,2.50
1613,9.90,180.0,30.00,,4.00,2.00,2.70
1614,10.60,174.0,,0.00,2.50,2.00,
1615,10.30,360.0,48.00,0.10,0.50,2.60,
1616,9.50,180.0,54.00,96.00,2.30,0.10,3.00
1617,10.00,1.2,,0.00,2.30,0.40,4.60
1618,9.50,192.0,0.00,0.00,0.80,3.00,1.90
1619,9.70,2.8,0.90,1.70,2.30,1.30,4.50
1620,7.90,n/a,,36.00,3.00,2.10,2.60
1621,9.00,3.4,1.50,1.50,2.80,4.40,1.30
1622,9.00,2.0,1.00,0.80,3.10,2.00,2.90
1623,9.30,0.5,,1.10,2.50,,2.00
1624,9.60,,1.00,0.00,2.00,2.50,1.40
1625,9.50,,0.90,1.00,2.70,3.50,2.20
1626,8.30,3.0,0.20,0.00,3.00,1.00,3.40
1627,12.20,--,1.60,0.00,0.50,1.00,4.40
1628,9.50,4.0,0.40,0.00,2.40,2.70,3.10
1629,9.40,288.0,78.00,0.80,1.50,3.70,2.00
1630,9.50,2.9,0.00,0.00,2.20,3.20,1.20
1631,10.00,3.1,1.20,0.00,,1.90,3.00
1632,8.60,1.4,1.10,0.00,3.00,1.50,3.00
1633,9.80,5.0,,1.40,1.50,,1.00
1634,10.20,0.5,0.00,0.00,2.30,1.20,4.20
1635,7.80,,0.30,1.00,3.00,5.50,0.90
1636,9.50,2.0,,0.00,0.60,2.50,3.00
1637,8.50,4.0,0.00,0.60,2.00,2.20,1.40
1638,10.50,3.8,0.60,1.00,1.50,3.80,1.00
1639,11.50,1.0,1.40,0.00,1.20,2.20,4.50
1640,9.50,4.9,0.20,0.20,1.50,2.30,4.50
1641,8.50,180.0,12.00,1.00,2.00,2.00,
1642,12.00,4.4,1.20,0.50,2.30,0.70,3.00
1643,10.20,3.7,0.50,0.00,2.70,4.20,1.90
1644,10.50,1.0,0.90,0.00,3.50,2.10,3.90
1645,10.00,1.0,0.70,1.70,1.90,2.50,1.50
1646,8.90,2.0,0.90,0.90,1.90,2.70,3.50
1647,10.90,0.0,1.30,0.10,2.00,2.00,3.00
1648,11.00,4.5,0.00,0.20,1.50,3.00,2.10
1649,9.60,4.0,0.00,0.30,4.40,2.00,2.80
1650,9.00,1.5,0.90,0.30,3.60,3.00,4.50
1651,,2.5,0.60,1.00,4.50,3.20,2.50
1652,10.70,3.5,0.10,1.00,2.30,3.00,2.50
1653,9.00,4.5,1.30,0.50,2.50,2.90,1.20
1654,7.50,360.0,0.00,24.00,2.00,3.70,0.60
1655,11.50,3.0,0.40,0.00,,1.50,4.50
1656,8.30,<1,0.00,1.80,1.40,4.00,1.50
1657,,48.0,42.00,0.00,4.40,1.50,5.00
1658,10.50,4.5,0.30,0.20,1.50,4.30,2.00
1659,7.20,6.0,0.90,1.40,3.20,4.20,1.70
1660,12.10,1.3,0.70,,3.50,0.20,3.00
1661,9.00,102.0,78.00,0.00,2.50,2.40,2.70
1662,11.50,2.0,0.00,0.00,1.60,3.00,
1663,,5.0,0.90,1.20,0.90,3.00,2.50
1664,9.50,2.0,0.20,0.20,1.50,3.50,1.30
1665,9.10,3.7,1.00,1.20,3.80,2.60,2.60
1666,9.50,>60,66.00,0.40,1.50,2.50,2.80
1667,9.10,3.0,0.00,1.20,1.90,1.80,2.50
1668,10.50,1.0,0.90,0.00,1.00,2.50,2.00
1669,10.10,0.0,1.40,0.30,4.80,0.60,3.30
1670,10.90,5.3,0.50,0.20,0.70,2.30,2.50
1671,8.50,not recorded,126.00,0.70,0.00,5.00,0.00
1672,9.00,1.0,0.00,0.70,1.00,3.00,4.20
1673,10.70,90.0,54.00,30.00,3.50,2.00,3.50
1674,11.20,1.5,1.30,0.00,2.50,1.00,6.00
1675,11.50,1.5,0.00,0.80,1.90,,5.00
1676,10.90,1.0,0.10,1.10,2.00,3.50,3.50
1677,9.00,3.5,0.90,0.20,2.70,3.10,3.00
1678,11.20,60.0,48.00,42.00,3.00,1.50,2.00
1679,9.10,6.0,0.90,0.30,1.40,3.50,2.50
1680,9.00,1.5,0.00,0.00,2.50,1.10,
1681,11.40,2.7,0.30,0.40,,1.40,4.00
1682,10.00,4.5,1.00,,2.50,0.50,3.00
1683,8.50,5.0,1.80,2.50,1.50,2.70,0.50
1684,10.60,TBD,0.50,0.60,3.50,2.00,3.00
1685,10.10,5.3,1.30,0.70,2.00,1.70,2.00
1686,10.50,3.0,,0.70,3.00,0.50,5.60
1687,11.00,96.0,42.00,18.00,4.10,0.80,4.50
1688,10.40,120.0,66.00,0.10,3.10,,4.00
1689,8.50,150.0,66.00,84.00,2.50,,3.50
1690,9.60,2.8,0.40,0.80,2.50,1.90,5.00
1691,10.50,2.1,1.80,0.00,1.00,,3.00
1692,10.50,1.1,0.40,0.10,1.50,0.50,3.50
1693,8.00,114.0,0.00,0.50,1.40,,3.50
1694,11.50,1.5,0.00,0.00,2.90,2.00,
1695,8.90,480.0,12.00,54.00,1.00,3.60,0.50
1696,9.50,2.8,0.80,0.60,3.20,1.50,3.40
1697,8.50,3.4,0.90,0.20,1.50,1.30,3.50
1698,9.00,150.0,42.00,0.00,2.70,3.00,3.90
1699,9.90,1.9,0.00,0.50,2.50,1.00,4.40
1700,8.70,6.5,0.10,1.10,1.10,4.40,1.20
1701,7.40,4.6,1.40,1.50,0.00,5.00,3.10
1702,10.50,12.0,54.00,0.00,4.50,2.00,2.60
1703,9.00,96.0,30.00,54.00,1.70,,3.80
1704,,3.0,0.80,0.00,2.00,4.30,0.40
1705,8.80,3.0,0.60,1.10,2.90,3.10,2.60
1706,,228.0,36.00,54.00,0.90,3.50,1.60
1707,9.80,180.0,66.00,18.00,2.50,2.60,2.00
1708,9.00,2.7,0.00,2.90,3.00,2.00,1.50
1709,8.00,30.0,42.00,84.00,3.20,2.80,1.70
1710,9.00,4.1,0.30,1.20,2.00,2.00,2.30
1711,9.50,5.9,1.30,1.20,1.30,2.90,1.50
1712,10.20,2.0,0.10,0.70,1.70,2.50,
1713,10.40,1.5,0.70,0.00,2.90,1.00,5.50
1714,10.00,2.2,0.20,1.10,2.10,1.60,3.00
1715,10.00,1.5,0.00,0.40,3.90,2.50,2.70
1716,10.30,0.2,0.00,0.00,5.20,0.50,5.00
1717,9.50,3.2,0.70,0.70,,3.30,1.50
1718,10.00,90.0,,54.00,1.20,0.50,4.80
1719,10.10,3.0,0.70,0.00,,0.90,2.60
1720,9.50,,0.60,0.00,3.50,2.00,3.20
1721,8.80,3.2,1.10,,3.80,3.10,2.10
1722,10.20,108.0,18.00,0.00,1.80,1.50,4.00
1723,8.70,2.1,0.00,0.00,4.00,2.60,4.50
1724,10.50,192.0,48.00,0.00,2.00,2.00,1.60
1725,8.00,4.0,0.50,0.50,0.50,2.00,
1726,9.00,198.0,66.00,42.00,4.40,3.60,2.50
1727,9.80,,0.70,0.70,2.50,2.00,3.00
1728,10.50,,0.20,0.20,2.70,0.00,
1729,9.50,3.5,0.70,0.00,3.00,3.20,3.60
1730,9.20,4.3,0.40,0.00,1.50,3.50,1.90
1731,9.20,1.0,0.80,0.50,3.50,2.80,1.20
1732,10.40,,0.40,0.50,1.70,,3.30
1733,8.30,180.0,0.00,96.00,2.00,5.00,1.50
1734,11.00,144.0,0.00,6.00,2.00,2.00,2.50
1735,10.50,2.9,0.10,0.80,4.50,0.50,4.90
1736,10.10,2.6,0.60,0.10,2.00,1.00,2.50
1737,7.60,4.8,1.50,1.50,3.00,4.50,0.50
1738,9.50,5.0,1.10,1.20,1.00,2.20,2.00
1739,9.20,4.9,1.40,0.80,0.50,4.20,1.50
1740,,0.0,1.00,0.20,2.00,1.00,4.00
1741,10.50,90.0,,1.10,2.80,2.10,3.00
1742,10.60,,0.00,0.30,0.50,2.00,3.20
1743,8.50,5.0,0.50,0.60,1.50,2.50,
1744,9.50,n/a,18.00,0.00,3.00,,3.30
1745,9.50,234.0,60.00,0.20,2.90,3.30,1.70
1746,10.10,4.0,1.30,0.90,0.90,1.50,3.50
1747,12.50,240.0,,0.00,2.50,2.00,3.00
1748,10.00,54.0,,24.00,,,2.40
1749,8.50,4.0,1.20,1.20,3.20,3.30,3.20
1750,11.00,4.0,0.70,0.00,2.00,,4.10
1751,9.70,330.0,48.00,30.00,1.50,4.10,1.50
1752,9.00,330.0,60.00,42.00,1.50,4.40,2.00
1753,11.50,,1.40,0.00,2.00,2.50,2.20
1754,12.00,1.4,0.80,0.70,1.00,2.00,2.60
1755,10.80,3.5,0.20,0.70,3.70,2.00,1.10
1756,10.50,1.0,1.60,0.60,3.00,2.00,4.00
1757,8.50,1.5,,0.50,2.90,2.50,2.00
1758,,1.5,1.70,0.80,3.40,1.20,3.30
1759,10.40,3.2,0.60,1.00,2.60,0.00,4.00
1760,8.50,4.0,0.10,0.00,2.50,3.00,2.30
1761,11.00,4.3,0.80,0.60,2.80,1.30,2.90
1762,8.50,2.2,1.30,0.00,2.40,2.00,2.70
1763,10.00,3.0,0.80,0.60,2.80,3.50,2.50
1764,8.20,6.0,0.20,1.00,1.20,4.60,1.00
1765,8.50,,0.40,1.20,,2.30,2.40
1766,8.50,3.5,0.40,1.80,2.90,3.70,
1767,8.50,3.4,1.10,1.00,2.00,3.20,1.50
1768,9.80,180.0,6.00,0.50,1.00,0.90,2.00
1769,11.20,60.0,6.00,36.00,1.00,0.10,2.90
1770,9.50,3.0,0.50,1.10,4.90,2.90,2.50
1771,10.00,90.0,54.00,0.00,3.00,2.30,4.50
1772,8.40,4.4,0.10,0.70,3.10,3.00,1.00
1773,9.30,3.5,0.60,0.30,4.00,3.90,1.50
1774,10.40,2.5,0.50,0.40,1.40,2.70,3.90
1775,9.50,252.0,30.00,,1.30,2.30,3.40
1776,8.00,7.5,1.00,1.00,0.00,5.00,0.50
1777,8.00,2.5,0.60,1.70,2.30,3.50,1.80
1778,10.30,0.0,0.40,0.70,5.10,2.00,2.60
1779,10.50,180.0,42.00,60.00,2.90,1.20,2.60
1780,9.10,5.6,0.30,0.00,2.00,1.40,2.80
1781,9.50,114.0,36.00,6.00,0.80,2.50,1.00
1782,8.50,5.0,0.70,1.40,1.00,4.00,0.00
1783,10.20,3.5,0.50,1.30,,2.50,3.00
1784,10.50,,0.00,0.00,4.40,0.60,5.50
1785,10.50,4.0,0.50,0.10,1.50,3.00,2.80
1786,,0.0,0.80,0.10,1.10,3.00,4.00
1787,9.50,1.5,0.60,0.30,,2.00,4.10
1788,9.10,54.0,,24.00,1.90,1.00,0.90
1789,8.50,,1.30,0.60,1.50,3.00,0.50
1790,8.10,2.8,0.70,1.30,2.00,5.40,3.10
1791,10.50,2.2,0.50,0.70,2.50,1.50,0.90
1792,8.90,150.0,,0.70,1.40,0.50,1.60
1793,10.50,3.5,1.20,0.40,1.90,2.10,2.50
1794,11.50,0.0,0.90,0.00,1.00,1.00,3.00
1795,,3.0,0.90,0.00,3.00,2.10,2.80
1796,8.00,4.8,0.60,0.80,3.80,4.50,1.00
1797,,1.5,0.80,0.00,2.10,3.00,
1798,9.20,7.5,,1.00,1.50,1.20,1.70
1799,8.70,240.0,96.00,0.70,2.00,3.40,2.90
1800,9.90,1.9,0.50,0.10,1.50,2.10,3.00
1801,12.00,--,54.00,0.10,2.00,0.70,3.50
1802,10.50,2.0,0.40,1.10,4.50,0.40,4.40
1803,9.20,1.7,1.30,0.00,4.50,0.10,3.30
1804,9.00,2.7,0.60,0.90,1.00,3.50,1.90
1805,10.70,6.0,0.00,36.00,3.00,1.00,4.40
1806,10.00,90.0,84.00,0.00,,2.70,3.50
1807,9.00,5.5,1.20,0.50,0.70,4.00,1.40
1808,9.70,1.0,0.70,0.00,4.00,1.50,
1809,10.00,144.0,60.00,0.00,3.00,2.20,2.90
1810,8.40,5.0,0.80,0.50,4.10,3.00,0.00
1811,10.00,120.0,12.00,,2.60,3.10,2.60
1812,11.50,4.3,0.00,1.70,1.50,0.80,3.70
1813,,,0.00,24.00,1.40,3.10,
1814,9.50,5.5,0.00,0.00,4.00,1.80,
1815,9.00,5.2,0.20,1.00,2.00,4.60,0.50
1816,8.80,120.0,0.00,60.00,4.00,1.70,2.30
1817,12.30,210.0,24.00,0.00,4.80,1.20,1.50
1818,9.50,2.5,0.80,0.80,4.80,3.60,2.00
1819,8.50,3.2,1.00,0.50,2.10,3.50,4.10
1820,,4.5,1.40,2.00,1.60,3.50,1.80
1821,,1.5,0.30,1.20,1.70,2.70,4.00
1822,11.50,2.9,0.40,0.70,,1.50,3.40
1823,9.50,2.5,0.30,,1.50,1.60,
1824,9.10,4.0,,0.40,1.40,2.50,
1825,11.00,0.0,18.00,12.00,2.00,1.80,3.20
1826,10.00,,0.50,0.50,5.00,2.00,1.60
1827,10.10,1.0,1.20,0.30,2.20,0.80,3.50
1828,10.30,5.0,,0.60,3.00,3.50,0.90
1829,8.40,5.8,1.70,1.00,0.90,3.50,1.80
1830,10.20,4.0,0.20,0.70,2.00,2.60,1.90
1831,10.60,2.0,0.10,0.90,2.50,2.10,2.50
1832,8.40,354.0,60.00,1.10,2.00,2.40,2.50
1833,11.50,180.0,30.00,54.00,1.50,2.70,2.40
1834,11.10,1.5,1.50,0.70,3.00,2.50,4.00
1835,7.50,5.0,1.30,1.30,1.50,1.00,2.50
1836,9.80,126.0,0.00,18.00,3.60,2.00,3.00
1837,10.20,2.5,0.50,0.00,0.50,2.30,2.00
1838,11.50,3.0,0.50,1.40,1.20,3.00,3.50
1839,10.50,1.6,0.20,0.50,2.00,2.50,4.20
1840,11.00,3.2,0.50,1.20,2.50,,1.70
1841,9.00,5.5,1.20,1.40,1.50,3.90,0.00
1842,10.00,150.0,48.00,78.00,1.90,0.00,3.50
1843,9.60,216.0,30.00,0.80,5.50,3.50,1.10
1844,9.50,180.0,12.00,0.20,3.50,4.20,3.00
1845,9.90,204.0,60.00,12.00,1.30,4.00,2.50
1846,7.80,5.0,0.60,0.60,2.00,5.50,2.20
1847,9.00,3.2,0.10,0.60,2.20,2.50,1.50
1848,8.50,7.0,0.50,0.60,1.00,3.10,1.00
1849,11.50,,0.60,0.70,1.50,3.00,2.00
1850,10.10,210.0,36.00,,1.30,2.00,3.60
1851,9.30,3.5,0.40,0.60,4.10,3.00,2.00
1852,9.10,240.0,78.00,18.00,2.00,4.20,
1853,10.00,150.0,54.00,54.00,1.00,0.90,3.10
1854,7.90,234.0,66.00,,1.70,3.30,2.70
1855,8.00,4.0,0.60,1.50,1.00,4.40,2.30
1856,8.20,156.0,18.00,54.00,3.20,3.00,1.80
1857,11.50,1.5,0.00,0.50,4.50,0.60,4.40
1858,9.00,2.0,0.90,0.20,2.00,2.00,3.30
1859,10.00,2.0,0.90,0.50,4.00,4.00,0.50
1860,10.00,5.0,0.50,0.00,3.00,3.50,2.20
1861,8.10,5.5,0.70,1.60,1.40,2.50,0.10
1862,10.00,1.0,0.40,0.00,3.00,3.00,4.40
1863,7.90,4.4,1.00,,2.00,3.20,1.10
1864,9.50,240.0,96.00,24.00,1.30,2.50,1.70
1865,8.50,270.0,24.00,1.50,2.10,3.50,2.70
1866,8.60,300.0,24.00,0.90,1.50,4.20,1.00
1867,9.50,4.5,1.50,0.30,2.00,2.50,2.50
1868,11.00,156.0,30.00,,3.50,3.50,2.00
1869,8.20,210.0,48.00,0.50,2.50,3.50,
1870,9.50,2.5,1.40,1.20,2.70,2.50,3.00
1871,8.00,6.0,1.30,0.10,0.80,3.60,3.50
1872,9.10,7.0,1.30,1.50,0.20,3.50,1.00
1873,9.10,0.5,1.00,0.90,2.50,2.50,3.60
1874,8.50,450.0,72.00,54.00,1.00,3.00,1.50
1875,9.30,4.3,0.70,1.40,1.00,2.70,1.40
1876,8.80,2.0,0.50,0.00,2.50,1.80,4.20
1877,7.50,6.0,1.00,0.90,1.00,4.00,2.50
1878,10.40,1.9,0.30,0.20,3.50,2.50,4.80
1879,10.00,228.0,30.00,1.10,2.50,2.00,2.50
1880,10.00,<1,,0.00,2.00,2.70,3.50
1881,8.40,3.3,0.50,0.80,4.00,2.70,0.50
1882,,216.0,0.00,0.00,2.00,3.00,3.60
1883,11.50,90.0,12.00,0.70,1.00,,4.00
1884,9.50,1.1,1.00,0.00,2.30,0.70,2.50
1885,10.00,,18.00,0.60,0.50,0.00,2.90
1886,9.50,1.0,0.20,0.00,7.70,3.90,2.90
1887,10.30,2.5,0.80,0.40,2.50,1.50,5.00
1888,9.80,120.0,12.00,0.60,1.50,0.80,3.50
1889,10.60,1.8,0.90,0.00,2.30,1.50,2.50
1890,11.00,2.7,0.80,1.00,2.90,1.60,3.40
1891,10.50,2.7,0.00,0.00,2.50,2.40,2.80
1892,11.50,4.0,1.00,0.00,1.00,0.40,3.50
1893,8.60,6.3,0.40,0.00,1.90,3.50,1.50
1894,10.00,TBD,0.10,,1.60,3.50,
1895,,3.0,1.80,1.10,,2.70,2.60
1896,10.40,3.9,0.30,0.20,2.50,3.00,3.40
1897,8.10,4.8,0.70,0.90,0.90,3.50,2.00
1898,8.40,5.5,1.70,1.30,2.50,2.50,1.50
1899,10.40,2.9,1.00,2.40,2.50,3.00,0.50
1900,9.80,7.5,0.10,0.90,0.90,4.50,0.00
1901,12.00,1.4,0.00,0.00,2.60,0.60,4.50
1902,11.50,4.5,0.90,0.50,0.50,1.50,3.10
1903,11.00,1.5,0.40,0.50,3.00,2.50,3.80
1904,9.80,5.5,0.30,0.30,3.00,2.50,2.10
1905,,2.5,1.00,0.50,4.80,3.00,2.00
1906,9.00,4.0,0.40,1.30,5.00,2.50,
1907,,276.0,42.00,30.00,2.30,3.00,3.00
1908,9.60,60.0,0.00,36.00,1.50,1.00,4.20
1909,10.60,,1.40,0.90,0.60,1.50,4.00
1910,8.70,210.0,6.00,0.10,2.50,1.70,2.40
1911,,3.5,0.80,0.90,2.20,3.30,2.40
1912,8.40,1.3,0.00,0.60,0.80,2.00,2.50
1913,10.20,3.5,0.60,0.00,2.00,3.50,3.00
1914,9.30,1.5,0.40,0.70,5.40,,3.20
1915,11.00,2.0,,0.80,1.50,0.50,3.50
1916,,3.5,0.90,0.90,2.50,4.00,1.50
1917,10.00,2.1,0.70,0.00,3.50,2.80,4.50
1918,11.00,3.5,0.00,2.00,1.50,0.50,4.20
1919,8.70,3.5,0.90,0.00,2.50,3.80,2.50
1920,9.60,3.4,0.50,0.00,5.00,1.50,4.50
1921,8.10,,0.70,0.30,3.40,2.50,2.70
1922,9.70,5.0,0.60,1.20,,3.50,
1923,8.50,378.0,54.00,84.00,1.00,3.50,1.50
1924,11.30,2.0,0.40,,4.00,2.50,1.70
1925,10.50,,,0.40,0.60,4.00,1.50
1926,11.60,1.9,0.80,0.70,3.50,0.00,5.00
1927,8.80,180.0,0.00,6.00,6.10,3.50,2.00
1928,10.00,30.0,66.00,0.20,3.50,3.90,
1929,9.00,6.0,0.00,1.20,0.50,3.00,1.70
1930,10.60,1.7,0.60,1.10,3.90,0.50,3.00
1931,,3.3,0.10,0.00,1.50,3.10,2.50
1932,11.50,2.5,1.30,0.70,3.00,2.50,2.70
1933,9.50,2.7,0.00,0.50,3.00,1.60,3.00
1934,10.10,TBD,1.10,0.40,1.00,4.60,2.50
1935,9.50,114.0,54.00,0.00,2.60,2.00,2.70
1936,7.80,282.0,30.00,102.00,4.50,4.00,1.00
1937,9.80,,0.40,0.00,5.00,3.50,3.60
1938,7.00,5.7,0.60,1.70,1.50,4.00,2.30
1939,11.70,0.0,0.80,0.00,1.50,0.00,4.00
1940,9.90,2.4,0.90,1.20,2.00,,3.40
1941,9.80,0.8,1.10,0.00,2.40,1.60,3.00
1942,9.20,300.0,84.00,60.00,2.00,3.20,2.00
1943,10.50,276.0,,0.00,2.00,2.80,3.00
1944,11.50,1.0,0.10,0.00,1.50,0.00,4.20
1945,11.60,300.0,18.00,0.50,1.60,2.00,2.80
1946,9.00,2.0,0.40,0.10,2.00,3.20,6.00
1947,9.00,7.3,0.30,,0.00,3.70,1.50
1948,8.50,,108.00,1.90,,3.40,2.50
1949,9.50,3.0,1.40,0.60,3.50,4.00,2.00
1950,10.90,1.5,0.50,0.00,6.20,2.50,3.20
1951,8.00,<1,,0.70,1.80,2.90,1.70
1952,,48.0,48.00,0.00,5.50,1.00,3.60
1953,9.00,204.0,30.00,48.00,3.60,0.50,3.40
1954,8.50,7.1,0.40,0.40,0.90,3.70,1.00
1955,9.40,2.0,0.70,,1.50,0.50,3.70
1956,8.90,3.0,0.70,0.30,1.00,3.70,2.50
1957,9.00,2.8,0.30,0.10,3.50,1.30,4.00
1958,8.00,3.0,0.70,0.20,4.00,4.00,1.50
1959,10.80,1.4,0.30,0.80,2.90,0.00,
1960,8.60,7.0,1.20,1.00,2.00,3.90,0.50
1961,9.00,204.0,0.00,1.60,2.00,2.00,1.40
1962,7.40,5.2,0.70,0.00,2.00,5.00,3.10
1963,9.60,5.5,0.00,1.00,2.00,3.50,1.30
1964,9.50,132.0,78.00,72.00,1.80,2.00,4.00
1965,7.70,4.6,0.80,0.10,4.00,5.20,1.70
1966,9.50,3.0,0.30,0.20,3.00,,4.10
1967,11.50,276.0,54.00,0.00,3.00,1.60,3.30
1968,9.10,252.0,54.00,1.10,2.40,,3.80
1969,9.30,4.9,,0.10,1.60,0.00,3.50
1970,10.00,2.5,0.00,0.50,5.50,3.00,2.50
1971,10.60,2.6,1.10,0.50,1.50,1.00,1.90
1972,10.50,210.0,60.00,0.90,2.80,2.00,2.50
1973,,5.5,0.40,0.00,1.00,3.00,3.60
1974,12.50,60.0,60.00,6.00,,0.90,3.50
1975,8.50,>60,30.00,0.00,5.80,2.70,1.40
1976,9.50,3.0,0.60,0.00,1.50,,2.50
1977,9.70,1.3,0.60,0.00,2.00,1.50,4.50
1978,8.70,6.5,0.90,0.60,2.00,3.00,
1979,8.60,3.0,0.90,0.00,3.50,2.00,2.00
1980,8.80,30.0,84.00,72.00,1.00,2.90,2.70
1981,9.50,5.8,0.70,0.70,0.90,3.00,2.00
1982,8.50,300.0,24.00,48.00,1.00,4.70,2.30
1983,9.30,300.0,42.00,96.00,1.00,,1.80
1984,10.30,294.0,42.00,0.00,1.50,0.50,
1985,11.00,,0.80,0.20,2.90,1.70,4.20
1986,9.80,2.1,1.10,0.00,2.10,4.00,4.50
1987,8.50,258.0,36.00,,2.20,2.50,1.00
1988,9.10,1.5,0.70,0.20,5.70,,3.60
1989,,1.5,0.50,0.20,2.40,0.50,4.80
1990,10.90,2.5,1.50,0.70,2.50,1.30,4.00
1991,9.00,300.0,0.00,1.50,4.00,3.50,1.50
1992,9.00,390.0,,6.00,1.60,2.10,2.40
1993,8.50,2.7,0.00,0.70,2.50,1.60,2.50
1994,8.00,3.4,0.80,,2.50,3.50,2.90
1995,9.50,108.0,66.00,0.70,3.00,0.90,2.70
1996,,4.5,,0.90,1.20,3.00,1.50
1997,10.00,5.0,0.00,0.00,3.10,1.10,4.20
1998,9.40,258.0,30.00,,1.10,4.00,2.70
1999,10.00,4.4,0.80,0.90,1.30,1.70,1.60
2000,10.50,3.0,0.40,0.50,1.50,2.50,4.00
2001,9.60,not recorded,0.00,0.70,2.50,2.00,1.20
2002,9.50,not recorded,114.00,108.00,1.50,1.80,3.00
2003,8.00,,1.20,1.90,3.50,4.20,1.50
2004,8.80,3.2,0.90,1.20,1.30,4.00,2.50
2005,10.70,2.0,0.90,0.00,3.30,0.00,4.00
2006,8.50,0.8,0.30,0.00,2.50,2.20,3.60
2007,,120.0,18.00,0.00,2.00,3.50,3.00
2008,9.50,3.0,0.40,1.40,3.60,2.30,4.00
2009,9.00,3.0,0.30,0.00,,0.50,3.50
2010,9.50,>60,66.00,78.00,0.90,,1.50
2011,8.60,2.2,0.70,0.00,1.50,2.80,1.90
2012,8.60,120.0,72.00,0.00,1.20,4.50,2.20
2013,8.00,2.7,1.30,1.50,4.00,3.40,3.00
2014,10.50,2.5,0.00,0.00,,1.80,2.80
2015,8.40,4.7,0.90,1.90,2.10,4.10,0.50
2016,9.00,1.0,0.40,0.00,4.60,3.20,4.00
2017,10.10,180.0,54.00,,5.70,1.40,3.50
2018,11.00,300.0,42.00,0.00,1.50,0.90,4.00
2019,9.00,5.3,1.10,,2.50,3.90,0.50
2020,8.60,168.0,42.00,102.00,0.00,2.90,3.50
2021,10.00,30.0,30.00,0.10,4.80,1.00,3.50
2022,9.50,4.5,1.70,0.50,0.40,3.00,2.50
2023,9.80,210.0,,0.80,1.50,3.50,2.30
2024,9.00,3.0,0.50,0.70,3.00,1.90,
2025,9.30,4.0,1.10,1.30,2.30,4.50,1.50
2026,10.50,1.7,0.90,0.00,1.50,3.00,2.30
2027,10.00,2.9,0.50,1.00,2.80,1.50,2.00
2028,9.50,270.0,114.00,60.00,0.50,3.00,2.30
2029,9.50,3.5,0.20,0.20,1.70,2.50,4.50
2030,9.50,1.5,1.00,0.70,1.50,2.40,2.20
2031,12.00,2.8,0.10,0.10,2.50,0.00,3.90
2032,,4.5,2.60,1.10,2.00,3.80,2.00
2033,9.70,2.5,0.30,1.50,6.00,3.00,2.30
2034,9.50,4.4,1.50,1.50,2.30,2.30,2.10
2035,8.80,420.0,60.00,18.00,0.70,3.00,2.50
2036,9.50,3.3,1.20,0.00,1.50,3.30,3.00
2037,7.00,n/a,,1.50,0.00,3.60,2.00
2038,8.50,5.4,,0.90,1.50,3.60,2.70
2039,9.70,2.5,0.30,0.80,1.50,4.50,1.00
2040,8.00,6.0,0.80,0.70,0.50,4.00,2.50
2041,10.00,222.0,18.00,0.00,1.00,2.10,1.50
2042,9.40,5.5,1.10,0.10,,2.50,2.30
2043,9.00,1.9,0.50,0.80,2.50,3.50,1.00
2044,10.10,n/a,0.80,0.00,2.00,0.00,3.50
2045,11.00,1.4,1.00,0.80,3.50,0.80,5.20
2046,10.10,120.0,30.00,48.00,,0.70,2.70
2047,10.10,4.1,0.90,0.00,1.00,3.00,2.60
2048,11.00,2.7,0.00,0.00,1.00,1.50,1.50
2049,9.60,264.0,12.00,0.00,,2.50,3.90
2050,10.40,24.0,42.00,1.10,2.00,0.30,
2051,11.00,2.7,0.50,0.70,4.00,2.00,3.00
2052,8.20,270.0,30.00,18.00,0.00,3.80,1.70
2053,9.90,4.0,1.00,0.50,3.50,3.80,1.00
2054,10.00,3.5,1.10,0.00,1.00,4.00,3.00
2055,12.00,2.0,0.80,,3.90,0.30,4.60
2056,9.30,4.5,0.50,1.50,2.50,2.90,2.30
2057,9.50,4.5,0.00,0.60,2.00,2.50,2.00
2058,9.50,2.0,,0.80,3.80,,4.00
2059,10.50,>60,0.40,0.90,1.60,0.50,4.00
2060,9.90,0.5,0.90,0.00,2.90,2.10,2.30
2061,10.10,1.0,0.70,0.50,4.50,2.00,2.80
2062,9.40,3.3,0.30,0.80,3.60,2.00,2.50
2063,11.90,2.5,0.10,0.50,5.50,0.60,2.50
2064,7.50,5.4,0.50,1.50,1.00,4.00,2.00
2065,10.50,138.0,36.00,0.30,2.00,3.00,2.20
2066,10.50,2.5,1.20,0.00,1.60,3.20,3.50
2067,9.10,2.3,,,3.00,2.50,5.00
2068,10.00,3.9,,0.80,2.60,1.50,3.00
2069,11.00,2.0,0.70,0.00,1.20,3.30,4.50
2070,10.90,120.0,54.00,6.00,1.50,0.90,
2071,10.50,0.0,0.00,0.00,1.50,0.00,3.50
2072,8.50,4.0,1.10,0.10,2.30,2.40,
2073,8.50,2.0,0.60,,3.40,5.50,1.90
2074,9.00,3.7,0.30,0.50,1.70,4.50,2.00
2075,10.50,1.5,0.10,0.20,3.40,0.70,4.00
2076,11.00,4.5,1.20,0.10,1.50,2.80,1.10
2077,12.00,2.2,0.90,0.00,3.00,1.60,2.70
2078,,5.2,0.00,0.00,2.20,2.50,2.10
2079,,<1,0.80,,3.50,2.60,2.00
2080,10.40,3.5,1.60,0.00,2.20,1.50,4.00
2081,10.10,2.0,1.00,1.60,4.00,0.50,
2082,9.50,3.5,0.30,,1.50,0.70,3.70
2083,,180.0,48.00,102.00,3.30,2.70,2.50
2084,11.50,,0.30,0.00,1.50,2.10,2.50
2085,9.90,1.5,0.10,0.00,1.50,0.50,5.00
2086,8.00,5.2,,0.20,3.00,3.50,1.50
2087,10.50,0.8,0.10,1.40,1.50,1.70,3.40
2088,,240.0,48.00,36.00,2.20,1.50,4.00
2089,10.40,1.5,0.60,0.10,4.50,3.00,3.50
2090,10.30,270.0,18.00,54.00,1.70,1.00,4.50
2091,9.50,432.0,12.00,,1.20,2.50,2.00
2092,10.50,330.0,96.00,54.00,1.50,3.00,
2093,9.50,4.9,1.10,1.90,0.70,3.50,1.50
2094,10.00,5.5,0.00,0.10,2.80,,3.00
2095,11.20,4.6,0.50,0.30,,2.00,3.50
2096,9.50,270.0,,0.00,3.20,3.60,
2097,8.70,120.0,48.00,12.00,3.50,4.00,2.50
2098,9.80,174.0,60.00,54.00,4.40,2.70,2.00
2099,10.00,198.0,90.00,0.00,0.50,2.80,3.00
2100,9.00,4.5,1.50,0.00,1.50,2.80,3.80
2101,11.00,2.9,1.00,0.40,,2.20,2.60
2102,10.50,4.0,,0.00,3.30,3.00,3.30
2103,7.00,7.0,0.70,1.60,1.00,2.20,3.90
2104,7.10,3.6,,0.90,6.50,2.30,0.30
2105,8.40,3.2,0.00,0.90,1.00,2.00,2.50
2106,11.00,1.5,0.90,0.70,3.50,0.70,3.20
2107,10.60,240.0,66.00,0.00,,2.50,3.00
2108,10.40,2.9,0.00,0.40,0.50,4.30,4.00
2109,9.50,150.0,96.00,,1.00,3.00,3.30
2110,10.00,3.5,0.40,0.00,4.80,3.00,3.50
2111,9.60,6.5,0.50,0.00,0.50,3.00,3.30
2112,9.50,3.5,0.00,1.20,1.00,,2.40
2113,11.10,5.6,0.60,0.30,1.50,3.00,1.50
2114,9.40,180.0,36.00,1.10,1.00,2.50,1.70
2115,9.00,84.0,48.00,0.70,1.50,2.00,2.40
2116,9.60,2.3,0.20,0.00,1.70,4.00,2.50
2117,8.50,3.7,1.00,2.20,3.50,1.60,3.00
2118,8.00,2.4,1.20,1.80,1.00,2.40,2.00
2119,8.70,1.6,0.90,0.30,0.70,2.00,5.20
2120,9.10,5.2,0.00,0.60,2.80,2.50,2.90
2121,9.90,240.0,24.00,0.00,1.20,3.60,1.50
2122,9.70,180.0,,60.00,2.10,3.10,2.50
2123,,4.0,0.40,0.70,0.90,5.00,1.70
2124,9.80,4.0,0.20,0.00,2.60,3.60,1.10
2125,9.10,4.5,0.30,0.10,1.40,3.80,
2126,8.20,4.1,0.40,1.60,2.50,4.00,0.50
2127,10.30,1.0,0.90,0.90,2.90,,3.50
2128,8.20,4.1,0.90,1.20,0.90,2.50,3.40
2129,,2.0,0.40,0.60,1.60,4.30,3.00
2130,10.00,1.1,0.00,1.00,1.40,2.60,
2131,9.10,<1,0.60,0.40,3.00,4.20,0.50
2132,10.00,5.3,0.50,1.00,2.90,2.50,1.00
2133,8.70,0.3,0.00,0.40,2.00,1.00,3.00
2134,11.00,1.7,0.70,0.50,2.40,1.00,4.50
2135,10.90,0.8,0.00,0.40,5.90,2.00,2.70
2136,8.90,150.0,24.00,0.00,2.20,1.90,3.00
2137,,2.5,0.00,0.30,0.90,2.50,5.00
2138,,3.2,0.60,0.70,2.50,0.00,4.00
2139,8.50,5.0,0.70,0.40,3.40,1.00,3.00
2140,8.00,0.5,0.60,0.00,2.10,3.30,2.80
2141,9.00,270.0,108.00,0.70,1.60,1.80,3.00
2142,11.60,102.0,72.00,18.00,3.60,1.40,2.70
2143,11.50,2.3,0.80,0.60,3.00,0.90,4.00
2144,9.20,7.3,0.50,0.70,0.20,2.50,2.00
2145,,5.0,0.90,0.70,0.80,3.00,2.50
2146,10.10,0.4,0.00,0.30,0.70,3.00,3.00
2147,10.30,4.9,0.50,0.00,1.00,3.50,2.40
2148,9.50,1.0,0.70,0.40,4.50,2.50,3.30
2149,11.20,0.5,0.90,0.00,2.00,1.70,2.20
2150,11.00,3.5,0.40,0.20,1.40,1.30,4.10
2151,8.50,6.0,0.50,,0.00,3.50,0.00
2152,8.00,5.5,0.70,0.70,1.00,,3.00
2153,10.50,3.4,0.00,1.00,,1.50,4.00
2154,10.50,2.3,1.10,0.00,3.50,1.70,3.60
2155,8.20,3.5,1.40,0.00,3.00,2.50,2.60
2156,7.50,2.1,0.80,0.10,1.80,2.50,3.00
2157,10.00,5.3,1.60,0.00,0.90,0.00,4.50
2158,7.80,1.9,0.20,0.90,,3.50,1.00
2159,8.80,168.0,90.00,1.20,6.20,3.00,1.90
2160,8.50,1.3,0.00,0.00,4.30,2.00,1.90
2161,9.00,132.0,60.00,72.00,1.00,2.00,2.00
2162,8.50,4.3,0.00,0.10,0.50,2.50,
2163,11.00,120.0,36.00,0.00,2.50,3.50,2.00
2164,8.00,2.5,0.20,0.80,2.20,2.50,
2165,10.40,1.2,1.70,0.30,3.00,1.50,4.00
2166,9.70,72.0,72.00,0.00,2.00,,1.90
2167,7.20,5.7,2.10,0.40,1.70,3.70,2.70
2168,7.40,,0.00,,2.50,3.80,2.00
2169,10.50,,48.00,0.00,2.60,2.00,3.00
2170,12.10,,0.50,1.10,3.50,,3.40
2171,12.00,1.1,0.90,0.70,2.50,2.00,4.00
2172,,360.0,66.00,54.00,1.90,4.60,1.50
2173,8.00,2.5,0.00,0.80,2.50,3.00,1.80
2174,10.40,,24.00,1.50,3.30,2.60,1.50
2175,9.90,3.0,1.40,1.00,1.60,2.50,0.00
2176,11.00,3.4,1.60,,1.00,0.50,3.90
2177,9.70,0.0,0.00,1.10,,3.00,1.60
2178,8.50,1.3,0.40,0.90,1.30,2.50,5.50
2179,9.80,2.3,0.10,,3.80,2.00,4.50
2180,11.50,3.5,,0.60,2.00,1.00,4.50
2181,11.40,3.0,0.10,,3.50,2.50,2.70
2182,7.50,4.5,0.80,1.40,1.50,1.50,1.90
2183,10.50,3.5,0.80,0.00,1.00,2.40,3.50
2184,8.50,6.2,1.60,0.00,2.60,3.00,1.50
2185,10.00,300.0,6.00,1.40,1.10,4.00,1.20
2186,10.30,1.5,0.50,0.10,1.30,2.50,2.50
2187,9.00,306.0,48.00,36.00,1.00,3.00,3.50
2188,9.00,180.0,30.00,0.60,3.00,2.90,3.00
2189,8.50,228.0,36.00,0.00,3.60,1.60,3.70
2190,7.00,366.0,72.00,96.00,2.00,3.50,1.50
2191,8.60,5.1,0.30,1.10,4.00,3.00,2.30
2192,9.60,4.3,0.20,0.70,2.00,4.10,1.00
2193,13.00,0.5,0.60,0.00,4.50,0.20,6.30
2194,8.50,150.0,36.00,24.00,3.60,2.50,2.30
2195,10.00,not recorded,0.20,0.00,1.00,2.10,2.50
2196,10.00,0.6,1.70,1.80,5.00,2.30,
2197,9.30,3.4,0.60,0.80,3.20,1.50,
2198,11.70,1.5,,0.00,4.40,1.90,4.10
2199,8.00,5.5,0.80,1.40,1.50,3.60,2.00
2200,9.50,90.0,6.00,0.00,2.10,0.90,2.90
2201,11.00,60.0,54.00,18.00,1.50,1.50,4.50
2202,7.80,0.3,0.40,0.50,2.50,0.40,3.00
2203,10.50,3.6,0.40,0.40,2.00,1.50,2.50
2204,11.00,4.0,0.90,0.90,3.00,1.00,2.50
2205,10.00,2.7,0.60,0.00,2.50,3.50,1.50
2206,9.00,2.5,1.50,0.80,1.00,1.90,3.20
2207,11.10,1.9,0.50,,1.40,0.30,3.50
2208,7.60,3.0,0.70,1.50,2.60,4.50,2.50
2209,9.90,180.0,0.00,42.00,,2.50,
2210,11.10,5.2,1.00,0.20,0.70,2.40,2.50
2211,10.50,2.0,0.40,0.40,1.10,3.00,1.50
2212,8.50,2.5,1.50,,5.00,3.80,1.00
2213,9.90,>60,0.50,1.20,2.00,3.50,
2214,8.00,4.5,0.50,0.60,1.20,2.00,1.50
2215,9.50,60.0,30.00,0.30,2.60,1.60,4.00
2216,8.60,0.5,1.00,0.20,,1.40,2.60
2217,10.00,2.0,0.90,0.00,,,2.30
2218,9.00,186.0,36.00,0.20,3.00,2.00,2.50
2219,11.50,3.5,0.70,0.70,2.50,2.20,1.40
2220,11.00,2.3,1.10,0.50,2.30,,5.00
2221,10.00,228.0,24.00,0.00,1.00,3.50,2.40
2222,10.00,2.1,0.80,0.30,3.00,1.80,3.70
2223,10.00,312.0,48.00,48.00,1.00,2.30,2.90
2224,8.60,<1,0.60,0.50,1.50,3.00,3.50
2225,8.60,3.7,0.00,1.00,1.70,2.50,2.00
2226,8.10,5.5,,1.00,1.00,5.50,2.20
2227,10.60,174.0,18.00,84.00,2.00,3.30,2.20
2228,10.00,>60,1.30,0.10,2.50,3.30,2.10
2229,8.50,108.0,0.00,0.80,3.10,3.00,3.00
2230,9.50,5.4,0.30,1.10,2.60,2.50,2.00
2231,10.50,,1.50,0.80,5.00,3.50,2.20
2232,10.20,270.0,72.00,0.50,1.10,1.40,3.50
2233,10.00,3.6,0.40,0.00,2.50,1.50,2.50
2234,10.10,66.0,30.00,0.00,3.00,2.20,4.00
2235,8.10,4.7,0.90,1.30,2.50,4.40,0.00
2236,9.50,276.0,0.00,0.10,1.50,2.20,3.00
2237,10.00,330.0,0.00,0.00,2.40,0.50,5.10
2238,8.00,3.9,0.90,0.10,2.00,3.00,4.30
2239,8.30,3.0,1.40,0.80,0.70,2.50,2.60
2240,10.50,180.0,102.00,0.50,2.60,3.00,2.50
2241,9.30,0.7,1.40,0.60,2.00,1.00,3.60
2242,9.40,186.0,36.00,,3.00,4.00,2.00
2243,8.30,,0.70,0.00,1.10,3.50,3.10
2244,10.50,4.6,0.40,0.10,1.50,1.50,4.30
2245,10.00,1.5,0.40,0.80,4.50,2.50,2.50
2246,10.50,5.5,0.50,0.70,1.60,3.00,1.40
2247,11.10,210.0,60.00,0.00,0.50,2.60,3.00
2248,9.00,3.3,1.00,0.50,2.40,0.50,4.40
2249,10.70,1.0,0.00,0.70,2.10,0.60,3.10
2250,10.00,78.0,0.00,18.00,4.10,0.20,4.00
2251,10.60,1.0,0.10,1.10,2.50,2.50,
2252,10.60,3.5,0.70,0.20,1.00,3.50,3.50
2253,,1.5,0.70,0.70,,1.50,3.50
2254,9.50,3.0,0.70,0.00,2.50,1.80,4.30
2255,11.50,1.4,0.60,0.80,2.00,0.70,5.50
2256,10.00,3.1,1.20,0.40,,3.00,1.00
2257,,4.0,0.70,1.20,2.40,4.00,1.20
2258,9.70,2.0,0.50,0.30,1.90,4.50,2.50
2259,8.00,4.5,1.20,0.00,0.50,2.80,4.10
2260,8.20,5.2,,1.50,,4.40,2.50
2261,10.00,246.0,,0.00,1.00,4.00,2.50
2262,9.00,,1.90,0.80,2.00,0.50,3.00
2263,9.20,2.0,0.00,1.20,2.70,2.30,3.00
2264,7.50,,0.80,0.50,1.80,2.40,1.30
2265,9.30,1.5,0.50,0.60,4.10,4.70,1.80
2266,9.00,2.5,0.60,0.80,3.00,2.50,3.00
2267,,3.0,1.10,0.20,1.50,3.30,2.00
2268,9.50,6.5,0.80,0.50,0.50,3.00,2.60
2269,9.50,1.3,0.60,1.10,2.50,2.00,2.30
2270,8.70,4.0,1.30,1.50,2.50,3.70,1.60
2271,12.50,2.0,0.80,0.60,3.00,1.20,3.30
2272,9.40,210.0,90.00,1.30,1.60,4.50,1.00
2273,9.00,2.0,1.00,0.10,0.70,,1.30
2274,8.20,60.0,60.00,30.00,3.00,1.10,3.20
2275,8.50,2.9,1.10,0.60,2.30,3.30,1.50
2276,11.00,2.5,0.70,1.00,2.20,2.40,2.50
2277,10.30,not recorded,42.00,66.00,4.50,3.50,1.70
2278,9.30,4.6,0.30,0.10,2.10,2.10,4.00
2279,8.50,2.5,1.00,0.30,2.50,3.40,4.60
2280,8.90,3.5,0.40,1.70,0.40,3.00,1.50
2281,8.50,6.0,0.90,,2.00,3.20,1.50
2282,10.20,0.5,0.30,0.00,1.70,2.00,3.50
2283,10.00,4.3,0.00,0.60,1.40,2.60,
2284,9.50,4.1,0.20,0.00,5.00,2.90,2.70
2285,10.00,210.0,54.00,0.00,2.00,,2.00
2286,9.20,,0.30,,0.60,1.00,2.50
2287,9.00,4.0,,1.50,1.50,2.50,2.80
2288,8.70,6.5,0.80,0.60,0.50,2.90,2.00
2289,10.00,5.5,1.00,0.40,1.00,2.00,
2290,9.00,1.6,0.20,0.00,2.00,2.30,3.90
2291,9.80,0.5,1.00,1.00,1.10,2.20,3.20
2292,9.90,0.7,0.50,0.00,1.00,0.00,3.70
2293,10.60,5.5,0.00,0.60,0.50,3.50,2.50
2294,10.00,3.5,0.40,0.70,2.50,3.00,2.20
2295,11.00,2.6,0.00,0.80,,1.50,2.50
2296,9.50,270.0,24.00,1.10,1.10,1.00,2.40
2297,,6.5,1.60,0.70,0.00,4.50,1.00
2298,9.50,1.6,0.80,0.10,3.50,2.00,3.50
2299,,2.2,0.00,0.80,2.00,0.80,2.80
2300,9.50,174.0,,0.60,3.20,3.60,2.50
2301,11.50,300.0,60.00,48.00,1.00,2.10,
2302,10.20,1.6,0.00,0.30,3.20,1.90,
2303,10.00,2.1,2.30,0.60,2.40,2.20,3.00
2304,8.60,3.9,1.80,0.20,1.30,1.00,3.00
2305,,126.0,6.00,30.00,1.50,1.00,3.00
2306,9.90,1.0,0.50,0.10,3.50,0.00,5.00
2307,8.00,3.8,0.80,0.90,0.90,3.40,0.10
2308,9.00,1.6,0.90,0.00,1.50,5.20,3.10
2309,11.50,180.0,66.00,0.00,3.90,0.90,3.80
2310,8.50,2.0,2.30,0.50,2.00,3.70,4.00
2311,8.50,54.0,42.00,30.00,2.20,3.40,4.00
2312,8.50,>60,0.00,0.00,2.90,,0.40
2313,9.00,3.9,1.30,0.90,2.50,2.10,2.20
2314,9.50,156.0,60.00,0.40,3.20,1.50,5.40
2315,11.00,4.8,0.00,0.50,1.90,3.30,1.90
2316,10.00,1.5,0.00,0.10,,0.00,5.00
2317,10.00,2.6,0.70,0.00,3.50,4.00,3.50
2318,9.00,,0.60,0.70,3.50,2.50,2.50
2319,9.00,156.0,30.00,0.00,1.70,2.80,1.50
2320,9.80,3.5,1.20,0.40,1.40,2.50,3.80
2321,10.30,5.0,1.10,,2.50,3.00,0.60
2322,10.70,180.0,30.00,54.00,4.00,,3.00
2323,9.00,5.5,1.20,0.50,1.90,,2.50
2324,11.00,2.8,1.00,0.90,2.30,0.00,4.90
2325,9.00,4.5,0.90,1.60,0.00,2.00,3.00
2326,,2.0,0.40,0.60,1.40,2.00,4.00
2327,8.00,7.0,,0.80,2.50,3.00,0.70
2328,9.80,210.0,36.00,54.00,2.50,2.50,3.80
2329,8.50,360.0,,1.70,1.20,4.40,0.90
2330,9.00,2.8,0.70,0.60,2.70,1.90,
2331,9.50,4.0,0.00,0.30,2.10,3.20,3.70
2332,8.70,180.0,120.00,18.00,2.00,2.70,3.70
2333,11.20,120.0,48.00,0.20,2.60,0.00,
2334,10.20,192.0,24.00,42.00,,2.50,3.60
2335,9.90,210.0,0.00,0.00,0.30,1.40,4.50
2336,11.20,2.0,,0.80,3.50,1.00,3.00
2337,8.10,4.0,,1.00,5.40,1.60,
2338,9.50,114.0,60.00,,2.00,2.80,2.50
2339,11.10,2.9,0.00,0.30,2.60,3.00,4.40
2340,9.80,438.0,42.00,18.00,1.50,2.50,
2341,10.50,0.0,24.00,36.00,3.50,1.50,4.00
2342,9.50,240.0,60.00,0.00,2.00,2.50,1.50
2343,8.50,60.0,0.00,42.00,2.80,4.50,1.10
2344,10.50,150.0,6.00,42.00,,,3.70
2345,,3.9,0.80,0.50,2.00,3.00,3.30
2346,7.20,330.0,,12.00,1.70,2.00,3.20
2347,8.50,300.0,84.00,0.00,3.00,3.00,2.60
2348,10.50,4.9,,0.00,2.20,1.90,3.00
2349,10.20,120.0,12.00,36.00,3.50,1.00,1.20
2350,9.60,3.5,0.40,,1.00,4.50,3.20
2351,10.50,1.3,0.00,0.70,4.00,0.00,5.80
2352,7.30,180.0,30.00,78.00,1.50,3.80,1.70
2353,8.50,3.8,0.90,1.20,3.50,4.30,1.50
2354,10.20,3.2,0.80,0.70,1.00,3.00,3.50
2355,10.00,0.9,1.20,0.00,3.00,1.50,4.00
2356,10.50,3.3,0.00,0.00,2.90,0.50,2.50
2357,10.90,,1.20,0.10,1.20,2.00,4.20
2358,10.50,3.5,1.10,1.80,0.80,3.80,1.60
2359,8.50,5.5,0.70,0.20,1.30,,2.30
2360,10.60,210.0,42.00,18.00,2.50,3.30,1.50
2361,11.00,180.0,48.00,48.00,3.00,2.50,
2362,10.60,2.0,1.80,0.00,3.50,3.20,3.50
2363,8.40,2.5,0.80,0.80,2.50,2.50,4.20
2364,10.70,66.0,42.00,0.40,2.70,0.20,
2365,8.50,3.5,0.20,,2.90,2.10,3.50
2366,10.50,192.0,42.00,66.00,2.50,3.00,2.40
2367,9.50,2.2,0.90,,2.60,2.50,3.70
2368,12.10,0.0,42.00,0.60,3.80,1.50,3.00
2369,10.50,>60,1.60,0.20,1.50,0.60,4.90
2370,8.30,240.0,90.00,72.00,1.30,3.70,2.50
2371,9.50,234.0,72.00,30.00,2.10,2.50,3.50
2372,8.50,180.0,42.00,84.00,1.00,5.70,0.50
2373,8.40,0.1,0.00,0.00,2.40,,3.00
2374,11.50,84.0,42.00,12.00,3.50,0.90,5.50
2375,11.10,0.0,1.10,0.20,1.00,2.60,4.80
2376,,192.0,66.00,18.00,1.00,4.00,0.40
2377,8.40,234.0,54.00,,4.50,4.20,1.60
2378,9.30,3.5,0.10,0.00,1.70,2.90,3.80
2379,9.20,2.0,1.00,0.40,3.00,3.40,2.70
2380,11.40,18.0,84.00,0.00,4.50,2.00,5.00
2381,8.90,1.5,0.80,0.50,4.90,3.00,3.50
2382,9.50,6.5,0.20,1.30,1.70,3.70,
2383,9.80,3.5,0.10,,2.50,4.00,1.60
2384,9.00,60.0,36.00,0.00,3.00,,3.30
2385,9.30,4.0,0.50,0.90,1.70,,4.00
2386,10.50,0.2,0.00,1.40,3.50,2.30,
2387,9.60,2.0,0.80,0.10,1.00,4.50,2.50
2388,6.00,8.0,1.00,0.60,0.90,4.50,0.60
2389,9.70,5.1,1.10,0.20,2.50,2.00,
2390,9.60,0.0,1.00,0.30,5.50,1.00,3.90
2391,10.30,4.0,1.00,0.20,1.00,3.30,
2392,9.80,4.4,0.80,0.20,1.10,2.50,4.30
2393,10.50,5.2,1.40,0.10,2.50,1.00,3.10
2394,7.60,2.2,0.20,0.50,,2.20,2.70
2395,8.10,384.0,78.00,0.40,1.90,,2.00
2396,8.10,192.0,66.00,66.00,3.20,1.60,2.50
2397,10.40,0.0,48.00,30.00,1.90,1.50,4.50
2398,10.30,0.0,0.30,0.30,2.20,0.30,2.40
2399,11.10,2.5,0.30,0.30,1.00,1.50,
2400,12.00,90.0,6.00,0.00,,2.00,4.10
2401,8.60,0.0,0.30,0.60,1.50,,1.50
2402,10.00,2.5,0.00,0.50,3.00,1.50,4.10
2403,8.80,252.0,,66.00,3.50,3.50,1.90
2404,7.70,n/a,,42.00,1.80,2.90,1.50
2405,11.40,4.1,0.60,0.00,2.50,,3.00
2406,10.70,3.0,0.10,0.60,1.90,0.00,4.80
2407,10.40,5.0,0.00,0.90,0.50,3.30,3.10
2408,7.00,240.0,,54.00,2.00,2.90,1.40
2409,9.30,TBD,0.00,0.60,1.00,3.00,2.00
2410,8.50,390.0,24.00,0.20,2.20,2.50,2.00
2411,11.40,120.0,0.00,36.00,1.40,2.70,1.60
2412,10.50,0.0,0.30,0.10,1.70,0.70,1.80
2413,10.90,3.5,0.30,0.00,1.50,1.10,3.70
2414,11.10,180.0,24.00,0.00,3.00,,1.50
2415,8.50,5.0,0.80,0.00,3.00,3.80,3.10
2416,9.50,2.2,1.10,0.00,3.00,3.10,3.20
2417,8.00,198.0,60.00,1.70,3.00,3.10,0.00
2418,9.50,1.8,0.90,0.30,3.00,3.50,3.30
2419,10.30,6.4,0.10,0.80,1.50,2.80,0.50
2420,11.00,0.0,0.00,0.60,4.00,1.00,4.50
2421,8.50,3.5,1.10,1.20,0.80,2.70,0.00
2422,11.20,2.7,0.60,0.20,3.50,2.00,3.70
2423,10.00,294.0,60.00,48.00,2.60,2.50,2.50
2424,10.50,3.4,2.30,2.10,,2.00,1.20
2425,9.90,2.6,0.90,0.30,1.30,1.50,2.50
2426,9.50,210.0,54.00,0.60,2.40,3.60,2.30
2427,8.50,3.2,0.80,1.70,1.00,3.50,1.30
2428,9.50,,0.40,0.20,1.50,2.50,3.30
2429,10.50,3.1,1.90,0.10,2.00,2.90,2.00
2430,9.00,174.0,66.00,6.00,2.60,3.50,2.00
2431,9.20,4.9,1.40,0.00,1.50,3.50,2.30
2432,8.40,330.0,66.00,102.00,3.00,2.00,2.50
2433,11.00,,0.60,1.40,1.50,2.50,3.30
2434,10.40,120.0,,0.70,3.00,3.10,3.60
2435,9.00,4.1,0.60,1.10,,3.50,2.00
2436,12.50,1.0,0.10,1.10,4.10,1.00,4.00
2437,8.70,3.0,1.20,0.00,,1.30,5.90
2438,9.90,,42.00,0.00,1.50,2.00,2.50
2439,8.50,4.5,0.90,1.20,1.00,4.00,2.50
2440,10.30,1.2,0.00,0.00,1.90,1.90,2.90
2441,9.70,4.5,0.00,1.80,2.70,3.50,1.30
2442,10.00,4.4,0.60,0.20,2.90,4.20,1.60
2443,10.90,2.5,0.40,0.50,2.50,2.20,3.50
2444,10.50,2.0,,0.00,1.00,3.00,2.50
2445,8.90,2.5,0.40,0.60,2.00,1.90,5.30
2446,10.00,2.2,0.30,0.10,5.50,2.60,
2447,9.30,0.0,60.00,1.40,3.50,3.00,0.20
2448,9.70,2.0,0.10,0.40,2.00,,3.30
2449,10.50,2.0,0.70,,0.90,4.00,1.60
2450,9.10,4.5,0.70,2.20,0.50,2.70,2.70
2451,10.40,3.6,0.50,0.00,1.50,1.50,2.90
2452,9.20,4.5,0.20,0.10,3.90,3.60,1.90
2453,10.70,5.5,0.90,0.20,0.50,2.00,3.40
2454,9.60,3.5,0.80,1.00,0.60,4.00,2.50
2455,9.50,4.0,0.00,0.80,1.80,3.50,3.00
2456,8.80,180.0,30.00,0.60,3.00,2.00,2.90
2457,9.30,1.0,1.30,1.70,1.50,4.00,1.50
2458,9.10,330.0,0.00,0.00,1.80,3.00,2.10
2459,8.80,252.0,54.00,12.00,2.50,3.80,1.70
2460,7.50,3.1,0.70,,1.50,2.50,3.30
2461,8.40,<1,0.50,1.90,1.00,4.40,2.90
2462,8.50,5.1,0.70,1.00,3.00,4.00,
2463,9.50,2.0,,1.00,2.50,3.10,3.00
2464,10.00,6.4,0.50,0.00,0.90,,2.00
2465,10.00,2.0,0.90,0.70,1.70,2.00,4.00
2466,10.00,0.5,0.80,0.00,3.50,1.00,4.00
2467,10.50,1.0,1.50,0.00,,1.90,4.20
2468,11.20,3.5,1.00,0.00,4.50,1.00,2.50
2469,,1.5,1.00,0.00,3.40,2.00,3.00
2470,8.80,2.5,0.10,,1.00,1.70,1.50
2471,11.00,5.5,0.00,0.00,2.00,2.00,2.90
2472,9.00,0.0,0.00,0.00,2.50,1.00,4.60
2473,9.00,7.0,0.40,0.50,0.20,,1.80
2474,8.00,,0.50,1.00,1.00,,2.00
2475,9.50,1.0,0.40,0.40,0.50,2.00,3.90
2476,10.00,,1.30,0.00,1.00,2.00,1.90
2477,8.50,390.0,6.00,54.00,,3.90,1.70
2478,10.20,2.0,,1.70,3.20,3.50,2.70
2479,10.20,132.0,36.00,0.00,2.50,2.00,3.80
2480,,,1.10,1.40,2.20,,2.50
2481,11.80,4.1,0.80,0.50,0.50,2.20,2.00
2482,,0.9,0.30,0.30,2.50,2.00,
2483,11.50,,0.20,0.00,2.50,1.50,3.60
2484,10.70,2.5,0.20,0.40,1.50,2.50,2.20
2485,9.00,90.0,12.00,1.00,3.00,4.60,2.00
2486,11.50,3.5,0.60,1.20,1.50,1.20,3.00
2487,9.00,84.0,78.00,,2.00,1.50,2.50
2488,8.50,--,0.70,0.90,1.00,4.80,2.50
2489,10.50,0.8,0.00,0.00,2.80,0.00,3.70
2490,10.00,n/a,0.70,0.90,3.60,1.50,3.50
2491,7.00,5.3,0.20,0.20,0.20,1.50,1.50
2492,10.30,3.5,0.70,0.20,2.30,3.50,
2493,10.30,2.5,0.40,0.40,1.00,0.50,2.50
2494,11.30,2.4,0.00,0.70,1.50,0.50,4.50
2495,9.50,2.5,0.50,0.00,4.50,1.00,1.50
2496,8.50,180.0,24.00,90.00,,0.50,3.00
2497,9.00,5.5,0.40,0.00,1.00,1.10,4.50
2498,9.80,2.3,0.50,0.60,3.30,2.00,5.00
2499,9.00,0.0,0.40,1.00,1.20,0.70,3.00
2500,10.00,2.0,1.30,0.00,,2.90,3.50
2501,10.10,5.0,0.60,0.20,0.70,3.00,
2502,7.50,5.5,0.40,0.60,0.50,,2.50
2503,10.00,,0.90,0.90,2.00,1.00,3.70
2504,11.10,,6.00,60.00,1.50,2.50,3.60
2505,,300.0,60.00,0.00,2.60,3.00,2.50
2506,10.50,102.0,24.00,12.00,1.90,0.90,3.50
2507,10.00,5.0,0.40,0.60,1.70,2.50,2.50
2508,10.20,342.0,42.00,6.00,1.00,4.30,1.60
2509,8.60,192.0,48.00,1.40,3.50,1.00,4.50
2510,,5.6,0.50,0.00,0.50,2.90,3.00
2511,9.40,2.5,0.40,0.00,2.00,1.80,1.50
2512,7.90,6.2,0.80,2.00,1.00,5.30,0.00
2513,8.60,1.5,1.10,1.40,1.70,4.10,1.60
2514,9.50,270.0,42.00,54.00,3.50,1.00,2.20
2515,8.60,2.5,0.00,0.30,1.20,2.40,3.00
2516,11.00,60.0,84.00,30.00,3.00,0.00,4.50
2517,8.70,1.8,0.50,1.70,3.50,1.50,2.70
2518,10.50,390.0,0.00,0.00,1.50,1.70,3.10
2519,11.50,2.5,0.00,1.00,3.20,3.00,3.70
2520,10.20,6.0,0.80,0.30,1.70,1.00,3.50
2521,10.50,2.3,0.70,0.20,3.50,1.60,4.50
2522,9.50,,,0.70,1.60,3.60,2.00
2523,8.30,,0.60,0.30,1.00,2.50,2.00
2524,10.20,3.5,0.00,0.60,3.00,2.00,3.10
2525,9.60,204.0,48.00,24.00,2.50,2.60,
2526,9.20,4.7,0.40,1.50,,3.50,2.40
2527,11.50,3.2,0.30,0.00,3.50,1.20,
2528,9.50,2.1,0.40,0.30,0.10,3.00,5.50
2529,11.00,4.3,0.90,0.20,1.10,2.20,2.30
2530,,2.4,0.50,0.00,5.00,1.70,
2531,9.00,270.0,18.00,78.00,4.00,1.50,3.50
2532,8.70,<1,0.70,1.60,2.50,3.20,2.80
2533,8.70,270.0,84.00,0.20,1.00,1.90,2.50
2534,8.50,5.2,1.50,1.80,1.70,2.50,2.50
2535,9.50,2.5,1.50,0.30,1.30,1.30,4.60
2536,8.50,4.3,1.40,0.00,4.00,2.10,
2537,9.40,1.7,1.30,0.40,1.50,2.10,
2538,9.40,2.0,0.90,,2.30,2.40,3.00
2539,11.50,3.4,0.60,,2.50,2.90,2.80
2540,8.00,4.5,1.10,0.40,1.80,3.40,2.90
2541,11.40,4.1,0.10,0.40,3.00,0.00,4.30
2542,11.20,264.0,0.00,12.00,3.90,2.00,3.20
2543,9.00,5.8,0.50,0.90,1.50,2.70,1.60
2544,10.50,0.0,0.90,1.00,5.50,1.00,3.80
2545,,not recorded,,120.00,2.30,1.50,1.50
2546,10.50,288.0,48.00,48.00,1.00,2.50,2.50
2547,8.50,0.0,0.90,0.00,4.00,2.00,3.20
2548,10.00,132.0,96.00,0.00,1.50,1.90,2.50
2549,9.00,246.0,36.00,1.20,1.50,3.80,1.00
2550,8.00,90.0,72.00,114.00,2.90,3.80,1.40
2551,8.50,2.4,1.10,0.00,3.90,3.00,2.50
2552,8.60,4.5,0.60,0.50,1.30,2.00,
2553,10.00,0.0,0.50,0.10,5.10,1.20,3.50
2554,9.00,0.3,0.10,0.00,1.60,1.10,
2555,,1.5,0.00,0.00,3.80,1.50,4.00
2556,10.00,2.9,,0.60,1.50,2.30,2.60
2557,7.20,6.5,1.60,2.10,1.50,3.90,0.70
2558,9.50,2.0,1.70,0.00,3.80,1.60,3.70
2559,10.80,2.7,1.10,0.20,3.50,2.00,3.20
2560,10.00,2.8,0.00,0.00,4.00,0.80,2.60
2561,,3.3,0.50,0.00,1.50,3.00,4.00
2562,10.50,60.0,12.00,0.00,4.00,0.60,
2563,9.40,3.5,0.00,0.10,0.50,1.20,4.00
2564,10.00,282.0,54.00,12.00,1.00,0.80,4.30
2565,8.50,7.3,2.00,1.70,0.00,3.00,1.00
2566,10.40,3.8,0.50,0.00,3.60,2.40,3.50
2567,10.00,--,0.40,1.10,2.80,4.50,2.60
2568,10.50,3.7,0.80,0.20,3.00,0.00,3.90
2569,8.70,>60,0.80,1.00,2.30,3.20,1.90
2570,9.50,2.3,1.00,0.30,3.30,3.00,1.60
2571,,8.2,1.20,0.50,0.00,5.00,0.70
2572,10.00,3.5,0.90,1.10,3.90,3.80,1.50
2573,10.00,240.0,60.00,66.00,3.00,3.70,0.00
2574,8.50,3.6,0.80,0.00,1.00,2.20,4.50
2575,8.50,3.0,0.40,0.50,1.30,3.00,2.10
2576,,2.3,0.90,0.50,1.60,2.50,
2577,9.10,2.5,1.10,1.00,1.60,2.50,2.30
2578,9.50,234.0,24.00,0.00,3.00,2.40,
2579,11.50,4.0,0.70,0.70,3.00,3.00,1.50
2580,11.00,102.0,0.00,0.30,2.50,2.90,2.50
2581,8.50,294.0,84.00,1.40,1.00,4.00,1.50
2582,,390.0,30.00,60.00,1.30,3.00,1.40
2583,9.50,5.9,0.40,0.20,,2.50,2.20
2584,10.50,126.0,42.00,30.00,2.80,1.10,4.40
2585,10.50,not recorded,0.00,0.10,5.10,2.00,3.00
2586,8.90,210.0,42.00,96.00,3.00,2.50,1.50
2587,10.50,4.4,1.40,0.00,2.00,0.90,3.00
2588,8.70,3.5,0.30,0.80,1.00,4.00,2.20
2589,10.10,6.0,0.60,0.40,1.30,2.90,1.70
2590,9.00,1.5,1.30,0.00,3.00,2.50,3.60
2591,10.00,5.6,1.30,1.00,0.50,4.00,1.00
2592,10.50,120.0,36.00,0.00,0.90,3.50,4.50
2593,8.00,TBD,72.00,102.00,1.60,4.20,2.50
2594,10.70,330.0,60.00,24.00,2.00,2.10,2.30
2595,10.50,0.5,1.50,0.00,2.20,0.00,4.50
2596,8.20,4.8,0.40,1.30,1.00,5.50,2.00
2597,8.50,1.9,0.80,1.20,,3.40,2.00
2598,9.50,1.5,0.00,0.80,3.30,1.50,5.00
2599,10.10,4.3,1.00,1.20,1.00,1.50,3.00
2600,9.50,2.4,1.10,0.40,2.00,1.80,2.50
2601,7.80,2.5,,1.10,4.10,3.70,1.20
2602,11.00,270.0,42.00,0.70,1.50,2.00,3.00
2603,10.20,42.0,60.00,0.70,4.20,1.50,4.10
2604,,,0.00,0.00,1.90,,2.80
2605,11.00,2.5,0.00,0.00,2.30,2.00,5.50
2606,8.00,4.4,1.80,0.00,0.90,1.50,3.10
2607,,3.5,1.10,1.90,0.50,2.50,2.00
2608,9.40,4.1,,0.00,,1.50,2.00
2609,12.00,0.0,1.60,0.50,3.20,2.50,3.50
2610,10.00,3.5,0.30,0.00,1.10,2.50,0.80
2611,,3.5,0.00,0.00,3.00,4.00,3.00
2612,9.00,0.0,0.50,1.10,1.50,,4.50
2613,11.10,1.0,1.00,0.20,2.50,2.30,3.20
2614,10.50,2.2,1.60,0.70,1.00,1.90,4.60
2615,10.00,,0.90,0.70,1.00,2.60,3.00
2616,9.50,3.6,1.00,1.20,0.70,2.50,4.00
2617,8.30,240.0,78.00,36.00,1.90,3.40,
2618,9.50,3.8,0.50,0.70,1.20,1.20,2.40
2619,11.00,30.0,78.00,12.00,3.50,1.50,
2620,11.50,3.0,0.90,0.10,2.50,1.50,3.50
2621,9.90,30.0,0.00,0.00,4.50,1.00,2.50
2622,7.00,6.3,0.50,,2.00,4.00,0.50
2623,8.80,2.4,0.60,1.00,2.50,2.00,5.10
2624,9.60,3.4,1.00,0.70,2.50,1.00,4.00
2625,11.10,3.4,0.60,0.00,2.50,2.20,2.00
2626,10.50,5.5,1.20,0.00,1.50,1.90,2.70
2627,10.30,3.0,0.50,0.00,,1.90,2.60
2628,10.00,420.0,6.00,36.00,0.50,4.50,0.10
2629,,2.0,0.50,0.00,5.50,2.50,2.50
2630,9.50,3.5,0.70,0.60,1.50,3.40,2.00
2631,9.40,,1.20,0.90,1.30,3.10,2.40
2632,9.70,210.0,,144.00,1.70,3.10,1.30
2633,,258.0,0.00,108.00,3.00,,1.00
2634,8.10,3.5,1.00,0.60,1.80,,0.50
2635,8.00,180.0,60.00,54.00,2.40,3.50,1.60
2636,7.40,4.5,0.00,0.80,1.60,2.00,2.00
2637,9.50,2.5,0.50,0.50,4.10,0.90,2.00
2638,8.50,5.3,0.30,2.00,0.40,2.50,3.50
2639,,3.0,0.60,1.60,2.20,3.00,2.20
2640,8.50,4.7,0.40,1.10,4.60,2.50,1.00
2641,9.90,1.5,1.10,0.00,2.50,0.00,4.60
2642,9.00,4.5,0.40,0.90,1.30,3.60,3.00
2643,10.90,5.7,0.10,0.80,1.00,1.60,2.50
2644,9.40,4.5,0.00,0.60,2.80,2.90,0.50
2645,10.00,0.7,0.50,0.00,3.20,2.40,2.50
2646,10.00,5.5,0.90,0.00,0.10,2.50,1.60
2647,10.10,3.0,0.90,0.30,2.50,0.00,3.10
2648,9.30,1.0,0.90,0.90,2.70,,2.30
2649,10.00,336.0,30.00,,1.00,4.00,1.50
2650,9.50,0.0,0.00,0.00,1.90,2.50,2.00
2651,6.80,210.0,0.00,102.00,1.60,,0.50
2652,10.00,246.0,66.00,0.00,2.80,2.00,
2653,10.00,174.0,30.00,0.30,1.00,2.50,2.50
2654,9.00,0.0,0.00,0.40,2.20,1.50,3.90
2655,9.50,1.0,1.10,0.10,1.70,5.00,1.50
2656,7.80,3.0,1.60,1.50,4.50,3.70,1.70
2657,10.50,3.0,0.60,0.00,4.00,2.30,3.90
2658,11.00,2.5,0.90,1.00,1.50,2.70,3.00
2659,7.50,4.0,0.10,1.70,,5.00,
2660,10.30,60.0,36.00,0.00,2.00,0.00,3.90
2661,10.50,102.0,12.00,12.00,1.70,1.50,5.10
2662,10.20,150.0,30.00,0.00,2.50,1.40,3.50
2663,10.50,192.0,66.00,18.00,1.00,1.20,3.00
2664,11.30,,0.50,0.00,2.00,1.70,4.20
2665,,3.3,,0.30,2.80,3.00,3.00
2666,8.60,1.8,0.40,1.60,,0.20,2.50
2667,7.80,2.5,0.00,0.70,3.00,2.50,2.40
2668,9.00,4.0,1.00,1.20,,2.50,3.50
2669,10.00,5.0,0.40,1.80,1.30,2.00,3.10
2670,11.50,3.0,1.00,0.00,0.60,1.50,
2671,8.40,5.5,0.40,1.10,2.40,2.50,0.70
2672,7.90,2.0,0.70,1.40,3.50,4.00,
2673,10.50,5.5,0.30,0.40,0.00,4.70,1.60
2674,,2.0,1.10,0.60,,2.00,1.00
2675,11.00,2.7,0.30,0.00,1.70,2.30,3.00
2676,8.50,6.0,1.00,1.10,0.90,3.40,2.50
2677,9.00,6.0,0.40,1.20,1.50,3.50,0.50
2678,10.50,1.5,0.00,0.00,1.40,4.70,3.00
2679,10.50,0.2,0.70,1.00,4.50,1.00,
2680,10.00,3.8,1.00,0.40,2.00,1.90,2.20
2681,9.60,84.0,36.00,18.00,3.50,3.00,5.00
2682,10.00,2.7,1.40,0.50,1.40,3.20,3.00
2683,10.00,3.8,0.70,2.20,1.00,2.20,2.50
2684,9.20,330.0,66.00,36.00,0.50,2.00,3.00
2685,7.60,90.0,0.00,60.00,3.50,2.50,3.20
2686,9.80,240.0,54.00,0.00,0.70,2.60,2.90
2687,9.00,5.0,0.40,0.10,2.20,2.50,2.70
2688,8.80,1.0,0.00,0.50,2.00,,3.10
2689,9.30,--,0.60,0.30,1.40,2.00,3.50
2690,,174.0,60.00,30.00,1.60,2.30,3.50
2691,8.90,390.0,60.00,,0.80,4.50,
2692,7.50,1.8,,2.00,1.50,4.00,1.50
2693,9.70,4.3,0.60,0.40,2.80,3.00,
2694,9.10,5.5,0.30,0.40,1.50,1.70,3.00
2695,12.00,1.0,0.00,0.10,1.00,0.50,4.00
2696,8.10,4.0,1.10,,,2.20,3.50
2697,11.00,162.0,24.00,0.30,3.90,2.20,3.00
2698,10.00,6.1,0.90,0.90,0.40,3.20,1.30
2699,10.60,,,0.00,1.70,1.30,3.50
2700,9.80,4.0,0.80,0.70,1.00,3.90,1.50
2701,10.20,,0.00,0.00,1.00,2.40,2.90
2702,8.90,5.5,1.40,0.90,,2.00,4.10
2703,9.00,3.5,0.30,1.00,1.10,2.00,1.30
2704,10.50,3.2,0.40,0.30,3.60,2.90,2.70
2705,9.00,234.0,12.00,0.00,4.10,3.20,3.40
2706,9.00,1.0,1.00,1.10,3.40,,2.50
2707,9.50,4.0,1.10,0.10,2.00,2.50,1.50
2708,9.70,4.2,1.50,0.60,1.20,2.70,2.50
2709,10.20,4.8,0.20,0.00,4.90,2.70,2.00
2710,8.80,3.0,0.10,0.30,,1.30,2.60
2711,9.00,4.0,0.60,0.00,1.00,2.20,3.00
2712,9.50,5.5,0.00,0.80,2.60,3.00,2.30
2713,9.00,5.0,0.30,0.60,2.00,4.00,2.50
2714,,2.9,1.00,,3.20,0.00,4.00
2715,11.00,1.3,0.00,0.30,0.80,1.10,3.10
2716,7.50,--,0.60,1.40,0.90,,1.50
2717,10.00,5.1,0.10,0.50,2.30,2.00,2.50
2718,10.00,0.0,0.70,0.10,1.00,1.90,2.50
2719,9.00,4.1,0.40,1.40,1.40,5.00,2.00
2720,11.50,1.4,1.40,0.10,1.50,0.80,3.00
2721,9.40,5.0,0.00,0.90,0.00,2.50,2.00
2722,8.50,TBD,0.20,0.40,2.20,0.00,3.90
2723,8.80,4.5,1.30,0.20,1.60,,3.10
2724,10.90,5.5,1.10,0.00,0.80,1.60,3.20
2725,9.10,2.6,0.40,1.20,5.10,4.00,2.50
2726,8.50,1.3,0.30,0.60,4.00,2.50,4.00
2727,9.30,270.0,54.00,72.00,2.00,3.30,2.50
2728,8.50,3.5,0.60,0.20,1.50,2.50,2.50
2729,8.00,4.4,,0.80,3.40,4.10,0.50
2730,11.50,2.8,0.90,0.00,2.90,1.20,4.00
2731,11.00,0.0,0.40,0.70,5.20,2.00,4.10
2732,8.90,3.4,0.00,0.80,1.90,3.20,0.50
2733,,60.0,12.00,0.00,0.40,2.50,1.60
2734,9.00,,0.70,0.50,0.90,4.00,4.00
2735,7.90,222.0,24.00,6.00,1.70,1.40,1.50
2736,9.00,3.5,0.50,1.20,2.30,,3.00
2737,,6.0,0.70,0.30,0.00,2.40,2.00
2738,11.50,1.0,0.50,0.00,3.00,2.30,1.80
2739,9.80,2.9,1.10,1.10,1.00,1.70,2.50
2740,11.00,84.0,54.00,1.40,2.00,3.50,
2741,9.00,174.0,12.00,42.00,4.00,4.50,2.00
2742,9.00,3.5,0.70,0.90,0.70,2.50,
2743,7.60,4.5,0.80,0.70,2.50,3.00,3.00
2744,,2.5,0.70,0.00,2.40,2.50,3.80
2745,8.00,300.0,42.00,72.00,1.00,4.00,2.00
2746,10.90,3.9,1.20,0.00,2.00,2.70,2.90
2747,9.00,3.5,0.20,0.00,3.50,2.80,3.10
2748,9.60,2.1,0.50,0.00,2.50,1.00,3.10
2749,9.70,2.5,0.40,0.00,1.50,2.60,4.10
2750,9.50,1.8,1.70,1.60,2.30,4.00,2.70
2751,9.00,3.0,1.40,0.00,2.70,1.00,1.60
2752,9.00,4.7,0.20,0.00,1.40,0.80,1.60
2753,10.50,4.5,0.50,,4.20,0.70,3.00
2754,10.50,3.9,0.00,0.00,1.30,4.00,0.00
2755,11.80,210.0,0.00,0.00,2.00,3.00,4.10
2756,9.00,2.8,0.20,0.00,4.00,3.90,2.20
2757,10.20,150.0,,0.00,,1.00,3.40
2758,8.80,4.8,1.10,1.90,1.00,4.30,1.00
2759,9.80,0.5,0.40,0.30,,2.60,3.70
2760,11.10,3.8,1.10,1.00,1.10,0.50,3.10
2761,7.00,3.0,0.90,0.70,2.50,3.50,3.10
2762,8.80,4.0,0.60,0.10,0.50,3.50,1.00
2763,,7.0,0.40,0.30,1.50,2.40,1.50
2764,10.30,not recorded,30.00,0.00,1.50,,
2765,11.00,4.4,0.70,1.20,2.20,2.40,2.40
2766,9.50,4.5,0.50,0.80,2.20,4.00,1.30
2767,9.00,,0.10,1.20,1.50,3.50,3.70
2768,10.50,1.7,0.10,1.00,2.70,,5.00
2769,9.50,0.5,1.60,0.00,,3.50,1.50
2770,8.60,6.8,1.10,2.00,0.50,3.50,1.30
2771,10.30,4.0,1.10,0.20,1.00,3.00,2.50
2772,10.90,,48.00,0.10,1.70,1.30,3.00
2773,9.90,<1,1.60,0.00,3.00,1.50,4.50
2774,10.00,3.4,0.20,0.00,1.70,4.00,4.10
2775,10.40,240.0,,114.00,1.70,2.50,2.00
2776,,--,0.10,0.90,1.00,3.80,2.00
2777,10.70,1.5,0.50,0.00,,1.40,7.00
2778,10.60,4.5,0.60,0.50,2.60,3.10,1.10
2779,8.50,240.0,66.00,0.00,1.20,,2.00
2780,9.40,2.2,0.60,0.20,4.40,2.00,4.50
2781,11.20,1.5,,0.10,,2.00,4.80
2782,8.60,354.0,48.00,54.00,3.00,1.10,3.10
2783,10.60,1.8,1.20,2.00,1.90,2.50,
2784,9.50,222.0,54.00,54.00,3.10,3.00,2.00
2785,9.70,7.5,1.30,0.00,0.50,3.00,1.20
2786,9.00,252.0,0.00,30.00,2.00,2.00,4.50
2787,8.70,>60,,1.50,0.50,3.00,3.00
2788,11.50,1.5,0.80,0.00,2.00,2.40,3.00
2789,10.00,3.0,0.00,,1.50,1.90,4.50
2790,8.90,not recorded,0.70,0.80,2.00,3.50,2.50
2791,10.00,2.0,0.20,1.70,1.00,3.50,0.50
2792,,,0.30,0.00,0.50,2.70,3.40
2793,9.70,0.9,0.50,0.20,2.00,2.10,1.50
2794,8.40,5.5,1.30,1.30,1.50,2.50,2.10
2795,8.30,5.3,,0.70,3.00,5.00,1.50
2796,9.80,3.5,0.00,1.90,2.10,3.30,3.00
2797,9.50,6.0,1.00,1.10,1.30,1.50,3.30
2798,8.70,210.0,60.00,60.00,0.50,3.10,1.80
2799,,306.0,42.00,60.00,1.50,1.10,
2800,9.40,246.0,24.00,60.00,0.50,4.40,2.50
2801,8.50,150.0,6.00,72.00,3.50,3.00,2.60
2802,10.00,4.3,1.70,,1.80,2.00,3.70
2803,9.10,not recorded,54.00,18.00,1.00,4.00,2.50
2804,8.50,90.0,,96.00,2.20,3.30,1.70
2805,9.70,2.3,0.40,0.40,5.50,2.80,4.20
2806,9.00,3.8,0.10,0.40,1.50,2.50,2.50
2807,12.00,2.3,2.00,0.00,2.30,0.40,4.50
2808,8.50,4.0,1.30,1.10,2.00,2.20,4.50
2809,9.20,,0.90,0.70,3.50,2.90,3.50
2810,10.00,132.0,72.00,1.90,,1.00,3.00
2811,9.50,,0.50,0.10,1.00,2.50,1.90
2812,9.50,2.0,0.10,0.60,3.00,1.60,3.30
2813,10.00,3.5,0.00,0.50,3.00,1.40,3.50
2814,7.70,3.9,0.80,1.10,1.50,2.10,1.90
2815,12.20,2.3,0.10,0.50,1.60,,6.00
2816,10.50,2.5,0.60,1.20,3.60,3.20,2.90
2817,9.50,3.0,0.70,,3.00,1.10,4.00
2818,11.00,1.2,0.80,0.40,1.00,2.50,2.30
2819,12.00,150.0,66.00,0.50,1.60,1.00,4.30
2820,,90.0,24.00,0.50,1.50,2.50,3.50
2821,10.50,3.5,1.60,2.00,1.60,0.50,1.90
2822,8.00,3.5,0.70,0.90,1.80,3.00,1.90
2823,8.00,6.5,0.80,1.70,,2.50,1.50
2824,8.50,5.0,0.50,0.90,1.50,3.00,1.80
2825,9.50,2.9,0.40,0.50,1.50,1.90,3.40
2826,9.40,180.0,24.00,2.00,1.20,1.60,2.80
2827,9.50,2.4,1.60,0.70,2.70,1.30,2.10
2828,9.10,5.5,0.70,0.00,1.70,,3.00
2829,9.50,5.0,1.00,0.80,2.50,2.80,2.00
2830,8.50,90.0,30.00,0.00,4.00,2.60,1.50
2831,9.40,7.0,0.80,1.30,0.00,3.50,1.50
2832,9.10,120.0,24.00,0.20,3.30,2.90,2.60
2833,7.00,4.5,1.10,0.00,2.00,3.20,2.70
2834,8.50,,36.00,0.40,1.50,,1.50
2835,9.00,210.0,96.00,144.00,2.00,3.20,1.00
2836,7.00,7.0,0.30,1.90,1.60,3.00,1.50
2837,10.50,150.0,12.00,0.00,1.50,3.50,
2838,9.50,3.5,0.00,1.50,3.00,3.30,2.60
2839,10.00,2.5,1.10,0.00,2.50,2.40,3.00
2840,9.50,2.8,1.40,0.40,2.50,2.70,4.00
2841,10.50,180.0,78.00,0.20,0.70,0.00,5.60
2842,9.00,,42.00,36.00,,3.00,3.10
2843,10.20,3.4,1.50,0.20,1.00,2.50,3.20
2844,10.50,126.0,18.00,0.00,2.00,2.50,2.50
2845,9.40,2.0,0.40,0.30,1.60,1.70,5.00
2846,7.80,330.0,102.00,,1.00,3.30,2.30
2847,8.80,2.0,1.20,,1.80,4.00,2.50
2848,9.00,348.0,66.00,102.00,1.00,4.00,0.70
2849,11.10,3.0,0.00,0.20,2.30,0.00,3.90
2850,8.50,3.3,0.90,1.00,2.60,2.50,0.80
2851,10.00,2.5,0.60,0.40,1.50,1.50,5.50
2852,11.10,1.0,0.00,0.20,4.00,2.00,3.80
2853,10.20,2.5,0.20,1.10,2.00,4.00,2.90
2854,8.90,2.5,1.60,0.00,1.30,1.80,3.30
2855,11.20,300.0,6.00,30.00,2.20,2.00,0.50
2856,11.50,1.5,0.40,0.30,2.90,2.20,3.80
2857,11.10,180.0,36.00,0.00,,,3.50
2858,9.90,1.0,0.20,0.40,2.50,3.00,2.00
2859,10.20,288.0,36.00,60.00,1.60,2.50,
2860,8.50,5.0,0.50,1.30,,3.40,0.40
2861,8.50,2.7,0.80,0.60,,2.10,3.10
2862,10.20,4.0,0.10,,1.50,,1.20
2863,9.00,0.0,0.80,0.10,3.50,0.80,3.50
2864,11.70,0.7,0.40,0.80,5.90,1.00,3.50
2865,9.30,450.0,30.00,54.00,0.20,3.30,1.20
2866,8.80,3.5,0.00,0.10,4.50,1.50,3.10
2867,10.30,0.0,0.00,0.00,1.90,2.50,3.40
2868,9.50,3.0,0.50,0.40,3.00,3.00,3.60
2869,9.50,3.0,1.10,0.50,2.00,2.00,
2870,11.50,54.0,30.00,0.00,,3.00,2.70
2871,9.00,0.7,0.80,0.70,1.50,2.00,2.40
2872,9.50,1.9,0.00,0.00,3.20,3.00,2.00
2873,11.10,132.0,90.00,18.00,2.30,1.50,3.50
2874,9.50,258.0,,36.00,1.00,1.80,2.50
2875,9.20,1.9,1.00,,2.50,3.20,3.90
2876,8.50,,0.80,0.30,,3.10,4.00
2877,,198.0,48.00,48.00,1.90,2.30,2.70
2878,10.10,72.0,42.00,18.00,2.00,2.00,3.50
2879,9.60,3.5,0.30,1.30,2.90,3.00,3.00
2880,8.50,2.5,0.50,0.70,2.00,3.10,2.50
2881,11.00,30.0,54.00,72.00,4.00,1.50,3.70
2882,10.40,0.0,0.00,0.50,3.50,2.10,2.20
2883,10.90,0.5,0.10,0.00,4.50,1.60,4.70
2884,9.00,,48.00,66.00,1.40,2.50,4.30
2885,10.20,,66.00,0.00,3.00,1.50,4.20
2886,8.60,4.5,0.90,1.40,3.50,3.80,0.70
2887,10.10,5.0,0.80,,0.50,3.70,1.50
2888,7.50,8.0,0.00,1.40,,4.10,0.00
2889,10.50,120.0,60.00,48.00,1.90,2.30,3.90
2890,6.90,<1,60.00,102.00,,1.50,3.10
2891,8.90,2.9,1.10,0.90,2.50,3.90,1.30
2892,11.00,1.4,0.00,0.00,3.20,2.50,4.20
2893,9.50,288.0,48.00,0.00,3.00,2.80,2.70
2894,8.80,5.6,0.60,1.40,0.70,3.50,3.00
2895,9.90,not recorded,1.00,0.30,3.00,1.90,3.50
2896,11.00,360.0,60.00,6.00,1.50,2.50,1.50
2897,9.30,5.5,0.50,0.30,1.50,3.00,2.50
2898,10.00,1.2,0.30,0.50,,1.50,3.50
2899,8.50,222.0,42.00,0.80,3.30,1.50,2.10
2900,11.50,1.6,0.20,0.10,2.50,1.00,3.10
2901,10.00,2.6,0.90,0.00,2.00,2.80,2.50
2902,9.50,,54.00,1.00,1.00,1.50,1.70
2903,11.10,1.5,0.90,1.30,4.00,0.50,4.50
2904,8.80,3.8,1.00,1.70,1.60,2.40,2.60
2905,9.40,0.9,,1.40,2.00,1.40,3.70
2906,10.90,0.0,1.40,0.60,4.00,1.30,4.20
2907,11.50,2.0,0.50,0.90,0.30,2.80,2.90
2908,10.60,2.6,0.90,0.00,4.20,2.00,2.80
2909,8.90,210.0,30.00,54.00,6.20,3.00,1.40
2910,10.80,2.6,0.50,0.00,1.60,2.30,4.00
2911,9.30,3.9,1.00,0.40,5.40,0.60,3.50
2912,8.80,0.4,0.00,0.20,2.30,3.00,2.30
2913,9.00,1.5,0.00,0.60,2.90,0.00,3.50
2914,10.00,4.5,0.90,0.30,2.50,2.10,3.20
2915,9.20,114.0,54.00,1.60,1.50,1.50,4.00
2916,9.30,6.4,2.50,2.10,0.00,2.00,1.20
2917,10.90,5.0,0.50,0.20,1.00,2.50,3.50
2918,8.60,3.0,0.00,0.50,5.00,2.20,3.50
2919,10.50,,0.60,0.90,1.30,3.80,0.00
2920,8.80,270.0,18.00,0.50,3.00,3.00,2.40
2921,9.40,54.0,60.00,0.00,3.40,3.00,5.00
2922,,1.0,0.40,0.00,2.10,0.00,3.50
2923,9.50,1.2,0.60,0.00,1.50,1.80,5.00
2924,9.00,6.0,0.00,0.40,2.70,2.30,3.00
2925,8.50,372.0,18.00,0.60,1.00,3.00,2.90
2926,9.60,,24.00,0.00,3.10,1.80,5.20
2927,10.00,3.5,0.40,0.00,1.00,2.50,3.00
2928,10.00,4.0,0.80,1.20,3.00,,1.20
2929,8.00,4.7,0.30,0.00,1.50,2.00,2.50
2930,9.00,0.3,0.50,0.00,4.50,1.20,3.70
2931,11.00,144.0,24.00,0.10,2.00,2.50,3.50
2932,9.50,120.0,66.00,72.00,1.00,4.20,0.80
2933,,0.8,0.70,0.50,7.50,1.90,5.00
2934,7.90,2.7,,0.80,3.50,2.90,2.00
2935,11.60,1.5,0.80,1.10,1.60,0.00,
2936,10.50,2.0,0.80,0.40,2.00,3.00,0.10
2937,8.00,7.0,0.00,,1.00,4.50,0.50
2938,9.20,2.5,0.10,0.40,3.00,,3.00
2939,9.50,2.5,0.40,0.80,0.60,3.10,3.00
2940,11.70,2.0,0.00,0.00,2.30,0.70,3.20
2941,10.40,72.0,24.00,18.00,1.40,,4.20
2942,10.50,180.0,84.00,0.00,3.50,1.50,2.50
2943,10.00,n/a,,0.30,1.50,2.30,2.80
2944,11.90,30.0,66.00,0.00,5.20,,4.70
2945,8.00,5.5,1.00,1.60,1.00,3.10,1.00
2946,10.90,2.7,0.00,0.40,2.50,3.10,2.50
2947,9.00,1.9,1.00,0.80,2.80,,1.90
2948,9.70,1.2,0.70,0.80,3.20,2.90,5.00
2949,12.00,102.0,0.00,1.00,3.70,1.90,3.40
2950,,3.0,0.20,0.00,3.50,3.50,2.20
2951,9.60,2.3,0.50,0.00,,1.20,4.00
2952,9.10,1.1,1.00,0.70,3.00,2.00,4.10
2953,9.00,5.0,1.40,0.90,3.00,2.60,1.70
2954,9.00,108.0,6.00,0.10,2.00,1.50,3.00
2955,9.50,240.0,120.00,0.70,1.00,,2.00
2956,9.00,>60,0.90,0.00,1.70,1.70,3.50
2957,9.00,0.7,0.30,0.60,1.00,3.10,0.10
2958,10.50,60.0,48.00,1.00,,2.70,4.50
2959,7.50,3.5,0.50,1.50,3.00,4.00,1.00
2960,10.10,not recorded,0.90,0.40,3.50,2.10,2.50
2961,9.50,,48.00,0.00,2.00,3.00,3.00
2962,9.40,126.0,84.00,0.00,1.20,,3.60
2963,10.00,270.0,42.00,96.00,0.70,3.50,2.30
2964,8.10,4.5,0.00,,3.80,3.10,4.00
2965,10.00,2.8,0.00,0.30,1.50,2.10,2.80
2966,10.50,60.0,12.00,60.00,2.00,1.60,3.60
2967,8.50,0.7,,1.10,4.00,2.00,3.00
2968,9.30,5.0,0.40,1.00,1.50,2.50,2.20
2969,7.40,120.0,42.00,,3.00,4.40,1.00
2970,9.30,2.5,0.50,0.50,4.30,0.80,3.30
2971,9.60,3.9,1.20,2.10,1.20,4.70,0.20
2972,10.80,0.5,0.30,0.00,4.40,2.50,3.50
2973,10.00,216.0,60.00,84.00,1.90,3.00,2.40
2974,11.40,5.0,0.80,0.00,0.70,1.50,3.50
2975,10.00,186.0,60.00,48.00,1.00,0.50,2.70
2976,7.70,210.0,72.00,60.00,1.00,1.60,4.00
2977,10.40,0.5,1.10,0.60,3.50,2.00,3.30
2978,10.30,1.1,0.70,0.00,5.70,2.00,3.30
2979,10.50,,,0.10,1.70,2.30,3.90
2980,10.10,192.0,48.00,54.00,1.60,1.90,2.90
2981,10.90,0.5,0.80,0.60,,0.60,2.50
2982,,2.0,0.60,0.40,2.50,2.90,2.60
2983,10.60,1.0,0.30,0.20,3.00,2.30,3.50
2984,8.90,420.0,36.00,24.00,0.80,2.90,2.00
2985,9.00,4.5,0.80,0.80,1.70,4.00,1.60
2986,8.80,4.1,1.10,0.80,0.00,1.40,6.00
2987,8.00,4.5,0.90,2.20,2.00,1.90,2.10
2988,10.60,3.0,0.40,1.20,1.30,1.00,4.10
2989,9.50,2.8,0.30,0.50,2.60,3.00,2.60
2990,,2.9,0.20,0.20,1.20,3.20,3.40
2991,9.50,4.0,0.40,0.50,2.00,3.50,3.00
2992,8.50,330.0,48.00,90.00,2.50,4.00,1.00
2993,10.00,1.0,1.40,0.70,,1.30,2.90
2994,10.00,4.0,0.00,0.00,2.00,0.80,5.10
2995,10.70,210.0,78.00,0.00,3.00,1.50,1.60
2996,11.20,156.0,18.00,0.00,4.20,1.50,2.20
2997,8.40,1.6,1.30,1.50,3.00,3.50,3.00
2998,8.70,>60,,0.00,1.30,2.70,2.20
2999,9.10,30.0,42.00,60.00,2.80,3.10,3.90
3000,11.00,3.2,0.00,0.10,,0.60,5.70
3001,10.50,0.2,1.40,0.60,4.20,2.00,3.90
3002,9.30,3.7,0.60,1.80,1.40,3.30,0.00
3003,9.00,,1.30,0.00,2.50,1.30,5.00
3004,8.50,4.5,1.40,1.90,3.50,2.80,0.50
3005,11.00,2.5,0.60,0.00,2.30,1.90,1.60
3006,,3.7,0.30,0.80,1.00,1.20,3.50
3007,9.00,114.0,72.00,24.00,1.00,4.00,
3008,7.60,,0.00,0.30,0.60,4.40,2.00
3009,,1.0,0.50,0.20,1.50,1.90,5.10
3010,9.00,2.2,0.90,0.00,3.00,2.10,4.00
3011,7.50,3.9,0.30,1.30,2.00,3.80,1.90
3012,,,1.50,0.00,2.00,3.50,1.20
3013,,0.0,0.40,0.00,,2.50,2.50
3014,7.50,402.0,60.00,1.30,2.00,5.00,0.50
3015,9.70,1.9,1.30,0.80,3.00,3.40,2.80
3016,9.90,>60,0.10,0.00,1.60,3.00,1.60
3017,10.20,4.7,0.60,1.40,3.00,1.50,2.90
3018,9.90,1.6,1.40,0.30,2.00,2.00,3.00
3019,9.90,4.5,0.10,0.60,2.00,3.00,3.00
3020,12.00,210.0,60.00,12.00,1.50,1.30,4.00
3021,10.70,174.0,54.00,30.00,3.00,2.00,3.00
3022,10.20,4.9,0.60,0.70,1.70,3.50,0.00
3023,9.00,138.0,24.00,6.00,1.80,1.50,2.40
3024,10.00,0.0,,0.20,5.00,1.00,1.00
3025,7.30,2.7,0.50,0.60,2.50,3.40,1.50
3026,6.80,3.5,,0.50,6.50,3.90,0.70
3027,8.20,120.0,18.00,36.00,1.70,3.50,4.30
3028,11.50,0.5,0.80,0.10,1.00,0.00,4.00
3029,9.00,3.5,1.00,0.50,0.90,2.50,3.50
3030,10.50,4.0,0.80,0.40,1.50,3.80,2.20
3031,11.50,2.5,0.40,1.00,1.50,3.00,3.30
3032,9.00,,1.20,0.80,1.00,2.60,0.00
3033,8.00,n/a,90.00,60.00,,3.20,0.00
3034,9.30,1.3,0.50,0.70,2.50,0.50,4.80
3035,10.80,3.8,1.30,0.20,3.00,2.90,2.50
3036,8.90,90.0,,6.00,0.80,0.10,3.90
3037,10.00,2.5,0.50,0.00,2.50,2.50,
3038,10.00,2.2,1.20,0.00,,,3.30
3039,8.60,5.5,0.60,0.50,1.60,3.00,2.50
3040,11.50,108.0,90.00,,2.80,1.50,4.30
3041,10.70,1.5,0.30,0.20,3.00,0.00,3.00
3042,11.00,,0.00,0.90,4.10,0.00,6.50
3043,9.50,0.5,1.00,0.00,1.00,1.00,5.80
3044,,150.0,18.00,12.00,2.40,1.50,4.50
3045,10.40,1.0,0.10,1.00,2.80,2.70,3.70
3046,10.00,2.2,1.00,0.70,2.00,0.90,4.80
3047,10.50,0.5,,0.00,,0.50,3.50
3048,10.00,0.0,,0.00,,1.20,4.00
3049,10.60,30.0,24.00,1.20,4.50,1.30,4.50
3050,9.50,,66.00,0.00,3.30,2.00,
3051,10.00,1.6,1.00,0.50,1.50,2.40,3.30
3052,8.40,264.0,30.00,78.00,1.90,3.50,0.00
3053,10.50,1.5,,0.20,4.50,1.90,3.80
3054,10.70,3.6,0.50,0.70,0.40,0.50,3.00
3055,9.00,0.0,1.40,0.60,4.40,0.10,3.00
3056,10.00,3.3,0.70,0.70,3.00,3.50,1.50
3057,10.50,270.0,30.00,0.00,0.80,2.50,2.00
3058,8.50,4.2,1.10,,2.10,2.60,1.80
3059,,0.5,1.70,0.00,3.00,3.50,4.00
3060,10.50,0.0,0.00,1.10,2.80,2.00,2.10
3061,10.50,0.0,0.20,0.80,5.50,,2.80
3062,,3.0,0.30,0.20,1.50,1.50,4.40
3063,10.20,TBD,30.00,0.80,2.00,1.50,2.00
3064,7.50,<1,0.00,6.00,4.00,3.00,1.40
3065,11.40,2.7,0.30,0.60,2.80,0.30,3.50
3066,9.50,,24.00,0.00,5.20,3.00,4.20
3067,11.00,,0.00,0.00,2.20,1.00,3.80
3068,11.20,4.5,0.70,0.70,2.00,2.00,1.80
3069,8.70,>60,0.70,0.00,2.00,1.80,5.50
3070,11.00,3.5,0.30,0.20,0.50,3.00,3.50
3071,11.00,1.0,0.20,0.30,1.50,3.40,1.80
3072,10.60,1.6,1.00,0.00,2.10,1.70,2.50
3073,11.30,2.1,0.00,0.50,2.50,1.00,4.00
3074,11.20,0.5,0.60,0.70,2.50,2.40,3.00
3075,10.00,210.0,42.00,0.00,2.00,4.50,1.90
3076,11.00,3.6,0.70,0.20,3.00,1.30,3.00
3077,,3.5,0.90,0.30,2.50,2.60,
3078,9.00,4.7,0.10,1.40,1.00,3.90,2.00
3079,9.00,3.3,0.20,0.30,3.40,2.50,3.60
3080,9.00,2.9,0.80,0.00,4.00,1.00,4.50
3081,,252.0,36.00,0.00,1.50,2.50,1.80
3082,9.10,5.3,0.90,0.80,3.00,3.00,1.20
3083,9.50,2.0,0.80,0.00,6.20,3.30,3.30
3084,10.50,4.6,,,3.30,2.50,3.00
3085,,180.0,42.00,60.00,2.80,2.90,0.40
3086,9.50,2.4,1.50,0.00,4.00,1.60,3.50
3087,10.00,not recorded,0.00,0.00,2.10,2.00,2.90
3088,8.50,7.5,0.40,0.50,1.10,4.50,1.00
3089,10.00,5.6,1.20,1.40,0.40,3.50,1.10
3090,11.50,2.4,0.60,0.70,1.40,2.40,4.50
3091,8.80,3.9,0.40,0.40,,2.70,3.20
3092,7.50,6.3,,1.70,0.20,4.50,2.00
3093,,3.0,1.50,0.60,3.60,,2.00
3094,10.50,114.0,30.00,0.70,2.90,3.60,2.20
3095,,0.0,0.00,0.70,1.50,2.40,2.20
3096,9.00,2.8,,0.70,2.50,1.90,2.50
3097,9.50,360.0,18.00,60.00,3.00,3.00,1.30
3098,10.00,4.0,0.20,0.40,3.20,2.40,1.90
3099,10.20,2.5,0.50,0.50,2.10,,
3100,10.40,3.2,0.00,,3.20,2.00,3.70
3101,10.00,1.8,1.10,0.00,1.00,0.50,2.60
3102,9.90,3.5,0.30,0.90,5.00,2.50,2.00
3103,,3.0,0.00,1.50,1.00,3.60,2.00
3104,9.70,210.0,54.00,1.10,2.00,1.50,1.00
3105,,4.0,,0.50,1.50,3.00,2.50
3106,,300.0,84.00,0.00,1.70,3.40,3.00
3107,9.00,168.0,36.00,0.80,,2.60,3.50
3108,9.60,>60,0.40,0.60,1.50,2.50,2.00
3109,9.10,2.5,0.60,0.20,2.50,3.50,0.90
3110,10.50,4.1,0.70,0.30,2.50,1.10,3.70
3111,10.10,1.5,0.40,0.10,2.00,0.10,4.80
3112,10.40,3.5,0.20,0.00,2.10,2.50,4.50
3113,9.50,2.6,1.00,0.80,0.50,4.60,1.00
3114,9.00,4.0,0.00,1.50,2.90,5.00,1.50
3115,11.50,0.0,72.00,,4.00,0.00,4.00
3116,8.00,468.0,24.00,6.00,1.00,4.50,2.00
3117,9.50,2.0,0.40,0.00,2.00,1.50,4.00
3118,10.10,5.2,1.00,1.20,2.30,2.90,1.50
3119,9.60,120.0,54.00,42.00,1.90,3.00,3.00
3120,9.50,4.5,0.40,1.60,1.60,3.90,2.10
3121,10.00,1.3,0.40,0.00,1.40,3.20,
3122,9.90,228.0,102.00,0.00,2.50,2.60,3.10
3123,9.10,0.8,0.50,0.50,1.50,3.00,3.00
3124,8.50,7.0,1.30,0.50,1.00,2.50,2.80
3125,9.50,4.4,0.60,0.00,3.00,3.60,3.50
3126,9.00,2.2,0.70,1.90,0.50,2.80,3.20
3127,,330.0,0.00,0.50,3.00,2.70,3.50
3128,,1.0,0.00,0.80,3.00,1.50,3.80
3129,9.90,1.6,0.70,0.00,3.00,0.10,3.20
3130,11.00,0.7,0.00,0.00,4.80,0.50,4.10
3131,9.00,3.5,0.00,0.20,3.00,2.50,
3132,10.80,1.3,0.90,0.60,1.50,1.50,
3133,9.80,4.0,0.20,0.10,2.00,2.20,3.90
3134,9.60,270.0,24.00,24.00,0.60,1.20,
3135,10.00,270.0,36.00,24.00,2.00,,4.60
3136,9.00,4.5,0.20,,2.00,3.30,0.50
3137,11.00,42.0,24.00,66.00,1.90,1.20,5.10
3138,11.00,2.0,0.70,1.10,1.40,,2.20
3139,,7.0,0.20,0.50,1.00,4.30,1.00
3140,8.70,4.0,0.10,1.10,2.30,4.50,2.00
3141,10.00,5.5,0.40,0.00,1.00,2.50,3.00
3142,9.00,300.0,54.00,1.10,2.50,3.50,1.60
3143,11.10,1.7,,0.40,4.60,,2.50
3144,9.40,0.2,0.30,1.50,1.50,2.20,
3145,8.90,120.0,0.00,0.10,3.10,2.00,2.50
3146,8.80,4.5,0.80,0.10,0.50,4.10,3.50
3147,7.70,,0.50,0.50,4.80,3.10,1.00
3148,10.90,2.3,0.50,,2.50,0.40,4.00
3149,11.30,1.5,0.60,0.00,2.30,2.50,2.50
3150,11.20,4.5,0.70,0.10,3.00,2.50,2.00
3151,9.20,294.0,84.00,0.00,4.00,1.50,3.40
3152,9.50,216.0,54.00,0.80,0.50,1.90,2.50
3153,10.50,270.0,12.00,0.50,,1.20,3.00
3154,10.00,5.0,1.20,0.50,3.00,,0.60
3155,10.70,2.6,0.10,0.10,3.30,1.50,3.50
3156,9.40,1.0,0.80,0.60,2.40,2.00,3.30
3157,10.00,6.0,0.80,0.50,1.50,2.50,2.30
3158,8.40,270.0,12.00,108.00,2.80,2.30,3.70
3159,10.50,TBD,2.10,0.70,0.80,2.50,3.00
3160,11.50,,0.70,0.60,1.20,2.00,1.00
3161,9.00,2.2,1.20,0.00,,2.50,3.50
3162,,1.7,0.90,0.00,4.40,1.00,4.50
3163,9.00,2.6,0.00,0.00,1.70,0.50,2.60
3164,8.50,1.5,1.20,0.30,3.00,1.50,5.00
3165,9.80,3.0,,1.10,1.90,6.50,0.90
3166,9.00,2.8,1.10,1.30,2.40,3.90,1.00
3167,8.40,4.1,1.00,0.90,2.50,4.50,1.50
3168,9.60,360.0,0.00,78.00,1.70,2.50,2.50
3169,10.50,1.5,0.90,0.00,2.80,1.00,3.20
3170,11.10,3.9,0.70,0.20,2.50,1.60,2.00
3171,8.50,4.6,0.80,1.00,2.50,3.30,1.50
3172,9.40,0.0,0.00,0.30,2.00,0.50,3.50
3173,10.00,0.5,0.10,0.00,1.00,0.00,2.60
3174,8.50,7.2,0.80,0.50,1.40,,1.50
3175,10.00,4.0,0.90,0.70,3.20,1.20,2.20
3176,8.00,4.1,0.80,0.20,3.00,,2.50
3177,9.00,1.1,0.20,0.00,3.40,3.40,2.80
3178,10.10,2.5,0.80,0.80,2.50,3.50,1.60
3179,9.50,2.0,1.10,0.30,3.90,3.80,
3180,9.50,60.0,24.00,42.00,2.00,0.70,5.50
3181,8.70,5.1,0.60,0.00,3.50,0.50,
3182,8.60,3.0,0.90,0.90,3.50,3.00,3.50
3183,11.50,78.0,12.00,12.00,1.10,1.00,3.50
3184,10.50,2.0,1.20,1.40,4.50,2.60,2.90
3185,10.40,1.6,0.00,1.30,3.60,1.20,3.50
3186,9.40,240.0,72.00,1.30,3.00,2.20,1.90
3187,10.30,1.8,0.50,0.60,3.00,3.50,2.50
3188,9.00,210.0,72.00,96.00,3.70,2.70,2.00
3189,10.60,0.0,0.00,0.00,2.50,2.50,3.80
3190,10.50,2.8,0.40,0.50,2.20,1.00,
3191,8.50,4.0,1.60,0.20,2.90,1.70,1.40
3192,9.30,264.0,54.00,1.30,3.00,2.60,2.40
3193,10.00,144.0,0.00,12.00,3.00,,2.60
3194,9.00,5.0,0.80,0.80,1.70,0.40,4.00
3195,10.70,3.5,0.80,0.00,6.00,1.00,3.50
3196,8.60,0.7,0.80,0.70,3.50,2.90,2.50
3197,9.30,n/a,42.00,0.00,3.50,3.10,4.50
3198,,4.2,0.90,0.00,0.30,2.80,1.50
3199,,1.5,1.00,0.00,5.90,2.10,4.50
3200,11.00,3.8,0.60,1.20,0.20,3.00,2.60
3201,9.50,TBD,6.00,0.00,2.50,2.20,3.00
3202,10.00,3.8,0.90,0.00,2.70,,2.00
3203,9.40,2.4,1.40,1.30,3.50,,0.70
3204,8.50,120.0,0.00,0.50,3.00,4.30,2.80
3205,8.30,2.2,0.40,1.80,,3.00,1.80
3206,,2.5,0.40,0.30,2.00,2.00,4.00
3207,10.00,1.0,0.60,0.00,2.00,1.60,4.40
3208,11.10,2.5,0.10,0.20,3.80,1.00,3.90
3209,9.10,,0.70,0.20,2.60,3.80,2.20
3210,8.50,5.5,0.60,0.60,0.50,4.60,2.70
3211,8.80,2.0,0.20,,2.50,5.00,2.90
3212,11.50,2.4,0.70,0.00,3.50,0.50,5.00
3213,9.50,3.2,1.10,0.60,1.70,3.50,2.90
3214,9.50,,0.80,,1.80,3.00,4.00
3215,10.50,60.0,0.00,0.00,2.20,2.00,4.00
3216,9.50,5.5,0.60,1.20,0.90,2.40,2.60
3217,9.20,1.0,0.00,0.00,4.20,1.50,2.60
3218,10.10,1.5,1.00,0.80,1.90,1.60,1.70
3219,8.40,180.0,,60.00,2.50,3.50,3.20
3220,10.00,3.1,0.60,1.10,1.50,3.40,3.00
3221,10.60,0.0,0.70,0.00,2.50,0.90,3.50
3222,10.70,174.0,108.00,0.40,4.00,1.60,3.50
3223,11.00,126.0,18.00,0.40,3.20,,5.00
3224,8.50,360.0,42.00,42.00,1.90,3.50,1.00
3225,9.50,4.0,,1.40,1.70,3.50,1.50
3226,11.50,5.0,0.40,0.00,2.60,1.50,2.90
3227,9.90,30.0,72.00,,4.50,2.50,4.50
3228,,3.0,0.60,0.00,1.00,2.00,3.90
3229,11.00,3.5,0.80,0.20,1.50,2.00,3.60
3230,8.50,30.0,30.00,,2.50,2.50,5.50
3231,10.50,420.0,,0.50,0.00,3.00,2.00
3232,9.00,2.0,0.30,0.70,7.00,3.50,
3233,8.90,5.5,0.80,1.00,0.50,4.10,1.50
3234,8.60,4.0,0.00,1.10,2.80,4.80,
3235,10.00,2.3,0.00,0.00,4.00,0.00,4.50
3236,8.90,2.7,0.60,1.10,,5.00,2.00
3237,7.80,4.4,0.50,1.80,2.50,3.40,1.00
3238,8.40,6.5,,1.00,3.00,4.00,0.50
3239,11.00,1.8,1.10,0.00,3.30,1.90,4.50
3240,11.60,3.5,0.60,0.30,1.20,,3.50
3241,11.30,186.0,36.00,42.00,2.10,2.10,2.30
3242,9.20,192.0,42.00,0.00,,2.20,4.50
3243,8.50,294.0,54.00,54.00,1.90,4.00,1.50
3244,9.50,354.0,24.00,0.60,1.80,2.80,1.90
3245,9.40,2.9,,1.60,,3.50,3.00
3246,8.20,2.5,0.80,,2.00,3.30,3.00
3247,10.30,1.4,1.40,0.90,,3.00,2.80
3248,,3.0,0.00,0.00,3.00,,
3249,11.00,2.0,1.30,0.00,4.00,2.30,3.50
3250,8.30,198.0,0.00,96.00,3.00,3.50,3.00
3251,8.60,4.5,,0.50,1.50,5.40,1.50
3252,9.00,1.6,,0.60,,3.50,3.00
3253,8.00,2.6,0.30,0.00,4.10,3.20,1.70
3254,7.40,5.6,1.10,0.50,0.70,4.70,2.50
3255,8.90,6.0,0.70,1.00,1.00,3.50,2.60
3256,10.00,2.4,0.60,0.60,2.40,4.20,3.00
3257,8.90,2.5,1.20,1.10,2.60,,2.60
3258,9.50,2.2,0.80,0.90,3.20,2.90,1.60
3259,11.00,2.0,0.20,0.40,2.00,2.50,4.30
3260,10.70,2.5,1.60,0.00,1.50,1.70,4.00
3261,9.10,300.0,90.00,,0.70,3.40,2.50
3262,8.90,282.0,96.00,,1.00,2.30,2.50
3263,10.50,TBD,0.00,30.00,2.50,0.00,4.50
3264,7.00,7.1,1.10,1.30,0.60,5.00,0.50
3265,8.60,180.0,,66.00,2.00,2.00,3.50
3266,11.00,4.5,0.40,,1.00,3.10,2.50
3267,9.50,138.0,42.00,18.00,2.50,1.60,4.50
3268,9.00,5.7,1.00,,2.50,1.40,3.50
3269,9.90,90.0,78.00,78.00,1.70,1.30,4.50
3270,9.00,2.2,0.00,0.90,1.20,2.40,1.30
3271,7.50,210.0,72.00,132.00,2.70,3.10,2.20
3272,10.50,0.0,0.10,0.00,3.00,0.00,
3273,12.50,3.0,0.60,0.00,1.60,2.00,
3274,8.60,4.5,0.30,0.80,2.70,2.80,2.50
3275,9.60,4.0,0.60,0.00,2.50,1.70,
3276,8.00,4.0,0.50,1.50,2.10,2.50,3.50
3277,8.80,3.0,0.70,0.00,3.30,1.00,3.00
3278,11.10,,0.00,0.50,2.00,1.50,2.30
3279,10.00,3.5,0.00,0.00,0.70,1.90,3.00
3280,11.50,4.0,0.40,0.30,2.00,1.10,3.50
3281,11.10,120.0,30.00,0.30,2.60,0.50,4.30
3282,9.50,324.0,42.00,78.00,,3.00,2.10
3283,8.10,3.0,0.50,1.00,4.50,4.00,2.40
3284,7.80,4.1,0.70,0.70,1.60,2.50,
3285,9.50,4.3,1.10,0.60,1.90,2.40,3.00
3286,10.10,0.0,0.00,0.20,3.50,0.00,4.10
3287,11.20,1.9,0.10,0.00,3.30,2.60,4.80
3288,7.80,6.0,0.70,0.20,3.20,3.70,1.50
3289,9.50,5.0,0.40,0.40,1.50,5.00,1.00
3290,9.20,5.0,2.00,1.00,2.00,2.50,1.50
3291,10.50,,,0.60,0.70,2.00,3.00
3292,10.50,2.8,0.20,0.00,,,3.10
3293,9.10,3.5,0.60,1.10,0.90,2.50,4.20
3294,11.00,TBD,0.20,0.30,3.00,1.60,3.20
3295,,5.0,0.80,0.20,1.50,2.50,0.80
3296,7.50,4.0,0.20,0.30,2.00,2.40,2.70
3297,8.50,5.0,0.40,0.00,0.90,3.30,3.40
3298,9.40,3.1,0.10,0.00,1.80,1.50,4.50
3299,10.50,216.0,60.00,6.00,3.40,2.00,0.80
3300,,6.4,1.10,0.60,0.50,2.00,2.20
3301,10.00,2.5,1.40,0.00,2.50,1.60,3.50
3302,10.40,2.5,1.30,0.70,4.00,1.50,4.60
3303,10.20,270.0,78.00,78.00,1.00,,3.00
3304,9.60,102.0,18.00,0.60,2.80,0.50,2.60
3305,7.70,3.6,0.70,0.80,2.00,4.40,1.40
3306,11.50,120.0,30.00,0.00,1.50,0.00,4.30
3307,10.50,1.7,0.20,0.10,5.10,2.30,3.80
3308,8.10,5.7,,1.00,1.20,3.50,2.00
3309,8.50,2.8,0.30,,3.00,2.50,3.30
3310,10.50,1.2,0.50,0.00,3.00,3.60,4.50
3311,10.60,3.2,0.50,0.00,1.60,2.90,4.30
3312,8.60,n/a,0.00,,2.50,4.20,1.50
3313,9.00,0.5,0.20,1.40,3.50,1.60,1.50
3314,10.50,5.0,0.40,1.20,0.50,2.00,3.20
3315,9.80,3.0,0.00,0.50,0.10,3.00,2.90
3316,9.60,1.0,0.10,0.00,6.00,2.20,2.00
3317,8.70,5.0,1.20,2.00,2.50,3.00,1.10
3318,10.50,90.0,12.00,12.00,2.00,0.40,3.60
3319,,2.0,0.70,0.00,3.50,2.90,4.10
3320,11.50,0.4,0.10,0.60,2.90,2.30,3.50
3321,,5.6,2.30,,1.00,3.30,2.00
3322,8.30,4.5,0.70,0.70,1.00,2.10,4.50
3323,9.50,300.0,18.00,,2.00,2.00,3.50
3324,9.50,78.0,30.00,0.00,1.50,3.50,3.10
3325,9.50,2.0,1.10,1.00,3.80,1.00,5.30
3326,10.50,186.0,,6.00,3.00,2.50,1.00
3327,9.20,1.7,0.50,0.00,2.00,4.00,4.50
3328,11.00,5.3,0.80,1.00,1.30,3.00,0.80
3329,8.80,180.0,,0.20,1.10,2.00,3.20
3330,8.10,7.0,0.90,1.70,1.40,4.00,0.60
3331,10.00,,0.40,0.30,0.90,3.90,
3332,10.70,2.0,0.90,0.70,3.00,1.70,4.00
3333,11.00,2.5,0.40,0.00,4.10,0.50,5.50
3334,10.50,2.5,0.30,0.00,1.80,1.10,3.50
3335,10.00,0.5,0.90,,5.00,2.10,5.80
3336,9.60,--,1.20,0.80,4.40,3.00,2.50
3337,10.50,,0.30,1.00,1.20,3.10,1.50
3338,8.70,3.6,,0.70,2.10,4.00,2.50
3339,10.90,not recorded,54.00,0.00,1.50,3.50,3.50
3340,9.40,1.5,,0.00,1.40,,5.70
3341,10.00,156.0,0.00,48.00,1.20,3.90,2.00
3342,9.50,2.5,1.70,1.20,1.00,3.10,2.10
3343,8.50,0.5,0.20,0.60,3.00,3.00,3.00
3344,9.70,4.1,1.00,1.00,0.90,2.70,4.20
3345,10.40,2.0,1.40,1.40,2.00,3.50,2.50
3346,9.00,48.0,102.00,30.00,1.20,2.00,2.80
3347,10.50,36.0,0.00,0.30,3.50,0.10,5.00
3348,8.00,3.0,0.30,1.20,4.00,4.00,2.50
3349,8.70,,0.40,1.00,0.50,3.40,2.50
3350,8.00,3.1,0.60,1.10,3.50,3.50,0.50
3351,9.80,4.1,1.10,0.30,2.50,3.00,1.00
3352,9.00,,1.00,,,2.50,0.50
3353,11.50,3.0,0.30,0.70,1.20,3.00,1.90
3354,9.00,<1,1.10,0.10,2.50,2.60,2.80
3355,10.40,3.0,1.70,0.30,1.00,2.10,3.20
3356,9.00,4.5,1.00,0.50,1.90,2.00,2.80
3357,11.00,1.4,,0.00,4.50,2.90,3.50
3358,9.00,2.7,0.70,0.60,3.60,3.50,
3359,10.20,210.0,18.00,0.80,0.80,5.00,2.00
3360,11.00,0.2,0.50,0.30,4.50,0.60,3.40
3361,10.30,120.0,0.00,36.00,2.00,2.00,3.50
3362,10.00,2.0,0.00,0.10,,2.90,1.60
3363,10.20,1.7,1.20,0.10,3.50,0.00,
3364,10.00,0.3,0.60,1.00,,1.80,3.00
3365,10.40,0.5,0.60,0.00,2.00,2.50,2.90
3366,10.70,3.0,0.90,0.00,3.70,3.20,2.00
3367,9.90,0.8,1.00,0.20,4.50,1.50,4.00
3368,11.00,0.0,1.50,0.40,2.50,2.00,2.70
3369,9.00,144.0,90.00,30.00,5.00,1.90,3.50
3370,10.00,2.8,0.80,0.80,1.40,5.10,1.30
3371,8.00,1.5,0.50,0.90,4.00,3.50,3.30
3372,10.00,180.0,30.00,0.00,1.40,2.10,4.00
3373,10.80,1.0,0.70,0.70,2.50,1.50,4.00
3374,8.50,3.8,0.40,1.30,1.80,,0.50
3375,10.10,1.8,0.90,0.00,1.30,1.40,
3376,9.50,234.0,12.00,1.40,1.50,2.30,3.50
3377,9.70,4.1,0.40,1.60,,4.00,1.00
3378,11.00,1.7,0.50,0.00,,,
3379,10.00,2.3,0.20,0.00,5.20,3.00,2.50
3380,,,1.40,2.20,2.80,2.50,
3381,9.20,2.5,0.30,0.50,1.20,3.70,3.50
3382,10.50,3.5,0.70,0.30,2.20,0.00,5.00
3383,9.60,0.0,54.00,0.80,2.00,0.40,
3384,11.50,3.0,0.10,0.00,1.10,2.50,
3385,9.00,180.0,0.00,60.00,1.40,1.60,2.90
3386,11.10,90.0,24.00,24.00,6.80,2.30,3.00
3387,10.00,2.0,0.90,1.20,1.00,2.30,3.00
3388,9.30,3.8,0.90,1.10,3.70,2.50,2.00
3389,12.20,<1,0.70,0.00,3.00,0.70,3.30
3390,10.80,>60,72.00,0.00,,1.70,2.00
3391,8.50,210.0,42.00,1.20,2.50,2.50,1.50
3392,9.50,1.1,0.80,0.50,2.50,1.50,
3393,10.60,5.0,0.00,0.00,,1.50,3.00
3394,8.50,1.5,1.10,0.00,1.30,2.00,4.00
3395,8.10,<1,0.70,1.20,,2.50,2.80
3396,9.60,4.0,1.20,0.10,1.90,1.90,4.10
3397,9.00,5.8,0.70,0.50,1.50,3.00,2.50
3398,8.50,210.0,30.00,12.00,2.30,2.20,5.00
3399,10.50,3.0,,0.00,1.50,2.50,4.50
3400,9.90,0.0,48.00,24.00,1.40,0.00,4.50
3401,9.00,96.0,72.00,1.00,4.00,2.90,2.00
3402,10.00,4.7,0.40,1.00,3.50,2.50,2.50
3403,,5.8,1.70,0.50,0.50,3.50,0.60
3404,9.40,6.0,12.00,36.00,4.70,2.80,3.30
3405,10.50,90.0,0.00,30.00,2.00,0.80,4.40
3406,9.10,4.7,0.60,0.00,0.90,4.00,2.60
3407,7.00,1.0,0.00,0.00,3.10,1.40,2.90
3408,10.50,150.0,12.00,0.00,0.70,2.50,3.00
3409,9.20,2.8,1.30,0.20,,1.70,1.90
3410,10.00,,1.20,1.50,2.50,0.90,3.50
3411,9.00,150.0,18.00,0.50,1.50,0.60,4.80
3412,7.80,2.5,1.20,2.80,5.10,3.00,0.30
3413,9.00,180.0,24.00,0.00,1.90,2.90,3.80
3414,10.50,TBD,0.00,0.40,3.00,1.00,4.40
3415,8.80,180.0,54.00,0.00,3.00,3.50,2.90
3416,9.20,3.5,0.00,0.60,0.50,3.00,3.20
3417,10.30,3.5,0.70,0.00,3.20,3.50,
3418,10.30,2.0,1.90,0.10,1.30,3.00,3.00
3419,8.00,1.9,1.50,0.40,1.70,4.10,2.00
3420,11.00,1.5,0.10,0.70,2.90,1.00,3.50
3421,9.70,180.0,,54.00,2.80,1.40,4.20
3422,10.00,1.5,0.30,0.00,1.50,2.90,3.30
3423,9.30,210.0,30.00,30.00,3.80,2.20,2.50
3424,8.00,300.0,48.00,1.00,1.30,3.20,3.00
3425,9.00,5.4,1.40,0.90,,2.30,2.00
3426,10.00,4.5,,0.50,1.00,2.30,2.90
3427,8.10,5.3,1.10,1.20,1.80,4.50,1.50
3428,8.20,4.5,0.40,1.00,1.80,4.00,2.50
3429,9.80,5.0,,0.70,1.70,2.20,3.40
3430,,84.0,30.00,0.60,2.00,0.80,2.00
3431,10.20,2.5,1.10,0.00,1.00,4.10,3.50
3432,8.50,TBD,0.90,1.80,1.00,3.10,0.70
3433,10.40,2.9,1.00,,1.00,,2.50
3434,9.10,5.0,0.60,0.40,3.00,4.40,1.40
3435,10.00,1.5,1.30,0.50,1.50,3.00,4.50
3436,9.00,,0.90,1.20,1.00,2.50,0.80
3437,10.20,2.9,0.90,1.00,3.00,1.10,2.40
3438,11.20,174.0,0.00,0.00,1.50,1.50,5.50
3439,10.80,1.5,1.20,,3.50,0.00,3.50
3440,11.60,3.2,0.70,0.00,4.80,1.00,3.00
3441,11.00,3.0,0.80,0.50,1.70,,2.70
3442,8.00,270.0,42.00,126.00,3.50,4.00,1.00
3443,9.00,1.4,0.70,0.00,4.00,2.00,
3444,,1.5,1.20,0.70,3.20,2.00,3.00
3445,9.00,3.0,1.20,0.40,2.50,3.50,
3446,10.00,5.7,1.30,0.90,1.50,2.00,2.00
3447,8.70,3.3,0.30,2.50,1.90,2.50,1.00
3448,12.00,2.0,0.00,0.30,,2.50,4.00
3449,8.70,4.4,1.10,0.30,3.00,3.00,3.70
3450,10.70,3.8,0.60,0.80,1.50,0.00,3.50
3451,9.50,not recorded,0.20,1.30,1.00,2.90,0.20
3452,9.50,5.4,0.50,0.10,1.00,3.50,
3453,10.00,,0.00,0.00,2.70,3.50,1.90
3454,10.50,2.4,0.20,0.70,4.60,0.90,
3455,10.30,5.0,0.70,0.00,2.00,2.00,1.50
3456,10.50,1.8,0.00,0.10,1.50,2.50,3.60
3457,11.20,,1.60,0.00,2.50,2.00,3.00
3458,9.00,150.0,36.00,0.50,2.40,2.70,0.80
3459,9.00,2.0,0.60,0.00,,2.20,2.00
3460,12.00,0.0,24.00,0.00,2.50,,4.50
3461,11.00,2.5,0.30,0.30,4.00,1.50,4.00
3462,,5.0,0.70,,,2.90,3.20
3463,10.20,264.0,36.00,0.00,0.50,2.70,2.80
3464,9.90,not recorded,,0.80,3.00,2.50,3.60
3465,8.30,4.5,1.50,1.40,2.10,3.50,0.00
3466,9.10,6.5,2.20,0.50,0.00,2.00,2.50
3467,9.00,4.0,0.60,2.00,2.50,2.20,3.20
3468,10.40,0.9,0.00,0.70,2.60,2.00,3.10
3469,9.50,4.5,0.50,1.60,,2.50,2.30
3470,,156.0,18.00,0.00,2.00,1.00,4.00
3471,10.10,120.0,78.00,60.00,2.50,1.00,4.20
3472,9.00,6.0,0.50,1.20,1.50,2.80,1.60
3473,9.40,6.0,1.20,0.50,1.60,2.50,2.50
3474,10.50,2.5,0.70,0.30,3.30,1.50,
3475,8.40,360.0,84.00,18.00,2.00,2.00,3.20
3476,8.30,3.0,0.20,1.70,4.40,4.60,2.50
3477,,7.2,0.20,,1.00,3.00,1.50
3478,9.00,3.2,0.50,0.70,4.00,3.50,2.20
3479,9.50,120.0,,42.00,4.90,1.00,5.00
3480,,2.8,0.60,0.80,2.10,3.50,1.90
3481,9.80,372.0,60.00,0.00,1.20,3.00,2.10
3482,9.00,3.2,0.70,0.50,5.20,3.20,2.30
3483,10.40,not recorded,0.40,0.30,2.50,2.00,
3484,9.50,2.2,0.00,0.00,1.50,3.50,4.40
3485,,0.5,0.40,0.00,2.50,2.50,3.00
3486,8.10,318.0,,54.00,1.70,4.30,3.20
3487,9.50,2.7,0.20,0.70,1.00,3.20,2.00
3488,8.30,5.5,0.20,0.50,2.80,3.60,3.00
3489,9.20,1.4,,1.50,3.50,3.40,3.00
3490,8.40,2.9,0.70,0.00,3.00,2.50,4.60
3491,9.50,2.5,0.60,1.60,3.00,2.20,1.80
3492,,270.0,60.00,30.00,0.10,3.30,4.40
3493,10.00,--,66.00,30.00,2.50,3.00,2.00
3494,7.50,,90.00,2.10,1.50,3.50,2.50
3495,,2.3,1.00,1.80,0.90,3.80,2.00
3496,9.00,6.0,0.60,0.70,1.60,5.00,1.50
3497,,0.0,0.30,0.00,4.00,2.00,3.80
3498,9.30,0.6,0.30,0.00,3.90,2.60,4.00
3499,9.60,270.0,60.00,,0.40,2.90,2.90
3500,10.60,2.0,0.50,0.90,3.90,3.00,3.20
3501,11.00,3.4,0.70,0.00,2.00,1.80,3.70
3502,7.50,4.0,0.20,0.30,2.60,4.00,2.10
3503,11.00,0.5,0.90,0.70,3.20,0.40,3.50
3504,9.50,2.1,1.40,0.00,3.20,4.50,2.00
3505,9.50,3.5,0.50,0.00,2.00,3.00,5.00
3506,8.40,6.8,1.20,1.60,1.00,3.10,1.30
3507,10.00,5.2,1.10,0.00,1.60,3.20,2.50
3508,11.00,2.6,0.00,,1.00,0.00,3.20
3509,10.80,3.0,0.50,0.60,3.00,2.30,2.50
3510,11.10,168.0,66.00,48.00,1.50,1.70,3.20
3511,,1.5,0.70,,1.70,2.80,5.00
3512,9.80,2.5,,0.00,1.40,2.00,1.50
3513,8.50,1.0,0.30,0.70,3.50,1.00,1.50
3514,9.50,54.0,48.00,0.00,2.30,0.00,4.80
3515,9.00,not recorded,0.00,6.00,1.90,0.00,3.60
3516,9.50,180.0,30.00,0.40,1.20,3.50,3.00
3517,10.50,2.9,0.00,,0.50,2.00,3.00
3518,7.50,228.0,42.00,24.00,3.60,3.30,1.90
3519,11.60,0.3,0.50,0.00,1.70,1.00,4.00
3520,10.20,90.0,48.00,0.10,,3.50,3.50
3521,8.80,4.4,0.70,1.20,1.60,4.20,
3522,7.80,,0.60,1.40,2.00,4.00,1.00
3523,9.50,2.0,1.30,1.10,0.60,,3.80
3524,,3.5,0.40,0.30,1.90,3.50,3.70
3525,10.00,3.4,1.60,0.10,1.90,1.50,2.50
3526,10.50,>60,24.00,0.70,1.00,1.50,3.50
3527,9.70,0.3,0.80,0.00,2.50,0.00,4.20
3528,9.60,5.0,0.60,0.00,2.00,2.50,2.50
3529,9.20,294.0,54.00,66.00,,4.00,1.00
3530,9.80,0.0,0.00,0.40,4.10,1.50,3.60
3531,7.60,4.0,0.40,0.80,3.00,4.50,1.70
3532,10.80,54.0,0.00,24.00,1.20,1.80,3.50
3533,8.70,5.0,1.30,0.00,0.90,3.20,1.80
3534,8.90,6.5,1.10,0.70,1.00,4.00,1.50
3535,8.90,3.0,0.10,0.30,3.50,2.00,3.00
3536,10.30,--,0.00,,2.00,2.60,3.90
3537,8.50,4.5,0.80,1.50,3.00,4.00,2.00
3538,9.80,72.0,0.00,30.00,,0.40,2.80
3539,10.40,192.0,12.00,12.00,0.50,2.10,2.50
3540,8.50,3.1,1.30,0.70,2.00,3.00,2.30
3541,9.60,5.6,2.40,1.10,0.80,3.00,0.50
3542,9.50,1.0,1.40,,5.00,1.00,3.10
3543,9.60,114.0,54.00,0.00,3.30,0.50,4.50
3544,12.30,1.5,0.30,0.90,3.50,1.70,4.00
3545,,4.0,0.70,1.40,3.00,3.50,1.40
3546,11.00,2.1,0.90,0.30,1.50,0.50,6.00
3547,10.50,120.0,36.00,0.00,2.90,2.20,3.50
3548,11.10,3.0,0.40,,2.30,1.00,3.50
3549,8.90,4.0,0.70,1.60,2.50,2.50,0.50
3550,9.50,3.6,1.50,0.00,1.90,3.00,2.40
3551,,0.0,0.40,0.00,3.00,1.00,3.50
3552,9.50,4.0,1.10,1.10,2.00,2.00,2.40
3553,8.70,5.5,0.30,1.50,2.00,3.40,2.10
3554,9.10,3.6,0.80,0.00,1.00,4.30,4.00
3555,10.70,1.8,0.80,0.00,1.50,2.60,4.00
3556,10.00,,6.00,108.00,1.20,3.00,2.60
3557,9.00,270.0,30.00,102.00,0.50,,2.30
3558,8.50,336.0,18.00,0.20,1.10,3.50,2.60
3559,,150.0,24.00,12.00,2.40,3.50,3.00
3560,9.50,4.0,0.90,0.50,2.00,2.50,3.40
3561,10.50,2.1,,0.00,0.90,1.70,4.00
3562,9.50,1.7,0.00,0.60,4.90,2.00,3.70
3563,9.30,4.5,1.00,0.90,1.90,3.00,1.80
3564,9.50,2.0,0.50,0.50,3.50,,1.10
3565,8.00,2.0,0.60,0.00,1.40,3.00,2.50
3566,11.00,60.0,30.00,54.00,5.10,1.80,4.90
3567,10.80,174.0,30.00,0.00,2.00,,4.50
3568,11.00,1.9,0.40,0.60,2.60,3.30,3.00
3569,8.50,90.0,60.00,0.00,3.50,1.80,2.00
3570,10.90,1.5,0.90,0.30,3.10,1.50,
3571,11.00,0.6,0.30,0.30,6.00,0.50,
3572,8.50,2.8,0.50,2.90,2.40,3.10,0.90
3573,9.50,3.8,1.40,0.30,1.20,2.80,3.80
3574,10.00,4.5,0.60,0.20,2.50,3.00,
3575,11.00,3.0,0.50,0.00,3.50,1.20,3.80
3576,10.00,4.5,1.40,0.00,1.50,2.50,3.50
3577,9.30,1.5,,,1.50,2.50,4.40
3578,10.50,0.0,1.50,0.00,2.40,2.50,3.50
3579,9.50,3.2,0.00,0.90,1.10,4.10,2.40
3580,8.90,3.8,1.80,1.20,0.90,,2.50
3581,9.80,4.5,0.40,0.90,2.40,1.50,3.30
3582,7.50,120.0,24.00,0.00,,3.50,2.50
3583,9.30,2.6,0.00,0.90,2.50,3.00,2.00
3584,8.00,3.5,0.60,1.00,1.90,4.00,2.30
3585,8.00,1.5,0.60,0.70,1.50,3.00,2.50
3586,10.60,3.5,1.10,0.00,3.00,2.60,3.00
3587,8.30,3.0,1.40,1.20,2.60,1.50,0.00
3588,,5.0,0.70,0.70,2.50,3.00,3.40
3589,12.00,1.5,0.60,0.00,4.00,,4.50
3590,9.30,4.5,0.90,1.00,0.50,5.00,1.90
3591,9.50,not recorded,1.10,0.00,3.50,2.00,2.70
3592,7.90,3.0,1.50,0.00,4.10,1.20,4.30
3593,11.50,4.0,0.30,0.10,1.00,2.00,3.30
3594,9.00,4.6,0.20,,2.50,3.50,2.40
3595,10.00,3.1,1.20,1.10,2.90,2.00,4.20
3596,10.00,6.5,0.00,0.20,0.00,3.00,2.00
3597,10.50,3.2,,0.00,3.50,4.00,2.20
3598,10.00,5.5,0.30,0.10,0.50,3.00,3.10
3599,10.10,4.6,0.60,0.60,1.60,4.10,1.50
3600,10.50,4.5,0.00,0.30,1.00,3.00,2.30
3601,9.00,4.2,0.70,0.00,2.50,3.40,2.90
3602,8.90,240.0,42.00,0.50,,3.30,1.70
3603,8.30,54.0,24.00,60.00,1.60,1.30,0.60
3604,10.20,3.5,0.00,0.50,2.40,1.40,2.00
3605,8.00,5.6,0.90,1.90,,3.50,2.00
3606,9.70,4.1,0.00,0.80,3.90,3.00,0.80
3607,7.10,3.5,0.60,0.60,2.60,4.50,1.60
3608,8.00,2.2,0.70,0.70,2.50,3.00,2.70
3609,10.50,102.0,60.00,0.00,2.40,1.40,3.70
3610,10.50,324.0,66.00,,1.10,1.20,3.50
3611,10.00,3.0,0.00,0.00,3.00,2.10,3.50
3612,9.80,150.0,42.00,42.00,4.00,3.00,3.80
3613,10.50,,42.00,0.00,2.70,2.50,3.00
3614,9.50,0.4,1.30,0.90,,2.50,2.00
3615,9.90,2.5,0.30,0.70,1.50,2.50,1.50
3616,10.50,54.0,48.00,24.00,4.00,0.40,5.30
3617,11.00,2.1,0.80,0.00,1.70,1.50,3.40
3618,9.80,2.2,0.20,0.50,4.60,2.00,3.40
3619,11.50,2.0,1.20,0.70,2.50,1.00,2.50
3620,9.80,60.0,6.00,0.00,4.10,0.00,2.80
3621,12.10,2.5,0.30,0.00,3.00,2.40,3.00
3622,10.20,138.0,12.00,0.10,2.30,3.00,3.40
3623,10.50,48.0,6.00,,1.50,2.00,
3624,9.50,,24.00,54.00,2.50,,4.50
3625,10.00,,0.40,0.50,4.00,1.50,2.80
3626,10.50,1.0,0.30,0.00,1.00,,3.00
3627,9.50,270.0,30.00,72.00,1.50,4.50,1.30
3628,8.10,270.0,0.00,24.00,1.00,3.80,0.10
3629,9.80,2.9,0.60,0.00,1.50,3.00,3.00
3630,8.80,150.0,36.00,0.00,2.70,3.00,2.50
3631,11.20,3.5,0.50,0.30,1.00,3.50,2.90
3632,,,0.90,0.00,2.80,3.70,3.10
3633,9.30,5.2,1.10,0.70,1.00,2.50,3.00
3634,8.00,3.5,0.70,1.90,1.50,5.20,1.00
3635,11.10,18.0,54.00,0.00,3.30,1.50,5.00
3636,10.50,2.0,0.80,0.90,,2.50,3.80
3637,9.10,1.5,1.00,0.00,1.00,2.00,
3638,10.50,4.5,1.30,,1.20,2.50,2.30
3639,11.00,2.0,0.20,1.00,2.10,,4.60
3640,10.80,0.5,0.80,0.00,1.90,1.30,3.00
3641,8.80,390.0,48.00,54.00,0.50,,2.50
3642,11.50,3.6,0.00,0.00,1.30,2.50,3.60
3643,11.00,2.5,0.10,0.20,4.50,3.20,3.00
3644,,4.9,1.30,0.70,2.80,2.60,2.00
3645,7.80,0.0,1.50,0.00,7.50,1.50,3.50
3646,8.90,2.0,0.80,,1.00,1.70,4.00
3647,11.80,5.5,0.20,0.60,0.50,0.80,4.00
3648,9.20,1.0,1.20,0.00,3.90,2.00,2.40
3649,8.50,4.9,0.40,0.60,2.50,3.50,1.50
3650,10.80,90.0,66.00,0.00,2.50,,2.40
3651,10.90,,1.20,,2.00,1.20,4.50
3652,11.50,60.0,60.00,,1.50,1.00,3.50
3653,10.00,5.5,0.80,0.00,1.00,4.50,1.50
3654,10.40,3.7,0.30,0.30,3.20,2.50,3.00
3655,9.50,246.0,60.00,0.60,2.50,2.80,
3656,8.60,3.1,1.30,1.40,3.20,2.60,2.00
3657,,7.4,0.30,0.10,0.70,4.50,0.40
3658,8.00,4.0,1.20,1.60,2.50,,3.60
3659,10.50,2.5,0.50,1.10,2.50,1.00,3.70
3660,8.10,330.0,18.00,6.00,1.50,3.40,2.10
3661,,2.9,0.30,0.20,,2.90,5.50
3662,11.20,3.5,0.60,0.40,0.50,3.00,3.30
3663,10.10,1.0,1.40,0.00,2.50,2.50,3.30
3664,10.70,3.3,0.40,1.60,0.40,2.10,1.30
3665,12.00,3.6,1.10,0.20,2.80,1.80,2.50
3666,12.30,0.0,0.00,0.10,3.00,1.50,4.10
3667,8.00,3.5,2.20,1.10,1.50,3.50,1.30
3668,10.00,1.5,0.30,0.90,,1.30,4.40
3669,10.00,0.3,0.00,0.10,2.00,2.50,1.90
3670,9.00,3.5,0.20,0.10,2.00,2.00,3.00
3671,10.50,3.6,1.20,,3.00,1.00,3.00
3672,10.00,4.0,0.00,,2.00,2.20,3.80
3673,,1.5,0.10,0.60,3.50,1.00,5.00
3674,8.20,354.0,,42.00,1.00,4.50,1.60
3675,10.00,120.0,0.00,90.00,,1.90,2.50
3676,11.00,,24.00,0.00,,0.00,3.00
3677,9.00,4.4,1.90,1.90,1.20,4.60,1.00
3678,10.70,126.0,0.00,6.00,1.50,0.70,3.90
3679,9.20,132.0,12.00,0.70,3.00,2.60,3.50
3680,8.50,300.0,42.00,126.00,3.10,3.50,0.50
3681,9.70,4.5,0.00,0.80,1.50,3.20,0.00
3682,11.00,0.7,0.00,0.00,1.50,1.50,2.50
3683,8.30,3.6,0.20,,2.30,6.00,0.00
3684,9.50,2.6,0.00,0.70,1.50,3.50,3.50
3685,9.20,90.0,0.00,0.00,1.50,1.50,
3686,9.90,0.0,48.00,30.00,4.00,0.00,3.00
3687,10.50,330.0,24.00,0.30,3.50,1.70,1.00
3688,9.90,1.2,0.00,0.00,1.50,1.50,4.50
3689,8.50,3.5,1.40,1.40,3.90,4.80,1.10
3690,10.00,2.8,0.40,0.00,3.00,1.00,
3691,7.50,1.0,0.00,0.00,4.40,0.70,3.60
3692,10.00,3.0,0.50,0.70,2.90,1.50,3.50
3693,,3.0,1.50,0.10,2.60,3.60,2.80
3694,9.30,1.5,0.70,1.60,4.50,1.80,4.10
3695,11.00,12.0,0.00,0.70,1.00,2.00,2.90
3696,9.50,186.0,30.00,0.00,1.50,3.00,4.00
3697,9.40,,1.20,0.70,,3.10,2.20
3698,9.10,3.8,0.50,0.00,2.00,3.40,2.20
3699,10.00,2.5,0.70,0.00,4.00,2.30,3.00
3700,10.00,240.0,18.00,0.00,3.80,3.00,3.00
3701,8.00,,1.00,0.90,4.00,2.80,2.60
3702,8.60,228.0,36.00,114.00,0.50,4.00,3.00
3703,9.80,1.5,0.90,0.00,3.50,2.30,5.00
3704,8.20,120.0,18.00,2.00,4.10,2.50,1.10
3705,8.10,4.3,1.30,0.70,2.00,3.00,2.50
3706,11.50,2.0,1.10,0.80,2.60,2.20,3.00
3707,10.00,0.0,0.20,0.00,2.80,1.90,3.50
3708,9.00,264.0,24.00,0.50,2.00,2.30,4.30
3709,11.00,120.0,30.00,24.00,2.00,,1.80
3710,9.60,0.0,0.50,0.40,3.50,0.30,2.10
3711,10.30,270.0,24.00,1.20,0.10,,
3712,11.50,270.0,0.00,0.00,0.00,3.00,
3713,8.50,2.5,0.60,1.80,2.50,1.50,2.00
3714,9.40,66.0,12.00,0.00,4.00,0.50,2.50
3715,8.50,,0.80,0.80,2.50,3.90,0.90
3716,9.70,4.1,0.00,0.00,1.50,3.80,3.00
3717,8.90,2.0,0.80,0.30,0.70,1.80,2.50
3718,11.00,3.1,,0.60,1.90,2.50,2.10
3719,10.90,3.5,0.70,0.50,,2.50,2.40
3720,9.30,4.0,0.30,0.70,,4.50,
3721,9.40,5.1,0.30,0.30,1.00,5.10,2.50
3722,8.80,n/a,,0.60,0.30,2.60,2.10
3723,11.30,TBD,0.00,0.00,2.50,0.50,4.40
3724,9.00,198.0,30.00,2.10,3.40,2.50,2.50
3725,,3.5,1.10,0.00,2.50,1.00,3.50
3726,12.00,0.0,,,3.60,0.00,
3727,8.30,4.0,0.60,0.80,2.60,1.80,2.20
3728,8.90,,0.40,0.00,1.20,4.00,3.00
3729,9.50,5.0,0.80,0.80,2.50,3.60,2.00
3730,8.90,5.0,1.20,1.00,1.50,4.80,0.00
3731,,1.5,0.10,1.50,7.40,3.50,2.00
3732,6.00,4.9,1.00,0.70,1.50,5.50,1.20
3733,11.00,150.0,54.00,72.00,1.50,,3.00
3734,9.00,3.9,0.70,1.80,2.20,3.60,1.60
3735,7.40,5.0,0.20,1.00,4.40,5.00,0.00
3736,11.10,1.3,1.00,0.00,2.90,4.00,3.30
3737,11.00,330.0,6.00,0.70,1.50,0.70,4.10
3738,10.00,2.5,0.70,0.10,1.50,1.00,2.10
3739,9.00,198.0,0.00,36.00,2.80,3.00,3.20
3740,8.50,210.0,108.00,1.80,1.60,3.20,2.10
3741,9.50,5.2,0.30,0.00,,3.00,2.00
3742,10.20,180.0,6.00,0.00,3.00,2.50,3.00
3743,11.10,4.5,1.90,0.00,1.00,2.40,2.00
3744,11.40,0.5,0.70,1.20,,1.50,4.60
3745,9.50,198.0,36.00,60.00,3.50,3.70,2.00
3746,9.60,,2.40,,2.00,2.00,1.00
3747,8.20,4.0,0.30,0.90,2.30,5.60,
3748,10.50,3.0,1.60,1.30,3.60,1.90,2.60
3749,8.40,4.6,0.50,1.50,2.00,3.00,2.90
3750,7.50,2.0,1.60,0.60,4.00,,2.40
3751,10.50,300.0,,0.00,1.00,,2.80
3752,10.70,3.1,0.60,1.40,2.00,1.90,3.20
3753,10.50,0.9,0.90,0.20,4.90,1.50,4.70
3754,7.90,384.0,42.00,,2.50,4.00,1.00
3755,10.20,5.0,0.40,0.80,1.80,2.00,2.50
3756,7.50,4.4,,0.80,1.40,1.50,
3757,11.90,300.0,6.00,0.00,0.20,,1.80
3758,9.90,3.5,1.60,,1.50,0.60,2.20
3759,9.50,1.7,0.60,0.00,0.80,2.90,2.50
3760,,2.2,0.40,0.00,,2.00,
3761,10.50,2.0,1.10,0.80,2.00,1.70,4.90
3762,9.00,120.0,36.00,,1.10,4.00,2.50
3763,10.00,0.0,0.40,0.60,2.00,2.40,5.30
3764,,3.5,0.20,0.60,3.50,3.60,2.20
3765,9.00,,0.90,0.80,1.10,4.30,2.00
3766,9.30,336.0,42.00,0.30,1.00,3.50,2.50
3767,8.00,4.6,0.60,1.40,2.90,4.00,2.00
3768,10.50,162.0,54.00,54.00,3.00,3.00,2.70
3769,8.90,5.5,0.70,,1.50,4.00,1.50
3770,9.50,3.5,0.70,,,3.00,3.20
3771,7.50,,0.60,1.70,2.60,4.50,1.00
3772,10.00,,0.90,0.40,2.30,4.00,2.00
3773,10.00,1.0,1.10,0.00,5.00,2.00,
3774,10.00,0.0,0.20,0.00,4.50,2.00,2.70
3775,8.00,,0.80,2.20,2.00,4.00,1.90
3776,10.00,138.0,66.00,0.20,,2.30,3.00
3777,9.30,1.1,0.90,1.20,1.50,3.20,
3778,9.50,168.0,0.00,0.00,1.60,3.50,4.00
3779,7.50,>60,,0.70,3.00,3.50,2.70
3780,,1.0,0.90,0.60,1.50,4.00,2.00
3781,11.90,198.0,6.00,48.00,1.50,,3.50
3782,9.50,4.4,0.60,0.80,2.00,3.80,2.20
3783,11.10,0.5,0.60,0.00,3.10,2.00,3.40
3784,10.10,4.5,1.00,0.40,1.00,3.10,3.00
3785,10.10,2.8,0.50,0.60,2.50,3.50,3.10
3786,8.80,5.0,1.40,0.70,0.60,2.80,2.90
3787,10.90,4.0,0.30,0.30,2.30,2.00,4.30
3788,,5.4,0.20,1.40,1.00,3.00,2.00
3789,8.70,4.0,0.50,0.90,1.30,4.30,
3790,9.80,<1,0.50,0.00,2.20,1.80,5.10
3791,7.50,1.7,1.00,1.60,2.40,3.90,1.10
3792,,1.1,0.00,0.00,3.10,1.30,4.70
3793,9.60,3.0,1.80,0.90,0.40,2.50,2.00
3794,7.50,2.5,0.20,0.30,3.50,1.50,5.30
3795,7.50,420.0,54.00,42.00,1.00,5.00,0.50
3796,9.80,6.0,0.10,0.00,0.30,3.40,
3797,9.00,2.0,1.00,0.60,4.50,1.50,3.50
3798,11.00,1.3,0.60,0.00,2.10,2.60,3.50
3799,10.50,2.5,0.00,0.30,3.00,4.00,2.50
3800,10.00,1.2,0.10,0.40,3.00,1.60,3.00
3801,9.20,3.7,0.90,0.90,2.40,2.80,1.00
3802,,5.0,1.20,0.20,1.60,2.70,1.50
3803,12.00,246.0,24.00,0.60,1.50,1.70,3.00
3804,10.50,3.1,1.10,0.00,0.90,3.10,2.00
3805,9.70,3.7,0.90,1.20,2.00,3.00,3.00
3806,11.10,3.6,0.90,1.00,1.60,1.60,2.50
3807,,5.5,0.00,1.70,0.50,1.40,1.30
3808,10.20,6.0,0.80,0.30,1.50,2.50,2.70
3809,10.20,3.9,0.00,0.20,2.00,3.10,4.00
3810,9.60,4.5,,1.60,1.50,3.10,2.00
3811,11.50,2.4,0.30,0.40,3.00,1.10,3.70
3812,10.50,1.1,0.20,0.00,4.50,3.00,1.70
3813,9.00,3.5,0.70,1.40,1.40,2.40,1.00
3814,9.00,5.8,,0.80,,3.30,0.90
3815,,354.0,24.00,1.70,0.90,4.10,0.60
3816,8.90,120.0,0.00,60.00,2.40,3.20,2.20
3817,9.50,3.2,1.00,1.10,2.30,4.50,2.00
3818,9.00,3.9,0.70,0.40,2.50,2.40,2.70
3819,9.00,7.7,0.80,0.90,0.50,3.00,1.60
3820,10.10,270.0,60.00,24.00,1.00,4.90,0.00
3821,8.70,270.0,48.00,102.00,1.60,2.80,2.10
3822,9.60,246.0,,0.40,0.30,3.50,
3823,7.70,4.5,0.50,0.80,0.50,3.90,0.80
3824,10.50,0.0,1.30,0.00,3.10,,2.90
3825,9.00,192.0,108.00,,2.70,3.00,3.00
3826,10.10,0.9,0.90,0.00,2.90,1.00,1.50
3827,9.80,0.9,0.70,0.40,2.00,2.40,3.20
3828,10.50,2.8,1.00,0.20,4.40,0.50,5.00
3829,9.40,222.0,0.00,0.70,2.10,2.00,4.10
3830,10.50,3.4,0.80,0.00,2.80,3.00,2.90
3831,8.80,0.5,0.80,0.20,2.50,3.50,4.70
3832,9.50,3.0,1.20,0.90,2.00,3.50,2.00
3833,,390.0,36.00,0.30,0.80,4.50,1.50
3834,10.50,2.3,0.20,,2.50,1.90,2.90
3835,10.30,,1.20,0.40,1.90,,3.60
3836,8.50,3.5,1.70,2.10,1.90,2.00,0.00
3837,10.50,1.7,1.10,0.00,3.80,2.00,2.20
3838,10.50,240.0,0.00,0.00,2.00,3.00,3.00
3839,9.20,,0.60,0.40,3.00,3.50,2.10
3840,11.20,120.0,66.00,0.00,0.20,1.50,2.00
3841,12.00,120.0,0.00,72.00,1.50,2.50,2.50
3842,9.50,4.0,1.20,0.00,2.00,1.50,2.40
3843,10.10,1.8,1.30,0.00,1.50,2.00,2.50
3844,10.30,1.0,1.10,1.00,1.80,3.50,1.00
3845,9.00,390.0,54.00,0.90,0.60,3.60,0.30
3846,8.50,2.6,0.10,1.60,,4.50,2.00
3847,9.00,3.0,0.20,0.50,2.50,3.50,3.00
3848,8.50,6.5,,1.80,0.00,4.00,0.70
3849,10.00,2.0,1.30,2.10,2.60,2.50,1.70
3850,9.60,2.5,0.00,0.50,1.90,3.10,3.30
3851,10.40,1.0,0.80,,3.10,1.90,3.00
3852,8.90,3.0,1.20,1.00,2.60,1.50,2.00
3853,10.90,2.3,1.00,0.20,3.20,1.50,4.50
3854,10.70,0.3,0.70,0.80,2.00,2.50,2.30
3855,9.40,2.0,,1.90,3.00,3.90,1.70
3856,10.20,2.0,1.80,0.90,2.00,1.00,3.50
3857,7.20,120.0,90.00,0.00,,2.80,1.00
3858,10.00,1.0,,,2.90,1.00,4.50
3859,8.90,,1.00,1.60,1.30,5.00,1.50
3860,10.20,5.5,1.20,1.10,1.00,3.00,1.20
3861,11.30,3.5,0.30,1.30,3.50,2.00,
3862,8.00,,72.00,36.00,1.60,3.50,2.50
3863,9.90,1.1,0.40,,2.00,2.50,4.50
3864,7.00,186.0,42.00,66.00,2.50,2.00,1.10
3865,9.00,1.0,0.00,0.60,2.50,4.00,2.40
3866,,--,42.00,0.00,3.30,1.50,4.00
3867,8.00,3.0,1.00,0.80,1.70,1.50,4.00
3868,,2.5,1.00,,1.50,2.10,3.00
3869,8.00,--,66.00,36.00,6.00,0.50,3.00
3870,9.20,0.0,0.80,0.50,,2.30,4.40
3871,10.20,3.4,1.30,0.00,1.00,2.50,2.20
3872,11.00,90.0,78.00,1.40,3.00,1.70,3.50
3873,10.00,4.0,1.10,0.00,3.00,0.00,4.50
3874,9.60,2.0,0.60,0.00,2.00,0.80,5.20
3875,,,1.00,0.00,1.60,3.00,3.00
3876,9.80,156.0,0.00,0.90,0.70,2.30,
3877,,3.3,1.30,0.60,1.30,1.00,4.20
3878,9.00,2.5,0.00,0.00,1.80,2.10,
3879,9.30,4.0,0.60,0.70,1.10,2.40,3.00
3880,11.00,3.6,0.60,0.20,4.50,1.90,3.20
3881,9.50,180.0,,0.20,1.70,2.50,4.50
3882,8.30,252.0,66.00,0.50,4.00,4.00,2.30
3883,9.00,4.5,1.10,0.70,3.50,2.50,1.50
3884,11.00,,66.00,72.00,1.00,2.00,2.50
3885,8.50,462.0,30.00,0.60,0.50,3.40,1.10
3886,8.90,3.1,0.20,0.00,3.30,0.50,3.50
3887,9.50,3.4,,0.70,1.20,1.50,3.50
3888,10.10,3.5,0.70,0.90,1.60,3.80,2.20
3889,,3.0,1.70,1.00,1.70,2.00,3.00
3890,11.00,60.0,24.00,1.40,4.50,2.00,3.40
3891,10.00,336.0,0.00,48.00,0.90,4.50,1.30
3892,11.00,2.1,,0.10,2.00,2.20,4.50
3893,11.00,3.5,1.30,0.10,2.40,0.20,2.80
3894,11.00,1.6,0.20,0.00,3.30,3.40,3.50
3895,9.00,4.2,1.00,1.10,1.00,2.00,2.50
3896,9.50,1.9,0.90,,5.70,,2.90
3897,7.10,360.0,0.00,1.00,3.50,4.50,1.00
3898,11.30,0.0,0.50,0.00,2.00,0.50,4.50
3899,8.50,,0.50,0.70,3.50,0.00,5.00
3900,9.00,90.0,42.00,,1.20,4.50,1.50
3901,9.10,2.4,0.00,1.30,,0.00,3.50
3902,10.50,0.5,1.30,0.70,1.70,1.50,
3903,11.00,90.0,54.00,6.00,1.40,1.90,3.50
3904,9.90,3.0,1.40,0.00,2.70,0.30,3.20
3905,7.50,3.9,0.10,1.10,3.30,3.00,0.60
3906,9.70,3.9,0.50,0.70,1.70,1.40,3.30
3907,8.50,4.9,0.90,2.10,3.00,2.40,0.60
3908,11.50,174.0,,,2.30,3.20,2.00
3909,,36.0,54.00,0.00,1.40,2.50,4.50
3910,11.00,,,0.30,4.00,2.00,4.10
3911,,180.0,42.00,24.00,0.50,,1.50
3912,11.10,2.0,,0.80,1.00,1.90,1.00
3913,9.30,3.6,1.30,0.30,2.10,4.40,2.50
3914,7.70,3.5,0.60,0.70,,3.50,0.50
3915,11.00,not recorded,0.40,0.20,2.30,2.00,3.00
3916,9.50,,1.40,0.00,1.50,3.10,
3917,12.00,1.4,0.30,0.70,3.50,1.40,4.50
3918,10.00,42.0,24.00,66.00,2.70,1.20,3.60
3919,11.40,1.5,1.40,0.80,1.90,2.50,2.70
3920,10.00,7.0,0.70,0.00,1.00,2.30,2.50
3921,,1.0,,0.00,5.00,1.90,3.50
3922,9.00,2.1,0.20,1.00,1.00,3.50,4.20
3923,11.00,1.5,1.30,0.80,1.50,1.90,4.50
3924,9.70,3.7,0.90,0.40,5.00,2.50,2.40
3925,9.60,4.9,0.80,2.10,0.60,3.50,1.70
3926,9.50,2.7,0.00,0.40,2.00,,0.50
3927,10.20,1.0,0.50,0.00,4.00,1.80,4.50
3928,10.50,1.5,1.50,0.50,3.00,1.00,5.50
3929,10.90,2.5,0.70,0.30,2.50,2.20,3.10
3930,8.50,6.4,0.10,1.40,1.10,3.10,2.10
3931,8.70,204.0,0.00,6.00,1.20,4.10,2.00
3932,10.50,5.5,0.50,0.60,2.40,2.50,1.50
3933,9.00,TBD,0.00,0.90,1.00,2.50,2.00
3934,10.50,,18.00,6.00,4.50,2.50,2.10
3935,9.00,4.5,0.50,0.00,1.60,,3.80
3936,7.90,7.0,0.90,1.30,1.00,3.50,0.00
3937,,3.0,0.40,1.90,1.40,3.50,0.40
3938,9.30,,0.50,0.50,1.00,1.50,2.50
3939,10.00,3.2,0.90,1.90,1.60,3.50,1.30
3940,8.50,4.8,0.40,0.20,1.00,4.00,1.50
3941,8.00,0.0,0.70,0.00,2.50,0.00,2.90
3942,10.50,3.0,,0.80,1.70,1.50,4.30
3943,8.00,4.5,0.10,2.00,1.40,4.10,2.20
3944,9.40,378.0,30.00,0.70,1.00,3.50,1.30
3945,8.70,4.0,1.50,0.90,2.70,2.80,0.50
3946,8.00,TBD,1.80,1.30,0.50,3.20,1.50
3947,10.00,2.1,0.20,0.50,2.50,0.30,3.00
3948,10.00,0.0,0.70,0.40,2.50,1.80,4.50
3949,10.50,TBD,0.30,0.70,2.00,1.50,3.80
3950,9.70,3.8,0.90,1.20,1.00,3.00,1.70
3951,10.60,3.5,0.70,1.20,2.50,2.60,2.50
3952,9.50,4.2,0.50,0.60,,4.00,3.90
3953,10.40,1.3,0.00,0.50,1.90,,3.70
3954,10.00,1.0,0.20,1.10,3.40,1.30,3.20
3955,9.50,3.8,0.90,0.40,1.40,4.10,2.50
3956,9.00,3.5,0.50,1.10,1.40,3.70,1.50
3957,9.60,2.2,1.30,0.00,3.00,1.60,2.50
3958,8.50,,0.00,1.60,,4.00,4.30
3959,9.00,228.0,30.00,18.00,3.50,2.40,2.60
3960,7.50,3.0,0.90,0.70,1.50,3.40,2.80
3961,8.00,4.3,0.00,0.70,2.60,2.00,
3962,12.00,,1.10,0.20,,1.50,3.00
3963,10.00,5.0,0.40,0.60,1.00,4.70,0.00
3964,8.00,300.0,,72.00,1.70,2.70,1.00
3965,11.00,1.1,0.50,0.00,3.50,3.50,0.90
3966,10.00,5.3,,0.70,1.70,4.00,1.30
3967,9.60,7.0,0.40,1.00,0.00,3.10,1.40
3968,11.20,3.2,1.20,0.00,1.30,1.50,4.30
3969,8.50,3.8,1.00,0.00,1.50,3.00,1.40
3970,10.00,1.5,0.80,0.30,2.70,2.50,3.50
3971,9.00,<1,0.90,0.40,1.50,2.70,3.50
3972,9.50,108.0,18.00,0.00,4.00,2.50,3.00
3973,10.00,1.7,0.00,0.20,6.00,0.60,5.30
3974,9.00,2.3,0.70,0.80,,1.00,
3975,8.00,2.9,0.00,0.80,2.00,2.30,2.50
3976,10.90,1.7,0.00,0.30,4.90,2.00,0.50
3977,,4.3,1.00,0.00,0.80,3.00,4.00
3978,,2.0,0.30,0.50,2.50,2.70,2.10
3979,9.80,2.5,1.40,1.20,3.40,3.00,
3980,8.00,2.9,0.80,1.00,2.90,3.00,1.50
3981,11.50,,6.00,6.00,2.50,0.50,4.70
3982,,not recorded,30.00,0.70,4.40,3.70,1.20
3983,9.30,5.0,0.30,0.90,1.00,,1.30
3984,10.00,,0.70,1.00,2.50,,1.50
3985,9.50,5.0,0.90,0.50,2.50,1.30,2.70
3986,10.90,0.6,1.50,0.00,3.80,,3.70
3987,,198.0,24.00,0.00,2.00,1.70,3.00
3988,10.00,90.0,36.00,54.00,2.50,1.50,2.40
3989,10.30,4.4,2.30,0.00,1.40,2.40,2.50
3990,10.10,360.0,,0.70,0.90,3.00,1.00
3991,9.90,270.0,72.00,,1.40,1.80,3.40
3992,11.50,,1.30,0.40,1.10,2.50,2.00
3993,9.20,3.0,0.30,0.20,2.50,3.00,3.40
3994,10.40,3.6,0.90,0.60,2.00,1.50,4.00
3995,8.80,4.5,,1.30,,3.60,1.00
3996,9.30,0.5,,0.70,1.50,2.50,4.80
3997,10.00,,1.70,0.20,2.30,0.90,4.90
3998,11.40,,0.90,1.30,2.60,2.50,2.20
3999,10.70,222.0,78.00,36.00,1.30,2.50,2.50
4000,8.00,4.8,0.40,0.00,2.30,3.50,4.30
4001,9.10,>60,0.20,0.20,4.20,2.00,3.00
4002,10.00,,0.00,0.20,2.00,,2.70
4003,10.50,2.3,1.20,0.30,1.00,1.80,3.00
4004,8.50,114.0,42.00,0.00,1.50,3.50,2.10
4005,10.10,,0.50,1.00,1.00,3.10,2.00
4006,7.40,3.6,,0.30,3.20,2.70,1.50
4007,11.00,3.2,0.40,0.10,,2.00,3.00
4008,8.50,3.5,1.00,0.70,2.60,4.00,0.00
4009,9.10,2.6,0.00,0.40,,2.50,3.00
4010,9.40,3.8,0.60,0.80,1.00,2.50,2.00
4011,10.00,258.0,72.00,1.40,2.00,2.50,1.90
4012,9.30,210.0,,72.00,0.70,3.50,0.00
4013,8.50,2.6,1.80,1.20,2.00,2.60,2.70
4014,8.70,0.6,0.00,0.00,3.50,,4.40
4015,9.30,2.4,0.80,1.00,1.50,3.30,2.50
4016,7.00,3.0,,1.40,3.10,2.00,4.50
4017,12.10,3.0,0.90,0.00,4.10,0.00,4.10
4018,10.20,330.0,36.00,78.00,1.00,1.60,2.20
4019,9.60,1.0,0.40,1.00,1.00,2.70,3.80
4020,9.00,378.0,96.00,1.80,0.20,3.00,1.50
4021,9.50,2.6,,0.00,1.60,1.00,3.00
4022,10.30,114.0,0.00,36.00,3.50,4.30,2.60
4023,9.00,3.2,0.70,0.40,1.20,3.50,5.00
4024,10.00,84.0,54.00,1.00,1.90,2.10,4.00
4025,11.50,0.0,54.00,0.20,2.70,0.80,4.50
4026,8.80,4.0,,1.20,2.90,2.80,2.70
4027,10.00,0.0,0.30,,1.50,0.10,
4028,9.40,2.2,1.20,1.10,1.00,0.80,4.50
4029,10.00,3.0,0.20,0.30,3.40,4.20,1.00
4030,9.50,2.1,0.80,0.00,2.10,2.00,3.50
4031,10.90,5.0,1.30,0.00,0.50,1.50,3.50
4032,8.60,270.0,18.00,54.00,1.20,1.40,0.10
4033,10.00,1.8,0.50,0.00,2.00,3.00,3.00
4034,,--,0.40,0.00,1.30,3.30,2.00
4035,10.60,1.3,1.00,0.30,1.50,2.40,5.00
4036,10.00,3.5,1.80,0.70,1.20,2.50,2.20
4037,9.00,60.0,0.00,0.00,2.50,1.60,
4038,10.20,3.4,0.30,1.00,2.00,4.50,1.00
4039,9.50,180.0,6.00,0.00,7.00,3.50,2.50
4040,,4.5,0.20,1.40,1.20,4.50,1.50
4041,9.50,5.1,1.30,0.50,2.50,1.50,3.50
4042,9.60,4.5,0.90,0.00,2.30,,2.30
4043,7.50,5.5,0.40,0.80,2.00,2.30,2.30
4044,7.40,3.3,0.50,0.90,2.50,5.00,2.50
4045,8.90,6.2,0.90,0.30,1.10,3.50,2.00
4046,11.40,150.0,66.00,6.00,3.00,2.40,2.10
4047,10.00,90.0,84.00,0.00,3.80,1.80,2.00
4048,11.50,1.0,0.50,0.00,2.60,0.00,4.20
4049,9.00,0.0,72.00,48.00,4.00,,3.00
4050,9.50,4.0,,0.20,0.80,4.80,3.00
4051,9.60,5.5,0.50,0.90,0.60,1.50,2.50
4052,10.10,3.2,0.70,0.70,2.40,3.60,2.90
4053,,,0.60,1.30,3.00,3.00,0.80
4054,10.20,150.0,54.00,12.00,3.00,1.40,3.10
4055,9.80,0.0,0.50,0.20,8.00,0.50,3.50
4056,10.80,2.2,0.80,0.00,1.90,,3.00
4057,11.50,2.3,0.80,0.00,3.30,1.80,3.50
4058,9.00,4.0,0.00,1.40,1.20,1.90,1.20
4059,9.00,450.0,,0.00,,3.10,2.00
4060,9.30,3.9,0.70,1.10,1.40,2.00,1.90
4061,10.50,5.2,0.20,0.00,0.90,3.50,
4062,10.90,3.0,0.80,0.30,1.60,3.00,2.50
4063,12.00,,0.00,0.20,2.00,0.00,
4064,9.00,300.0,36.00,0.80,2.10,3.30,2.50
4065,8.00,180.0,6.00,30.00,0.80,3.00,2.00
4066,10.40,not recorded,0.80,0.80,,4.00,3.50
4067,9.50,0.0,0.00,0.70,2.80,2.00,2.80
4068,10.70,,0.80,0.80,2.00,1.00,3.50
4069,8.70,180.0,30.00,48.00,3.00,2.60,1.70
4070,10.00,--,0.00,0.30,1.90,1.20,3.00
4071,9.00,2.5,0.70,0.60,3.50,4.60,
4072,11.50,1.6,0.40,0.40,1.50,0.40,4.10
4073,10.50,3.3,0.30,0.30,1.00,3.00,3.20
4074,,3.0,0.40,0.00,2.80,1.50,3.70
4075,9.00,5.0,0.60,0.30,1.60,1.50,4.00
4076,7.50,270.0,78.00,0.00,1.10,4.00,1.70
4077,10.40,3.9,1.00,0.20,1.50,3.50,2.00
4078,8.50,1.1,0.60,0.00,1.80,2.50,3.50
4079,9.40,4.7,0.80,,2.50,2.50,
4080,9.50,1.6,0.20,0.50,,0.50,4.50
4081,9.40,5.9,1.20,,0.50,2.60,3.00
4082,8.50,3.0,2.00,1.10,0.50,3.50,2.50
4083,9.00,222.0,6.00,48.00,,3.00,2.00
4084,9.90,2.5,0.80,0.90,3.30,2.00,1.50
4085,9.50,,0.00,,3.50,3.50,
4086,10.30,not recorded,0.10,0.10,2.50,2.10,2.00
4087,10.50,2.5,0.50,0.70,1.10,1.20,1.50
4088,11.50,2.7,1.00,0.00,2.20,1.80,2.90
4089,11.90,96.0,6.00,30.00,0.50,,4.00
4090,11.90,2.0,0.80,0.80,2.50,0.50,4.00
4091,9.00,6.0,0.30,0.70,0.50,4.00,2.50
4092,12.00,0.5,1.40,0.00,2.80,1.10,4.50
4093,8.00,3.0,1.20,1.40,2.00,4.00,1.50
4094,10.00,1.5,0.10,0.90,1.10,3.00,2.80
4095,8.50,3.2,1.10,1.10,5.50,,2.00
4096,10.20,0.5,1.30,0.00,6.00,0.80,5.00
4097,9.50,240.0,12.00,0.20,2.90,2.20,2.50
4098,8.40,,54.00,42.00,1.40,3.00,2.60
4099,9.40,4.8,,1.50,1.00,,1.50
4100,9.40,3.4,0.00,0.00,1.90,3.00,4.00
4101,10.50,2.5,0.90,0.00,1.00,0.00,5.50
4102,10.80,120.0,0.00,0.10,1.90,1.80,4.70
4103,8.80,3.5,1.20,0.80,3.10,4.50,1.20
4104,9.50,2.6,0.60,0.70,3.00,2.10,4.40
4105,9.00,2.1,0.00,0.40,1.40,1.30,4.00
4106,9.20,54.0,0.00,42.00,6.00,3.80,4.50
4107,,1.5,1.50,0.00,2.00,0.00,4.10
4108,9.50,240.0,6.00,1.40,2.50,1.20,1.00
4109,9.00,,1.60,0.90,1.50,2.50,3.00
4110,10.00,4.1,0.40,0.50,2.00,3.00,2.10
4111,10.10,3.5,0.30,0.70,0.50,2.00,3.50
4112,10.90,240.0,78.00,24.00,0.50,1.50,3.50
4113,10.50,2.9,0.20,0.50,4.10,3.00,3.20
4114,9.30,126.0,48.00,0.60,3.10,3.20,3.60
4115,9.90,2.2,0.40,0.60,,2.60,3.30
4116,10.60,4.0,1.30,0.40,0.50,4.00,2.50
4117,7.30,1.0,0.40,1.90,2.50,3.70,2.00
4118,9.20,180.0,30.00,0.00,1.40,3.50,2.00
4119,,84.0,42.00,48.00,2.00,2.60,2.70
4120,9.60,2.5,0.40,0.80,2.00,3.00,3.00
4121,10.00,4.5,0.00,1.20,,4.70,1.30
4122,10.50,1.7,1.40,0.10,2.00,2.50,2.50
4123,11.50,90.0,,0.10,2.90,0.50,3.70
4124,11.00,1.1,0.80,0.20,3.00,2.50,4.50
4125,9.00,4.5,1.50,0.70,2.50,3.00,2.50
4126,11.00,54.0,30.00,54.00,3.30,0.00,4.70
4127,9.50,144.0,36.00,0.00,,2.00,4.50
4128,9.00,4.0,0.00,1.20,2.50,4.30,1.60
4129,10.00,2.4,0.60,0.90,2.30,2.00,2.90
4130,8.50,7.0,0.80,1.30,0.00,,0.80
4131,9.80,0.5,0.70,0.40,,2.80,2.20
4132,8.50,4.3,0.30,0.40,3.50,4.00,1.10
4133,9.00,228.0,18.00,0.00,1.50,2.50,3.00
4134,9.90,5.0,1.00,1.00,0.70,3.00,2.00
4135,8.00,6.0,1.30,1.60,0.90,4.10,1.40
4136,11.00,210.0,60.00,48.00,1.00,2.50,2.50
4137,8.70,2.5,0.30,0.00,3.00,2.70,1.90
4138,11.00,120.0,0.00,36.00,5.50,1.90,4.50
4139,9.60,90.0,24.00,36.00,4.50,3.50,2.00
4140,11.80,3.7,1.00,1.00,2.00,0.00,3.80
4141,7.40,450.0,0.00,0.70,1.90,4.10,1.50
4142,9.50,90.0,0.00,6.00,1.60,2.10,3.30
4143,10.00,360.0,42.00,78.00,0.50,2.40,2.50
4144,9.90,150.0,96.00,0.00,2.00,2.50,2.50
4145,9.50,2.5,1.00,0.50,2.00,3.40,2.30
4146,10.30,3.3,,0.20,2.50,2.50,3.50
4147,11.80,120.0,36.00,0.00,1.00,2.00,3.00
4148,10.00,5.0,0.90,0.40,0.30,3.50,2.80
4149,8.80,1.0,,0.90,3.50,1.50,4.50
4150,9.60,192.0,18.00,30.00,2.90,3.50,2.00
4151,10.50,1.5,0.60,0.50,5.50,1.50,4.20
4152,9.60,84.0,,0.00,5.90,2.20,3.50
4153,8.50,<1,1.20,0.70,,3.50,1.90
4154,9.00,480.0,42.00,90.00,0.00,3.00,1.40
4155,10.10,2.6,0.00,0.30,3.50,3.10,1.40
4156,9.60,5.5,1.50,0.40,3.20,2.00,2.00
4157,10.10,60.0,66.00,1.10,4.50,2.80,2.40
4158,13.00,2.0,0.70,0.10,2.00,1.50,4.40
4159,9.50,0.5,0.40,0.50,2.70,0.70,4.60
4160,10.00,2.0,0.00,1.10,2.00,2.80,2.10
4161,10.50,1.5,1.60,0.00,,,3.20
4162,9.60,3.5,,0.00,5.50,4.30,1.80
4163,9.00,,84.00,36.00,3.50,2.60,2.00
4164,,0.0,54.00,0.10,5.40,1.50,2.20
4165,8.20,,0.40,0.10,1.50,3.00,
4166,10.00,3.0,0.80,0.30,2.50,1.60,5.50
4167,8.50,4.5,0.30,0.80,0.00,4.20,3.50
4168,9.00,2.0,0.60,1.40,3.00,1.00,
4169,10.00,0.0,0.50,0.00,2.30,1.80,4.00
4170,9.80,2.0,0.00,0.00,3.80,1.90,
4171,12.40,1.5,0.00,1.00,2.40,1.00,2.60
4172,8.50,1.7,,0.00,3.00,2.50,4.50
4173,7.00,,0.30,2.10,8.00,3.80,1.50
4174,8.40,102.0,18.00,2.00,,3.50,1.70
4175,8.30,6.4,0.00,1.30,3.00,3.50,2.00
4176,,150.0,0.00,54.00,1.50,4.50,3.90
4177,10.00,1.9,0.30,0.90,0.70,3.00,2.50
4178,10.40,,0.80,0.30,1.00,2.00,2.30
4179,10.00,1.0,1.20,,2.50,0.50,4.00
4180,11.30,0.0,18.00,0.00,,2.00,3.90
4181,10.00,4.7,0.70,0.90,1.20,2.30,1.50
4182,10.00,6.9,0.00,0.00,0.60,3.00,2.40
4183,8.50,3.9,1.20,2.00,2.00,3.60,1.80
4184,8.50,4.2,0.80,1.00,3.00,5.00,2.00
4185,9.50,1.0,1.40,0.70,,3.00,
4186,11.00,1.6,0.60,0.90,1.20,0.70,1.50
4187,10.80,0.5,0.90,0.70,6.20,0.00,4.40
4188,10.30,2.5,0.70,0.60,2.00,2.50,3.50
4189,7.70,4.0,0.50,1.20,3.00,3.80,1.50
4190,8.00,6.0,,1.30,1.90,,2.00
4191,8.40,1.5,1.20,0.00,2.50,1.40,3.30
4192,7.50,294.0,18.00,1.30,4.00,2.00,2.50
4193,12.00,2.7,0.30,0.00,2.80,1.50,4.50
4194,8.80,186.0,78.00,66.00,2.00,3.70,1.30
4195,8.80,96.0,24.00,72.00,1.60,1.10,2.50
4196,11.00,138.0,24.00,0.30,1.50,2.70,
4197,9.30,0.0,1.40,0.70,5.50,0.00,4.50
4198,8.50,216.0,36.00,0.00,4.40,3.00,3.20
4199,,3.1,0.70,0.90,2.00,3.70,2.20
4200,9.20,150.0,30.00,0.00,5.00,3.00,3.20
4201,8.50,7.1,0.00,1.00,1.00,3.80,2.00
4202,10.50,,36.00,0.40,2.40,1.60,1.00
4203,8.50,4.4,1.30,1.60,3.00,3.30,1.20
4204,7.70,1.2,0.00,0.60,5.20,3.00,3.70
4205,9.90,1.8,0.90,0.10,1.70,,3.90
4206,9.40,3.0,0.10,1.00,1.50,3.30,4.80
4207,9.00,120.0,30.00,1.80,1.60,3.30,1.00
4208,9.50,210.0,24.00,24.00,5.50,2.50,2.50
4209,10.50,2.2,0.20,,2.00,0.00,3.50
4210,9.20,4.7,0.30,1.50,2.00,2.50,
4211,10.00,300.0,54.00,0.40,0.70,3.00,2.50
4212,9.10,300.0,42.00,1.30,3.50,2.60,1.50
4213,8.50,2.5,1.10,0.20,,3.00,3.30
4214,8.00,3.0,0.60,1.30,2.10,2.00,2.80
4215,8.50,,48.00,66.00,2.00,3.30,2.00
4216,10.50,1.0,,0.20,3.00,0.00,4.60
4217,7.90,2.5,0.30,0.00,3.50,1.50,4.00
4218,11.00,204.0,60.00,0.00,2.40,2.50,3.30
4219,9.30,3.0,1.40,,1.00,,2.50
4220,10.00,2.5,0.60,0.50,2.70,1.80,4.10
4221,11.00,1.5,0.00,1.00,2.00,1.00,3.00
4222,10.50,1.0,,,4.00,0.90,3.90
4223,7.50,4.6,0.80,1.50,1.20,4.90,0.00
4224,8.90,3.2,0.60,0.40,2.50,2.50,2.00
4225,10.50,1.6,0.00,0.20,0.60,3.50,4.20
4226,11.10,3.0,,0.50,3.10,1.50,4.10
4227,8.00,4.9,1.50,1.40,1.00,3.00,1.20
4228,10.60,3.5,1.10,0.30,3.50,2.10,1.50
4229,9.00,2.6,0.20,1.00,3.00,3.00,2.00
4230,11.00,,,0.80,1.50,3.00,0.50
4231,10.40,3.5,0.40,0.00,,0.30,6.00
4232,8.70,5.4,0.50,0.30,1.80,3.50,3.20
4233,10.30,4.0,1.30,0.90,1.00,0.70,1.50
4234,9.00,0.0,12.00,0.00,7.10,1.80,4.50
4235,10.50,0.2,0.20,0.00,1.40,0.00,3.00
4236,,2.5,0.00,0.50,1.60,0.50,1.80
4237,10.50,1.5,0.00,0.10,3.00,1.70,4.20
4238,,6.3,0.60,0.40,2.00,1.50,2.70
4239,7.90,5.0,2.40,1.30,2.80,3.90,1.20
4240,9.50,3.0,0.90,0.50,3.40,3.50,2.80
4241,9.10,384.0,60.00,,0.00,2.50,2.00
4242,8.70,3.3,1.00,1.10,2.30,2.00,
4243,8.90,3.5,0.80,,1.00,3.90,3.60
4244,10.00,3.6,1.80,0.00,2.50,1.00,2.60
4245,10.50,60.0,54.00,0.00,4.50,4.50,3.00
4246,7.60,72.0,60.00,78.00,1.10,4.00,
4247,11.30,2.0,0.90,0.20,2.20,0.50,4.00
4248,11.70,2.2,0.30,1.00,2.50,1.00,4.50
4249,9.50,180.0,48.00,36.00,2.70,2.50,3.00
4250,9.90,3.5,0.60,0.20,3.00,2.90,4.50
4251,12.60,0.5,0.80,0.30,2.50,1.50,5.00
4252,9.00,3.5,0.30,0.60,1.40,2.00,5.50
4253,9.40,0.7,0.60,1.10,0.50,1.00,4.10
4254,8.70,450.0,0.00,18.00,1.50,3.90,1.50
4255,9.00,4.0,0.00,1.20,,2.40,1.60
4256,8.80,5.5,0.90,2.00,1.30,4.20,
4257,10.50,2.3,0.30,0.00,2.00,3.30,3.00
4258,12.50,1.0,0.90,0.10,4.50,0.50,4.70
4259,12.00,30.0,,0.40,2.90,0.60,3.50
4260,9.50,2.0,0.50,1.70,4.20,3.50,1.40
4261,9.50,186.0,0.00,0.00,2.50,3.50,2.60
4262,9.90,2.3,0.70,0.40,2.00,2.90,4.00
4263,9.00,252.0,66.00,0.00,1.70,2.70,2.50
4264,11.50,180.0,12.00,,0.70,2.10,4.10
4265,10.00,3.5,0.60,,3.80,1.00,
4266,10.00,3.1,0.50,0.40,,3.00,3.00
4267,8.80,2.5,2.00,0.20,3.00,4.00,2.00
4268,10.50,0.4,0.40,1.00,2.50,0.00,5.50
4269,9.80,5.5,1.00,1.40,1.50,2.00,2.50
4270,9.50,1.8,0.70,0.30,4.00,3.00,5.20
4271,8.90,3.3,0.50,0.40,2.70,2.30,3.20
4272,9.50,2.5,0.60,0.60,2.50,2.00,3.90
4273,8.50,<1,0.00,0.80,1.50,3.60,2.00
4274,8.00,102.0,78.00,0.00,1.40,1.70,3.70
4275,9.20,1.8,1.50,0.80,4.00,0.20,3.60
4276,9.60,4.0,0.60,0.60,0.50,,2.00
4277,10.50,180.0,24.00,0.10,1.80,3.20,0.50
4278,9.00,0.0,0.00,0.70,1.40,3.50,2.50
4279,10.20,4.9,0.20,0.80,1.00,2.20,2.90
4280,10.00,1.8,1.10,0.40,2.50,1.30,3.20
4281,9.00,--,60.00,78.00,2.40,1.10,3.50
4282,9.00,0.5,1.00,0.00,3.00,,3.50
4283,8.90,4.0,1.40,0.00,4.00,1.60,2.60
4284,10.50,1.0,0.70,0.60,1.80,2.00,1.60
4285,8.50,3.0,0.40,1.80,1.90,4.10,2.80
4286,9.50,3.0,,,2.00,3.50,2.90
4287,10.50,4.4,1.20,0.90,1.00,3.60,1.70
4288,10.40,,0.50,0.60,4.30,1.00,4.90
4289,9.50,3.5,0.80,0.00,1.60,,3.00
4290,9.30,4.5,0.40,0.10,1.10,0.40,3.00
4291,8.50,66.0,60.00,1.50,1.20,3.50,1.50
4292,9.50,,,0.30,3.00,2.00,3.00
4293,10.40,270.0,30.00,0.00,4.50,2.50,1.70
4294,10.50,2.0,0.20,,4.00,3.20,3.60
4295,10.40,180.0,18.00,12.00,3.00,1.40,4.00
4296,8.50,306.0,54.00,0.40,0.90,3.50,3.00
4297,9.00,2.4,0.00,1.00,1.00,2.50,2.60
4298,9.50,1.0,0.60,0.10,2.50,4.00,2.50
4299,10.00,0.5,,0.60,3.20,1.50,4.50
4300,,60.0,42.00,0.10,2.00,1.50,2.50
4301,8.40,3.8,,0.80,1.40,4.00,3.50
4302,,3.9,0.90,1.80,2.20,3.00,1.50
4303,9.00,180.0,18.00,78.00,2.00,2.70,0.90
4304,11.00,3.9,0.30,0.90,2.00,2.50,2.00
4305,8.60,6.0,1.20,1.00,1.00,,0.70
4306,10.70,2.7,1.30,0.00,1.00,3.70,3.20
4307,10.20,4.1,0.90,0.80,1.80,3.00,1.90
4308,9.20,2.8,0.60,0.20,2.50,3.30,3.20
4309,11.50,0.0,1.30,0.00,3.00,0.00,5.50
4310,8.50,,0.20,1.10,3.00,4.20,2.00
4311,11.10,0.5,0.70,0.00,2.50,0.00,4.20
4312,10.90,1.5,,0.90,3.10,3.40,0.80
4313,10.00,3.5,0.50,0.00,2.00,0.60,3.50
4314,9.00,300.0,42.00,54.00,2.00,4.50,0.70
4315,9.30,3.5,0.50,0.50,3.60,3.50,3.00
4316,8.10,2.3,0.40,1.00,1.20,4.50,4.00
4317,11.90,210.0,36.00,0.00,2.00,0.90,3.00
4318,10.80,0.4,0.50,0.00,1.30,0.70,3.80
4319,10.00,5.5,0.50,1.40,0.40,3.40,1.50
4320,10.70,1.5,0.70,0.10,3.50,2.90,3.30
4321,11.20,6.0,0.30,0.00,0.70,1.60,2.10
4322,11.00,4.5,0.20,,3.00,1.00,4.50
4323,10.50,3.5,0.50,1.00,3.20,3.70,2.50
4324,,144.0,12.00,12.00,4.00,2.00,1.10
4325,9.20,180.0,72.00,0.00,3.60,0.60,3.50
4326,9.50,126.0,42.00,6.00,3.50,1.50,2.60
4327,8.90,3.3,1.20,0.40,2.50,1.50,1.70
4328,9.80,2.9,0.70,0.20,3.00,2.00,3.50
4329,6.00,270.0,60.00,66.00,2.00,3.80,1.70
4330,10.70,156.0,0.00,0.00,,3.00,3.50
4331,10.00,3.1,0.10,1.50,2.00,1.60,4.00
4332,8.00,270.0,72.00,0.50,1.60,4.00,3.00
4333,9.40,2.0,1.30,0.60,3.60,0.60,2.50
4334,9.00,30.0,36.00,42.00,4.40,3.60,1.10
4335,9.80,2.5,0.00,0.90,1.70,2.70,3.00
4336,10.40,210.0,54.00,0.30,2.60,3.20,
4337,8.00,,0.90,0.40,,3.60,2.50
4338,9.00,2.5,1.50,1.10,5.50,2.10,2.00
4339,10.00,4.0,1.00,0.50,1.00,4.00,2.20
4340,8.70,2.5,1.00,0.70,1.90,3.20,4.10
4341,8.50,2.0,2.20,2.10,1.00,2.00,3.20
4342,9.50,4.4,0.80,0.30,1.60,2.50,1.60
4343,9.00,2.2,0.40,0.50,1.90,0.50,3.00
4344,10.50,,1.90,1.60,1.00,2.50,1.50
4345,10.30,,42.00,48.00,3.00,2.70,2.50
4346,9.40,4.5,0.80,1.80,2.00,4.40,0.80
4347,8.00,2.0,0.30,1.00,1.20,2.10,3.10
4348,9.50,0.7,0.90,1.10,2.00,1.90,1.50
4349,9.90,1.3,0.10,0.00,,0.50,4.10
4350,9.80,120.0,54.00,24.00,2.00,2.50,3.50
4351,8.70,,1.00,1.20,4.30,2.30,2.80
4352,7.80,6.1,0.40,0.70,2.00,3.00,2.80
4353,9.40,2.5,0.80,0.40,2.40,1.50,5.40
4354,9.50,,1.00,0.90,1.00,3.50,3.00
4355,9.50,3.6,0.80,0.40,5.10,1.40,3.30
4356,9.10,2.1,0.10,0.80,5.70,4.20,1.70
4357,9.50,6.3,,0.50,0.50,4.30,2.00
4358,9.00,1.3,1.50,1.20,3.00,3.30,2.30
4359,9.70,0.0,0.00,0.00,5.50,3.50,4.00
4360,8.60,4.8,0.00,,4.50,3.50,2.00
4361,9.10,3.5,0.10,0.90,3.70,1.80,1.50
4362,10.50,2.0,,,3.50,2.80,4.60
4363,10.00,2.9,0.20,0.40,2.10,0.90,1.20
4364,10.00,138.0,48.00,0.00,2.00,3.30,4.00
4365,9.00,210.0,24.00,1.40,2.00,4.10,3.10
4366,8.10,4.5,0.70,0.70,2.00,3.50,4.00
4367,9.50,3.0,0.80,0.00,6.00,2.50,3.30
4368,10.80,0.0,0.90,0.00,,3.30,5.10
4369,7.70,2.9,1.70,1.80,2.90,5.70,1.20
4370,11.70,2.0,0.60,0.50,1.60,,4.50
4371,9.50,2.5,0.20,0.10,2.50,3.50,3.00
4372,6.50,2.5,0.00,1.50,1.50,4.50,1.80
4373,10.50,312.0,30.00,60.00,1.50,3.50,1.10
4374,11.60,2.0,0.00,0.70,3.50,0.00,4.50
4375,7.30,30.0,54.00,0.00,2.90,3.10,3.00
4376,10.00,3.0,1.20,0.40,4.20,2.10,2.00
4377,11.30,2.5,0.70,0.20,3.50,1.00,4.70
4378,10.00,150.0,48.00,72.00,1.90,,3.00
4379,8.50,4.0,0.40,0.70,3.50,2.30,3.90
4380,12.40,120.0,36.00,54.00,1.00,0.70,4.00
4381,9.30,252.0,30.00,6.00,1.50,3.00,3.50
4382,9.00,0.0,0.10,0.60,3.10,3.00,4.40
4383,8.00,0.7,0.40,0.00,3.50,3.00,4.90
4384,9.50,2.8,0.70,0.20,3.10,2.50,3.10
4385,10.60,5.0,0.60,0.60,3.50,2.20,2.00
4386,11.90,,0.70,0.50,2.50,1.20,4.50
4387,,162.0,,0.60,0.00,1.70,2.40
4388,7.40,4.5,0.50,1.00,1.60,,2.10
4389,10.00,0.0,18.00,0.00,3.50,3.00,4.00
4390,,5.3,0.70,0.00,1.80,3.00,2.60
4391,10.80,60.0,18.00,0.60,5.00,1.50,3.30
4392,8.10,4.5,0.00,0.00,5.40,3.50,3.50
4393,9.00,3.2,1.00,0.80,,3.00,2.70
4394,10.00,TBD,0.40,0.80,1.90,3.00,3.80
4395,9.50,0.5,0.70,0.00,1.60,2.00,4.60
4396,11.50,1.5,0.00,0.40,4.10,2.00,5.20
4397,10.80,60.0,24.00,0.00,3.70,4.70,2.50
4398,8.50,5.0,0.40,0.00,5.40,2.00,3.40
4399,11.50,4.8,0.80,0.00,1.60,1.80,2.00
4400,10.40,2.5,1.10,0.50,3.90,2.10,3.50
4401,10.00,,0.90,0.90,4.40,,2.50
4402,9.00,3.0,0.50,0.10,2.00,3.00,1.50
4403,9.00,210.0,48.00,36.00,1.90,3.60,
4404,10.20,312.0,12.00,30.00,3.00,1.40,3.90
4405,10.00,4.5,0.30,0.80,1.50,3.50,2.00
4406,10.90,1.0,0.70,1.20,1.00,1.00,4.10
4407,9.50,2.5,1.60,0.60,2.30,1.60,2.50
4408,11.00,162.0,42.00,18.00,1.10,2.00,4.10
4409,7.50,1.0,0.50,1.20,,3.00,1.30
4410,10.00,2.3,0.40,0.00,1.00,3.50,2.90
4411,8.60,150.0,42.00,48.00,5.20,2.60,2.70
4412,10.50,2.1,1.00,0.00,1.20,1.00,4.50
4413,10.00,1.5,0.00,0.00,2.00,2.00,1.90
4414,10.50,4.8,0.80,,0.50,1.50,4.00
4415,7.90,4.0,0.00,0.60,1.50,4.50,3.00
4416,,4.2,1.40,1.00,1.50,4.00,1.80
4417,9.10,6.4,0.50,0.40,2.00,3.70,1.50
4418,10.00,2.2,,0.60,1.10,,2.30
4419,9.00,1.5,0.00,0.00,0.50,,2.00
4420,10.10,2.5,1.00,0.00,5.70,2.50,2.50
4421,9.50,1.4,0.70,2.00,3.90,6.00,
4422,8.50,3.7,0.30,2.10,1.20,4.20,0.00
4423,10.10,1.5,0.00,0.50,2.50,3.50,4.00
4424,8.00,2.1,0.70,0.50,3.60,,4.10
4425,9.10,300.0,0.00,0.00,1.40,5.10,1.00
4426,,5.5,0.60,0.20,2.30,3.00,3.00
4427,8.50,<1,1.30,0.00,0.00,1.50,2.90
4428,,2.5,0.60,,3.50,2.60,3.00
4429,9.00,6.0,0.70,1.60,1.30,2.70,1.50
4430,10.50,18.0,60.00,0.50,2.50,2.50,1.90
4431,9.70,5.5,0.30,1.80,1.00,3.30,1.40
4432,8.00,5.0,1.20,1.20,2.00,2.40,0.00
4433,10.00,,0.40,0.60,,3.20,3.30
4434,,150.0,66.00,0.90,2.30,3.30,1.30
4435,7.00,,0.40,0.10,1.00,4.00,2.10
4436,10.00,not recorded,0.40,0.40,4.00,1.40,2.30
4437,10.00,4.0,0.80,0.30,4.50,1.60,3.50
4438,9.50,4.0,0.50,0.00,2.50,2.60,3.50
4439,9.20,180.0,,0.80,1.50,3.70,1.00
4440,,2.5,,1.20,2.50,2.00,1.50
4441,9.90,4.1,0.50,0.00,0.70,1.80,3.10
4442,7.50,168.0,18.00,150.00,2.30,2.60,2.50
4443,10.30,2.0,0.50,0.60,1.90,0.20,3.00
4444,9.50,3.3,,0.50,3.80,2.20,4.20
4445,9.10,4.0,0.50,0.70,2.00,4.00,2.50
4446,12.00,138.0,6.00,30.00,3.30,2.00,3.60
4447,11.00,1.6,0.50,0.10,,1.50,3.50
4448,11.00,3.0,1.60,,3.50,0.40,3.00
4449,9.50,2.6,1.40,,2.80,3.50,2.00
4450,10.00,0.0,0.90,0.30,1.90,2.50,2.40
4451,9.70,1.5,1.10,,1.60,3.90,2.50
4452,10.50,0.5,1.20,0.60,1.80,3.00,3.20
4453,9.00,1.4,0.60,0.30,4.00,2.60,2.30
4454,8.50,6.0,0.10,0.80,1.20,4.50,0.60
4455,10.50,3.0,0.30,1.50,4.90,0.50,4.20
4456,9.50,not recorded,0.80,0.30,1.00,2.00,2.50
4457,9.50,2.9,0.30,1.00,3.10,1.50,2.50
4458,10.10,1.3,1.00,0.00,1.20,3.40,2.90
4459,11.50,3.1,1.00,0.00,2.10,1.60,2.00
4460,8.30,300.0,12.00,90.00,2.40,3.50,1.30
4461,10.50,330.0,24.00,24.00,0.90,1.50,3.00
4462,9.00,300.0,,12.00,0.80,2.20,5.00
4463,8.00,240.0,48.00,42.00,2.60,3.40,2.00
4464,10.40,150.0,54.00,90.00,1.00,2.20,3.50
4465,11.80,2.3,1.00,0.00,0.50,2.00,4.00
4466,8.30,n/a,0.00,30.00,4.50,5.10,1.50
4467,9.50,2.0,0.00,0.80,1.30,2.40,2.00
4468,8.80,3.5,0.70,0.30,1.50,3.60,2.50
4469,9.30,0.9,0.40,0.00,1.50,2.50,4.00
4470,9.50,3.6,0.50,0.20,2.60,4.10,1.80
4471,8.80,4.0,0.60,1.20,3.50,2.50,2.00
4472,10.50,300.0,72.00,0.00,3.20,0.50,3.90
4473,9.00,2.5,0.30,0.70,3.30,4.00,2.50
4474,,3.9,1.20,0.50,1.80,2.50,2.50
4475,9.70,,0.80,2.00,0.70,3.00,0.70
4476,8.50,2.5,0.00,0.50,4.30,,3.50
4477,10.00,150.0,60.00,24.00,1.50,2.00,2.40
4478,10.70,5.2,1.30,1.70,0.90,2.00,1.10
4479,10.00,1.5,0.50,0.40,4.00,3.10,2.50
4480,11.80,0.0,0.00,0.40,1.50,4.30,4.00
4481,10.50,252.0,36.00,1.00,2.60,2.30,2.00
4482,9.00,6.6,0.30,1.80,0.00,3.90,1.50
4483,10.50,4.0,0.40,0.30,2.00,2.00,4.00
4484,10.10,3.5,,0.50,1.60,,4.00
4485,9.50,30.0,84.00,0.00,4.60,2.00,2.70
4486,10.00,1.6,1.50,0.80,1.20,3.20,2.50
4487,9.50,2.5,0.00,0.00,1.90,1.80,4.00
4488,8.50,2.3,0.20,0.30,1.70,2.50,2.00
4489,8.50,2.1,0.70,0.50,0.10,2.00,1.50
4490,12.40,3.0,0.60,0.00,1.90,2.00,3.80
4491,8.50,414.0,42.00,0.00,0.00,2.50,1.90
4492,10.00,1.6,1.10,1.20,1.50,3.00,2.80
4493,8.70,1.7,,1.50,7.00,2.10,2.00
4494,,3.0,0.40,0.80,1.60,3.10,1.80
4495,9.50,5.0,0.40,0.50,2.40,2.00,3.50
4496,11.30,,0.20,1.10,2.00,3.20,2.40
4497,12.50,1.9,,0.30,2.50,1.20,4.50
4498,7.20,5.7,0.90,1.00,2.00,3.30,2.00
4499,8.50,270.0,60.00,0.20,1.50,2.50,1.90
4500,8.70,4.5,0.90,1.10,1.30,4.20,1.00
4501,9.30,3.5,1.40,0.60,1.00,2.50,4.50
4502,9.70,0.2,1.10,1.20,2.50,1.50,4.00
4503,10.50,4.3,1.20,0.30,3.00,0.70,3.50
4504,10.80,3.0,0.00,0.00,6.10,1.60,4.00
4505,7.90,2.1,1.00,0.10,2.00,3.00,1.80
4506,10.10,,1.10,1.30,2.80,3.00,2.50
4507,8.00,4.0,0.00,1.60,0.50,,2.50
4508,10.00,2.9,0.60,0.00,2.20,2.50,3.00
4509,9.50,30.0,12.00,36.00,0.70,3.90,
4510,,3.5,1.50,0.00,0.90,1.20,4.30
4511,8.50,4.2,0.00,0.00,1.70,1.50,2.40
4512,8.70,5.0,0.90,1.20,0.50,4.20,2.00
4513,8.50,216.0,42.00,78.00,5.50,3.50,1.00
4514,9.30,5.8,1.00,0.90,1.50,4.10,0.00
4515,8.70,120.0,,36.00,5.50,3.00,2.20
4516,10.00,156.0,72.00,0.00,1.40,2.60,3.50
4517,10.40,186.0,48.00,1.70,2.80,1.70,1.80
4518,10.00,1.6,0.60,0.00,1.50,1.90,3.50
4519,,>60,1.00,0.00,1.00,1.50,1.50
4520,10.00,0.5,0.60,0.10,2.80,2.80,2.80
4521,9.50,1.7,0.60,0.40,2.00,3.30,2.50
4522,9.70,5.6,0.70,0.00,1.60,3.70,2.00
4523,,4.0,0.40,0.00,2.50,1.50,3.50
4524,7.50,3.0,1.40,0.50,1.50,4.80,3.20
4525,12.20,3.8,1.20,0.00,1.60,2.00,3.20
4526,8.60,3.0,0.70,0.30,4.10,2.50,4.50
4527,9.50,102.0,90.00,0.00,4.00,3.00,3.10
4528,7.80,6.5,0.60,0.00,1.40,3.00,1.50
4529,8.60,4.5,1.10,0.00,1.50,3.30,3.00
4530,9.00,3.1,0.70,0.00,3.00,3.00,1.60
4531,7.50,210.0,60.00,6.00,2.80,2.80,2.00
4532,10.50,,6.00,0.00,3.70,0.00,3.80
4533,8.70,,78.00,78.00,1.50,4.70,1.00
4534,10.00,2.8,0.00,0.40,1.50,4.20,1.30
4535,9.70,60.0,0.00,6.00,3.90,3.20,3.50
4536,11.00,2.6,0.90,0.00,2.00,1.90,3.50
4537,8.60,,24.00,,,3.10,0.50
4538,10.70,180.0,66.00,0.00,2.20,1.50,1.90
4539,9.50,3.1,0.30,0.00,2.50,1.90,3.00
4540,11.50,4.2,1.10,,2.00,0.50,
4541,8.90,3.1,0.00,0.60,3.50,0.10,2.50
4542,8.80,3.9,0.00,0.50,1.90,3.60,2.50
4543,10.50,90.0,12.00,0.90,4.50,,4.50
4544,8.50,3.0,0.00,0.00,2.00,3.80,4.60
4545,11.00,,0.00,18.00,1.80,3.50,4.00
4546,11.30,--,,72.00,2.90,2.20,2.00
4547,9.90,,0.30,1.30,2.70,4.50,3.10
4548,9.30,2.8,0.60,1.20,2.60,3.90,1.50
4549,8.00,2.1,0.90,1.50,3.60,3.50,3.20
4550,9.50,3.9,0.90,0.90,2.00,1.50,3.70
4551,8.50,6.0,0.90,,1.10,3.50,
4552,9.60,3.0,0.20,0.40,1.40,1.20,2.20
4553,9.10,420.0,0.00,0.00,2.30,2.50,2.50
4554,10.70,0.0,0.70,0.00,3.00,0.00,5.50
4555,9.10,5.5,0.00,0.70,1.10,1.60,4.20
4556,9.50,1.6,0.70,1.00,1.00,3.00,5.90
4557,11.00,2.0,0.40,0.50,3.50,0.50,4.50
4558,9.90,2.6,0.70,0.40,,0.50,3.50
4559,10.00,1.0,1.00,0.00,3.50,3.00,2.50
4560,11.20,,42.00,6.00,3.00,1.70,3.50
4561,11.50,150.0,60.00,,4.00,0.80,2.20
4562,7.50,1.0,,1.30,3.60,4.50,2.50
4563,11.10,2.0,0.20,0.00,1.60,2.00,4.00
4564,10.00,3.0,0.80,0.00,1.70,1.10,3.00
4565,10.70,3.3,0.90,0.00,1.50,2.20,
4566,11.40,4.5,0.00,0.10,1.20,1.40,4.00
4567,11.30,120.0,36.00,18.00,1.50,2.90,
4568,11.00,18.0,0.00,0.30,2.40,0.70,2.50
4569,9.70,4.3,,1.60,1.70,3.90,2.00
4570,7.90,6.5,1.40,1.50,0.50,4.00,1.00
4571,10.10,3.6,0.80,1.30,1.90,3.50,2.00
4572,7.40,4.5,0.80,1.60,3.00,3.90,2.20
4573,10.50,1.0,0.80,0.20,3.00,0.60,4.50
4574,9.50,78.0,84.00,0.10,1.20,3.90,3.20
4575,9.50,3.9,0.90,0.80,4.50,1.50,3.00
4576,11.00,4.9,0.70,0.80,1.00,2.90,1.50
4577,8.50,3.1,0.50,1.50,,4.10,0.80
4578,9.50,3.2,0.20,0.60,1.10,2.50,2.80
4579,8.40,5.5,1.10,0.60,1.00,3.80,2.10
4580,9.20,5.5,0.70,0.90,1.30,4.50,0.30
4581,9.00,3.2,0.50,0.40,2.80,3.10,3.00
4582,9.50,0.0,12.00,0.10,,1.00,
4583,9.20,,0.00,0.80,2.00,4.50,3.00
4584,11.50,1.1,0.60,0.00,1.90,2.50,3.50
4585,10.50,2.5,1.60,0.00,2.50,3.50,2.90
4586,11.50,120.0,54.00,24.00,4.00,0.00,3.30
4587,9.50,4.0,0.80,0.00,3.50,1.50,4.00
4588,10.50,5.9,0.40,0.80,0.90,3.00,
4589,8.70,90.0,30.00,90.00,3.20,3.40,2.50
4590,8.90,0.7,0.80,,3.50,2.60,3.40
4591,9.50,1.2,0.90,0.70,,3.00,3.50
4592,8.40,2.7,0.80,1.40,2.50,3.40,0.00
4593,9.70,240.0,0.00,18.00,3.30,2.30,
4594,9.70,7.5,1.30,0.70,1.00,1.50,1.40
4595,10.00,,6.00,18.00,1.00,1.50,4.50
4596,11.50,300.0,24.00,0.00,1.00,3.10,2.30
4597,9.00,3.5,0.40,1.10,3.60,4.50,2.00
4598,10.40,,0.30,0.00,0.50,1.00,3.00
4599,,,0.60,0.00,3.00,3.00,3.00
4600,9.00,3.5,1.20,0.20,4.50,1.50,2.70
4601,9.90,5.0,0.80,0.50,1.30,3.00,2.40
4602,11.90,2.0,1.20,0.40,2.90,2.80,1.00
4603,8.70,6.5,0.40,0.80,0.20,4.60,2.50
4604,8.10,3.5,1.10,2.00,,4.00,2.50
4605,9.60,3.3,0.80,0.00,,1.00,3.50
4606,10.00,n/a,,78.00,0.00,3.50,2.00
4607,9.50,3.0,0.80,0.50,2.30,3.00,4.30
4608,9.50,24.0,30.00,0.00,2.50,0.50,3.20
4609,,2.5,1.10,1.10,3.00,4.60,2.00
4610,8.50,6.1,,1.80,3.20,1.40,
4611,10.00,2.0,1.00,0.20,1.50,2.60,4.00
4612,10.40,3.0,1.10,1.30,2.00,4.10,1.40
4613,10.00,1.3,0.10,0.90,1.10,2.50,3.30
4614,10.10,2.9,0.80,0.70,1.50,4.00,2.20
4615,9.80,300.0,72.00,12.00,1.50,2.90,3.00
4616,9.40,204.0,60.00,72.00,3.50,4.00,2.10
4617,10.90,2.4,0.90,0.40,4.20,1.50,
4618,8.40,210.0,54.00,0.30,,3.00,
4619,8.50,,0.00,0.40,2.50,3.40,3.50
4620,10.50,1.5,0.40,0.20,4.50,2.00,3.00
4621,8.50,222.0,30.00,30.00,3.50,3.50,2.50
4622,8.10,3.8,0.60,1.00,3.40,4.20,1.70
4623,7.50,3.8,1.10,0.90,1.70,5.70,1.50
4624,9.50,1.3,0.30,0.40,3.80,3.50,
4625,9.50,2.9,1.10,0.30,3.00,2.50,
4626,11.50,,0.80,0.20,,1.90,2.50
4627,9.00,3.5,1.00,0.60,1.50,3.00,3.70
4628,8.60,1.0,0.40,0.20,1.90,2.60,3.00
4629,11.00,,0.20,0.60,2.60,4.00,1.50
4630,11.50,,12.00,0.00,1.00,1.00,3.50
4631,10.00,180.0,24.00,36.00,2.50,2.90,
4632,9.50,174.0,36.00,,2.00,,1.50
4633,10.40,3.1,0.70,1.00,2.60,1.50,3.60
4634,10.00,3.0,0.90,0.40,,2.00,2.50
4635,7.50,4.0,0.90,1.10,1.70,,
4636,8.20,7.0,1.10,0.00,1.50,3.50,1.90
4637,9.90,0.5,0.20,0.00,,2.00,3.70
4638,10.20,180.0,102.00,18.00,3.50,1.90,4.00
4639,10.50,2.1,1.40,0.90,3.00,1.20,4.10
4640,11.20,1.0,0.20,0.20,0.90,1.20,3.60
4641,11.40,2.5,0.00,0.50,1.00,0.00,3.00
4642,11.00,2.5,0.30,0.80,4.50,1.20,2.50
4643,8.30,270.0,6.00,1.30,1.50,4.50,2.70
4644,10.50,,0.10,1.10,1.70,1.30,4.30
4645,10.50,3.4,0.50,0.60,1.00,2.00,2.20
4646,9.00,168.0,18.00,0.00,3.50,2.30,3.50
4647,8.50,2.5,1.80,2.00,3.00,2.50,1.50
4648,7.40,372.0,24.00,84.00,2.00,5.50,0.60
4649,9.60,2.3,0.30,0.70,4.00,1.40,4.60
4650,10.50,not recorded,60.00,54.00,0.50,2.70,2.00
4651,10.70,2.6,,0.10,3.00,4.00,1.70
4652,10.00,1.5,0.40,0.00,3.50,3.00,2.90
4653,9.50,,0.50,0.90,3.00,3.20,1.70
4654,9.20,<1,0.80,0.70,3.50,3.00,0.50
4655,8.00,210.0,54.00,0.90,3.40,4.30,0.90
4656,9.00,0.4,,0.10,2.50,4.00,1.00
4657,10.00,<1,0.50,0.00,2.00,3.50,2.50
4658,9.30,60.0,60.00,0.50,4.00,1.30,2.20
4659,9.70,150.0,72.00,42.00,1.50,3.10,2.00
4660,9.50,150.0,54.00,0.00,0.60,2.30,3.70
4661,9.40,2.7,0.30,0.00,4.00,3.50,1.50
4662,7.00,3.5,0.40,1.20,3.50,,1.20
4663,10.80,1.5,0.30,0.00,2.50,0.30,3.40
4664,8.50,0.1,1.20,0.80,3.80,2.20,4.10
4665,10.50,2.6,1.00,0.00,3.00,1.50,2.90
4666,11.00,1.0,0.70,0.30,2.50,1.70,3.50
4667,12.20,2.5,0.40,0.00,1.50,2.00,3.00
4668,9.50,150.0,12.00,24.00,4.50,2.30,3.00
4669,9.70,4.5,1.00,0.30,3.50,3.10,1.30
4670,8.00,2.6,0.50,0.30,0.70,2.00,3.30
4671,9.50,3.1,0.60,1.40,3.00,2.00,3.50
4672,8.00,6.0,0.60,1.80,0.90,4.60,1.00
4673,10.00,3.0,0.20,0.00,0.50,2.00,2.50
4674,9.20,4.0,0.20,,2.30,4.40,2.50
4675,10.00,2.5,0.60,,,0.00,3.30
4676,7.50,372.0,12.00,2.40,1.30,3.30,2.00
4677,7.90,4.3,0.60,1.70,4.60,3.00,3.00
4678,8.00,2.7,0.30,0.00,4.40,2.50,1.50
4679,12.80,0.0,30.00,36.00,3.00,1.50,3.50
4680,9.40,4.0,1.20,1.10,1.80,2.80,2.60
4681,8.50,3.0,1.10,1.30,3.00,1.60,2.50
4682,8.00,2.2,0.60,0.00,0.50,2.20,2.00
4683,8.60,4.5,0.10,0.60,1.50,2.90,0.10
4684,10.10,5.0,0.40,0.30,1.50,1.50,3.50
4685,10.40,5.3,0.70,0.90,1.60,2.00,2.00
4686,9.80,0.0,0.90,0.00,2.30,3.60,3.50
4687,11.00,2.0,1.20,0.80,1.90,0.00,3.00
4688,10.00,1.5,1.60,0.20,1.20,1.50,4.00
4689,9.20,5.2,1.20,0.00,1.50,1.00,4.00
4690,9.00,3.8,0.00,0.50,2.50,3.00,3.50
4691,9.00,3.4,,0.00,4.10,1.50,4.30
4692,10.80,2.9,0.70,0.50,1.50,3.00,3.00
4693,10.00,2.2,0.40,0.00,0.70,3.00,2.30
4694,11.50,1.5,1.40,1.20,3.30,2.50,3.00
4695,10.30,150.0,18.00,54.00,3.50,2.00,3.50
4696,10.20,,36.00,66.00,,3.50,2.00
4697,9.50,3.2,0.80,1.30,2.00,2.00,3.00
4698,9.80,216.0,42.00,0.00,2.50,3.50,3.40
4699,,TBD,0.80,1.20,1.50,3.60,0.90
4700,9.50,0.8,0.10,0.40,2.50,2.00,4.20
4701,10.10,,0.10,0.20,2.00,2.60,1.20
4702,8.30,,1.20,1.20,1.50,2.00,1.50
4703,10.20,n/a,54.00,,1.70,1.50,3.50
4704,8.50,4.1,1.30,0.50,1.50,3.50,3.00
4705,10.50,180.0,36.00,30.00,3.50,2.50,0.90
4706,9.50,3.5,0.50,0.00,4.10,2.40,4.70
4707,9.70,120.0,30.00,0.00,3.50,1.00,4.10
4708,9.00,2.5,0.80,1.40,3.80,3.00,2.50
4709,7.60,252.0,30.00,84.00,4.00,3.50,1.50
4710,,426.0,18.00,60.00,,2.40,2.40
4711,8.80,3.0,0.10,0.60,2.50,1.60,
4712,9.90,,0.60,0.80,2.20,2.80,4.00
4713,12.50,1.0,0.90,0.50,4.00,1.00,5.00
4714,8.60,4.0,0.70,0.60,1.40,3.10,3.50
4715,10.50,120.0,78.00,1.40,3.50,0.90,4.50
4716,10.00,2.4,0.90,1.20,1.70,1.70,3.80
4717,9.50,90.0,6.00,36.00,3.50,3.10,3.00
4718,8.80,5.5,1.10,0.00,2.20,3.50,1.50
4719,10.20,1.0,0.20,0.60,2.30,1.20,3.90
4720,8.30,5.2,0.60,1.70,2.60,3.20,2.20
4721,11.00,5.6,0.80,0.00,0.80,3.50,1.80
4722,10.00,3.5,1.20,0.50,1.50,1.80,
4723,9.30,5.0,1.00,1.00,2.00,3.50,1.60
4724,,7.0,0.50,0.90,0.50,4.00,0.00
4725,11.00,3.9,0.30,0.70,0.00,3.30,2.50
4726,11.00,90.0,48.00,48.00,2.00,0.50,3.50
4727,9.00,--,0.10,0.50,,2.50,3.50
4728,11.00,,0.00,0.60,1.30,2.00,3.50
4729,9.50,5.5,0.00,0.80,,2.80,3.10
4730,11.30,0.6,1.50,0.00,2.00,3.00,2.50
4731,10.00,3.5,1.30,0.10,2.50,3.50,2.00
4732,10.40,4.0,0.40,,3.90,0.50,3.50
4733,10.50,0.0,0.60,0.00,3.00,1.60,5.70
4734,11.50,3.0,0.50,0.60,,0.10,3.00
4735,11.00,3.8,1.60,0.00,3.50,0.50,3.30
4736,10.20,3.5,0.70,0.30,1.50,2.80,3.80
4737,9.00,342.0,96.00,0.00,0.60,3.00,
4738,9.70,180.0,0.00,0.10,5.00,2.20,3.10
4739,9.00,5.2,,0.00,0.80,2.00,4.50
4740,10.20,2.5,1.60,0.20,1.20,1.90,1.90
4741,11.00,1.9,0.20,0.80,1.90,2.00,4.60
4742,9.00,2.0,0.00,0.60,2.00,1.00,4.00
4743,,0.0,0.00,0.00,3.80,1.30,5.00
4744,9.70,3.0,,0.90,2.00,3.80,3.40
4745,10.10,2.5,0.00,0.90,0.80,3.50,1.90
4746,8.00,210.0,102.00,1.10,1.70,3.50,3.00
4747,9.60,1.0,0.70,0.00,2.10,2.00,2.70
4748,10.10,1.0,0.00,0.00,3.50,3.20,4.10
4749,8.50,3.8,1.10,1.00,2.50,4.50,1.60
4750,10.00,3.9,0.60,0.20,2.50,3.00,3.00
4751,10.70,n/a,1.40,0.40,1.50,0.00,5.50
4752,9.00,2.8,0.70,1.20,1.50,,2.80
4753,8.40,4.4,1.30,1.30,2.00,2.70,
4754,9.00,3.2,1.80,0.80,2.50,4.00,2.00
4755,8.50,3.5,0.00,0.90,1.00,2.00,
4756,8.50,2.5,1.10,1.10,3.10,3.00,2.40
4757,10.50,5.0,1.20,0.00,1.50,3.50,2.10
4758,,5.0,0.00,0.00,5.10,3.00,1.10
4759,8.00,4.0,,0.90,2.00,2.70,4.00
4760,9.00,3.5,0.30,0.30,3.00,2.50,2.50
4761,8.50,120.0,30.00,0.90,2.60,4.00,1.90
4762,9.40,0.5,0.50,0.00,2.80,3.40,2.90
4763,11.10,186.0,42.00,18.00,2.50,1.80,3.00
4764,11.00,0.0,114.00,1.50,3.50,1.60,2.60
4765,7.30,3.0,0.80,1.00,2.50,4.40,1.40
4766,9.30,2.1,0.00,0.20,4.60,3.50,3.80
4767,8.10,114.0,48.00,0.00,1.50,2.50,3.00
4768,10.50,2.0,0.10,0.00,1.30,1.50,4.00
4769,9.10,0.7,1.20,0.00,3.60,2.90,4.10
4770,10.50,4.0,0.90,0.40,2.00,2.60,3.00
4771,9.60,3.5,0.00,0.40,,2.10,2.00
4772,10.00,60.0,72.00,30.00,1.80,2.50,3.60
4773,10.00,90.0,60.00,0.00,2.00,1.60,2.00
4774,10.50,1.9,0.50,0.80,3.00,0.50,5.50
4775,10.00,1.5,0.60,0.00,3.50,2.00,3.90
4776,9.50,2.5,0.90,0.10,2.50,2.60,2.50
4777,10.20,5.4,1.00,0.40,0.50,3.00,1.90
4778,10.50,2.5,0.90,0.60,3.10,2.00,3.00
4779,8.00,2.2,0.50,0.00,2.00,2.00,2.50
4780,9.50,,0.70,0.60,2.00,4.80,2.10
4781,9.40,,1.10,0.00,1.00,,3.30
4782,7.50,2.5,1.00,0.30,1.60,2.00,3.50
4783,9.00,6.0,,0.40,0.70,,3.00
4784,6.50,96.0,30.00,48.00,3.00,3.00,1.00
4785,10.50,3.1,1.00,0.00,0.00,2.00,
4786,8.50,4.0,1.40,0.00,1.40,,2.50
4787,10.50,0.6,0.80,1.20,2.00,3.50,2.20
4788,11.00,126.0,18.00,1.10,1.20,,4.60
4789,,420.0,,0.70,1.30,,0.70
4790,9.50,162.0,6.00,114.00,5.10,4.30,
4791,9.00,,0.20,1.20,4.60,1.50,3.90
4792,10.40,2.5,1.20,0.60,4.40,1.00,3.00
4793,9.00,330.0,48.00,60.00,1.60,3.70,0.80
4794,10.40,30.0,18.00,6.00,1.50,2.20,4.50
4795,,3.2,1.10,0.80,2.50,3.30,2.00
4796,10.80,228.0,,42.00,2.50,2.10,2.60
4797,7.80,,0.90,1.80,2.50,3.50,2.10
4798,11.50,1.0,0.80,0.80,4.40,1.00,4.80
4799,10.50,3.0,1.20,0.00,4.00,3.00,1.50
4800,11.90,5.0,,0.00,2.00,1.00,3.70
4801,10.00,--,0.80,0.00,1.50,2.00,1.50
4802,9.30,270.0,12.00,0.10,1.90,1.80,2.00
4803,9.40,6.7,1.30,0.80,0.50,3.50,1.80
4804,10.00,2.5,0.70,1.00,4.80,1.00,2.90
4805,9.50,3.0,0.80,1.30,2.00,2.50,2.00
4806,10.80,1.5,0.40,0.40,4.20,1.50,4.50
4807,8.30,2.9,1.50,0.80,2.70,2.70,2.20
4808,8.10,2.5,1.50,0.10,1.50,4.20,3.50
4809,10.40,3.8,0.80,0.60,2.00,3.00,2.70
4810,11.50,1.7,1.10,0.60,2.10,1.00,2.50
4811,7.50,234.0,84.00,0.60,1.50,2.40,2.00
4812,9.00,2.0,1.20,0.70,1.50,3.50,4.50
4813,8.00,3.1,1.00,2.10,1.90,2.50,2.00
4814,11.40,1.5,0.30,1.10,,1.00,3.50
4815,9.50,7.0,1.90,0.00,0.00,3.10,2.00
4816,9.50,2.0,0.80,1.70,2.00,2.50,1.30
4817,9.50,54.0,0.00,0.00,5.50,1.50,3.70
4818,10.00,,0.30,0.10,,2.00,4.00
4819,8.00,240.0,48.00,1.50,3.00,3.00,4.20
4820,8.70,4.0,1.10,1.80,2.50,4.00,1.50
4821,8.50,2.5,0.70,1.30,4.10,4.00,1.20
4822,10.00,2.0,,0.00,2.90,2.00,2.00
4823,9.00,2.0,0.80,0.00,1.00,3.20,3.50
4824,11.00,3.5,0.40,1.10,1.00,2.50,3.00
4825,10.50,1.5,1.10,0.60,1.50,1.00,
4826,10.00,18.0,54.00,0.00,1.20,0.50,
4827,,5.6,0.70,1.10,0.70,4.80,0.00
4828,,1.3,,0.50,2.00,0.70,4.30
4829,9.50,1.4,0.10,0.00,2.00,2.00,4.20
4830,9.10,294.0,24.00,,2.60,2.40,3.60
4831,,3.5,0.70,2.20,3.50,,3.00
4832,10.00,1.5,0.80,0.20,2.80,2.80,2.50
4833,10.00,3.5,0.00,0.80,2.90,1.80,3.80
4834,,0.0,0.00,0.00,1.60,0.10,5.00
4835,10.60,2.3,0.10,0.40,4.90,2.80,4.00
4836,10.90,30.0,24.00,,3.50,1.50,4.70
4837,9.00,5.2,0.60,1.00,2.10,3.50,2.00
4838,9.00,5.0,1.50,0.90,0.40,3.50,2.70
4839,9.40,228.0,54.00,30.00,1.40,2.70,2.50
4840,9.50,3.5,1.00,0.80,2.90,4.10,
4841,9.50,3.5,1.10,0.70,2.20,2.20,0.00
4842,10.50,4.5,0.20,0.40,2.50,4.40,
4843,8.50,4.5,1.30,1.10,2.10,3.50,2.80
4844,8.00,3.5,1.40,0.80,0.00,3.50,1.20
4845,10.20,2.9,1.20,0.60,5.20,2.10,2.50
4846,,360.0,48.00,0.00,1.60,1.80,3.00
4847,7.90,5.8,0.80,0.00,1.00,4.90,0.00
4848,8.50,4.8,1.40,0.70,0.00,3.20,1.00
4849,8.90,3.5,1.10,2.20,2.40,3.50,0.00
4850,9.20,150.0,0.00,36.00,2.50,2.10,3.70
4851,9.80,5.0,0.50,1.50,3.60,3.00,1.50
4852,11.60,4.5,,0.20,1.50,0.60,4.50
4853,10.70,4.0,1.20,1.40,1.10,1.40,3.10
4854,10.90,348.0,6.00,0.60,1.00,2.50,2.00
4855,9.00,6.0,1.10,,0.90,3.60,2.50
4856,9.90,3.8,0.90,1.50,0.40,3.00,1.50
4857,10.00,1.5,0.00,0.30,3.10,,3.00
4858,9.30,3.8,1.30,1.60,4.50,3.50,1.10
4859,8.90,7.3,,2.20,0.90,2.60,0.50
4860,7.50,270.0,48.00,102.00,4.50,3.00,2.30
4861,11.50,1.0,0.50,1.70,2.90,1.00,3.20
4862,10.10,2.5,1.50,0.10,4.10,3.00,2.50
4863,8.50,30.0,84.00,0.00,4.00,2.00,1.80
4864,8.40,336.0,60.00,84.00,,,0.70
4865,10.00,4.3,,2.00,1.50,3.30,1.20
4866,8.00,,24.00,,,2.10,1.30
4867,10.80,5.5,0.60,0.00,0.20,3.00,
4868,8.50,5.5,1.00,0.00,2.00,3.20,3.40
4869,9.00,174.0,72.00,48.00,1.60,3.00,0.70
4870,10.10,1.6,0.00,0.50,2.00,1.90,0.90
4871,10.50,1.5,0.00,0.80,2.90,2.00,3.50
4872,8.00,234.0,,84.00,1.70,4.20,
4873,,1.1,1.40,,3.50,1.50,4.00
4874,8.40,4.5,1.00,0.80,2.90,,2.00
4875,,n/a,36.00,0.00,,3.00,4.00
4876,10.50,3.9,1.10,0.70,2.50,2.00,3.20
4877,9.50,4.5,,0.50,2.00,5.20,1.90
4878,9.10,,,0.30,2.50,3.10,1.90
4879,,3.5,0.90,1.30,3.00,3.10,1.20
4880,9.30,5.8,0.70,0.70,0.90,2.00,3.40
4881,9.60,1.0,0.80,0.00,5.00,2.50,3.00
4882,9.00,5.5,0.50,0.60,,3.50,2.50
4883,9.00,2.5,0.80,0.00,1.00,2.50,2.30
4884,7.10,7.5,,,1.40,4.90,
4885,9.50,222.0,48.00,0.00,2.50,0.90,3.70
4886,,2.2,,1.50,2.50,4.00,2.00
4887,10.60,2.7,,0.80,2.00,1.00,4.50
4888,11.50,2.0,1.40,0.60,4.10,,
4889,9.50,2.5,0.20,0.30,3.30,1.00,2.20
4890,10.50,4.5,,,2.90,2.00,1.50
4891,10.50,3.0,0.00,0.30,1.50,3.00,3.50
4892,,90.0,30.00,24.00,1.90,2.90,4.70
4893,9.50,3.5,1.10,0.20,,2.50,2.50
4894,10.10,3.4,0.40,0.00,2.00,3.10,
4895,,3.0,0.60,0.80,3.50,2.80,3.00
4896,9.50,0.0,0.40,0.00,5.90,1.50,3.20
4897,10.00,276.0,48.00,0.00,2.50,1.80,4.00
4898,9.00,2.8,1.10,1.80,3.00,2.50,1.00
4899,9.00,1.5,0.40,0.40,2.60,3.90,2.50
4900,9.40,2.0,0.00,0.70,2.50,2.50,3.10
4901,9.70,2.7,0.10,0.30,,3.50,3.20
4902,9.00,1.5,0.90,1.30,3.50,3.30,
4903,11.00,180.0,6.00,30.00,2.00,,4.50
4904,8.80,5.2,1.00,0.20,1.20,4.20,2.00
4905,,4.2,1.20,0.90,1.00,4.00,3.50
4906,10.00,0.5,,0.00,4.40,1.00,
4907,9.00,114.0,42.00,42.00,2.00,4.50,1.10
4908,8.00,270.0,12.00,66.00,1.50,3.00,0.50
4909,8.90,>60,,1.20,3.20,2.50,1.40
4910,10.00,390.0,36.00,6.00,1.20,2.70,2.00
4911,10.60,2.0,0.30,0.90,2.90,4.30,0.00
4912,11.50,5.0,0.80,0.00,,2.00,2.50
4913,10.10,114.0,66.00,60.00,2.80,0.00,3.40
4914,9.50,264.0,,,2.50,2.50,3.00
4915,10.00,5.6,0.00,0.00,4.60,2.60,2.50
4916,8.20,138.0,,132.00,,2.50,2.80
4917,,1.0,1.00,0.00,3.50,1.00,
4918,11.10,3.5,0.70,0.00,2.70,2.40,2.50
4919,8.30,3.5,0.50,1.20,2.10,1.70,2.00
4920,10.50,,0.00,0.00,0.40,1.90,3.00
4921,11.50,42.0,30.00,0.00,2.40,0.00,6.10
4922,7.50,378.0,18.00,108.00,2.00,3.50,2.20
4923,11.00,1.0,0.30,0.50,2.50,2.50,1.00
4924,9.40,2.5,0.80,0.20,1.50,3.00,3.50
4925,11.00,120.0,,60.00,3.50,,3.00
4926,10.30,3.5,0.90,0.50,1.00,3.00,
4927,9.00,5.4,1.10,0.50,1.00,2.30,1.40
4928,9.10,84.0,36.00,6.00,1.50,,1.00
4929,8.60,2.8,,0.30,,2.50,3.30
4930,11.50,54.0,18.00,0.60,2.50,3.20,4.00
4931,9.40,4.0,0.50,1.50,3.00,2.50,2.10
4932,10.00,180.0,36.00,0.00,2.10,1.50,4.50
4933,8.00,3.9,0.10,0.80,1.80,3.60,3.00
4934,10.00,2.5,1.10,1.20,2.00,3.50,
4935,,0.6,0.40,,6.50,4.50,1.80
4936,10.40,150.0,24.00,0.00,2.50,1.80,3.50
4937,10.70,360.0,0.00,0.00,1.40,2.50,2.30
4938,8.80,3.9,1.10,1.60,2.30,4.50,1.00
4939,,--,0.80,0.20,1.00,3.00,3.00
4940,8.70,372.0,48.00,0.60,2.90,3.50,1.50
4941,10.50,1.5,0.00,0.00,4.50,1.80,3.30
4942,10.60,4.6,1.50,0.00,2.10,1.40,3.50
4943,8.60,3.2,0.50,1.00,5.40,3.50,0.50
4944,10.00,4.5,1.00,0.20,0.30,2.00,3.80
4945,9.00,5.5,0.00,1.40,2.10,3.40,
4946,8.50,5.0,0.70,,1.00,4.50,1.70
4947,10.40,5.3,,1.20,0.50,4.50,1.00
4948,,2.0,0.40,1.40,4.50,2.80,2.50
4949,9.50,78.0,54.00,30.00,3.80,2.30,2.20
4950,10.00,1.2,,0.40,1.50,2.10,4.80
4951,9.90,5.7,1.10,0.50,1.60,3.20,
4952,9.50,2.0,0.00,1.40,0.70,1.20,3.40
4953,7.00,2.9,0.40,0.90,1.50,4.50,1.90
4954,10.20,150.0,0.00,,3.10,2.00,2.50
4955,9.80,4.5,0.40,0.20,1.50,1.30,4.00
4956,12.00,6.0,0.90,0.10,1.60,2.00,
4957,10.00,1.0,0.00,0.00,4.60,2.50,4.50
4958,9.50,2.1,1.10,0.50,2.30,1.50,2.50
4959,8.90,6.3,0.70,0.80,,3.80,1.70
4960,8.50,312.0,36.00,6.00,2.50,5.70,0.00
4961,9.10,,42.00,0.00,,2.20,2.90
4962,10.50,0.9,0.10,0.00,1.50,2.10,3.80
4963,8.60,150.0,36.00,84.00,2.50,2.50,0.50
4964,11.40,0.0,1.50,0.20,2.50,0.00,4.50
4965,11.50,,1.10,0.40,4.90,2.30,3.60
4966,9.20,,1.20,1.00,4.90,2.50,1.10
4967,9.90,3.1,1.00,0.60,1.70,0.10,2.00
4968,8.50,1.3,0.50,1.30,3.00,2.30,2.90
4969,9.00,210.0,42.00,24.00,2.50,2.50,3.00
4970,10.50,90.0,96.00,0.00,2.30,0.50,3.50
4971,8.50,4.1,1.20,0.70,2.00,3.40,2.00
4972,10.50,138.0,36.00,42.00,2.30,1.80,2.30
4973,9.20,300.0,90.00,102.00,0.90,2.60,1.60
4974,11.50,1.5,0.80,0.30,3.50,2.00,4.00
4975,8.40,0.0,0.30,0.30,4.50,1.20,
4976,10.00,1.5,0.20,0.60,2.00,2.50,2.60
4977,9.50,180.0,30.00,18.00,1.10,3.40,3.50
4978,8.90,2.1,1.00,,2.50,3.50,1.70
4979,,2.0,0.00,0.00,4.60,3.30,3.50
4980,8.50,4.5,1.00,1.90,2.00,2.50,2.30
4981,9.50,3.5,0.30,0.60,3.00,1.80,3.10
4982,10.50,6.0,1.00,0.50,2.00,3.50,0.50
4983,10.00,3.5,0.30,0.00,1.60,1.80,2.00
4984,9.90,1.0,0.30,1.00,5.00,2.10,1.50
4985,9.70,,,0.00,1.80,1.00,2.50
4986,8.70,3.3,0.60,1.00,1.40,2.50,1.10
4987,9.60,372.0,66.00,1.30,1.10,1.90,1.70
4988,9.20,7.0,0.60,0.60,1.00,3.00,2.00
4989,9.60,4.1,0.00,0.30,1.90,3.80,2.20
4990,9.60,7.6,,0.30,2.00,3.00,1.40
4991,10.50,0.0,60.00,72.00,5.50,2.00,4.50
4992,,5.6,0.90,0.90,1.10,4.00,1.70
4993,9.50,2.9,0.10,0.00,3.50,2.10,4.50
4994,9.30,90.0,60.00,0.00,,1.00,3.10
4995,8.10,4.5,0.80,1.30,,4.00,
4996,9.10,216.0,96.00,36.00,0.70,3.50,2.00
4997,9.00,4.4,0.80,0.70,1.50,4.30,0.40
4998,9.00,,1.30,0.00,2.70,4.00,
4999,7.50,5.5,0.00,0.50,0.00,2.00,2.00
5000,10.50,5.0,0.40,0.60,,2.00,3.10
5001,11.00,3.0,1.00,1.70,1.60,3.50,2.20
5002,8.10,3.5,0.60,0.60,2.90,3.50,2.60
5003,10.00,2.1,0.80,,,1.30,2.00
5004,8.30,3.9,,1.20,0.70,1.50,1.50
5005,9.60,2.7,0.10,0.50,4.50,,
5006,10.00,2.0,,,1.50,1.40,4.50
5007,10.60,0.0,0.90,0.00,4.00,0.00,6.50
5008,12.50,1.5,0.50,0.90,0.50,3.00,4.50
5009,10.40,180.0,24.00,18.00,5.00,1.50,3.00
5010,10.00,1.7,0.90,0.30,,1.40,2.40
5011,9.60,5.5,0.70,1.20,0.90,2.80,
5012,10.00,4.0,0.20,0.30,3.00,2.10,3.30
5013,8.50,270.0,0.00,96.00,1.90,2.40,3.90
5014,10.90,342.0,0.00,42.00,1.40,2.70,2.10
5015,10.50,192.0,36.00,0.00,3.80,2.00,2.00
5016,,150.0,66.00,30.00,2.60,2.60,
5017,8.00,4.6,0.10,0.30,2.10,2.50,2.30
5018,10.20,1.4,0.40,0.00,1.00,0.00,3.10
5019,,6.5,0.40,0.50,1.50,3.50,1.50
5020,9.70,0.0,0.00,1.10,5.00,2.00,3.50
5021,10.00,,0.70,1.10,3.50,2.00,2.10
5022,,2.0,1.00,,2.50,2.70,2.50
5023,9.60,5.4,0.10,0.30,2.00,4.00,3.00
5024,11.00,2.6,0.30,0.10,2.20,3.50,2.50
5025,9.90,2.1,0.00,0.80,2.90,3.00,2.00
5026,10.70,2.5,0.70,0.80,1.70,2.30,1.60
5027,9.50,2.5,0.60,1.70,2.10,3.50,1.70
5028,10.30,2.5,0.10,0.40,,4.00,3.00
5029,9.50,1.5,,0.00,1.00,3.50,1.30
5030,9.90,2.5,,0.00,2.00,2.00,3.00
5031,9.40,5.0,0.40,,1.00,2.50,2.00
5032,10.00,300.0,0.00,,1.00,1.50,3.50
5033,12.10,150.0,,0.00,3.00,3.30,1.50
5034,10.70,3.2,0.40,0.40,2.50,2.00,2.80
5035,8.90,0.9,0.70,0.00,2.50,3.00,1.50
5036,9.70,n/a,18.00,60.00,1.90,3.50,2.00
5037,10.50,>60,0.50,0.60,2.00,2.00,2.00
5038,11.00,,0.10,1.30,2.00,1.30,2.00
5039,6.50,240.0,24.00,96.00,1.50,4.40,0.90
5040,10.50,372.0,42.00,0.40,2.00,3.00,2.00
5041,8.00,6.0,0.40,0.40,1.50,4.00,1.50
5042,9.10,6.0,0.40,0.70,2.00,3.60,
5043,10.00,3.5,0.80,0.50,,2.50,2.00
5044,10.00,240.0,54.00,0.10,2.90,,3.00
5045,,4.5,1.20,2.60,2.20,4.20,0.00
5046,8.60,1.8,1.20,0.80,1.90,0.50,4.10
5047,10.30,,0.00,0.00,2.60,2.80,2.50
5048,11.50,2.9,0.00,0.30,1.00,1.90,3.00
5049,8.50,6.0,0.90,0.00,0.00,3.00,3.50
5050,,3.9,0.00,0.00,1.50,1.50,1.90
5051,10.90,3.5,0.30,0.80,1.00,2.10,4.50
5052,10.50,0.8,0.10,0.10,,2.10,2.60
5053,8.50,3.7,0.40,1.40,1.30,2.50,2.40
5054,10.50,252.0,0.00,42.00,2.50,3.20,1.60
5055,11.00,30.0,36.00,66.00,2.60,0.90,4.50
5056,8.30,3.3,0.70,0.70,4.50,2.00,1.50
5057,10.00,2.8,0.90,0.00,0.80,1.00,4.30
5058,8.40,,0.00,1.00,0.50,2.80,3.50
5059,11.50,2.3,0.10,0.00,2.50,2.50,3.00
5060,8.50,150.0,12.00,54.00,3.30,2.50,1.00
5061,,5.7,0.10,0.80,1.30,6.10,0.00
5062,10.00,2.9,0.50,0.00,2.00,3.80,1.10
5063,8.50,2.3,1.40,1.80,4.60,,3.90
5064,8.40,7.5,0.00,1.60,0.50,2.90,2.00
5065,10.50,0.5,0.50,0.80,2.60,1.00,3.60
5066,9.70,2.8,0.90,0.70,1.50,1.00,4.00
5067,9.80,1.6,1.10,1.10,4.50,1.00,2.50
5068,,2.7,0.20,1.10,2.90,1.00,
5069,10.30,2.0,0.00,0.30,2.60,0.00,3.50
5070,9.50,2.5,0.80,0.60,2.00,3.90,2.60
5071,10.90,0.0,0.00,,2.50,0.50,5.60
5072,10.00,1.5,0.50,,1.70,4.00,1.50
5073,10.60,2.8,0.60,,2.00,2.50,2.00
5074,,2.0,0.70,1.10,2.80,3.00,0.70
5075,,5.5,0.40,1.00,0.20,3.50,2.50
5076,11.50,not recorded,0.20,0.20,1.40,3.00,1.50
5077,9.40,1.2,0.70,0.00,0.50,1.50,3.40
5078,9.00,,1.90,0.10,,3.50,3.00
5079,9.00,2.6,0.60,0.00,3.80,2.60,1.50
5080,9.00,180.0,24.00,,1.10,3.50,1.50
5081,11.50,1.5,0.00,0.20,,2.50,3.30
5082,8.10,n/a,0.70,1.80,,3.50,0.30
5083,8.50,2.3,0.70,2.40,2.50,3.40,0.40
5084,9.50,2.3,0.00,0.60,4.00,4.00,4.10
5085,8.00,6.0,0.80,0.40,2.00,4.00,1.50
5086,11.00,2.5,0.40,0.90,4.50,0.40,4.00
5087,,2.5,0.10,0.60,3.50,3.20,3.40
5088,11.20,258.0,30.00,0.00,1.00,1.80,3.00
5089,8.50,5.5,0.60,1.60,1.80,4.00,1.10
5090,11.00,1.7,0.00,0.90,3.00,2.00,3.80
5091,10.00,90.0,0.00,0.00,3.00,1.00,3.60
5092,,3.0,0.70,0.40,1.40,2.10,3.50
5093,8.50,2.2,0.00,1.50,2.50,2.50,2.70
5094,10.00,240.0,42.00,66.00,2.00,1.50,2.50
5095,9.50,6.4,0.20,0.60,1.30,,2.90
5096,8.70,2.5,0.30,0.70,7.00,4.00,2.00
5097,9.60,4.8,1.50,0.30,1.00,0.50,2.00
5098,8.00,5.5,1.50,1.10,2.90,3.00,2.00
5099,7.90,TBD,0.90,1.30,2.50,3.60,0.50
5100,9.30,5.8,,0.30,2.20,1.00,4.00
5101,9.50,2.5,1.50,0.30,2.70,1.40,2.50
5102,9.50,4.0,,0.00,1.60,3.50,2.50
5103,10.00,5.0,0.50,1.10,3.00,1.50,2.00
5104,7.60,30.0,54.00,30.00,5.70,1.50,2.20
5105,7.20,5.0,1.10,1.10,2.00,2.90,
5106,10.00,270.0,36.00,0.00,3.50,1.90,3.00
5107,8.60,2.5,0.70,1.00,5.00,1.50,4.00
5108,8.50,150.0,30.00,0.70,2.00,3.50,3.50
5109,10.00,2.0,0.80,1.40,2.00,1.30,2.80
5110,8.50,156.0,72.00,66.00,2.00,2.90,3.00
5111,9.50,168.0,60.00,30.00,3.80,2.20,1.30
5112,10.00,0.5,0.30,,2.90,1.60,3.50
5113,11.00,3.5,,0.90,,1.00,4.00
5114,9.00,3.5,0.30,0.50,2.00,2.00,2.30
5115,9.00,390.0,66.00,54.00,1.90,1.20,0.50
5116,9.70,6.2,0.00,0.80,2.00,3.00,1.50
5117,10.30,3.8,0.00,0.20,0.50,0.50,3.00
5118,10.50,3.0,1.30,0.00,4.00,2.10,3.90
5119,10.00,TBD,0.30,1.40,3.70,3.20,2.40
5120,8.50,6.4,0.50,0.20,1.30,4.20,3.10
5121,11.10,2.8,1.80,0.00,4.60,1.00,2.20
5122,9.20,7.0,0.80,0.90,1.90,2.00,1.50
5123,8.60,5.0,0.80,1.80,0.90,3.50,2.10
5124,8.50,<1,0.70,1.10,0.50,2.00,
5125,8.30,4.0,0.30,1.90,2.30,4.00,
5126,9.30,5.3,1.10,0.00,1.00,1.50,3.00
5127,10.80,2.0,,0.20,2.00,2.80,2.50
5128,11.50,150.0,66.00,30.00,2.00,0.20,4.30
5129,9.40,240.0,78.00,36.00,1.00,1.00,2.30
5130,8.00,2.9,1.00,1.50,,1.40,0.90
5131,9.00,3.0,0.00,1.90,4.30,2.90,1.00
5132,9.50,5.1,0.50,0.60,1.40,3.10,3.00
5133,8.00,2.5,0.60,1.10,5.00,2.00,4.20
5134,10.50,2.5,,0.00,1.40,2.00,3.00
5135,10.50,0.9,0.80,0.60,2.00,1.50,1.50
5136,10.00,--,,0.50,2.50,3.00,3.00
5137,11.30,1.5,0.20,0.80,1.00,2.20,2.30
5138,9.00,2.2,1.70,1.20,1.00,4.50,0.00
5139,10.20,3.0,1.20,0.90,2.10,1.00,3.70
5140,10.50,3.8,0.00,0.20,1.60,3.00,3.50
5141,,5.0,0.90,,0.70,2.70,2.60
5142,9.30,1.5,,1.30,1.50,3.40,3.10
5143,10.90,4.0,0.00,0.70,,3.00,3.20
5144,10.00,5.5,1.00,1.00,2.00,2.00,2.80
5145,9.50,2.1,0.60,0.00,5.50,2.30,5.00
5146,10.20,2.6,0.80,0.40,1.50,1.50,3.10
5147,9.70,360.0,18.00,,0.30,4.00,2.50
5148,9.50,102.0,72.00,24.00,2.80,0.90,3.00
5149,8.00,2.5,0.80,0.80,1.20,3.50,1.20
5150,8.50,6.0,0.50,0.80,1.20,2.50,2.50
5151,,5.5,1.90,1.00,3.50,3.00,2.60
5152,,,1.60,0.10,0.50,2.80,1.50
5153,10.50,228.0,48.00,0.00,1.00,1.50,5.00
5154,10.00,2.0,1.30,0.00,3.60,0.80,4.00
5155,8.00,2.1,1.50,1.60,3.60,,1.00
5156,10.00,144.0,18.00,1.40,1.50,2.00,1.50
5157,8.50,2.5,0.90,0.60,4.90,2.40,2.50
5158,9.50,0.5,0.10,0.00,3.10,0.50,2.50
5159,12.60,,0.70,,3.50,0.00,4.50
5160,9.50,,36.00,0.00,3.00,1.80,4.50
5161,8.20,6.4,0.40,1.80,,4.00,1.50
5162,10.40,2.4,1.00,1.00,3.10,3.50,1.50
5163,8.90,6.0,0.60,0.20,0.50,5.70,0.50
5164,10.50,108.0,60.00,0.00,2.40,,1.50
5165,10.80,0.0,0.80,0.40,3.00,0.50,
5166,10.10,,,0.70,6.70,0.90,4.00
5167,9.70,3.5,0.10,0.80,3.50,3.40,2.50
5168,9.40,2.0,0.30,0.00,2.00,3.00,2.50
5169,9.50,4.6,0.40,0.40,1.50,4.00,3.50
5170,9.80,2.5,0.50,0.70,2.00,1.30,3.50
5171,9.50,6.2,0.30,1.40,1.50,2.20,1.20
5172,9.50,4.0,0.30,0.40,1.40,2.10,2.70
5173,8.50,3.0,0.00,0.00,0.50,3.00,2.50
5174,10.50,6.7,0.70,0.00,1.10,1.70,2.20
5175,9.50,4.0,0.60,0.00,3.00,1.60,3.60
5176,10.00,138.0,24.00,0.00,2.40,1.50,4.50
5177,10.00,>60,0.00,0.70,1.50,4.00,1.00
5178,8.70,2.5,1.40,0.50,4.20,4.50,1.00
5179,9.90,5.5,0.20,0.70,2.00,3.30,
5180,8.50,4.5,0.70,1.90,2.50,2.50,1.90
5181,9.50,2.5,0.90,0.00,2.00,2.50,4.50
5182,10.50,4.5,1.20,0.10,1.60,1.50,3.50
5183,10.50,2.5,,1.60,2.50,4.00,2.00
5184,8.50,2.5,0.10,1.10,1.70,1.40,2.10
5185,10.80,,0.20,0.10,1.50,3.00,2.60
5186,11.20,6.1,0.90,0.40,0.50,2.70,1.50
5187,11.00,2.0,1.20,0.80,2.50,1.30,
5188,9.60,198.0,,90.00,4.80,1.80,1.70
5189,8.50,318.0,78.00,84.00,3.00,,0.00
5190,8.80,3.7,0.60,1.00,1.50,3.00,1.50
5191,8.50,2.5,0.80,0.30,1.00,0.40,4.50
5192,10.00,6.2,0.80,1.50,1.90,2.60,1.00
5193,11.00,246.0,96.00,24.00,3.00,1.30,2.00
5194,7.10,2.3,,0.90,3.00,4.30,3.00
5195,10.00,300.0,54.00,24.00,1.30,3.50,1.40
5196,9.50,150.0,42.00,0.00,2.90,2.80,0.50
5197,9.80,0.7,0.90,0.00,2.00,4.20,1.50
5198,10.00,4.8,0.50,0.00,2.00,1.70,2.50
5199,8.20,330.0,60.00,1.20,3.00,2.50,2.40
5200,8.80,4.6,0.90,1.20,1.50,3.00,2.00
5201,9.10,4.5,0.20,0.20,3.20,4.50,1.00
5202,10.30,1.8,0.60,0.40,2.50,3.80,3.00
5203,10.80,252.0,42.00,36.00,1.60,1.00,3.40
5204,11.00,2.5,0.60,0.30,1.60,3.40,3.60
5205,10.00,3.1,1.10,0.80,2.40,3.00,2.90
5206,8.50,5.9,1.00,0.40,3.50,2.10,1.30
5207,11.00,2.5,0.40,0.80,2.50,3.30,2.50
5208,9.50,3.3,1.40,1.70,1.50,1.50,3.50
5209,11.00,150.0,6.00,0.00,,2.20,4.50
5210,9.00,264.0,72.00,96.00,2.50,4.80,0.50
5211,8.50,5.0,0.00,0.40,1.00,2.00,3.50
5212,10.50,,42.00,1.10,1.60,1.00,4.90
5213,7.50,1.3,0.70,1.00,3.60,2.00,3.50
5214,9.80,1.6,1.00,0.00,3.00,,3.50
5215,11.20,,0.60,0.40,1.50,2.60,3.20
5216,10.50,210.0,,24.00,1.00,3.00,2.50
5217,10.40,2.4,0.30,,1.00,1.50,3.00
5218,10.50,TBD,0.90,0.60,1.50,1.80,3.00
5219,9.70,5.1,,0.00,3.20,2.40,3.00
5220,9.20,270.0,,36.00,3.50,2.20,2.20
5221,11.00,1.0,0.30,0.70,2.50,1.90,4.00
5222,9.20,0.4,0.00,0.50,3.00,1.50,4.30
5223,9.10,5.0,0.50,1.30,0.50,2.80,3.10
5224,9.00,120.0,78.00,36.00,3.30,1.50,0.70
5225,9.50,1.2,1.10,0.00,3.50,1.50,3.50
5226,10.00,390.0,96.00,0.00,0.00,3.50,2.10
5227,7.00,240.0,78.00,66.00,2.50,4.30,1.00
5228,9.00,126.0,0.00,30.00,1.90,2.50,2.50
5229,8.90,3.0,1.20,1.00,3.50,,2.80
5230,9.50,,,1.70,0.30,4.00,2.20
5231,10.50,5.0,1.00,0.60,0.90,2.50,2.30
5232,9.00,1.0,0.00,0.40,2.20,1.00,4.10
5233,10.00,3.5,0.00,0.20,2.00,,2.50
5234,10.40,,0.40,0.00,0.90,4.50,2.00
5235,9.70,2.0,0.90,0.60,3.70,2.00,3.50
5236,10.50,5.0,0.40,0.80,0.50,2.20,2.50
5237,10.00,186.0,18.00,,4.20,1.20,3.50
5238,10.40,0.5,,0.60,2.90,0.30,4.50
5239,8.20,7.0,0.90,0.50,0.00,,2.00
5240,9.50,300.0,36.00,0.80,2.00,4.00,0.50
5241,10.80,1.5,0.30,0.20,3.50,2.50,4.30
5242,8.40,252.0,0.00,138.00,2.00,3.50,3.10
5243,10.50,0.7,1.20,1.80,1.60,2.00,1.90
5244,10.50,0.5,1.00,0.70,4.50,1.50,3.90
5245,9.00,150.0,18.00,24.00,2.00,4.00,3.50
5246,10.00,1.5,0.50,0.00,2.00,2.00,3.40
5247,7.90,2.0,0.00,,4.50,3.10,1.00
5248,10.00,4.2,0.50,0.40,4.00,3.00,2.30
5249,8.50,3.0,0.10,1.00,1.80,3.20,1.70
5250,11.00,2.5,0.20,0.40,3.00,3.50,3.20
5251,9.30,6.0,0.40,0.80,1.00,4.00,1.00
5252,10.00,4.2,,0.30,1.80,2.50,3.50
5253,8.00,180.0,,126.00,0.90,3.90,3.00
5254,,5.0,0.70,1.40,0.20,2.30,2.60
5255,8.70,,0.30,0.60,1.90,4.00,2.20
5256,10.00,90.0,0.00,18.00,2.10,2.50,4.50
5257,11.00,2.0,0.40,0.00,1.20,,
5258,11.10,0.8,0.90,0.60,1.70,2.10,5.50
5259,9.50,3.0,0.50,1.20,2.10,2.00,2.30
5260,10.00,3.0,0.00,0.00,2.50,2.40,2.00
5261,10.00,2.5,0.70,1.00,0.00,3.50,1.00
5262,9.00,2.5,0.00,0.30,,1.10,4.50
5263,8.10,5.5,0.40,0.50,1.00,4.40,2.70
5264,,5.5,1.20,1.00,0.50,2.50,3.00
5265,12.00,2.5,,0.50,2.10,1.90,4.70
5266,8.60,4.0,1.00,1.20,2.00,3.20,2.50
5267,9.50,3.2,0.00,0.40,3.30,3.00,4.00
5268,8.50,5.2,0.20,1.60,1.20,4.50,1.00
5269,10.00,4.6,1.20,,1.50,4.00,1.70
5270,10.00,2.9,0.30,1.70,6.50,1.60,2.40
5271,10.80,4.0,0.00,,3.00,1.50,1.60
5272,11.10,0.0,24.00,0.40,2.00,2.00,4.00
5273,11.40,1.0,0.70,0.00,2.90,1.00,4.70
5274,11.80,1.3,0.00,0.00,2.50,0.00,4.10
5275,9.90,1.3,1.20,0.20,,0.00,4.00
5276,10.80,,0.10,0.00,0.50,1.50,2.90
5277,10.00,0.0,84.00,0.00,5.00,1.50,5.00
5278,10.00,180.0,66.00,48.00,1.40,4.00,2.00
5279,,1.7,1.50,0.70,2.50,2.90,2.80
5280,9.90,4.7,0.50,0.40,2.00,2.70,2.00
5281,9.00,1.0,0.00,1.50,1.00,2.00,3.50
5282,11.00,150.0,90.00,42.00,3.30,2.00,2.50
5283,7.50,90.0,54.00,0.00,5.80,3.20,4.00
5284,10.00,3.5,1.00,0.70,1.40,1.00,3.00
5285,10.00,3.0,0.80,0.80,3.50,1.20,4.00
5286,,0.6,1.00,0.70,4.70,1.00,3.00
5287,8.00,,60.00,30.00,2.00,2.50,1.80
5288,10.90,252.0,30.00,0.70,1.00,1.60,
5289,10.50,120.0,60.00,60.00,2.00,3.00,1.00
5290,10.00,--,0.70,1.30,3.20,3.50,2.80
5291,10.00,6.7,0.90,0.00,2.30,2.00,1.50
5292,9.40,3.7,1.70,1.70,1.00,3.00,2.50
5293,11.00,2.6,0.90,0.60,4.00,1.20,4.50
5294,10.50,4.5,0.20,0.10,2.00,2.40,3.60
5295,,4.0,0.40,0.50,2.00,2.80,2.50
5296,10.00,3.2,0.40,,3.40,4.00,2.40
5297,7.90,4.0,0.80,0.50,2.70,3.00,2.00
5298,9.60,1.1,1.00,0.60,2.40,3.50,1.00
5299,8.50,TBD,0.00,0.20,2.40,2.70,2.80
5300,9.00,4.9,0.20,0.00,,2.90,2.00
5301,9.80,2.0,1.00,0.00,2.90,0.10,4.80
5302,10.80,5.7,0.20,0.50,1.00,3.30,1.50
5303,11.50,3.0,0.80,0.50,1.60,3.00,3.50
5304,10.60,0.0,0.70,0.00,4.40,1.50,4.70
5305,10.00,42.0,,0.00,4.60,3.00,4.50
5306,10.10,2.2,1.60,0.80,1.50,1.50,
5307,7.90,4.6,1.50,1.20,3.00,4.40,
5308,8.50,4.7,0.50,1.00,1.50,4.00,2.50
5309,8.50,1.5,0.10,0.70,4.00,2.60,3.60
5310,8.80,4.6,0.70,1.00,2.50,,2.50
5311,9.60,3.5,0.00,1.00,2.50,3.30,1.40
5312,,,0.60,0.70,2.00,3.00,1.00
5313,,78.0,78.00,6.00,3.90,1.50,3.90
5314,10.50,3.0,0.40,0.00,1.30,2.00,0.50
5315,9.90,1.4,0.70,0.80,2.50,2.50,3.00
5316,9.40,1.0,1.80,1.10,1.60,3.30,4.00
5317,8.80,3.5,0.60,0.90,1.70,2.50,2.50
5318,10.00,4.0,0.40,0.00,,0.50,3.50
5319,9.50,210.0,0.00,0.20,,2.00,3.00
5320,9.10,2.0,1.00,0.40,2.00,2.50,2.00
5321,11.10,2.0,,0.00,4.50,2.00,3.60
5322,11.50,2.6,1.40,0.00,1.50,2.70,2.20
5323,9.50,4.8,0.90,1.20,3.50,3.20,0.30
5324,8.00,4.2,0.80,,0.20,4.00,2.00
5325,10.00,120.0,30.00,0.00,3.50,0.80,3.30
5326,9.00,240.0,18.00,42.00,1.50,4.40,1.50
5327,8.50,3.0,0.70,0.10,1.00,1.70,2.60
5328,10.60,3.3,0.80,0.40,3.20,3.80,2.50
5329,8.60,3.0,0.40,0.80,4.50,2.50,2.50
5330,9.20,5.2,2.30,0.30,3.00,2.00,1.70
5331,9.00,5.0,,1.40,2.10,3.00,2.50
5332,10.50,0.7,0.30,0.00,2.70,2.50,3.00
5333,9.00,2.5,0.00,0.00,1.40,0.50,3.70
5334,10.00,150.0,0.00,0.40,1.40,0.00,
5335,8.50,2.5,1.30,1.00,4.20,2.80,1.40
5336,9.90,3.7,0.40,1.00,1.00,2.50,1.40
5337,10.00,2.0,0.20,0.20,1.90,1.60,2.00
5338,8.90,2.4,0.80,0.30,2.40,1.40,3.20
5339,8.50,3.8,0.70,0.90,2.70,2.80,3.00
5340,,0.0,0.70,0.00,1.00,2.00,3.50
5341,8.60,4.8,0.20,0.30,,4.00,2.80
5342,8.50,3.6,1.00,0.00,1.10,1.00,2.00
5343,9.80,TBD,0.00,0.90,1.20,2.80,3.10
5344,8.50,4.6,0.20,0.90,1.70,4.50,1.00
5345,10.30,2.0,0.00,0.00,2.40,0.50,5.40
5346,10.00,1.5,0.90,1.30,2.50,2.00,2.50
5347,9.50,210.0,48.00,,0.50,0.50,2.10
5348,9.50,6.0,0.80,0.00,2.00,1.60,2.00
5349,9.50,246.0,0.00,,3.60,1.90,3.30
5350,8.40,3.0,0.50,1.60,2.30,2.50,1.00
5351,9.20,3.0,0.40,0.50,2.50,4.00,2.50
5352,11.50,2.4,0.00,0.10,4.20,1.90,4.00
5353,11.50,3.1,1.10,0.40,2.40,2.50,3.00
5354,10.90,84.0,,60.00,4.00,0.70,
5355,9.20,3.0,0.50,1.20,1.00,1.60,1.60
5356,10.20,5.6,0.20,0.00,2.40,2.50,2.50
5357,,4.1,0.60,1.40,1.90,2.50,
5358,,0.0,0.00,0.00,4.00,3.90,3.50
5359,10.00,1.0,1.90,0.80,3.20,2.90,3.50
5360,9.00,192.0,66.00,72.00,3.00,3.00,3.20
5361,7.80,5.8,0.60,2.00,2.00,2.80,2.30
5362,7.50,6.2,1.00,1.20,1.50,5.00,1.00
5363,8.50,3.2,0.10,0.00,3.50,3.50,3.50
5364,8.60,2.8,0.40,2.00,3.80,4.50,1.50
5365,9.50,198.0,78.00,18.00,,,4.00
5366,9.00,306.0,54.00,42.00,0.10,,4.00
5367,9.00,6.5,0.70,1.50,0.50,3.50,0.80
5368,8.00,2.0,1.10,0.90,,3.00,2.00
5369,8.50,3.0,0.50,0.50,1.50,2.50,3.10
5370,10.60,114.0,12.00,1.00,3.30,3.00,3.50
5371,10.00,90.0,60.00,1.10,3.60,1.30,5.00
5372,9.50,5.0,1.00,0.10,2.80,2.50,3.50
5373,8.50,5.6,1.00,1.50,1.70,4.00,0.60
5374,8.00,5.7,0.90,1.00,,2.40,3.50
5375,8.70,1.4,0.80,0.50,4.00,2.00,3.50
5376,10.00,2.1,0.00,0.00,,1.60,3.30
5377,10.20,210.0,138.00,0.00,4.00,1.40,3.50
5378,10.00,5.0,0.30,0.40,,2.00,2.90
5379,11.00,4.0,0.00,,2.30,3.00,2.00
5380,8.10,,0.70,0.70,,1.50,2.50
5381,9.50,108.0,54.00,,3.40,2.50,3.50
5382,9.40,156.0,24.00,90.00,2.20,1.60,1.60
5383,10.80,90.0,,0.00,2.50,0.80,4.50
5384,10.50,4.0,0.00,0.50,1.70,0.50,3.70
5385,7.60,4.0,0.70,,2.00,2.50,2.10
5386,8.00,,6.00,0.40,0.00,6.00,2.50
5387,9.50,,0.90,1.00,2.10,2.00,2.80
5388,9.00,,0.20,0.70,0.00,2.50,2.90
5389,9.20,4.7,0.80,0.50,0.10,,0.90
5390,9.90,246.0,66.00,0.10,3.20,3.50,2.50
5391,11.50,n/a,0.40,0.00,2.80,2.10,
5392,10.30,0.5,,0.00,4.60,0.50,3.20
5393,10.10,<1,0.40,0.00,3.00,2.50,5.00
5394,8.00,270.0,30.00,0.30,2.50,3.60,1.00
5395,8.50,3.9,0.90,0.70,3.20,3.60,0.50
5396,10.10,210.0,24.00,54.00,1.50,1.90,3.00
5397,10.80,4.0,0.70,0.00,2.00,3.00,3.20
5398,10.00,2.5,0.10,0.80,1.40,3.60,3.30
5399,11.00,4.9,1.20,0.20,,2.00,2.50
5400,9.00,4.7,0.90,1.00,2.60,3.00,3.10
5401,11.50,0.0,1.10,0.00,6.00,0.00,3.50
5402,7.50,9.4,0.30,0.40,0.00,5.50,0.00
5403,8.50,5.0,0.90,,2.00,3.00,1.50
5404,,4.0,,0.00,1.50,1.90,2.50
5405,9.10,60.0,36.00,0.90,4.00,1.50,3.50
5406,8.50,210.0,30.00,1.30,2.50,3.50,2.70
5407,10.50,5.4,1.60,0.00,0.50,1.00,3.00
5408,10.00,3.0,0.00,0.00,3.20,2.40,2.50
5409,9.70,TBD,36.00,12.00,,2.40,3.30
5410,10.00,2.8,0.00,0.00,2.00,,
5411,10.00,2.6,0.20,1.20,4.00,1.50,1.40
5412,8.50,4.4,1.30,1.60,0.60,3.10,2.50
5413,9.00,228.0,,0.00,3.50,3.60,2.00
5414,9.50,,,0.20,,1.00,3.50
5415,,4.5,0.50,0.80,2.00,4.90,0.90
5416,,126.0,0.00,0.00,2.50,1.00,4.50
5417,10.00,5.0,0.70,1.00,1.00,2.30,3.00
5418,10.80,TBD,1.00,0.60,0.00,1.50,2.00
5419,9.50,,1.30,0.30,2.80,1.00,3.50
5420,12.40,2.1,0.20,0.20,4.80,,1.60
5421,8.90,180.0,66.00,1.80,2.60,3.80,1.00
5422,8.50,96.0,54.00,1.20,3.70,1.60,4.00
5423,11.70,0.0,0.60,0.90,4.00,0.00,
5424,9.80,>60,0.30,0.00,1.30,3.70,2.50
5425,10.50,2.9,0.10,0.40,0.00,4.00,3.50
5426,10.00,,0.40,0.20,3.00,3.30,2.00
5427,8.50,3.3,0.70,0.90,3.00,,
5428,8.40,1.8,0.00,0.30,0.40,3.00,1.50
5429,7.50,1.9,1.10,0.60,1.90,3.50,4.00
5430,10.90,192.0,72.00,0.20,1.00,0.50,4.00
5431,,,6.00,18.00,3.50,2.40,3.50
5432,,252.0,12.00,24.00,2.00,,4.00
5433,9.70,2.0,0.60,0.00,2.90,2.30,3.00
5434,9.50,3.7,0.90,0.90,3.00,2.10,3.20
5435,10.00,2.0,0.80,0.00,2.20,1.00,4.00
5436,8.60,3.6,0.60,1.00,4.50,2.50,2.60
5437,8.70,not recorded,0.70,0.40,1.50,2.90,3.90
5438,7.20,7.0,0.60,0.80,1.50,3.90,0.50
5439,9.40,,0.70,0.60,1.00,2.50,3.20
5440,6.70,1.5,0.40,0.00,1.90,2.30,3.00
5441,10.00,228.0,60.00,90.00,1.50,2.20,2.50
5442,11.00,102.0,0.00,48.00,3.50,1.00,2.40
5443,10.30,2.5,0.50,0.80,3.30,0.00,5.00
5444,9.50,204.0,12.00,78.00,2.20,3.00,2.40
5445,9.00,4.7,0.80,0.30,1.40,5.30,1.00
5446,,4.0,0.70,0.50,0.90,3.70,1.60
5447,11.80,>60,0.40,0.80,2.90,2.80,2.50
5448,8.80,0.5,,0.10,2.50,1.00,5.50
5449,11.00,36.0,0.00,0.90,5.00,0.00,5.60
5450,8.80,312.0,48.00,0.80,1.50,3.00,2.00
5451,10.50,5.0,0.10,0.00,0.90,1.50,2.00
5452,9.00,2.0,0.70,0.20,2.00,1.00,3.50
5453,10.60,,0.00,36.00,,1.10,3.00
5454,7.90,3.6,1.10,2.30,1.50,4.50,1.00
5455,8.40,>60,0.80,1.10,1.30,3.50,2.80
5456,11.50,1.9,0.60,,3.00,2.00,4.30
5457,10.00,,2.20,1.90,0.00,2.50,
5458,9.00,318.0,24.00,0.00,0.50,2.40,4.00
5459,10.50,4.0,0.20,0.00,2.40,0.70,5.00
5460,10.00,3.6,0.90,0.00,3.50,1.50,
5461,8.50,2.5,,0.00,4.00,2.90,3.10
5462,11.50,1.2,0.60,0.00,4.10,1.30,2.50
5463,,1.5,0.60,,3.00,3.00,4.00
5464,12.00,180.0,6.00,0.20,1.00,2.90,3.50
5465,8.30,4.5,0.80,0.40,3.50,3.00,1.00
5466,8.10,1.6,1.20,0.00,,4.40,3.50
5467,11.00,2.5,0.70,0.90,4.00,1.50,2.20
5468,12.40,0.0,60.00,42.00,3.00,0.50,4.30
5469,11.80,1.6,,0.70,2.00,1.10,3.00
5470,10.00,306.0,,72.00,1.00,2.90,2.50
5471,12.00,3.6,0.50,0.30,1.00,,3.10
5472,9.50,0.8,0.00,0.10,1.50,4.00,1.00
5473,11.50,1.1,0.40,0.00,5.00,2.50,3.00
5474,9.00,138.0,24.00,0.90,3.70,1.50,2.90
5475,9.40,186.0,18.00,1.90,5.00,3.00,2.00
5476,,7.3,1.00,1.10,3.00,3.00,1.00
5477,10.20,1.3,0.00,0.00,3.30,1.70,5.20
5478,7.80,5.6,0.80,1.40,1.50,4.50,1.60
5479,8.50,168.0,36.00,48.00,1.50,5.50,1.50
5480,,5.5,0.70,0.70,1.00,3.60,1.10
5481,9.50,330.0,36.00,0.00,1.50,3.50,2.80
5482,10.40,120.0,48.00,0.00,3.00,1.50,
5483,9.40,5.5,1.30,0.50,1.70,2.80,2.50
5484,9.00,3.6,0.50,1.70,1.50,5.00,1.50
5485,9.50,0.5,1.40,0.80,1.50,1.70,3.00
5486,8.50,4.5,0.40,1.70,4.00,2.00,1.90
5487,9.00,1.5,0.60,0.00,4.40,2.10,3.50
5488,10.00,1.5,0.60,0.00,2.50,1.90,2.50
5489,11.60,0.9,0.70,0.00,4.20,0.50,5.00
5490,10.00,1.4,0.90,0.00,0.60,2.40,3.60
5491,10.60,120.0,54.00,18.00,1.50,4.00,3.60
5492,9.80,>60,0.00,1.00,2.70,2.90,2.60
5493,10.00,102.0,102.00,0.50,3.00,2.00,3.20
5494,10.00,not recorded,1.20,0.10,3.80,2.00,
5495,,270.0,,0.60,4.00,2.70,2.00
5496,,2.5,0.80,0.40,2.00,2.30,3.60
5497,8.50,5.7,0.90,0.00,,1.90,3.60
5498,9.20,3.6,0.10,0.00,1.50,3.50,3.00
5499,10.50,120.0,60.00,30.00,1.50,1.80,4.50
5500,9.00,4.6,0.00,0.30,2.60,3.80,2.00
5501,,4.2,0.50,0.00,1.40,3.30,3.30
5502,8.40,330.0,30.00,114.00,1.20,2.50,1.50
5503,8.60,4.4,0.60,1.40,3.70,2.10,2.20
5504,7.50,n/a,0.30,0.70,1.50,1.80,3.00
5505,10.50,1.0,1.50,1.00,2.30,2.30,1.80
5506,9.10,0.3,1.20,0.30,5.00,3.00,
5507,10.50,1.0,0.20,0.50,1.30,3.00,3.10
5508,9.30,300.0,24.00,0.50,1.50,2.50,3.40
5509,,5.4,0.00,0.00,0.70,0.50,4.40
5510,9.00,5.4,0.60,0.00,2.40,2.60,3.00
5511,11.00,,1.40,0.30,3.50,0.50,5.50
5512,10.60,0.7,0.20,1.20,4.10,3.10,2.00
5513,7.00,6.9,0.60,0.70,0.70,6.10,0.00
5514,11.10,1.0,0.70,0.30,0.90,1.00,4.50
5515,11.00,0.9,1.20,0.00,1.70,0.50,3.60
5516,10.00,348.0,72.00,,,3.00,1.50
5517,10.10,5.0,1.00,0.80,2.50,2.00,2.00
5518,8.90,300.0,60.00,0.20,0.50,4.60,2.40
5519,11.30,90.0,60.00,0.00,2.90,1.90,2.50
5520,11.50,2.5,1.30,0.70,1.00,0.00,4.80
5521,7.70,180.0,54.00,54.00,3.00,4.00,3.50
5522,10.50,3.7,0.10,0.00,,0.50,4.50
5523,,2.5,0.00,,1.70,4.60,
5524,10.00,2.5,0.00,0.00,1.50,3.00,3.30
5525,9.70,0.0,12.00,18.00,3.50,2.10,3.00
5526,8.50,--,,1.40,2.90,3.00,0.50
5527,10.50,,0.40,0.90,4.00,2.80,1.90
5528,8.80,4.1,1.30,0.70,3.80,1.40,2.10
5529,10.20,4.5,0.50,1.20,2.20,4.80,0.80
5530,9.50,2.5,0.40,0.00,1.50,4.20,2.00
5531,,60.0,102.00,6.00,3.30,2.70,2.60
5532,9.10,,1.00,,0.80,1.60,3.40
5533,8.00,2.4,1.50,1.50,3.20,3.00,2.00
5534,9.50,4.1,0.00,1.00,2.00,0.00,2.70
5535,10.20,5.5,0.00,1.60,1.50,2.20,0.50
5536,11.00,2.0,0.50,0.00,2.80,0.00,2.50
5537,10.50,4.0,0.90,0.00,2.00,2.50,3.40
5538,9.10,3.5,0.60,0.80,2.50,3.10,
5539,10.00,2.0,0.90,0.00,4.50,1.20,
5540,8.80,2.9,1.20,2.20,3.90,4.50,1.50
5541,11.50,3.1,0.40,0.60,1.40,2.00,2.50
5542,9.50,6.0,0.60,0.00,1.50,2.50,2.50
5543,11.50,3.5,0.90,0.10,2.00,3.50,1.60
5544,8.50,138.0,0.00,0.10,3.20,3.90,2.50
5545,10.60,102.0,0.00,18.00,0.90,3.50,3.50
5546,,30.0,6.00,72.00,3.50,1.50,4.50
5547,10.00,1.7,0.00,1.10,3.40,2.30,3.60
5548,9.60,4.7,,1.20,2.00,2.70,2.50
5549,7.50,1.7,0.90,1.10,3.00,3.50,3.50
5550,9.40,2.0,0.30,0.30,2.00,0.90,4.50
5551,9.60,252.0,54.00,24.00,1.50,2.00,3.00
5552,8.00,66.0,12.00,0.00,1.50,3.00,3.10
5553,8.90,150.0,30.00,,2.50,4.00,2.50
5554,10.30,,0.40,0.00,0.90,2.00,3.30
5555,,60.0,30.00,,,1.40,4.10
5556,9.90,1.5,0.30,0.80,1.50,1.70,5.10
5557,,6.0,0.40,1.30,0.40,4.00,1.50
5558,9.00,>60,0.70,,2.00,,0.50
5559,10.50,180.0,36.00,0.00,1.10,2.00,3.40
5560,11.00,1.0,0.80,0.40,5.20,1.00,3.10
5561,10.00,,0.60,1.10,2.00,2.90,0.00
5562,11.50,1.1,0.90,0.40,,2.20,4.20
5563,10.50,1.1,0.20,0.00,2.40,2.00,2.00
5564,9.90,,0.30,1.30,1.30,,2.20
5565,,3.0,0.90,,3.80,2.50,2.50
5566,10.00,174.0,54.00,,2.00,2.00,4.30
5567,9.60,1.5,1.10,1.00,6.80,3.10,
5568,7.60,2.5,0.90,1.20,,1.50,1.00
5569,9.50,1.3,0.20,0.20,1.60,1.50,2.00
5570,8.50,5.5,0.70,1.50,2.00,4.10,2.00
5571,10.00,,0.70,,2.20,2.50,3.50
5572,10.00,0.0,48.00,0.00,6.20,,5.20
5573,8.60,1.5,1.90,1.30,1.50,2.70,2.00
5574,8.20,2.6,0.70,0.10,4.20,3.00,3.00
5575,9.60,210.0,24.00,0.00,2.50,2.80,4.60
5576,10.40,2.5,0.80,0.00,2.50,1.80,3.00
5577,12.30,4.3,1.50,0.00,0.40,2.00,3.00
5578,11.00,not recorded,0.30,1.00,1.90,1.50,4.70
5579,10.00,6.2,1.10,0.50,0.50,3.20,1.30
5580,10.00,1.8,0.30,0.00,4.50,2.50,2.60
5581,8.50,,90.00,1.70,3.00,2.30,1.00
5582,10.50,168.0,36.00,0.40,2.30,0.00,3.50
5583,10.10,,0.30,0.00,5.70,1.40,2.50
5584,8.80,150.0,60.00,1.40,3.00,2.50,2.50
5585,9.90,5.0,0.70,,,2.00,3.00
5586,9.80,4.0,1.30,,4.00,3.00,2.00
5587,9.00,0.9,0.40,0.00,5.20,1.20,2.40
5588,10.50,1.0,0.30,0.70,2.50,2.00,3.50
5589,9.90,114.0,36.00,108.00,2.70,2.10,4.60
5590,,3.1,0.60,0.00,1.60,2.00,4.50
5591,8.50,282.0,48.00,102.00,1.50,3.50,1.50
5592,8.80,4.0,1.90,1.10,1.50,3.40,0.50
5593,10.30,1.5,0.00,0.00,4.50,0.80,4.50
5594,10.50,3.8,0.40,0.00,1.00,3.50,3.00
5595,10.70,2.1,1.20,0.00,3.90,2.50,3.40
5596,8.80,1.5,0.20,0.00,2.00,1.70,0.80
5597,10.00,2.5,0.00,0.10,2.50,4.20,2.20
5598,10.30,3.5,1.70,0.40,1.40,1.50,1.00
5599,8.40,3.6,1.00,0.30,0.50,3.50,3.00
5600,10.50,1.1,0.60,0.50,4.50,1.10,3.00
5601,8.00,384.0,42.00,84.00,1.80,2.20,1.60
5602,,,48.00,0.00,2.50,4.50,2.50
5603,9.50,,1.30,1.90,1.50,3.10,0.50
5604,10.00,3.7,0.30,,1.50,4.10,1.50
5605,8.20,4.5,0.00,0.60,2.10,3.50,1.50
5606,11.50,2.3,0.90,0.00,2.50,0.00,4.50
5607,9.50,90.0,60.00,78.00,2.00,1.50,5.00
5608,8.90,4.7,0.80,0.00,2.00,4.50,1.50
5609,11.50,4.5,0.00,0.70,2.50,1.10,3.90
5610,9.00,2.5,0.70,0.10,2.90,1.70,2.50
5611,9.30,4.5,1.80,0.70,,3.50,1.50
5612,9.00,240.0,48.00,36.00,3.00,4.00,2.00
5613,9.50,5.0,0.70,1.20,2.20,2.70,2.20
5614,10.00,1.0,0.20,0.00,3.60,3.00,3.50
5615,,2.0,0.20,1.00,,0.50,3.20
5616,9.50,90.0,66.00,0.20,2.40,2.70,4.50
5617,7.50,8.0,0.80,0.90,1.00,3.00,1.60
5618,8.50,306.0,12.00,66.00,1.80,1.80,1.60
5619,,6.0,0.80,1.00,1.10,2.50,
5620,8.80,n/a,1.00,0.80,1.00,3.00,3.00
5621,10.10,5.5,0.10,0.00,1.00,,3.50
5622,8.40,228.0,54.00,96.00,1.50,4.40,3.50
5623,10.00,4.0,,0.90,,2.50,1.10
5624,,5.3,0.90,0.00,0.40,2.60,3.40
5625,9.60,4.5,0.20,0.70,1.00,1.40,3.00
5626,8.40,3.0,0.00,0.00,2.50,2.10,
5627,9.70,3.5,,1.10,1.20,4.50,0.80
5628,11.50,210.0,48.00,1.00,1.90,1.60,2.50
5629,11.00,,0.70,0.00,1.00,3.00,2.90
5630,9.00,4.5,,0.10,2.00,2.50,4.00
5631,10.40,150.0,48.00,18.00,3.00,,3.20
5632,10.50,204.0,18.00,0.90,2.80,2.90,2.80
5633,,2.2,1.00,0.40,3.90,2.00,2.50
5634,9.50,12.0,120.00,18.00,2.00,3.50,1.90
5635,9.50,180.0,24.00,60.00,3.10,3.00,
5636,8.00,180.0,84.00,108.00,2.50,2.30,2.00
5637,10.90,2.5,0.00,0.00,1.00,1.00,1.70
5638,10.40,0.8,0.20,1.10,3.60,2.00,4.00
5639,10.50,1.2,0.10,0.30,5.00,0.80,4.00
5640,8.50,216.0,54.00,0.90,,3.10,2.50
5641,9.70,1.5,0.10,0.00,3.60,2.10,3.00
5642,9.60,4.4,0.50,0.50,1.60,1.00,4.70
5643,10.20,3.5,0.00,0.00,3.10,1.50,3.50
5644,9.90,1.2,0.40,0.00,4.50,2.50,1.00
5645,11.00,not recorded,60.00,48.00,3.50,0.00,4.00
5646,8.60,2.5,1.30,1.70,2.90,4.30,1.10
5647,9.50,,78.00,0.70,1.10,,2.50
5648,8.80,2.5,1.30,,3.50,3.00,0.50
5649,10.50,2.6,0.30,0.00,2.20,2.00,2.50
5650,8.20,2.6,0.00,0.70,4.50,3.50,2.00
5651,9.80,2.4,1.50,,3.00,0.90,
5652,8.00,7.0,0.80,0.50,0.80,4.00,
5653,11.00,300.0,,0.10,2.00,1.40,
5654,8.70,6.5,0.90,1.10,0.50,3.00,1.50
5655,10.80,3.5,0.20,0.10,1.00,2.50,3.50
5656,9.60,4.0,0.80,1.10,2.10,2.40,2.30
5657,9.50,0.0,0.80,0.50,3.60,1.30,3.30
5658,10.00,0.5,0.40,0.00,3.10,1.20,4.00
5659,8.60,5.4,0.30,1.00,2.00,3.50,2.10
5660,10.00,2.5,0.70,0.70,3.80,4.40,1.50
5661,11.80,0.5,0.30,1.20,,,4.00
5662,9.50,36.0,48.00,42.00,0.50,1.40,1.60
5663,9.50,210.0,54.00,60.00,3.00,3.50,1.50
5664,8.90,--,0.00,0.00,4.10,2.50,3.00
5665,9.00,7.5,0.40,0.40,0.50,4.50,0.60
5666,8.50,3.9,1.90,1.00,,4.70,2.50
5667,8.70,4.1,0.30,0.80,2.00,2.50,3.80
5668,8.00,3.9,1.50,1.60,1.60,4.30,0.20
5669,9.50,270.0,,60.00,1.50,3.80,2.10
5670,10.60,2.5,2.10,0.40,2.50,0.50,
5671,9.50,162.0,60.00,0.20,2.00,1.00,4.90
5672,9.40,5.8,0.50,1.20,1.50,3.00,2.00
5673,10.10,42.0,,0.80,3.90,1.40,3.00
5674,10.00,5.0,0.10,0.10,1.10,2.00,2.50
5675,9.50,2.4,0.40,0.20,2.00,2.00,
5676,8.00,5.0,0.80,0.50,2.50,3.70,2.00
5677,11.00,210.0,36.00,0.60,0.90,3.20,3.00
5678,10.00,,12.00,18.00,3.90,3.00,2.50
5679,9.00,378.0,,0.70,0.50,3.20,1.90
5680,11.00,2.1,0.30,1.30,2.50,1.60,3.40
5681,8.00,7.0,0.80,0.70,0.50,4.60,0.50
5682,,3.2,0.10,0.00,5.90,3.00,4.00
5683,8.50,186.0,54.00,1.10,0.50,5.30,2.80
5684,10.00,4.3,0.70,0.20,1.50,3.40,0.50
5685,8.10,5.6,0.80,1.00,1.00,4.50,1.70
5686,8.70,1.0,0.40,0.50,4.00,2.60,2.50
5687,9.50,1.5,0.00,0.00,7.40,3.00,2.50
5688,9.50,1.5,0.80,1.00,2.40,,1.50
5689,8.50,192.0,36.00,18.00,1.70,5.00,0.00
5690,9.50,3.0,,0.00,4.00,3.00,3.50
5691,8.50,1.0,1.20,0.70,1.40,2.70,0.00
5692,10.20,300.0,72.00,0.00,1.20,2.00,3.00
5693,,4.4,0.00,0.40,1.00,2.90,3.20
5694,9.00,174.0,30.00,30.00,1.60,2.00,2.20
5695,10.00,TBD,1.20,0.20,2.50,0.80,3.10
5696,8.00,1.2,1.00,0.80,3.50,2.00,
5697,8.50,330.0,24.00,0.90,1.00,3.60,
5698,9.20,126.0,42.00,24.00,2.20,2.60,4.00
5699,9.20,2.7,0.10,1.10,2.20,3.60,2.50
5700,10.20,3.8,0.00,0.50,1.20,3.00,
5701,8.50,3.4,0.30,0.00,2.00,2.70,1.50
5702,7.50,5.3,0.40,2.00,1.50,2.50,2.70
5703,8.50,3.1,0.80,0.60,2.50,2.10,2.00
5704,8.60,6.0,0.60,0.40,0.90,4.00,2.10
5705,9.50,330.0,36.00,0.90,1.10,2.50,2.60
5706,10.70,3.5,0.50,0.20,3.60,2.30,2.80
5707,10.50,0.3,0.90,1.40,,0.50,2.70
5708,9.10,2.8,0.50,0.00,4.50,1.90,4.00
5709,10.50,114.0,60.00,0.00,3.00,1.90,2.90
5710,,1.7,0.30,0.70,2.60,1.60,2.50
5711,9.10,210.0,60.00,108.00,1.00,2.40,2.00
5712,10.10,,0.30,1.50,2.00,3.50,1.00
5713,10.30,,12.00,0.50,1.40,3.10,3.80
5714,7.50,n/a,24.00,0.60,3.00,1.30,3.70
5715,11.50,2.7,0.50,0.30,1.40,1.00,3.50
5716,8.70,4.5,0.90,0.40,1.00,,1.50
5717,10.00,3.5,1.00,0.60,1.50,2.80,3.00
5718,10.90,4.5,1.10,0.50,1.20,2.40,2.60
5719,9.80,5.5,1.00,0.60,1.00,,1.10
5720,10.00,2.5,0.30,0.70,3.30,4.00,1.50
5721,10.50,2.6,0.00,1.00,2.00,1.50,0.90
5722,9.70,3.0,1.20,1.60,2.00,2.40,2.20
5723,11.50,0.6,0.10,0.30,3.60,2.50,3.40
5724,10.20,3.5,0.10,0.30,1.20,2.30,2.00
5725,,not recorded,120.00,48.00,3.90,3.40,2.50
5726,9.70,4.2,0.30,0.10,3.40,2.00,3.90
5727,10.00,3.5,0.20,0.00,3.20,1.80,
5728,11.00,,18.00,0.00,2.60,3.40,3.20
5729,10.50,3.2,1.10,0.20,4.50,0.50,4.50
5730,10.50,1.4,0.80,0.60,2.50,3.50,2.00
5731,10.30,2.5,0.00,0.00,1.40,2.70,2.50
5732,9.00,3.0,1.20,0.10,3.70,2.50,4.00
5733,,192.0,42.00,1.10,3.00,2.70,2.50
5734,8.50,90.0,6.00,42.00,2.90,2.00,2.00
5735,8.60,150.0,24.00,0.00,2.20,3.40,3.40
5736,8.40,4.6,1.50,,2.00,4.00,0.90
5737,8.70,240.0,48.00,84.00,1.40,4.00,1.00
5738,10.00,1.0,0.40,0.30,7.00,1.00,4.50
5739,9.00,4.0,0.00,,3.10,3.80,2.00
5740,9.30,5.1,1.00,0.10,2.10,2.50,
5741,7.50,180.0,60.00,24.00,2.20,,1.50
5742,10.40,2.3,0.40,0.00,1.90,2.50,3.40
5743,10.00,6.4,0.50,0.00,1.00,2.00,2.50
5744,10.80,2.0,1.30,0.00,3.50,1.00,3.50
5745,10.10,24.0,72.00,1.00,,0.50,2.00
5746,,<1,24.00,30.00,1.50,1.90,2.00
5747,10.00,0.0,0.70,0.70,2.80,3.20,3.50
5748,,288.0,60.00,0.00,1.10,3.50,2.90
5749,8.50,420.0,60.00,24.00,3.00,3.20,1.50
5750,9.50,2.4,0.70,1.20,,2.00,4.30
5751,11.60,3.8,1.20,0.60,0.50,2.00,3.50
5752,8.70,120.0,36.00,12.00,2.50,,1.50
5753,,5.0,1.10,0.40,1.50,3.00,2.00
5754,10.00,2.0,,0.00,2.30,1.70,2.50
5755,10.00,0.0,36.00,0.80,1.70,2.50,2.90
5756,8.40,7.1,0.70,0.10,0.70,3.00,2.00
5757,11.50,3.8,0.40,,2.40,2.80,2.00
5758,,<1,0.30,0.00,1.50,1.50,2.00
5759,11.00,1.5,,0.40,4.60,1.50,2.00
5760,8.50,1.8,0.60,0.00,,0.50,2.50
5761,7.50,4.3,0.80,1.00,,4.40,2.00
5762,9.00,4.3,0.00,1.20,3.00,4.10,3.00
5763,8.80,3.0,1.50,1.70,1.30,4.10,2.40
5764,10.00,TBD,30.00,1.20,1.00,3.30,1.90
5765,,5.4,0.00,0.30,1.00,4.50,2.50
5766,10.00,1.5,0.80,0.80,0.50,2.50,4.00
5767,8.50,3.5,1.30,1.80,3.80,2.50,
5768,8.60,270.0,24.00,108.00,,3.50,2.70
5769,8.00,240.0,84.00,0.50,2.00,4.00,2.20
5770,11.20,4.4,1.10,0.60,2.00,2.40,2.40
5771,11.50,108.0,60.00,1.30,2.70,2.50,2.50
5772,10.40,3.0,1.10,0.00,0.00,2.10,1.60
5773,8.70,3.9,1.00,0.10,3.50,3.70,1.90
5774,9.60,150.0,,18.00,3.90,1.30,
5775,8.60,n/a,0.30,0.80,1.50,2.50,2.00
5776,10.70,0.5,0.30,0.00,2.00,1.50,5.50
5777,9.50,4.5,0.10,0.80,2.50,1.50,4.00
5778,7.10,2.1,0.70,1.50,2.60,2.70,2.40
5779,10.30,48.0,78.00,0.00,3.00,3.00,1.00
5780,9.60,3.0,0.70,0.10,1.30,2.00,3.00
5781,8.10,3.0,0.90,0.40,3.50,1.70,2.10
5782,9.50,4.3,0.00,1.00,1.30,4.50,2.00
5783,8.50,3.8,1.30,0.10,2.00,2.60,
5784,10.50,5.0,0.90,0.50,3.00,1.90,2.80
5785,10.50,0.2,0.20,0.00,4.00,1.50,3.10
5786,10.40,0.8,0.40,0.50,3.60,0.80,3.30
5787,9.00,2.5,0.60,1.40,4.30,1.50,3.40
5788,6.00,1.7,0.60,0.90,4.00,3.00,3.00
5789,9.50,,84.00,126.00,2.50,4.00,0.50
5790,,5.0,1.10,0.30,3.20,4.00,0.50
5791,8.40,6.0,,0.80,0.50,4.00,2.50
5792,7.50,150.0,12.00,78.00,5.90,1.50,3.00
5793,11.00,60.0,12.00,0.00,2.70,2.40,5.00
5794,8.90,>60,66.00,0.00,2.50,,2.10
5795,10.50,138.0,30.00,0.00,1.00,,3.50
5796,10.00,,0.00,0.70,1.50,2.00,5.00
5797,8.30,5.5,0.80,0.20,3.00,4.00,2.50
5798,9.70,2.7,1.00,1.60,1.90,3.10,0.50
5799,,210.0,,0.00,4.50,2.10,4.00
5800,9.10,4.0,1.20,0.30,2.60,,2.50
5801,8.00,90.0,66.00,18.00,2.00,2.00,1.50
5802,9.80,3.8,1.10,1.00,0.90,0.30,
5803,9.00,1.5,0.60,0.60,1.40,5.20,0.00
5804,10.30,2.8,0.10,0.00,4.30,1.50,4.40
5805,9.50,0.0,6.00,0.00,2.10,2.50,3.10
5806,9.50,3.2,0.80,0.00,3.30,1.40,3.40
5807,8.90,3.5,0.90,0.00,1.00,4.00,2.00
5808,9.80,4.1,1.50,0.50,1.70,,3.00
5809,7.30,378.0,36.00,72.00,1.10,4.00,2.50
5810,10.40,2.0,0.30,0.50,1.40,2.00,3.20
5811,10.00,240.0,78.00,0.30,4.50,1.70,3.20
5812,8.30,1.6,0.50,1.50,5.90,2.50,1.50
5813,8.50,4.9,0.80,1.20,2.90,1.60,
5814,10.00,2.0,0.20,1.40,1.10,2.20,0.10
5815,10.00,0.5,0.60,,2.50,1.50,3.20
5816,8.60,1.1,0.90,,1.60,3.50,2.50
5817,8.00,4.2,0.20,1.50,2.30,3.30,3.50
5818,8.70,1.0,0.60,,2.30,3.00,3.00
5819,,3.5,0.40,0.50,2.00,2.80,4.00
5820,10.20,not recorded,1.80,1.00,0.60,2.80,2.00
5821,9.20,4.0,0.40,0.70,4.00,,0.00
5822,9.40,0.7,1.50,1.20,2.50,2.70,2.00
5823,11.00,,0.30,0.10,2.20,3.00,2.60
5824,10.50,3.6,1.30,0.90,1.80,1.20,4.50
5825,8.50,2.7,0.30,0.70,1.00,2.60,2.50
5826,9.00,3.0,1.50,0.00,2.00,2.00,2.70
5827,8.50,4.5,1.10,1.00,2.00,2.20,2.50
5828,9.10,252.0,18.00,30.00,3.50,3.50,2.50
5829,8.00,4.0,0.30,0.00,0.70,2.50,3.40
5830,9.00,2.7,0.60,0.00,,2.50,3.70
5831,8.00,2.2,2.10,0.80,6.50,2.20,2.50
5832,9.00,60.0,0.00,,1.50,1.00,5.00
5833,8.80,4.1,0.90,1.90,3.60,4.00,1.20
5834,11.10,12.0,48.00,,3.00,1.00,2.00
5835,9.50,132.0,30.00,18.00,2.00,2.00,2.40
5836,9.80,5.0,0.30,0.70,0.60,4.00,1.00
5837,9.00,0.9,0.90,0.50,3.20,2.70,4.40
5838,7.60,360.0,6.00,18.00,4.50,4.00,2.80
5839,9.70,1.9,0.00,0.30,3.20,1.60,2.00
5840,10.90,1.5,1.20,0.00,3.60,1.00,3.00
5841,7.60,6.1,0.80,0.30,1.00,,
5842,9.00,390.0,84.00,30.00,,3.40,2.60
5843,10.00,3.5,1.20,0.00,2.40,2.50,2.50
5844,,1.5,0.30,0.80,1.40,3.40,3.00
5845,10.00,2.8,,0.60,2.50,3.20,1.50
5846,8.30,288.0,18.00,12.00,2.50,3.00,1.50
5847,9.00,3.2,0.00,0.20,4.10,2.00,2.60
5848,10.00,6.3,0.40,0.10,0.50,2.00,3.00
5849,10.40,5.9,0.70,1.00,1.70,2.50,1.80
5850,10.20,,1.60,0.10,1.60,1.00,3.50
5851,9.50,4.5,0.70,1.00,1.50,3.50,2.10
5852,8.70,4.0,0.80,0.20,3.00,3.10,2.50
5853,8.90,--,42.00,0.70,0.50,4.00,0.00
5854,9.90,>60,1.00,0.40,2.50,1.50,3.50
5855,8.00,2.0,0.50,0.90,4.00,5.20,3.50
5856,9.00,2.6,,0.90,3.50,1.60,1.50
5857,10.60,1.9,1.20,0.50,2.80,2.00,
5858,8.00,3.5,0.60,0.00,3.00,3.00,3.00
5859,9.80,2.9,1.20,0.00,2.50,2.40,4.50
5860,10.30,1.0,1.00,0.00,2.50,0.30,
5861,11.00,,0.40,0.00,0.80,3.50,3.50
5862,,4.1,,,2.00,3.50,2.00
5863,7.90,2.3,0.80,1.30,3.60,3.20,1.50
5864,11.00,4.7,0.40,0.00,,2.50,1.50
5865,10.40,150.0,54.00,24.00,3.00,1.60,2.70
5866,9.50,60.0,6.00,36.00,4.00,,3.10
5867,11.10,3.5,0.80,0.30,3.00,3.00,2.50
5868,10.50,2.0,0.50,0.60,,0.00,2.70
5869,9.90,,0.00,1.20,3.00,2.50,3.00
5870,8.90,5.0,0.50,0.60,1.10,3.50,3.00
5871,9.30,3.5,0.60,0.70,2.60,2.70,3.00
5872,,n/a,0.60,1.10,2.50,5.00,0.50
5873,,3.5,1.40,0.40,1.00,1.50,3.50
5874,10.00,1.1,1.30,0.40,1.20,2.00,2.00
5875,10.50,2.1,0.70,1.20,3.90,3.00,1.90
5876,8.50,180.0,66.00,0.00,2.50,3.00,3.00
5877,11.50,144.0,30.00,0.00,4.50,2.50,3.00
5878,9.50,2.5,0.00,0.80,1.90,2.50,3.60
5879,9.90,0.3,1.00,0.00,2.20,1.80,2.40
5880,10.40,1.1,0.40,1.10,2.40,0.00,4.50
5881,10.40,240.0,66.00,54.00,,3.00,2.50
5882,11.00,2.4,0.20,0.20,4.00,2.00,2.50
5883,9.50,,,0.00,2.10,3.00,2.90
5884,9.30,0.5,0.50,0.00,3.50,2.50,4.20
5885,10.00,2.6,1.20,0.10,3.00,2.00,2.00
5886,6.80,3.5,0.90,1.90,3.00,2.20,2.70
5887,8.60,2.2,0.10,0.60,1.00,3.50,2.80
5888,10.00,90.0,18.00,0.00,2.00,1.00,4.50
5889,7.80,4.5,0.90,1.00,1.70,4.50,2.10
5890,,2.5,,1.40,3.60,1.50,3.40
5891,10.60,1.0,0.10,0.10,4.60,0.80,3.60
5892,8.50,4.0,0.50,0.00,3.50,,3.70
5893,10.50,5.5,0.90,1.80,1.00,3.00,
5894,10.90,2.5,,0.70,,3.00,3.40
5895,10.90,2.5,0.90,0.90,3.80,2.00,3.50
5896,10.00,0.0,0.40,0.40,3.50,0.00,4.50
5897,10.50,3.5,,0.10,1.00,2.40,2.30
5898,9.50,0.5,0.80,0.00,1.40,2.00,1.90
5899,9.60,4.4,,0.40,1.50,2.00,3.50
5900,,156.0,42.00,0.00,4.60,2.00,4.50
5901,8.80,TBD,0.30,0.90,1.60,1.00,
5902,9.50,3.5,0.90,,2.00,3.30,1.90
5903,9.50,126.0,72.00,0.00,3.00,3.50,1.50
5904,9.50,4.3,0.60,1.70,0.60,3.50,
5905,10.80,1.6,0.20,0.40,5.00,1.50,4.00
5906,9.90,3.5,0.00,0.20,2.50,1.40,3.00
5907,8.70,3.0,1.00,0.00,0.50,1.00,3.00
5908,8.50,1.7,0.70,0.80,3.50,0.50,4.50
5909,11.50,1.5,1.40,1.30,,,
5910,10.90,150.0,,0.00,2.90,1.90,3.50
5911,,6.0,1.00,1.40,,2.20,1.50
5912,,n/a,0.90,1.90,2.50,2.50,1.00
5913,9.50,2.4,0.80,,3.00,4.00,0.50
5914,9.80,1.3,1.10,0.50,2.50,2.00,3.70
5915,7.40,6.7,1.30,0.30,1.50,5.00,1.00
5916,11.00,0.2,0.60,0.40,4.10,2.00,5.00
5917,10.50,4.5,0.30,0.00,2.00,3.00,
5918,7.90,4.0,,1.60,2.70,2.80,3.00
5919,8.70,,,0.00,4.00,1.20,
5920,9.50,4.0,0.70,0.10,3.50,1.00,3.00
5921,10.10,5.0,0.50,0.70,1.70,,1.00
5922,10.50,3.5,0.10,0.70,2.60,2.50,2.20
5923,9.50,186.0,0.00,1.40,3.00,1.80,4.00
5924,9.50,3.0,0.40,0.20,0.20,1.20,3.10
5925,7.50,180.0,30.00,0.00,2.60,1.50,5.00
5926,9.00,5.0,1.00,0.40,2.00,3.50,2.40
5927,9.00,4.5,0.60,2.00,3.00,2.50,1.30
5928,10.50,3.0,0.60,0.00,0.50,3.40,3.20
5929,12.00,4.1,0.70,0.50,2.30,1.50,2.90
5930,8.30,4.0,0.50,1.30,4.40,3.30,2.00
5931,9.00,5.3,0.00,0.80,1.00,4.00,2.40
5932,8.30,2.3,0.00,0.00,2.00,3.00,5.00
5933,10.50,1.9,0.50,0.00,3.50,1.90,5.00
5934,10.50,150.0,30.00,60.00,2.50,,4.00
5935,9.00,4.0,1.60,0.90,1.40,4.10,2.00
5936,10.70,6.0,0.50,0.80,1.20,1.50,2.60
5937,10.50,0.5,,0.60,4.00,3.50,4.00
5938,8.10,3.7,0.70,,3.00,,3.00
5939,12.70,1.5,0.60,0.30,3.50,1.50,4.40
5940,10.60,3.7,1.10,0.20,,1.50,4.60
5941,9.00,n/a,114.00,0.60,,1.90,1.10
5942,7.70,3.6,0.00,1.20,2.40,2.70,2.80
5943,,210.0,72.00,42.00,0.80,1.00,3.80
5944,10.50,0.7,0.60,0.60,5.50,0.00,4.70
5945,9.70,294.0,36.00,0.00,1.00,3.20,3.40
5946,7.90,0.0,0.70,1.30,2.00,3.50,1.50
5947,9.50,3.0,1.10,1.30,,2.80,3.10
5948,8.20,>60,72.00,0.00,2.50,4.10,1.70
5949,11.00,1.6,0.30,0.40,1.50,3.30,4.60
5950,10.60,,0.70,0.30,2.00,2.70,3.50
5951,9.10,3.2,1.20,1.80,1.40,3.10,2.40
5952,,5.5,0.00,0.90,2.20,5.00,0.50
5953,8.80,4.0,0.60,1.40,0.50,4.60,1.00
5954,,0.0,6.00,78.00,4.40,3.50,2.00
5955,11.40,0.3,1.40,0.00,1.00,0.00,
5956,9.60,120.0,90.00,0.00,1.00,2.80,3.00
5957,8.50,240.0,84.00,96.00,2.50,2.10,2.20
5958,9.50,0.8,0.20,0.00,1.50,,3.50
5959,10.70,3.0,0.00,0.60,2.50,0.80,2.00
5960,9.90,4.0,0.30,0.90,1.00,3.00,2.50
5961,9.00,3.4,1.80,0.30,3.50,2.00,3.50
5962,12.00,,0.80,0.40,,1.00,4.10
5963,9.10,1.9,0.90,1.00,4.50,4.50,1.00
5964,9.00,5.5,0.50,0.40,1.50,2.90,2.50
5965,8.60,240.0,60.00,36.00,4.40,3.50,2.00
5966,11.50,3.0,1.00,0.50,,1.80,2.50
5967,8.50,5.0,0.70,1.50,1.30,3.10,0.50
5968,8.50,390.0,12.00,0.80,0.40,4.00,3.00
5969,10.00,180.0,102.00,30.00,2.50,3.00,1.50
5970,9.80,2.0,1.90,,2.00,2.50,4.50
5971,10.00,0.0,1.30,0.00,3.00,0.50,4.00
5972,10.50,3.5,0.00,,2.50,3.00,1.20
5973,11.00,96.0,60.00,0.60,5.80,2.60,1.80
5974,9.20,5.6,0.40,0.60,1.50,2.50,3.00
5975,8.00,<1,0.50,1.30,3.00,2.10,3.40
5976,10.80,0.0,0.30,0.00,5.70,2.50,1.50
5977,11.40,1.2,1.20,0.00,2.50,0.70,4.60
5978,9.30,5.9,1.20,0.00,1.70,3.00,3.00
5979,7.90,1.5,0.40,0.90,1.50,3.20,4.50
5980,10.00,120.0,78.00,0.00,3.70,2.00,2.00
5981,10.50,60.0,72.00,0.00,4.60,,2.50
5982,8.70,4.0,0.90,1.20,1.90,2.50,2.00
5983,9.80,120.0,12.00,,1.70,2.00,5.50
5984,10.60,2.1,1.10,0.50,6.00,2.00,2.90
5985,9.00,5.9,1.30,0.70,1.90,,0.80
5986,11.50,2.0,0.50,0.00,3.00,0.20,4.00
5987,9.50,30.0,42.00,1.00,3.00,1.80,2.00
5988,10.50,6.5,,1.70,0.40,3.50,0.00
5989,8.90,2.1,0.90,1.10,3.00,4.00,2.90
5990,9.30,192.0,30.00,36.00,,2.80,1.60
5991,10.50,4.0,1.10,0.80,3.60,3.00,1.40
5992,11.60,0.0,90.00,0.00,2.10,1.00,
5993,7.70,3.0,0.40,0.30,3.20,3.00,0.50
5994,11.20,2.0,0.00,0.60,0.00,2.00,4.00
5995,10.10,1.2,0.30,0.20,3.00,2.60,2.50
5996,9.50,3.0,1.20,0.00,3.50,3.80,2.50
5997,9.00,2.5,0.90,1.40,3.10,,3.50
5998,9.50,2.0,0.50,0.00,2.50,3.50,
5999,9.00,3.5,0.80,0.70,4.50,3.00,3.50
6000,8.00,5.0,1.30,1.50,2.80,5.50,0.00
6001,9.00,2.5,0.50,0.20,2.20,1.60,3.10
6002,11.70,66.0,6.00,24.00,2.20,0.50,5.10
6003,9.50,,0.70,1.60,1.50,3.00,1.90
6004,10.00,30.0,6.00,0.10,4.20,2.00,4.10
6005,10.50,2.5,0.40,0.80,2.80,2.80,2.50
6006,8.00,3.4,0.50,1.40,0.40,3.00,3.50
6007,9.50,240.0,90.00,0.30,,3.00,2.50
6008,10.50,0.5,1.30,0.00,1.50,0.00,6.10
6009,10.00,4.5,0.40,0.00,3.00,1.70,4.50
6010,11.50,3.5,,0.10,2.00,2.20,3.00
6011,9.00,,0.50,0.60,1.20,3.50,0.80
6012,10.20,1.5,0.50,0.10,2.50,1.50,3.50
6013,10.00,3.4,0.70,1.00,2.20,,2.00
6014,11.00,1.2,1.00,0.00,2.40,2.30,3.50
6015,9.50,4.1,0.00,0.70,3.50,2.70,2.50
6016,10.30,3.0,0.60,0.20,3.00,2.00,
6017,7.50,4.9,0.60,1.00,0.50,3.10,2.50
6018,8.50,264.0,0.00,96.00,3.50,3.60,3.00
6019,9.50,2.5,0.70,0.00,1.00,2.60,2.30
6020,7.90,1.0,1.20,1.50,0.90,4.50,3.50
6021,11.50,2.5,1.20,0.30,1.80,2.00,
6022,6.80,300.0,48.00,1.90,2.90,3.30,3.00
6023,8.70,1.7,1.30,1.70,1.80,3.00,
6024,9.50,1.6,0.00,0.90,1.00,3.00,2.40
6025,9.50,300.0,24.00,0.40,1.00,2.00,2.00
6026,10.50,3.4,1.20,0.10,1.50,1.50,3.50
6027,10.00,1.5,0.10,0.20,3.10,2.50,5.10
6028,11.00,1.5,1.10,0.50,2.00,1.50,2.00
6029,9.50,n/a,1.00,0.00,3.90,1.40,3.20
6030,,4.5,1.50,0.10,,2.50,2.00
6031,11.00,4.1,1.10,0.40,1.90,2.00,2.50
6032,9.90,0.0,30.00,54.00,3.60,4.00,2.50
6033,9.50,5.2,1.20,,1.00,3.30,1.30
6034,10.50,1.5,0.40,0.40,3.90,0.90,3.00
6035,10.20,3.0,0.00,0.50,1.60,2.00,5.00
6036,9.20,2.6,0.00,,1.70,2.70,4.40
6037,9.50,240.0,36.00,12.00,3.00,3.00,3.90
6038,11.70,3.0,,1.20,3.00,0.20,3.30
6039,8.90,336.0,36.00,,0.80,4.50,1.00
6040,,1.7,0.00,0.10,5.40,1.50,3.50
6041,7.00,3.0,0.40,0.80,3.60,5.30,0.00
6042,10.50,156.0,90.00,42.00,1.20,3.30,3.00
6043,9.30,,1.40,0.80,2.40,3.00,1.70
6044,10.00,3.8,0.80,2.00,2.50,2.70,2.00
6045,9.50,96.0,60.00,72.00,2.50,3.60,1.00
6046,9.50,3.6,0.80,1.10,2.00,5.20,1.00
6047,11.70,54.0,18.00,0.70,1.00,2.60,3.50
6048,10.00,120.0,6.00,0.00,3.10,3.00,2.60
6049,11.50,TBD,1.00,0.20,,0.80,3.30
6050,11.20,0.0,42.00,0.00,2.90,1.60,
6051,9.50,,54.00,72.00,1.00,2.90,5.10
6052,7.80,246.0,66.00,144.00,2.00,2.70,0.00
6053,9.50,138.0,24.00,0.00,2.50,2.50,3.00
6054,8.40,4.2,0.20,1.60,1.00,5.00,2.30
6055,8.50,6.0,1.10,1.00,0.50,4.10,1.40
6056,7.50,,1.10,1.30,1.00,4.50,0.00
6057,7.00,6.5,0.50,0.90,2.00,3.50,1.50
6058,7.50,--,0.30,1.80,1.10,5.50,0.00
6059,8.50,4.5,0.80,0.00,1.50,3.50,2.00
6060,9.80,1.5,,0.00,2.00,1.50,1.50
6061,9.00,6.6,0.40,0.10,3.60,1.60,3.00
6062,10.40,150.0,12.00,0.00,3.00,2.90,1.60
6063,8.50,7.5,0.90,0.40,1.10,,1.30
6064,,0.2,1.20,1.10,2.50,3.20,1.70
6065,9.90,3.7,0.70,0.10,3.00,2.50,2.70
6066,9.10,2.6,0.70,0.60,1.00,3.30,5.00
6067,,132.0,0.00,0.00,1.60,3.00,3.50
6068,10.70,0.4,0.60,0.70,2.00,2.50,5.00
6069,10.00,1.5,0.10,0.00,2.00,0.40,3.50
6070,9.70,2.1,,0.80,2.30,3.00,1.70
6071,9.50,2.4,0.10,,2.50,0.80,
6072,9.00,,0.30,0.90,1.60,2.00,2.00
6073,10.00,90.0,48.00,60.00,0.50,2.00,2.50
6074,,4.2,0.50,0.90,2.10,4.10,1.40
6075,10.00,,1.30,0.80,0.30,3.50,3.20
6076,9.20,2.0,0.00,0.00,2.50,2.00,4.50
6077,9.50,4.0,1.10,1.60,,3.50,1.00
6078,10.00,3.2,0.50,0.00,3.50,1.50,4.10
6079,8.50,4.0,0.60,,3.00,2.20,2.00
6080,,132.0,0.00,1.30,3.20,1.50,1.50
6081,9.20,4.2,1.00,1.70,2.80,2.70,2.00
6082,,not recorded,1.00,0.00,3.80,2.50,2.00
6083,10.50,180.0,42.00,0.00,2.00,,5.20
6084,11.00,1.0,0.00,1.40,4.00,3.30,2.50
6085,7.60,4.5,1.90,2.50,1.80,3.00,1.60
6086,9.70,282.0,6.00,0.30,,3.10,2.70
6087,11.00,252.0,30.00,18.00,,3.00,3.30
6088,10.00,3.2,0.10,0.40,1.50,2.50,2.50
6089,11.20,210.0,,6.00,,2.00,3.00
6090,9.50,3.8,0.10,0.10,1.50,2.60,4.50
6091,8.30,5.4,1.00,1.00,5.00,2.10,2.00
6092,7.50,not recorded,0.00,,1.10,3.40,2.00
6093,9.00,270.0,42.00,42.00,,2.50,3.80
6094,8.10,300.0,60.00,60.00,,3.50,2.50
6095,,2.0,0.90,,1.60,3.50,1.50
6096,9.00,150.0,90.00,0.00,1.70,2.00,3.90
6097,,5.3,0.40,0.00,2.00,2.90,2.00
6098,9.50,252.0,42.00,18.00,,2.60,1.50
6099,9.30,5.9,1.00,0.90,1.70,3.00,1.90
6100,10.90,3.0,1.10,0.80,2.50,1.20,3.50
6101,9.00,270.0,36.00,1.80,2.30,2.40,2.90
6102,,5.0,,0.60,2.00,3.00,2.50
6103,10.10,3.5,0.30,0.40,4.50,2.50,2.00
6104,9.00,1.8,0.70,0.00,2.50,3.00,1.70
6105,10.40,1.7,,0.60,3.00,2.50,1.50
6106,10.00,4.0,1.20,,0.50,2.40,3.00
6107,9.20,4.6,0.00,0.10,2.50,3.00,1.10
6108,10.50,4.4,0.30,0.80,1.00,2.60,2.00
6109,10.00,3.0,1.40,1.50,3.30,2.00,0.70
6110,11.00,240.0,36.00,36.00,1.00,0.00,
6111,8.50,4.5,0.50,0.00,0.60,2.90,1.80
6112,10.00,1.9,0.70,0.00,4.50,2.10,4.20
6113,,228.0,0.00,30.00,1.30,4.00,2.60
6114,8.60,,0.70,0.90,2.00,4.50,
6115,10.70,114.0,66.00,0.10,2.00,0.00,3.50
6116,10.00,2.0,0.00,1.10,2.80,3.00,3.00
6117,,1.0,0.70,0.90,1.90,1.40,2.50
6118,9.00,2.1,1.10,,2.70,1.50,2.50
6119,,3.0,0.10,1.70,2.00,2.20,1.80
6120,9.50,1.5,1.70,0.00,4.50,3.50,3.00
6121,8.50,3.7,0.60,0.60,5.50,2.30,2.80
6122,10.00,1.1,0.90,1.70,0.50,3.10,3.90
6123,9.00,2.5,0.60,0.00,1.50,1.30,3.50
6124,9.50,6.0,1.10,1.10,0.50,4.00,1.10
6125,8.90,,0.50,0.90,3.00,2.70,3.70
6126,11.10,,0.10,0.30,2.00,1.00,5.00
6127,9.00,90.0,36.00,0.50,3.50,3.50,3.50
6128,11.00,2.0,1.30,0.80,3.50,0.00,0.90
6129,11.00,3.1,1.90,0.30,0.50,0.00,3.80
6130,7.50,180.0,84.00,,,4.10,1.50
6131,10.10,150.0,60.00,24.00,2.90,2.00,2.60
6132,9.00,2.7,1.20,1.20,4.10,3.90,
6133,9.10,3.3,0.30,,1.50,2.10,4.50
6134,11.50,2.0,1.70,0.00,2.00,1.20,4.00
6135,8.00,6.0,0.70,1.90,1.90,,0.70
6136,11.00,1.2,0.00,0.20,4.00,0.50,3.50
6137,9.80,2.1,0.00,1.20,0.50,3.70,2.30
6138,9.50,120.0,,54.00,1.10,2.40,1.60
6139,10.50,150.0,30.00,0.30,3.30,2.60,3.00
6140,8.50,3.9,0.00,0.50,1.20,3.70,0.80
6141,9.50,3.8,0.70,0.00,3.50,1.00,3.00
6142,,1.3,0.40,0.50,3.00,,2.50
6143,9.00,2.0,0.40,0.60,3.20,1.50,0.00
6144,9.00,0.0,1.20,0.80,3.20,,2.30
6145,,4.2,0.00,0.00,2.40,,3.40
6146,10.20,2.5,0.20,0.70,2.50,,3.50
6147,7.00,294.0,18.00,2.20,,5.30,1.50
6148,9.00,4.0,0.90,1.60,1.60,3.40,2.00
6149,10.50,1.5,,0.60,3.80,,4.10
6150,10.00,,0.00,0.30,2.20,0.90,4.00
6151,10.50,60.0,24.00,0.00,2.80,1.50,3.00
6152,10.50,2.0,0.00,0.10,0.00,2.70,2.00
6153,10.00,150.0,42.00,60.00,3.90,1.50,3.00
6154,9.20,0.5,0.70,0.00,3.50,2.00,2.60
6155,8.80,2.0,0.20,0.00,2.40,0.80,3.50
6156,8.50,4.0,0.60,1.10,2.80,3.50,0.40
6157,9.00,330.0,66.00,84.00,1.60,3.00,2.00
6158,11.50,180.0,36.00,0.30,1.50,0.70,3.00
6159,9.00,3.6,1.30,1.70,1.80,4.40,1.00
6160,10.70,2.0,0.60,1.10,2.00,0.00,3.50
6161,9.50,180.0,0.00,90.00,3.60,2.20,3.50
6162,10.10,0.0,0.70,0.50,2.50,2.00,4.50
6163,10.00,180.0,6.00,60.00,2.50,3.00,2.50
6164,,0.0,,0.20,1.70,2.00,5.10
6165,10.00,5.0,0.70,0.30,1.60,,2.50
6166,,5.5,1.80,0.30,1.70,3.50,2.20
6167,8.50,,0.00,0.00,0.50,2.00,3.00
6168,9.50,5.8,,1.30,2.50,2.80,1.90
6169,9.20,240.0,48.00,,1.50,2.50,1.90
6170,9.20,2.0,1.20,0.00,1.90,1.70,3.00
6171,9.50,258.0,12.00,1.30,1.10,2.50,1.70
6172,9.50,5.5,0.90,0.70,,2.30,2.50
6173,10.40,5.3,0.70,0.70,1.70,3.20,1.00
6174,8.80,n/a,0.20,0.70,1.00,2.50,3.00
6175,8.70,174.0,,30.00,1.50,4.50,3.50
6176,9.20,1.5,1.40,,3.80,3.50,2.20
6177,8.00,318.0,18.00,30.00,2.00,3.50,1.90
6178,9.00,,0.00,54.00,1.60,4.00,2.00
6179,9.50,2.5,1.20,1.60,2.00,3.00,1.60
6180,8.00,5.5,0.00,0.50,3.00,3.80,0.80
6181,9.00,4.9,1.60,1.80,2.50,1.10,2.20
6182,9.50,,0.70,0.10,2.50,1.30,5.10
6183,9.50,3.0,0.10,0.00,3.00,2.50,5.00
6184,9.50,,0.80,0.00,1.50,2.00,2.80
6185,9.50,7.1,1.00,0.50,0.90,2.00,1.40
6186,9.00,222.0,72.00,1.40,1.40,3.70,0.70
6187,11.00,0.6,0.80,,3.40,1.10,5.60
6188,9.10,4.1,0.70,0.90,2.50,3.00,2.90
6189,9.00,>60,48.00,,0.50,5.50,0.00
6190,7.70,1.9,1.40,1.10,2.00,1.50,2.50
6191,9.80,2.5,1.20,1.50,5.20,2.50,2.50
6192,,240.0,6.00,0.90,1.10,3.00,4.00
6193,10.20,156.0,42.00,0.60,3.00,3.10,3.40
6194,9.00,240.0,36.00,1.40,,3.10,3.00
6195,9.90,TBD,0.00,1.90,2.20,2.80,1.00
6196,10.50,198.0,54.00,48.00,1.50,2.50,2.60
6197,8.50,3.9,0.80,1.60,3.00,2.40,2.10
6198,9.20,186.0,42.00,12.00,3.50,1.70,1.60
6199,8.80,2.8,0.50,1.30,2.00,4.50,1.80
6200,9.70,0.0,1.50,0.00,2.00,2.50,2.70
6201,9.40,TBD,0.80,0.50,4.00,2.00,1.10
6202,9.50,2.7,0.60,0.70,0.50,3.50,0.70
6203,10.10,4.3,0.20,0.30,1.60,3.50,2.50
6204,8.50,6.0,1.30,0.90,1.20,3.50,1.90
6205,9.00,1.0,0.70,0.80,0.50,2.10,6.50
6206,11.40,2.0,0.50,0.80,2.50,0.60,1.80
6207,,2.0,0.60,0.30,3.50,,4.90
6208,8.10,342.0,78.00,78.00,1.20,4.00,1.20
6209,8.00,6.0,0.60,0.60,3.00,3.80,1.50
6210,,8.0,0.20,0.20,2.50,,
6211,7.50,not recorded,1.40,1.00,0.20,4.00,2.00
6212,7.60,2.5,0.30,0.60,4.50,6.50,0.50
6213,11.00,30.0,48.00,0.00,4.50,,3.10
6214,10.30,2.6,0.00,0.00,3.80,2.50,1.50
6215,9.00,3.4,1.10,1.20,1.90,2.30,3.00
6216,11.00,150.0,84.00,0.00,3.20,2.50,4.00
6217,9.80,2.5,0.00,0.00,3.00,4.20,3.00
6218,9.50,210.0,12.00,126.00,2.10,4.90,0.50
6219,9.80,0.0,0.10,0.00,4.50,,3.00
6220,8.50,3.7,0.30,1.70,1.90,3.20,1.50
6221,10.40,2.4,0.00,0.40,,3.00,1.50
6222,8.50,6.0,0.80,0.70,0.50,1.50,1.00
6223,10.70,2.7,0.90,0.00,1.40,,4.10
6224,7.90,3.0,0.70,1.80,1.80,3.50,0.30
6225,9.00,210.0,0.00,0.40,2.40,4.10,1.90
6226,8.70,,0.70,0.70,2.40,3.00,2.20
6227,7.90,4.0,1.20,1.00,1.40,3.50,1.00
6228,10.40,4.0,0.60,0.00,2.40,2.40,4.00
6229,10.60,4.4,0.80,,1.00,2.50,4.00
6230,7.70,5.2,1.80,1.20,0.70,3.50,1.50
6231,6.50,2.9,1.60,0.70,2.80,0.00,4.20
6232,8.50,,0.90,1.00,1.40,3.60,
6233,9.00,2.3,0.00,,4.20,1.20,5.40
6234,11.30,4.0,0.30,0.30,,2.50,2.60
6235,9.00,--,1.50,0.00,2.00,2.50,3.60
6236,11.00,3.5,0.20,0.30,2.00,4.10,2.00
6237,9.50,2.5,1.50,0.20,2.30,0.00,3.10
6238,9.00,,0.50,0.30,3.50,1.20,4.50
6239,9.00,4.8,0.30,0.00,3.90,3.50,3.20
6240,11.90,n/a,0.00,0.00,3.00,1.10,3.10
6241,9.00,1.7,0.40,0.00,1.60,,4.50
6242,10.40,2.9,0.20,0.60,4.80,2.00,3.50
6243,7.10,,0.60,0.80,,3.20,2.00
6244,10.30,4.9,0.60,0.00,2.00,2.60,3.20
6245,8.30,3.4,1.20,0.20,3.00,2.40,2.50
6246,,n/a,120.00,30.00,2.40,1.40,3.50
6247,10.00,3.5,1.10,0.80,2.50,3.50,2.50
6248,9.10,180.0,54.00,,3.00,1.90,2.50
6249,9.30,3.5,0.30,0.00,2.50,4.00,3.00
6250,9.30,120.0,12.00,12.00,1.00,2.50,4.00
6251,7.10,--,18.00,1.50,2.00,5.50,0.00
6252,11.00,90.0,78.00,0.00,4.50,1.50,2.50
6253,8.50,>60,1.50,0.80,2.50,2.60,2.00
6254,8.70,,18.00,36.00,0.50,3.40,2.20
6255,9.50,2.9,0.70,0.00,1.20,0.90,2.50
6256,11.70,1.0,0.70,,1.00,1.50,
6257,9.90,5.2,0.60,0.60,1.50,2.00,3.80
6258,,2.4,0.80,1.60,2.50,3.00,4.10
6259,10.00,180.0,66.00,,2.00,,3.40
6260,9.30,0.0,0.80,0.00,2.90,2.40,2.10
6261,9.00,6.0,0.50,0.50,1.40,4.00,1.80
6262,11.50,4.0,0.00,0.10,1.40,1.60,3.90
6263,9.50,2.0,0.70,0.00,2.00,3.00,3.00
6264,10.20,30.0,48.00,0.00,3.50,2.30,4.50
6265,9.70,3.5,0.00,0.00,1.00,4.00,2.80
6266,8.50,3.0,0.80,0.00,2.50,2.50,4.50
6267,10.00,162.0,18.00,114.00,1.50,3.20,1.90
6268,9.40,,1.80,0.90,,2.00,3.20
6269,10.00,0.5,0.60,0.00,1.90,2.50,4.90
6270,9.70,2.5,1.60,0.10,4.80,1.00,3.00
6271,10.50,TBD,1.00,0.90,4.20,2.10,2.60
6272,10.00,300.0,60.00,60.00,3.00,3.90,0.50
6273,9.50,6.0,1.20,0.20,2.10,1.60,3.00
6274,10.30,0.0,0.50,0.00,1.40,1.50,4.50
6275,10.10,66.0,48.00,0.00,3.00,2.50,5.00
6276,12.00,1.1,0.80,0.50,3.50,0.00,3.70
6277,10.00,264.0,,54.00,,3.00,2.60
6278,9.60,,0.90,0.60,4.10,1.20,2.00
6279,10.40,5.0,0.00,0.80,1.60,2.00,4.00
6280,10.50,2.6,0.70,0.60,0.90,,2.40
6281,10.00,186.0,30.00,0.80,3.00,0.50,2.90
6282,9.90,4.3,0.40,0.30,1.20,3.50,2.30
6283,9.00,1.9,0.40,,1.50,2.10,2.90
6284,,2.6,1.10,0.50,2.00,2.50,4.00
6285,8.00,5.5,0.90,0.40,1.50,2.60,2.50
6286,9.90,TBD,,1.00,4.00,1.10,4.70
6287,9.00,3.0,0.00,0.00,2.80,3.00,3.00
6288,9.00,90.0,6.00,0.30,3.00,1.40,3.00
6289,10.30,3.1,0.80,0.70,3.50,1.20,3.70
6290,,258.0,42.00,0.10,2.90,4.50,1.80
6291,12.00,2.6,0.30,,,0.00,4.00
6292,10.10,408.0,36.00,0.20,2.50,2.00,1.30
6293,11.10,<1,0.00,0.40,0.40,2.40,2.00
6294,9.00,126.0,66.00,0.70,2.80,3.00,2.20
6295,9.00,1.0,0.60,,1.50,2.00,2.90
6296,9.60,174.0,54.00,12.00,3.50,0.00,3.40
6297,8.60,4.8,0.50,0.00,3.60,2.00,2.30
6298,10.00,4.0,0.10,0.80,2.20,3.50,2.40
6299,9.50,4.7,1.20,0.90,0.00,3.20,4.00
6300,10.10,1.4,0.00,0.00,2.50,1.50,4.00
6301,9.00,2.5,,0.70,4.00,3.60,1.50
6302,11.50,4.0,0.80,0.50,1.00,2.60,3.30
6303,10.50,3.9,1.30,0.40,2.50,3.50,1.10
6304,8.50,150.0,18.00,1.10,1.70,1.50,1.00
6305,10.80,2.0,1.50,0.90,3.20,1.20,4.00
6306,10.00,--,0.00,0.00,2.00,,4.50
6307,10.40,1.7,0.80,2.00,1.00,2.80,2.10
6308,9.20,3.5,0.40,1.40,3.60,3.50,0.00
6309,12.00,,0.60,0.00,1.00,2.50,2.00
6310,9.00,,1.10,0.70,2.00,,2.00
6311,10.30,,18.00,0.00,0.50,0.80,4.00
6312,10.50,TBD,,0.00,1.50,2.50,2.00
6313,9.30,4.0,0.70,0.10,2.60,1.00,
6314,11.80,114.0,54.00,6.00,1.90,0.50,3.00
6315,8.50,4.0,0.60,1.40,4.00,2.20,1.00
6316,10.50,2.6,0.90,0.50,2.60,2.10,2.80
6317,7.50,4.0,1.00,,3.30,3.00,1.00
6318,10.50,78.0,54.00,54.00,3.00,3.10,
6319,8.80,4.0,0.50,0.10,2.00,1.90,
6320,9.50,3.3,0.50,0.00,2.80,1.50,3.70
6321,8.40,5.3,0.70,1.10,2.00,,2.00
6322,9.70,3.7,0.50,1.00,3.50,2.50,1.50
6323,9.60,270.0,30.00,6.00,0.90,3.90,3.20
6324,9.70,<1,0.00,0.20,3.60,,2.50
6325,9.00,2.5,0.00,0.50,2.40,2.20,3.30
6326,8.50,150.0,6.00,0.20,2.10,3.00,2.20
6327,9.00,354.0,54.00,1.10,1.10,3.00,1.70
6328,9.50,3.6,1.30,0.60,1.90,1.00,
6329,8.20,5.4,1.30,,1.00,4.50,1.50
6330,10.30,30.0,,0.00,1.50,2.60,2.50
6331,9.20,5.3,0.10,0.00,1.50,4.00,0.50
6332,12.90,1.8,0.90,0.00,3.30,0.50,5.00
6333,10.70,1.0,0.00,0.30,5.70,2.50,3.50
6334,10.00,1.3,1.10,0.00,3.00,0.70,
6335,11.20,0.8,0.10,1.00,4.50,3.00,2.30
6336,9.00,1.0,0.00,0.40,2.50,2.20,4.20
6337,11.00,2.0,0.00,0.00,2.70,2.90,3.00
6338,9.50,1.6,1.20,1.00,2.50,0.50,
6339,10.00,3.1,1.10,1.70,1.20,2.10,2.60
6340,,>60,1.30,0.00,1.90,1.20,4.00
6341,10.00,,1.70,1.70,1.80,3.00,2.40
6342,9.90,2.6,0.50,0.70,2.30,2.50,3.60
6343,8.50,1.1,0.00,0.00,2.20,1.50,2.00
6344,9.50,150.0,66.00,36.00,1.50,2.00,3.40
6345,11.10,1.0,1.10,0.10,3.00,1.00,5.60
6346,9.50,4.5,0.90,0.40,0.50,1.20,3.90
6347,8.50,2.7,0.00,0.00,4.20,1.80,2.50
6348,11.00,90.0,54.00,24.00,4.00,,1.30
6349,8.30,3.0,0.80,1.10,1.90,1.90,1.80
6350,9.00,5.8,0.40,0.00,0.00,3.50,1.50
6351,8.70,,0.60,1.00,5.10,3.10,1.90
6352,10.00,2.2,0.90,0.00,2.90,2.00,3.70
6353,10.50,1.5,0.50,1.00,3.50,2.00,3.90
6354,7.40,<1,1.30,1.60,1.50,2.00,3.00
6355,8.90,4.5,,1.30,0.50,1.00,2.90
6356,10.50,3.0,1.40,0.00,3.00,0.00,4.80
6357,8.00,4.5,0.80,,5.50,3.50,1.70
6358,8.50,,1.10,1.20,2.80,1.00,0.50
6359,8.00,4.0,0.60,0.00,2.90,3.30,2.00
6360,10.50,6.7,1.10,0.40,0.70,0.90,3.50
6361,9.50,6.0,0.40,0.90,2.00,3.50,1.10
6362,8.50,3.0,1.40,0.00,,1.50,1.30
6363,9.20,4.1,1.60,0.00,2.50,,2.00
6364,8.50,3.3,1.50,0.10,6.70,2.00,3.20
6365,9.00,3.7,1.30,1.60,2.00,2.20,1.60
6366,8.30,2.0,0.00,0.00,1.50,2.00,2.80
6367,9.50,66.0,96.00,66.00,3.90,2.50,2.50
6368,10.20,0.3,0.30,0.60,1.90,,1.50
6369,9.60,3.5,1.00,0.20,1.80,2.90,2.40
6370,10.20,3.5,0.70,0.00,1.50,,2.60
6371,8.50,4.8,0.50,0.90,1.10,3.50,1.20
6372,12.30,,54.00,0.00,2.40,1.50,4.50
6373,11.00,4.0,0.80,0.80,,2.00,3.30
6374,10.20,1.0,0.40,0.00,1.00,,2.00
6375,10.20,72.0,0.00,42.00,,1.00,1.00
6376,11.20,,1.10,,3.40,1.40,3.30
6377,10.00,1.0,0.00,0.50,0.70,3.90,2.50
6378,7.70,TBD,0.00,1.30,1.00,5.00,2.30
6379,9.20,1.5,0.20,0.50,1.50,2.00,3.50
6380,9.50,4.6,0.70,0.00,0.70,3.50,3.00
6381,8.70,2.1,1.60,2.30,3.50,3.80,1.40
6382,12.60,0.5,0.50,0.00,4.80,2.00,3.00
6383,8.30,3.0,0.70,0.30,1.10,2.00,3.70
6384,9.60,5.0,0.90,1.40,2.00,3.30,
6385,9.50,2.4,0.30,0.10,2.50,2.50,2.70
6386,10.20,2.1,0.70,,1.40,,2.40
6387,9.20,4.8,0.90,1.00,,4.00,
6388,9.50,6.5,0.00,,1.60,3.00,2.50
6389,10.10,4.5,1.10,0.70,3.50,0.00,2.40
6390,10.00,7.0,0.70,,2.30,2.10,1.00
6391,9.00,2.0,0.60,0.00,3.00,2.40,4.00
6392,,3.2,1.00,0.20,3.10,4.10,1.90
6393,12.00,90.0,18.00,36.00,3.00,1.50,4.00
6394,10.50,2.0,0.20,0.30,2.00,2.30,4.00
6395,11.50,120.0,0.00,0.00,1.50,0.10,3.30
6396,8.60,2.5,0.30,0.50,6.20,3.00,1.20
6397,11.50,282.0,42.00,0.00,,,2.50
6398,8.50,90.0,54.00,12.00,5.40,2.00,3.60
6399,10.00,0.2,1.10,0.00,4.50,1.00,4.50
6400,10.00,4.2,0.50,0.20,0.50,4.50,2.10
6401,9.30,204.0,36.00,108.00,3.20,2.20,2.00
6402,9.20,3.5,1.00,0.80,4.50,2.90,1.60
6403,9.00,0.9,0.60,0.00,2.30,3.00,3.00
6404,11.00,174.0,0.00,24.00,2.30,2.60,3.00
6405,11.00,3.5,0.80,0.40,2.50,0.50,1.80
6406,8.90,3.5,0.30,0.60,,0.60,3.60
6407,,1.2,0.50,0.00,2.00,0.00,2.50
6408,8.00,6.0,0.60,0.60,2.50,4.00,1.40
6409,9.70,,0.80,1.10,1.00,2.80,2.00
6410,11.00,1.1,1.00,0.00,4.00,1.50,3.00
6411,10.00,,6.00,42.00,,3.00,1.50
6412,10.20,240.0,0.00,0.80,1.00,3.50,2.30
6413,9.00,2.6,0.20,0.50,4.40,3.50,2.50
6414,9.50,4.5,1.00,1.40,1.20,4.40,1.30
6415,10.10,3.5,0.20,0.40,2.70,0.30,4.20
6416,9.20,6.0,1.80,1.60,2.50,1.00,1.50
6417,9.00,3.0,0.80,1.30,0.50,2.20,1.00
6418,9.30,<1,90.00,54.00,3.50,1.30,4.30
6419,10.50,4.3,1.20,0.00,,2.70,3.50
6420,9.50,90.0,78.00,36.00,1.00,2.00,4.60
6421,11.00,2.8,0.00,0.90,2.40,2.50,3.50
6422,10.50,3.5,1.30,0.00,,1.00,3.70
6423,9.60,,0.90,0.10,4.60,2.50,2.00
6424,8.00,--,42.00,96.00,,3.80,1.30
6425,10.30,1.6,0.90,1.00,2.00,0.00,5.60
6426,10.50,,18.00,12.00,2.00,1.10,3.70
6427,9.10,3.5,0.50,2.20,1.10,2.50,3.00
6428,8.20,330.0,0.00,0.00,,3.00,2.00
6429,10.10,3.0,0.50,1.20,3.50,2.00,4.00
6430,9.70,3.6,0.50,1.00,2.60,2.90,
6431,9.50,390.0,60.00,66.00,1.50,4.00,0.00
6432,9.40,3.8,0.60,0.50,1.60,3.80,3.80
6433,,240.0,18.00,0.50,2.40,1.30,4.50
6434,8.30,3.5,1.00,0.90,0.50,4.50,0.70
6435,7.50,,0.50,0.80,,3.00,2.30
6436,9.50,300.0,60.00,12.00,2.50,2.00,3.10
6437,10.00,66.0,42.00,0.50,1.00,2.60,0.00
6438,8.00,6.5,0.70,0.70,1.10,4.30,1.00
6439,9.80,,,0.00,2.10,1.00,3.20
6440,12.20,2.2,0.60,0.70,,1.50,2.40
6441,9.40,2.5,1.00,0.70,3.10,4.20,
6442,10.00,1.9,0.80,0.00,2.00,1.50,1.50
6443,10.70,1.9,0.00,0.00,1.80,1.80,3.60
6444,10.80,1.0,0.60,0.00,2.00,2.20,3.40
6445,9.10,366.0,42.00,30.00,0.10,4.00,2.50
6446,9.50,,12.00,0.00,0.50,0.70,2.00
6447,10.50,2.0,0.00,0.30,1.80,2.50,
6448,7.60,4.6,1.70,1.10,1.20,3.90,1.50
6449,9.90,2.5,1.50,0.80,,1.60,3.00
6450,9.50,2.0,0.60,0.00,2.00,2.50,1.50
6451,8.40,2.5,1.30,0.00,3.50,2.50,4.60
6452,7.50,,0.20,0.00,3.50,3.40,2.10
6453,9.20,1.0,0.30,0.00,2.00,3.60,4.00
6454,11.00,3.9,1.20,1.20,1.00,0.80,3.30
6455,9.50,66.0,0.00,0.00,4.50,2.50,3.00
6456,9.50,0.9,0.40,1.20,4.50,,4.50
6457,10.50,5.3,0.00,0.40,2.10,2.50,2.80
6458,8.80,5.0,0.60,0.50,4.50,4.50,0.60
6459,7.90,2.5,0.70,0.50,2.30,3.20,
6460,9.00,150.0,48.00,0.00,1.90,2.50,4.60
6461,10.20,0.0,6.00,,1.80,2.50,4.50
6462,9.40,3.1,0.00,1.00,1.50,0.50,3.50
6463,9.50,270.0,,0.10,1.00,,4.50
6464,9.20,2.9,0.40,0.50,1.30,2.00,3.00
6465,9.70,4.5,1.00,0.30,2.00,1.80,3.00
6466,8.10,,18.00,0.20,1.50,3.50,1.00
6467,8.00,4.0,0.30,1.30,1.90,6.00,0.00
6468,9.90,246.0,24.00,24.00,3.90,1.00,2.50
6469,8.80,3.6,0.60,1.10,2.60,3.50,0.00
6470,9.80,3.5,1.00,0.90,2.60,2.60,1.90
6471,7.00,7.4,0.70,0.70,0.50,4.30,2.10
6472,10.10,0.5,0.20,0.70,1.00,1.50,
6473,9.70,120.0,30.00,,1.30,0.90,2.40
6474,9.90,4.6,1.10,0.00,1.00,2.50,3.60
6475,10.30,1.8,0.20,0.00,1.50,1.50,2.00
6476,10.20,,36.00,12.00,5.00,3.00,3.30
6477,11.00,210.0,0.00,6.00,2.50,2.00,2.80
6478,8.00,5.4,0.80,0.80,0.00,3.80,1.50
6479,10.50,102.0,0.00,30.00,2.00,1.40,3.00
6480,12.50,2.5,1.00,,1.20,1.20,3.50
6481,10.50,2.6,1.50,0.00,2.00,1.50,4.50
6482,8.00,270.0,30.00,0.00,1.50,2.50,4.60
6483,9.50,2.7,0.00,0.40,2.50,1.50,4.30
6484,9.50,2.0,1.00,0.30,1.70,2.40,2.60
6485,9.00,4.9,0.30,0.90,1.90,,3.10
6486,10.90,180.0,48.00,54.00,2.80,3.00,0.50
6487,12.00,0.6,1.50,0.00,4.90,2.30,3.50
6488,10.00,0.0,0.40,0.00,2.60,,4.60
6489,10.30,60.0,36.00,0.00,3.50,1.00,2.20
6490,9.00,120.0,78.00,1.40,,2.00,
6491,9.00,3.1,1.20,1.50,2.00,3.00,2.30
6492,8.50,3.4,0.40,0.50,2.20,2.50,2.00
6493,8.60,270.0,54.00,54.00,1.10,3.50,1.50
6494,8.60,3.3,1.00,1.00,1.90,3.50,3.00
6495,10.50,66.0,0.00,18.00,3.00,1.80,4.00
6496,8.00,1.7,0.50,1.40,1.10,5.50,0.50
6497,9.50,4.8,0.60,,2.90,2.00,2.40
6498,8.40,5.1,1.60,2.20,1.60,3.50,1.50
6499,9.00,3.0,0.40,1.90,1.90,2.80,1.50
6500,12.50,,0.90,0.20,2.40,0.00,4.60
6501,11.00,1.9,,0.00,2.80,1.00,3.90
6502,10.10,240.0,48.00,30.00,,2.30,2.20
6503,10.00,0.5,0.00,0.20,1.50,2.10,3.10
6504,8.00,6.5,0.90,1.20,1.50,3.60,1.80
6505,9.00,330.0,18.00,60.00,1.60,3.40,1.80
6506,10.10,<1,,24.00,4.00,4.00,3.00
6507,9.60,330.0,54.00,0.70,0.50,4.00,2.00
6508,7.10,270.0,66.00,,2.00,3.80,2.50
6509,8.50,1.3,0.80,0.40,3.00,0.80,2.00
6510,9.50,2.5,0.90,0.10,2.50,2.50,2.80
6511,10.00,--,0.30,0.90,2.00,3.10,2.90
6512,9.00,5.0,1.00,1.00,0.50,1.50,0.90
6513,7.90,6.0,1.60,1.50,1.00,4.00,1.50
6514,8.50,4.0,1.20,0.00,2.20,2.50,4.40
6515,9.90,240.0,90.00,0.70,2.00,0.80,4.00
6516,9.00,4.0,1.90,0.10,3.50,2.50,2.80
6517,11.50,3.5,1.40,0.00,1.30,1.10,4.40
6518,8.50,162.0,78.00,120.00,3.00,5.50,0.50
6519,10.50,120.0,0.00,0.00,1.50,0.50,3.10
6520,9.50,3.0,0.50,0.60,1.00,2.20,3.00
6521,,4.1,0.10,1.40,1.90,2.00,3.10
6522,11.30,42.0,0.00,18.00,3.50,2.20,3.10
6523,11.50,132.0,36.00,24.00,2.00,3.00,3.50
6524,7.70,6.0,0.70,,2.90,3.50,2.00
6525,9.50,72.0,0.00,36.00,5.50,3.70,2.00
6526,10.90,222.0,48.00,48.00,,2.50,3.10
6527,10.60,3.0,,1.20,1.20,2.40,2.50
6528,11.00,150.0,54.00,48.00,3.20,1.50,
6529,11.00,1.8,0.40,0.10,4.00,0.50,5.00
6530,10.00,3.5,0.60,0.00,1.00,2.20,3.10
6531,10.50,4.0,0.80,0.20,1.00,2.00,4.00
6532,8.60,2.7,1.40,0.80,2.50,3.50,2.80
6533,10.70,1.6,0.30,0.00,3.70,2.50,4.20
6534,9.00,5.5,0.60,1.70,1.90,4.20,1.10
6535,,4.5,0.00,0.40,2.50,2.50,3.50
6536,11.50,2.0,,,3.30,0.00,3.50
6537,9.00,1.8,1.20,,1.40,4.20,2.30
6538,10.00,0.0,0.30,0.00,2.00,1.40,4.00
6539,8.00,,,1.70,3.80,2.00,2.10
6540,8.50,1.5,1.10,0.00,4.00,,3.20
6541,8.20,2.2,0.80,2.50,2.00,2.60,0.50
6542,,1.8,0.90,0.00,1.40,0.50,2.10
6543,,2.0,0.40,0.00,3.00,2.00,3.20
6544,9.80,0.5,0.80,0.10,2.20,2.00,3.30
6545,9.50,1.4,0.00,0.40,4.80,3.00,6.00
6546,8.50,4.3,0.10,0.60,0.90,4.00,2.20
6547,10.20,1.8,0.00,0.80,3.80,2.70,2.00
6548,10.50,1.7,,0.00,3.00,1.00,4.50
6549,10.00,<1,6.00,1.80,0.90,0.50,1.60
6550,9.50,5.0,0.70,1.30,2.20,2.00,
6551,9.00,420.0,24.00,18.00,2.00,,3.00
6552,9.90,360.0,66.00,24.00,0.50,2.50,3.20
6553,7.50,5.4,2.10,1.70,0.00,3.60,2.80
6554,,3.0,1.70,0.40,2.20,0.30,3.50
6555,,0.1,0.50,1.00,0.90,0.40,5.50
6556,10.00,270.0,48.00,0.00,2.90,,4.00
6557,8.40,1.1,1.00,1.10,1.90,3.00,1.80
6558,10.50,1.0,1.10,0.00,4.00,3.00,1.80
6559,10.50,60.0,66.00,0.00,3.00,0.50,3.60
6560,8.50,4.5,0.30,1.90,1.60,4.00,2.00
6561,,150.0,54.00,60.00,2.00,2.50,2.50
6562,10.00,0.5,,0.60,4.10,2.50,
6563,9.50,n/a,,0.00,5.40,,
6564,10.50,4.0,0.90,0.00,2.60,1.50,4.30
6565,10.00,2.8,0.30,0.70,2.20,4.70,2.00
6566,8.90,3.0,0.50,1.40,2.00,2.50,3.00
6567,9.00,3.6,0.20,0.50,,3.50,2.50
6568,9.50,2.5,0.00,1.30,3.00,4.40,2.00
6569,9.00,288.0,90.00,0.00,,3.20,2.40
6570,10.50,2.7,0.70,0.20,1.50,1.70,4.30
6571,8.40,4.0,0.30,0.00,,1.80,1.70
6572,12.10,,54.00,,3.80,1.80,4.00
6573,8.00,3.0,0.90,0.80,2.90,3.50,0.40
6574,8.50,6.0,0.30,0.60,2.00,2.90,0.00
6575,11.10,,0.80,1.60,0.70,1.50,3.00
6576,9.60,3.5,0.20,1.00,3.50,1.10,3.50
6577,10.10,174.0,42.00,36.00,1.50,3.00,3.00
6578,8.20,6.0,0.70,0.70,0.50,4.80,
6579,11.00,1.5,1.60,0.00,2.20,1.50,5.20
6580,10.10,150.0,48.00,42.00,4.50,2.00,3.60
6581,10.00,4.5,1.00,0.60,1.30,0.00,
6582,12.00,1.7,0.30,0.00,1.50,0.00,4.20
6583,10.00,3.5,1.30,0.00,2.20,2.70,3.80
6584,7.50,144.0,12.00,1.80,1.20,3.60,3.80
6585,9.00,3.0,0.20,1.20,3.00,,3.00
6586,10.70,3.6,0.40,0.00,3.00,0.90,4.90
6587,9.20,3.5,0.40,0.00,2.00,1.00,2.50
6588,11.00,264.0,42.00,0.70,2.50,1.00,3.00
6589,11.20,66.0,42.00,1.50,2.50,3.00,3.00
6590,8.20,306.0,60.00,30.00,2.50,4.50,1.00
6591,9.50,0.0,1.70,0.00,1.50,2.30,5.00
6592,10.00,1.6,1.40,0.50,5.40,1.10,3.00
6593,9.50,2.5,0.20,0.20,4.00,1.50,1.50
6594,10.00,,0.00,0.00,2.00,0.80,3.00
6595,9.50,,0.30,0.90,5.00,,2.50
6596,11.50,2.9,0.50,0.30,1.90,2.30,3.50
6597,9.90,252.0,54.00,30.00,0.90,3.50,2.00
6598,10.30,3.6,0.60,0.60,2.30,2.50,
6599,11.50,5.6,0.30,0.50,0.50,3.10,2.00
6600,11.50,168.0,48.00,0.00,1.00,2.70,2.50
6601,9.70,0.0,0.10,0.00,6.70,0.00,4.70
6602,9.20,3.5,,1.50,1.60,4.00,2.50
6603,8.50,0.4,0.70,2.10,4.40,3.00,2.40
6604,10.50,0.0,1.00,0.00,5.10,1.60,3.60
6605,10.00,5.0,0.40,1.00,2.00,3.00,2.50
6606,10.50,0.5,0.80,1.40,3.90,1.70,3.00
6607,10.30,120.0,96.00,42.00,3.00,1.50,5.00
6608,10.50,4.4,0.30,1.20,2.50,2.00,3.50
6609,10.10,3.0,1.20,0.30,1.20,4.00,2.50
6610,9.00,8.0,0.20,0.00,0.10,,2.50
6611,10.60,2.5,1.40,0.30,2.50,0.50,3.30
6612,9.00,390.0,30.00,1.00,1.50,3.50,1.50
6613,10.00,0.0,0.80,0.20,3.00,1.50,4.50
6614,10.10,132.0,0.00,24.00,3.50,3.50,4.90
6615,9.00,3.5,,0.40,2.70,4.00,2.20
6616,10.00,0.3,0.00,0.60,3.10,,3.70
6617,11.00,0.0,0.90,0.10,2.50,3.10,2.80
6618,10.40,1.4,1.30,0.00,2.50,1.90,3.10
6619,,4.0,1.50,0.10,1.50,,1.00
6620,9.10,90.0,66.00,0.00,1.00,3.50,0.70
6621,8.40,2.9,1.00,1.20,1.70,3.00,3.00
6622,9.00,270.0,12.00,0.50,2.90,4.50,2.10
6623,10.50,150.0,,0.00,1.00,0.00,
6624,10.00,240.0,18.00,0.90,2.30,2.60,3.50
6625,11.00,2.5,1.40,0.30,2.50,3.00,3.50
6626,10.60,4.8,1.30,2.00,,2.40,
6627,8.00,4.4,0.90,1.30,2.90,5.50,1.50
6628,9.80,4.5,,1.20,1.10,1.20,2.50
6629,10.00,150.0,30.00,0.80,1.90,,4.30
6630,8.80,3.7,,0.80,1.00,4.00,3.30
6631,10.00,1.5,0.10,0.50,2.20,1.70,3.00
6632,8.60,5.3,0.80,0.00,,3.50,3.40
6633,10.00,3.5,0.30,0.30,2.30,0.50,1.50
6634,11.20,,0.30,0.00,6.00,0.80,4.50
6635,10.90,1.2,0.40,0.10,,1.80,3.00
6636,9.60,3.5,0.70,0.00,,2.50,2.70
6637,9.00,1.2,0.30,0.00,2.50,3.70,2.10
6638,7.70,3.2,1.70,1.10,2.30,4.00,2.00
6639,10.80,210.0,36.00,42.00,2.50,2.70,3.40
6640,10.50,4.0,,0.10,,,3.00
6641,8.00,2.6,0.50,1.10,3.60,1.60,3.00
6642,10.00,192.0,54.00,12.00,3.50,2.00,3.90
6643,10.50,0.0,0.80,0.60,3.00,1.00,
6644,9.50,450.0,54.00,84.00,1.00,2.50,0.70
6645,9.50,4.0,0.00,0.00,2.50,3.00,3.80
6646,9.70,1.0,,0.00,3.30,4.00,3.30
6647,10.50,3.0,0.10,0.00,1.90,2.50,1.50
6648,9.50,3.5,0.30,0.20,4.00,1.60,2.00
6649,10.30,1.8,1.10,0.40,4.90,1.00,4.00
6650,10.00,180.0,54.00,0.00,1.50,3.50,2.50
6651,9.50,4.0,0.30,,2.00,1.30,4.50
6652,9.00,4.6,0.60,0.50,2.40,3.00,3.30
6653,7.50,4.0,1.30,0.70,0.60,2.70,3.00
6654,8.90,6.2,0.50,0.90,0.70,4.60,1.00
6655,10.30,3.5,0.10,,2.20,2.50,3.90
6656,10.90,1.9,0.20,0.10,4.00,1.20,
6657,11.40,210.0,18.00,18.00,2.40,1.50,4.50
6658,8.50,132.0,90.00,42.00,3.00,,0.90
6659,10.50,n/a,1.10,0.50,1.20,2.50,4.00
6660,11.10,282.0,60.00,0.40,1.90,1.50,2.60
6661,8.00,3.5,0.90,1.10,2.50,4.30,1.20
6662,8.00,3.0,0.60,1.40,1.00,3.00,1.00
6663,9.90,84.0,0.00,0.40,0.90,2.50,4.80
6664,11.00,0.2,0.30,0.90,2.00,1.90,3.50
6665,10.50,4.0,0.60,0.00,4.00,2.50,2.20
6666,8.50,<1,108.00,0.00,3.50,2.00,3.20
6667,10.00,2.0,,1.40,0.50,2.90,2.10
6668,,5.5,0.20,0.60,0.90,2.90,2.50
6669,10.90,192.0,24.00,,2.20,,3.50
6670,8.50,5.6,0.80,0.70,2.00,3.00,1.70
6671,9.50,2.0,0.20,0.60,4.50,3.50,2.20
6672,9.00,1.0,1.60,0.10,2.50,4.00,0.90
6673,10.30,30.0,24.00,30.00,4.50,0.00,1.70
6674,11.00,5.5,,0.00,2.00,0.00,
6675,8.60,132.0,18.00,30.00,2.80,3.50,1.50
6676,11.00,3.2,0.90,0.60,1.20,1.00,4.10
6677,10.00,1.5,1.10,0.50,2.00,2.50,1.80
6678,9.50,5.0,0.00,0.40,0.50,3.70,3.00
6679,9.80,228.0,30.00,72.00,,4.60,0.50
6680,10.50,90.0,42.00,54.00,3.50,2.00,2.00
6681,9.80,4.0,0.50,0.00,1.70,2.20,2.50
6682,11.00,42.0,72.00,,3.50,1.50,4.00
6683,8.90,1.0,0.00,0.00,1.00,2.50,1.80
6684,10.50,2.0,0.10,0.50,5.50,2.00,4.50
6685,11.00,0.0,1.60,0.00,1.50,0.00,4.30
6686,9.70,3.4,1.40,0.00,0.50,3.60,3.30
6687,10.00,330.0,,24.00,1.50,2.20,3.40
6688,10.50,2.0,0.30,1.20,2.50,1.00,3.30
6689,9.80,1.0,,0.00,1.80,1.50,4.00
6690,,5.5,0.20,2.30,1.60,5.50,1.00
6691,10.50,0.5,,1.50,3.90,1.50,3.50
6692,9.60,150.0,6.00,78.00,1.50,3.50,2.50
6693,9.00,--,30.00,0.40,4.10,2.80,3.50
6694,10.00,,0.60,0.50,2.20,2.30,2.00
6695,8.50,3.5,1.30,0.00,1.20,2.50,3.50
6696,10.50,5.5,,1.10,1.80,2.50,1.50
6697,9.90,5.0,0.40,0.80,1.20,3.20,2.50
6698,9.70,4.2,0.80,1.30,2.00,3.10,2.50
6699,9.50,,0.00,0.10,5.10,2.10,3.90
6700,11.00,72.0,96.00,30.00,1.10,2.50,4.00
6701,8.50,1.4,2.00,0.80,3.00,,2.00
6702,9.00,222.0,18.00,42.00,2.70,3.00,2.50
6703,8.50,4.0,,1.30,0.40,3.50,2.00
6704,10.00,,78.00,0.00,0.90,3.30,3.40
6705,7.50,240.0,42.00,,4.60,3.10,
6706,7.80,3.3,0.70,1.10,3.00,3.00,1.50
6707,8.50,90.0,18.00,0.00,2.50,1.50,4.20
6708,11.00,4.0,0.50,0.10,2.00,3.80,2.50
6709,10.00,2.2,0.70,,0.50,2.60,2.00
6710,8.40,2.5,1.10,0.20,3.00,2.50,2.30
6711,9.50,3.5,0.00,0.50,4.40,1.00,3.50
6712,9.80,4.6,0.60,0.30,1.10,2.50,3.60
6713,9.90,6.0,60.00,0.00,1.50,0.60,4.70
6714,9.70,2.6,1.10,0.50,2.00,3.10,3.20
6715,11.20,2.7,0.80,,4.40,2.60,3.10
6716,7.50,5.0,0.70,1.20,1.60,4.00,2.30
6717,9.00,4.9,2.30,0.70,0.90,3.50,2.50
6718,8.00,3.2,0.00,2.00,2.00,2.00,0.50
6719,8.70,2.9,0.70,1.30,2.50,3.50,1.60
6720,10.30,0.0,0.70,1.20,5.00,0.30,3.60
6721,11.00,3.2,0.20,0.10,1.70,1.00,3.50
6722,9.70,3.0,1.00,,2.00,4.00,1.50
6723,,300.0,60.00,90.00,2.00,4.00,1.10
6724,9.00,2.2,0.30,0.80,2.70,,
6725,9.20,2.9,0.00,0.00,3.00,3.50,3.40
6726,10.80,1.5,0.20,0.70,1.70,,
6727,9.80,4.5,0.50,1.30,2.50,2.50,1.00
6728,9.60,318.0,12.00,0.00,1.50,4.60,2.00
6729,8.00,3.4,0.90,0.90,,3.00,1.20
6730,8.60,288.0,30.00,36.00,4.00,3.10,1.00
6731,9.00,3.0,0.70,0.90,1.70,3.50,0.50
6732,11.00,1.5,,0.40,4.40,2.20,2.50
6733,,1.0,0.60,0.00,3.10,4.00,3.50
6734,,,24.00,0.40,4.50,2.40,1.60
6735,9.00,180.0,102.00,72.00,0.00,2.10,1.50
6736,7.30,3.5,,1.20,0.50,3.00,0.10
6737,11.50,4.4,0.20,0.30,1.50,2.40,3.00
6738,9.60,2.4,1.70,,1.40,3.90,3.00
6739,7.00,3.4,,0.20,4.40,2.90,2.50
6740,10.50,4.4,1.20,0.10,1.50,2.50,2.30
6741,10.10,0.0,1.00,0.50,2.10,2.20,4.50
6742,11.50,1.5,0.30,0.00,4.60,1.90,4.90
6743,11.10,4.0,0.60,0.40,1.50,3.50,2.50
6744,10.50,3.5,0.80,0.00,3.60,1.50,3.00
6745,9.50,324.0,42.00,54.00,1.00,3.80,0.50
6746,,4.0,0.10,0.00,3.00,1.90,3.70
6747,7.50,1.2,0.70,0.40,1.60,4.00,3.00
6748,12.00,126.0,42.00,,0.30,3.00,
6749,9.00,4.3,,0.40,5.70,2.50,1.50
6750,10.70,3.5,0.90,1.40,0.50,2.20,4.50
6751,8.50,--,126.00,1.80,2.90,,1.50
6752,10.00,>60,96.00,6.00,1.90,3.30,3.50
6753,11.00,3.6,1.00,0.90,2.30,1.70,
6754,9.50,330.0,0.00,0.00,0.60,1.00,1.70
6755,12.30,210.0,36.00,48.00,3.80,1.50,2.50
6756,,30.0,30.00,1.10,2.40,,6.00
6757,10.40,1.8,0.20,0.00,3.00,3.00,2.00
6758,11.50,0.0,1.10,0.00,4.00,0.50,3.50
6759,,,1.30,0.40,2.70,1.50,3.90
6760,11.80,3.0,,0.40,2.50,1.10,3.40
6761,8.70,5.0,1.30,1.10,,3.90,2.10
6762,,360.0,90.00,90.00,1.60,3.00,1.40
6763,10.50,1.5,0.60,0.20,2.00,0.70,2.50
6764,9.00,3.0,1.50,0.10,2.60,0.80,4.20
6765,10.60,0.0,0.80,1.30,2.50,0.40,4.20
6766,9.30,120.0,12.00,0.00,4.00,2.50,5.00
6767,9.40,3.2,0.70,0.00,2.00,2.70,4.00
6768,9.20,2.5,0.80,0.60,4.20,1.90,2.50
6769,8.60,5.0,0.60,0.50,3.00,3.20,2.30
6770,9.20,2.0,0.00,0.40,2.60,2.00,
6771,11.00,2.0,1.30,0.00,2.80,2.00,3.50
6772,9.50,210.0,,30.00,2.60,,1.90
6773,8.80,1.3,0.90,0.50,1.00,3.30,2.50
6774,8.90,240.0,,60.00,2.50,6.00,0.00
6775,8.50,,0.60,1.20,2.30,2.20,2.50
6776,9.00,not recorded,0.40,1.00,2.00,5.00,1.50
6777,9.90,3.4,0.20,0.80,4.00,3.00,1.50
6778,9.50,3.5,0.70,,2.50,2.10,
6779,10.00,1.2,0.70,0.30,,,
6780,9.50,3.0,0.80,1.10,1.50,1.50,4.60
6781,9.00,2.9,1.10,,0.70,1.90,1.50
6782,10.00,3.0,0.00,0.10,3.70,3.00,3.00
6783,8.50,3.2,0.90,0.50,2.00,0.50,3.90
6784,8.50,5.0,0.70,0.80,3.00,4.00,
6785,8.80,4.5,0.80,0.00,3.20,2.00,2.50
6786,9.10,4.3,0.40,0.80,3.20,2.80,2.50
6787,9.70,84.0,0.00,42.00,3.00,1.00,
6788,9.00,6.4,,0.80,,2.50,2.70
6789,10.90,3.3,,0.00,1.70,1.50,2.50
6790,8.50,2.5,0.20,0.80,1.50,4.30,0.40
6791,11.00,,1.20,0.70,2.00,2.90,2.30
6792,10.50,,0.60,0.50,1.60,3.00,2.00
6793,9.00,2.5,0.00,0.00,,2.50,1.70
6794,8.60,7.0,0.90,1.30,1.00,4.20,0.50
6795,9.30,2.5,0.30,1.00,2.00,0.00,3.70
6796,8.70,4.5,0.00,1.80,0.50,3.80,1.50
6797,10.00,2.0,0.20,,4.00,3.00,2.50
6798,11.00,1.5,0.40,0.20,1.40,1.60,4.50
6799,10.50,3.0,0.30,1.50,2.00,3.00,3.00
6800,,,12.00,0.20,2.70,3.50,3.90
6801,9.50,,0.70,0.10,1.50,2.50,3.00
6802,9.70,4.3,0.30,0.80,4.50,1.50,3.20
6803,7.50,3.5,0.80,1.20,1.70,3.00,2.10
6804,8.30,30.0,30.00,0.30,4.20,2.00,1.60
6805,10.40,3.5,0.70,0.60,2.00,2.90,3.20
6806,10.40,6.4,0.60,0.90,0.10,3.50,1.50
6807,9.50,2.7,0.20,0.00,2.60,,4.50
6808,,4.0,1.00,0.00,2.30,1.00,4.00
6809,9.00,2.1,0.70,0.80,4.00,3.00,2.90
6810,10.10,2.6,1.50,,1.50,1.50,3.00
6811,11.70,2.5,0.40,0.00,2.50,1.50,2.00
6812,10.00,66.0,0.00,72.00,2.60,1.50,2.50
6813,9.50,0.3,2.80,1.20,0.00,4.00,4.00
6814,7.50,3.3,0.70,1.60,2.00,5.10,0.10
6815,10.50,3.5,0.50,0.30,1.00,4.20,2.40
6816,,3.6,1.10,0.20,2.10,,3.30
6817,12.00,,42.00,0.20,2.30,0.00,4.00
6818,10.00,6.8,,0.80,1.00,4.10,0.50
6819,9.50,4.6,0.00,1.00,1.50,4.00,2.50
6820,8.20,6.0,0.70,1.00,0.40,2.50,3.00
6821,11.00,0.5,0.50,0.50,3.50,0.60,3.50
6822,,108.0,66.00,84.00,2.50,3.20,3.80
6823,10.00,<1,2.20,1.10,0.10,3.50,2.10
6824,9.00,336.0,66.00,0.40,2.10,2.00,
6825,9.50,4.0,1.30,,,1.70,4.00
6826,,2.6,0.60,0.00,3.60,2.50,3.90
6827,8.80,6.6,1.10,,1.00,2.40,2.20
6828,9.50,2.6,0.00,0.00,2.00,3.00,2.90
6829,9.50,1.5,1.10,0.80,2.40,1.50,3.70
6830,9.50,3.5,0.80,0.00,2.50,2.00,1.50
6831,9.00,3.1,1.90,1.00,2.00,2.40,1.20
6832,9.60,1.0,0.20,0.50,1.50,1.30,4.70
6833,7.90,5.0,1.10,2.30,1.20,3.00,2.30
6834,9.00,3.3,1.00,0.00,4.50,3.00,3.50
6835,8.00,5.5,1.20,1.50,1.50,4.00,1.00
6836,9.40,60.0,36.00,6.00,3.50,2.00,6.00
6837,8.00,4.4,0.10,1.20,3.60,4.00,0.90
6838,8.00,5.9,0.80,0.70,2.90,4.80,1.50
6839,9.00,8.0,0.50,0.00,2.10,2.40,1.50
6840,8.40,3.0,0.60,1.20,3.50,2.50,2.50
6841,9.50,2.5,1.10,0.00,4.00,0.50,4.90
6842,9.60,1.3,0.80,0.50,0.90,1.50,2.50
6843,10.80,300.0,72.00,0.00,0.50,3.20,2.70
6844,11.20,4.4,,1.60,1.00,2.20,2.90
6845,9.50,3.7,0.90,1.50,2.00,1.70,
6846,9.00,2.3,0.50,1.10,3.70,3.90,1.50
6847,9.00,348.0,42.00,,0.50,5.00,0.60
6848,9.00,2.5,0.10,0.50,2.10,,2.30
6849,12.00,2.1,0.00,0.00,1.70,1.50,4.00
6850,9.40,3.6,0.40,1.30,1.00,2.00,0.50
6851,9.40,0.0,0.00,0.80,4.50,1.50,5.00
6852,12.00,2.0,0.50,0.10,2.50,4.00,2.50
6853,,2.5,0.50,0.00,,2.90,3.00
6854,10.90,5.0,0.10,0.00,1.00,2.50,
6855,11.20,90.0,24.00,0.20,1.50,1.00,3.80
6856,11.00,186.0,24.00,0.00,1.00,3.50,3.50
6857,12.00,1.5,1.30,0.00,2.80,0.50,3.50
6858,9.50,5.2,0.50,0.90,0.00,3.10,3.00
6859,9.30,390.0,18.00,42.00,1.50,2.00,1.00
6860,12.00,1.0,0.50,0.00,3.50,0.00,4.30
6861,9.10,3.5,0.50,1.30,1.20,3.00,3.00
6862,9.20,1.5,0.50,1.30,3.00,2.50,1.90
6863,10.20,0.0,1.50,0.20,2.00,2.00,4.00
6864,10.90,3.0,0.20,0.00,3.00,2.50,4.40
6865,10.00,1.4,1.10,0.20,3.00,2.50,1.50
6866,12.00,2.0,0.00,1.80,2.00,1.00,4.00
6867,8.40,2.3,0.20,1.60,2.40,4.40,0.50
6868,10.50,not recorded,1.10,0.00,2.60,3.30,1.70
6869,11.00,3.1,0.60,0.80,1.50,0.50,4.00
6870,9.70,1.5,1.10,1.00,6.50,2.00,3.00
6871,11.00,2.0,0.10,0.00,1.80,2.50,5.00
6872,10.00,294.0,,0.00,,4.40,1.30
6873,8.60,2.0,0.80,0.70,3.50,0.70,3.60
6874,10.00,,0.70,1.30,0.90,2.50,3.30
6875,10.00,TBD,0.70,0.40,2.70,,2.00
6876,9.00,150.0,30.00,18.00,2.00,3.50,1.80
6877,8.50,4.5,0.60,1.40,0.50,4.00,1.30
6878,9.20,3.0,1.40,0.00,1.00,1.50,4.00
6879,9.60,4.5,,0.30,1.10,3.00,3.50
6880,8.00,5.0,0.20,0.70,1.50,4.70,3.00
6881,9.60,2.5,0.60,0.80,,3.00,3.00
6882,12.50,<1,12.00,0.00,1.50,1.90,3.40
6883,9.20,3.5,0.70,0.20,1.60,2.60,4.00
6884,10.00,1.9,0.30,0.00,1.90,2.20,4.90
6885,8.70,84.0,78.00,12.00,5.30,0.00,5.00
6886,10.50,90.0,,0.00,1.50,2.00,4.30
6887,9.80,3.0,0.30,0.00,1.50,3.40,2.20
6888,10.00,4.0,1.10,0.10,2.30,2.00,3.50
6889,10.50,5.0,0.80,0.80,,1.60,3.00
6890,10.00,3.0,0.40,0.60,,3.40,1.30
6891,8.30,,0.80,,4.20,2.00,1.50
6892,8.50,4.4,0.30,0.70,2.00,2.60,3.10
6893,9.00,2.2,0.40,0.20,,0.70,5.10
6894,8.00,2.5,1.70,0.60,2.40,1.00,3.40
6895,8.70,5.5,1.70,0.30,1.30,3.70,1.00
6896,9.70,,120.00,1.70,2.00,2.00,3.50
6897,11.50,150.0,36.00,36.00,2.60,2.50,3.30
6898,12.10,3.0,0.90,0.30,2.50,2.20,3.50
6899,11.00,3.5,0.20,1.30,4.20,2.50,1.50
6900,8.70,4.4,1.10,0.50,1.50,1.50,5.00
6901,8.30,3.1,1.60,2.00,1.90,3.30,1.50
6902,10.00,0.5,0.20,0.30,5.90,1.00,3.20
6903,,TBD,0.90,,1.50,0.50,2.60
6904,,3.7,1.40,1.00,2.40,4.60,1.00
6905,10.50,0.5,0.60,0.10,1.50,2.40,2.20
6906,9.50,90.0,12.00,48.00,4.40,2.50,2.30
6907,8.00,3.5,0.50,,3.50,3.90,2.50
6908,12.00,5.1,0.00,0.90,,0.90,3.00
6909,6.50,4.5,1.30,1.50,2.00,6.70,0.50
6910,,1.5,0.10,1.10,3.50,2.50,4.00
6911,9.90,264.0,60.00,48.00,,4.00,2.00
6912,10.60,2.8,1.40,0.80,1.00,2.30,3.00
6913,11.00,132.0,54.00,0.00,3.10,2.20,4.00
6914,,1.0,1.30,0.00,4.10,2.50,3.00
6915,8.60,3.4,1.30,1.60,1.70,3.80,2.00
6916,9.70,120.0,30.00,0.00,,3.00,2.70
6917,11.00,1.5,0.50,0.00,2.00,2.00,3.00
6918,7.80,1.3,0.90,0.90,4.00,3.80,1.00
6919,8.50,3.6,,0.10,0.50,3.90,2.40
6920,9.00,3.0,1.30,0.00,2.00,3.00,5.50
6921,9.00,4.5,0.90,0.40,1.30,2.00,4.50
6922,9.50,7.5,,0.90,0.00,4.10,
6923,9.50,90.0,30.00,24.00,1.10,2.00,3.50
6924,8.00,168.0,102.00,0.90,5.20,4.00,2.50
6925,9.80,3.0,0.10,0.10,3.00,4.10,2.20
6926,9.00,0.7,1.20,,1.00,3.00,3.90
6927,9.00,318.0,84.00,0.40,1.00,3.00,3.00
6928,8.70,330.0,24.00,1.70,0.50,4.10,1.60
6929,11.00,1.1,0.40,0.20,2.20,1.00,4.50
6930,10.90,5.0,0.70,0.90,0.00,2.60,1.80
6931,9.50,3.5,0.50,0.80,1.10,3.20,3.80
6932,9.70,2.6,0.20,0.80,1.60,2.80,3.60
6933,9.20,240.0,,0.50,2.50,2.50,3.50
6934,9.00,3.2,0.70,0.50,1.70,2.10,3.90
6935,9.80,300.0,42.00,0.40,1.50,2.00,3.00
6936,11.00,0.0,1.00,1.10,5.50,0.10,3.60
6937,11.50,1.7,0.60,0.60,3.00,1.50,4.20
6938,9.50,3.9,0.90,0.40,1.90,3.70,2.50
6939,8.60,120.0,60.00,96.00,1.40,,2.50
6940,10.50,282.0,24.00,0.00,2.00,3.00,2.50
6941,9.40,0.2,0.10,,4.00,3.10,1.50
6942,7.50,2.0,1.40,1.30,2.50,3.40,0.00
6943,10.10,TBD,0.50,1.30,2.20,,
6944,8.10,210.0,66.00,96.00,1.00,4.90,
6945,9.50,1.7,0.40,0.10,3.50,0.50,3.10
6946,9.00,2.9,1.20,0.90,,3.00,2.40
6947,,198.0,,,1.60,4.10,1.60
6948,9.00,5.0,1.20,0.40,1.00,3.50,
6949,10.00,162.0,24.00,0.00,1.20,1.70,1.30
6950,9.40,5.4,0.90,0.60,4.00,3.40,1.00
6951,,3.0,1.20,2.60,1.60,1.90,1.70
6952,8.10,222.0,36.00,54.00,1.60,3.20,1.70
6953,10.40,2.0,0.10,0.00,5.40,1.50,4.40
6954,10.00,1.5,0.50,,3.80,3.10,3.00
6955,8.60,3.0,0.10,0.70,2.00,3.70,0.50
6956,9.50,0.0,6.00,6.00,2.20,1.50,3.70
6957,9.50,150.0,42.00,0.40,1.20,1.40,5.50
6958,8.50,1.6,0.50,0.10,4.80,1.50,4.60
6959,11.10,2.5,0.70,1.10,1.10,2.60,2.00
6960,8.60,3.5,,0.70,1.50,4.00,3.60
6961,10.00,210.0,66.00,1.10,0.50,4.50,2.60
6962,11.00,2.0,0.00,0.30,0.80,2.50,3.00
6963,8.30,270.0,18.00,12.00,1.50,2.00,1.50
6964,,,18.00,6.00,,1.00,3.00
6965,10.20,0.0,1.60,1.10,3.50,2.00,3.40
6966,7.50,6.0,0.70,2.60,1.30,3.50,2.00
6967,7.20,,0.70,0.60,2.60,3.00,1.00
6968,10.00,3.5,0.70,0.80,1.60,3.00,3.00
6969,10.20,1.6,,0.00,3.00,1.50,4.10
6970,8.90,4.2,1.20,0.00,2.00,2.80,0.90
6971,10.50,4.6,0.40,0.00,1.00,2.00,
6972,10.00,210.0,36.00,0.00,3.50,3.20,
6973,8.30,3.8,1.50,0.40,1.60,0.50,1.70
6974,8.50,3.2,0.40,0.30,2.40,,4.00
6975,11.50,2.2,1.20,0.00,1.00,2.50,4.40
6976,8.30,5.1,0.30,1.70,1.50,3.50,0.00
6977,8.00,1.9,0.90,0.90,6.00,3.50,2.00
6978,,4.0,0.90,0.70,2.50,2.60,2.00
6979,10.70,1.5,0.30,0.80,3.90,2.30,2.00
6980,12.90,1.5,,0.00,3.00,1.20,3.50
6981,10.00,,0.50,0.80,2.00,1.70,3.40
6982,10.30,2.0,0.20,1.00,,4.50,3.00
6983,9.50,300.0,42.00,0.90,1.50,3.50,1.20
6984,9.50,4.4,0.60,1.30,2.00,1.50,0.90
6985,9.00,4.5,0.40,0.90,3.30,4.50,1.50
6986,8.50,240.0,24.00,0.50,2.50,3.50,2.20
6987,,3.5,1.20,1.80,1.30,2.40,1.00
6988,9.80,3.5,0.50,1.20,1.00,,3.50
6989,9.10,6.5,0.70,1.20,0.70,2.80,1.00
6990,9.40,1.9,0.30,0.10,2.20,1.60,2.00
6991,9.30,1.5,1.00,0.30,3.20,0.30,4.00
6992,8.80,0.0,0.00,1.80,1.50,2.00,
6993,10.10,0.0,,0.00,4.50,1.00,2.90
6994,,1.6,0.80,0.00,2.50,2.50,
6995,9.00,5.5,1.20,1.00,0.80,3.60,1.50
6996,11.50,5.0,,0.80,0.50,2.80,2.00
6997,9.00,360.0,90.00,66.00,1.50,2.50,1.60
6998,,3.1,0.00,1.40,3.50,3.80,0.70
6999,7.80,2.5,0.90,1.00,2.50,4.60,3.00
7000,10.10,5.0,0.30,0.10,3.30,0.00,3.30
7001,10.00,0.0,0.00,0.00,2.60,,
7002,8.40,5.0,0.40,1.00,,2.80,1.00
7003,8.90,204.0,78.00,1.40,1.60,3.90,2.70
7004,8.70,0.2,0.10,0.90,4.50,0.50,3.90
7005,10.50,1.8,0.00,0.00,2.50,,3.50
7006,10.20,1.7,0.50,0.00,5.00,,2.90
7007,11.00,96.0,0.00,0.00,1.00,1.00,3.80
7008,9.50,2.5,0.50,0.10,5.30,,4.50
7009,10.80,,0.90,0.70,2.50,3.00,4.50
7010,10.00,174.0,66.00,24.00,3.30,2.00,3.50
7011,9.00,5.9,0.60,0.20,0.80,3.00,3.00
7012,8.20,6.5,1.10,2.40,1.50,,0.20
7013,,3.5,0.30,0.00,,3.00,5.00
7014,10.20,4.0,0.80,0.30,2.50,3.00,0.30
7015,10.60,5.5,1.60,0.00,1.90,0.00,3.30
7016,8.60,360.0,42.00,36.00,0.40,2.50,2.00
7017,11.20,4.0,1.00,0.00,2.00,2.50,2.50
7018,11.10,5.1,1.70,0.40,,2.40,1.50
7019,7.90,4.2,0.00,0.00,3.00,2.40,3.50
7020,10.70,>60,0.70,0.00,1.80,0.80,3.80
7021,9.40,30.0,,0.00,,1.40,4.00
7022,10.50,2.5,0.20,0.30,1.60,2.90,3.60
7023,8.70,>60,0.40,0.60,2.90,1.80,1.50
7024,8.00,4.7,,0.20,1.40,2.50,3.20
7025,9.50,3.5,1.20,2.10,2.10,2.30,2.70
7026,8.00,3.3,0.60,0.00,2.50,3.50,1.20
7027,8.50,<1,1.60,0.00,2.00,,1.80
7028,10.00,4.2,0.60,0.00,3.00,4.00,2.50
7029,11.50,5.7,1.10,,,0.90,2.50
7030,10.00,2.2,0.70,,1.60,4.50,2.70
7031,7.40,0.5,0.70,1.00,3.70,3.00,3.00
7032,10.00,3.9,0.60,0.00,1.70,0.60,5.00
7033,11.00,2.4,0.30,0.00,,2.00,1.50
7034,8.00,3.0,,1.30,3.00,2.20,2.50
7035,8.60,5.1,0.90,2.00,2.50,2.30,0.00
7036,8.50,5.3,0.00,1.10,0.90,4.00,3.30
7037,8.90,1.5,0.50,0.90,3.30,2.00,2.00
7038,9.40,not recorded,1.50,2.30,5.20,1.80,3.70
7039,8.80,0.0,0.00,0.20,2.40,,4.60
7040,8.50,5.0,0.60,0.00,1.50,,
7041,,168.0,48.00,0.00,1.30,0.60,4.50
7042,9.60,3.0,0.40,1.30,1.90,3.50,3.40
7043,11.80,1.3,0.60,,1.90,0.00,6.00
7044,10.00,5.4,1.20,1.60,0.00,3.30,0.50
7045,8.60,0.5,1.00,0.70,2.50,3.50,1.50
7046,8.00,3.5,1.10,1.90,1.20,4.30,0.00
7047,9.70,330.0,48.00,6.00,0.70,2.00,4.00
7048,8.50,4.7,0.10,0.10,,3.80,2.40
7049,10.30,4.5,0.80,0.20,1.30,3.00,3.50
7050,8.50,2.4,0.40,0.00,2.50,3.30,3.10
7051,10.00,2.5,1.20,1.10,1.50,3.90,3.00
7052,10.20,3.5,0.70,2.10,1.00,4.20,1.70
7053,,2.3,0.90,0.00,2.00,0.50,5.00
7054,9.50,1.6,1.20,0.20,1.90,2.70,4.50
7055,11.00,1.0,1.10,0.40,1.90,1.40,5.20
7056,9.30,0.0,1.00,0.70,3.50,2.50,3.20
7057,9.40,1.5,1.90,0.00,1.10,2.50,4.00
7058,10.50,3.5,1.00,0.00,,1.10,1.50
7059,9.00,not recorded,1.80,1.60,2.30,2.90,2.50
7060,10.50,2.9,,0.00,1.50,3.30,3.00
7061,9.20,240.0,6.00,,,0.80,2.50
7062,10.00,2.5,0.50,0.90,4.00,2.00,3.50
7063,9.90,3.9,1.60,0.20,0.50,4.10,2.50
7064,7.00,270.0,42.00,48.00,1.30,3.00,
7065,9.50,,1.20,0.40,1.70,2.80,3.00
7066,8.70,5.2,1.30,0.30,1.40,2.50,
7067,9.00,5.3,0.40,,2.00,3.00,1.20
7068,9.40,TBD,0.90,,3.90,,4.00
7069,8.90,102.0,30.00,0.50,1.50,1.00,5.00
7070,10.00,3.0,0.80,0.40,1.80,4.50,2.70
7071,10.30,2.5,0.30,0.90,1.50,2.20,2.70
7072,11.00,n/a,0.80,0.20,0.00,0.00,4.50
7073,8.50,0.7,0.90,1.70,6.00,3.50,2.50
7074,8.50,2.7,0.40,0.10,4.00,1.50,3.50
7075,,300.0,30.00,18.00,3.00,,
7076,8.50,3.6,0.50,0.10,1.90,2.00,3.20
7077,,0.1,0.40,0.00,2.20,1.50,5.00
7078,10.00,90.0,12.00,0.00,0.50,2.60,
7079,10.00,0.0,1.10,1.10,4.00,0.00,
7080,10.50,2.8,0.30,0.20,3.00,1.00,4.10
7081,7.70,4.0,0.80,0.00,2.80,3.50,1.90
7082,10.10,5.5,0.30,0.00,1.70,,3.20
7083,7.40,1.8,1.20,1.80,1.50,2.00,3.40
7084,10.60,0.4,0.40,0.00,2.50,1.40,4.30
7085,10.10,2.7,0.00,0.00,1.00,1.90,4.10
7086,8.80,324.0,,1.60,1.20,2.50,1.90
7087,10.00,1.7,0.60,0.40,2.00,1.10,2.50
7088,10.60,3.9,1.30,0.90,1.00,2.20,2.90
7089,8.90,4.3,1.30,0.00,3.20,1.10,3.30
7090,9.80,1.0,0.00,0.70,3.30,2.10,4.50
7091,11.50,2.0,0.80,0.40,2.60,2.50,2.00
7092,10.00,1.0,0.60,0.60,2.00,1.70,
7093,11.00,2.2,1.90,0.00,2.00,2.50,2.60
7094,9.00,3.0,0.40,1.00,1.80,2.90,2.00
7095,8.00,6.1,0.90,0.00,3.00,4.00,1.40
7096,11.00,120.0,12.00,84.00,3.50,0.00,5.00
7097,10.40,150.0,0.00,12.00,3.00,0.00,5.50
7098,9.60,6.0,0.80,0.80,2.00,3.00,1.50
7099,9.50,4.0,1.00,0.70,2.50,4.90,0.60
7100,10.00,2.5,1.50,1.00,2.50,1.60,3.20
7101,8.00,6.8,0.90,1.40,0.30,3.90,1.00
7102,7.80,not recorded,108.00,102.00,2.70,2.20,2.30
7103,10.60,1.4,1.00,0.60,3.50,0.50,3.20
7104,7.50,3.5,0.50,0.60,3.00,4.00,1.50
7105,7.30,6.5,0.70,0.60,0.00,3.80,3.30
7106,9.00,180.0,24.00,24.00,1.50,2.80,2.30
7107,10.60,4.7,0.30,0.70,,2.50,2.90
7108,9.00,4.0,,1.20,0.70,3.50,
7109,9.20,2.3,1.90,2.10,2.90,2.50,1.50
7110,9.00,4.7,0.80,1.10,1.90,3.90,1.00
7111,,300.0,72.00,96.00,1.50,5.00,1.90
7112,11.00,0.0,1.50,0.90,2.00,1.50,2.70
7113,8.20,264.0,30.00,1.60,1.80,4.10,0.00
7114,8.80,6.5,0.00,0.60,0.50,4.00,2.80
7115,10.60,2.8,0.90,0.60,4.00,2.90,2.50
7116,,300.0,60.00,30.00,1.00,2.00,2.20
7117,11.90,3.1,1.30,0.00,1.50,2.00,3.00
7118,10.40,90.0,0.00,0.00,2.80,0.90,6.00
7119,10.80,1.6,0.30,0.40,3.50,1.50,
7120,8.70,396.0,18.00,54.00,1.00,3.60,1.60
7121,8.50,not recorded,54.00,0.00,,1.40,3.80
7122,9.50,,12.00,0.30,3.50,1.00,5.00
7123,10.40,114.0,,30.00,2.50,1.70,0.50
7124,9.50,0.0,66.00,0.00,4.00,1.50,3.00
7125,9.70,5.5,0.60,0.80,0.60,1.50,2.60
7126,10.50,4.5,0.80,0.70,1.00,3.00,2.90
7127,9.00,1.0,0.80,0.50,1.50,,1.20
7128,7.60,0.5,0.00,0.50,2.30,2.00,1.80
7129,9.20,3.5,0.60,0.00,1.40,1.30,3.50
7130,,3.0,0.90,0.70,2.50,,1.50
7131,11.50,1.0,1.60,0.00,1.80,0.20,2.00
7132,9.00,3.0,0.70,0.70,2.00,1.90,2.50
7133,9.50,162.0,36.00,54.00,,2.50,1.00
7134,8.70,1.5,0.50,0.00,3.00,1.00,2.00
7135,9.00,1.7,1.20,0.80,2.00,3.00,3.70
7136,11.50,90.0,48.00,6.00,2.50,0.70,2.70
7137,8.00,6.0,0.20,1.60,2.70,2.60,2.50
7138,7.00,3.8,0.90,0.70,,3.70,2.60
7139,9.60,4.2,1.00,,,2.70,3.60
7140,9.20,7.2,1.00,0.50,0.00,2.00,1.50
7141,11.20,1.5,0.00,0.50,4.00,2.50,3.00
7142,7.90,144.0,,3.00,2.00,5.50,0.00
7143,8.60,2.0,1.20,1.30,5.00,4.00,3.00
7144,9.30,1.1,1.00,0.10,,2.90,2.70
7145,11.60,0.0,0.00,0.00,2.30,1.50,3.50
7146,9.50,180.0,102.00,24.00,1.50,,4.00
7147,8.30,270.0,48.00,66.00,3.00,3.40,
7148,10.30,216.0,6.00,0.30,1.50,0.00,3.40
7149,9.50,240.0,60.00,42.00,0.90,1.60,4.00
7150,10.40,258.0,78.00,30.00,1.50,3.00,3.00
7151,9.70,0.5,0.80,0.30,4.00,3.90,1.50
7152,8.40,3.0,1.10,0.00,1.90,2.60,2.50
7153,10.90,5.0,0.10,0.80,2.50,,1.50
7154,9.60,4.5,0.40,1.70,,3.00,2.50
7155,9.80,3.0,0.80,0.50,1.90,2.20,
7156,10.30,312.0,12.00,102.00,1.70,3.00,1.40
7157,10.60,1.5,0.80,0.90,2.50,2.00,1.80
7158,10.70,1.4,0.60,0.70,4.60,,3.50
7159,8.70,3.5,1.40,1.30,1.00,2.50,0.90
7160,8.50,2.0,0.20,0.40,3.50,2.30,3.40
7161,10.00,180.0,48.00,0.00,1.40,1.50,3.60
7162,11.50,108.0,60.00,6.00,2.20,2.50,4.50
7163,10.50,1.4,0.90,0.30,5.40,0.80,5.30
7164,,2.2,2.30,,2.50,2.20,3.50
7165,10.50,168.0,54.00,18.00,2.80,2.30,3.00
7166,9.50,0.0,0.40,1.20,4.00,2.30,4.00
7167,11.10,3.0,1.20,0.50,1.50,2.50,4.00
7168,9.00,5.0,0.30,1.20,0.50,5.50,1.30
7169,7.60,246.0,84.00,1.40,1.70,2.00,1.40
7170,10.90,,1.10,0.00,,0.00,3.50
7171,9.90,1.5,0.10,0.20,3.90,4.30,2.00
7172,10.50,4.0,0.00,0.00,2.00,2.00,3.50
7173,8.90,3.8,0.90,0.00,3.50,1.10,3.90
7174,9.80,1.2,0.00,,5.70,2.40,4.40
7175,10.30,4.5,0.00,1.50,2.80,2.30,3.00
7176,8.00,4.5,0.60,1.00,1.00,2.00,1.70
7177,8.60,7.5,0.70,1.20,0.00,5.00,0.00
7178,10.00,1.0,0.70,0.10,1.90,1.00,3.70
7179,9.30,0.0,0.10,0.30,,3.00,2.50
7180,10.00,2.0,0.00,0.00,2.00,0.40,4.40
7181,10.00,0.0,0.10,0.10,1.00,1.20,4.50
7182,9.60,2.5,0.10,0.10,2.20,2.80,2.50
7183,,1.0,1.00,0.50,4.20,0.50,4.00
7184,,3.6,0.80,1.80,1.10,3.00,2.30
7185,7.60,5.5,1.50,2.10,0.50,4.50,1.60
7186,10.00,2.5,0.50,0.70,2.50,2.50,3.00
7187,8.80,2.6,,0.80,0.30,2.00,2.00
7188,8.80,4.5,0.60,0.80,2.60,2.80,3.40
7189,9.50,4.5,0.60,1.30,1.00,3.50,2.40
7190,9.50,210.0,42.00,0.10,1.50,2.00,3.50
7191,10.00,0.6,0.00,0.90,4.60,1.50,4.00
7192,10.40,2.0,0.50,0.70,2.90,3.50,
7193,10.00,6.0,0.70,0.20,2.00,2.50,2.00
7194,10.80,3.1,0.10,0.70,4.50,1.90,3.20
7195,10.50,2.0,0.60,0.10,1.50,1.20,2.70
7196,10.00,4.4,1.00,0.00,0.10,2.60,2.70
7197,10.50,48.0,30.00,24.00,3.50,2.50,1.00
7198,11.10,42.0,42.00,54.00,5.20,2.00,4.50
7199,12.00,4.7,0.10,0.20,2.00,0.50,3.50
7200,9.50,3.0,1.40,0.40,3.50,2.50,3.70
7201,10.20,30.0,36.00,0.00,3.00,2.50,3.40
7202,8.50,4.3,0.80,1.60,1.40,4.00,1.00
7203,6.50,342.0,54.00,138.00,3.50,3.00,2.00
7204,11.00,3.5,0.50,0.40,1.50,1.50,3.00
7205,8.50,180.0,18.00,66.00,3.00,4.00,1.50
7206,9.50,5.1,1.70,1.50,0.70,3.00,1.50
7207,10.40,4.8,0.90,0.70,1.00,2.20,2.60
7208,10.50,2.8,0.30,0.00,4.00,1.30,2.00
7209,11.50,4.5,0.80,1.10,1.00,2.50,1.20
7210,7.80,,0.00,0.00,2.20,2.50,3.50
7211,7.80,138.0,48.00,0.70,1.00,2.10,3.00
7212,9.50,,78.00,0.00,1.80,0.00,3.60
7213,11.50,4.0,0.70,0.40,1.50,1.50,4.30
7214,10.00,2.5,0.80,0.00,2.50,2.00,3.70
7215,7.20,240.0,54.00,1.40,1.00,4.50,3.50
7216,11.30,120.0,0.00,0.00,1.70,2.10,2.00
7217,11.00,0.5,0.90,0.00,4.50,1.00,2.30
7218,11.70,3.2,0.20,1.00,0.60,1.90,3.50
7219,9.00,3.0,0.90,0.00,1.00,,1.00
7220,11.80,4.3,0.50,0.20,0.00,1.50,4.00
7221,10.10,4.5,0.80,0.90,1.50,3.50,0.60
7222,9.00,90.0,36.00,60.00,3.00,1.50,3.60
7223,10.00,4.7,0.80,0.00,0.90,2.50,4.00
7224,9.10,4.7,0.70,,3.00,4.10,1.00
7225,10.40,2.0,1.10,,4.00,0.80,3.40
7226,10.00,3.6,1.00,0.40,1.00,0.50,2.00
7227,6.50,,0.70,0.90,1.70,1.00,3.30
7228,11.00,0.0,48.00,12.00,3.80,0.00,5.00
7229,10.20,4.9,0.00,0.70,0.50,2.50,1.80
7230,8.50,300.0,48.00,1.00,2.00,,1.20
7231,,<1,0.20,0.40,2.20,2.40,1.50
7232,,,1.50,0.80,0.40,1.10,3.50
7233,11.00,198.0,36.00,66.00,,3.00,1.00
7234,10.00,1.0,,0.00,1.50,1.00,3.50
7235,9.50,390.0,6.00,24.00,,3.50,2.00
7236,11.00,5.0,0.50,1.10,3.00,3.00,0.50
7237,9.30,0.5,1.50,0.10,2.00,4.00,1.90
7238,9.50,0.0,0.40,0.70,1.50,2.00,2.80
7239,9.70,3.2,0.90,1.00,0.80,4.60,0.40
7240,,240.0,48.00,48.00,0.60,3.70,2.70
7241,9.00,6.0,0.70,1.50,0.90,4.20,1.00
7242,10.60,5.3,0.50,0.00,0.90,3.50,2.20
7243,9.40,4.5,0.20,0.30,1.00,2.00,3.00
7244,9.00,2.3,0.00,0.00,1.40,2.10,3.50
7245,7.50,246.0,36.00,1.80,1.50,3.50,2.50
7246,7.20,2.5,0.00,1.10,1.50,2.60,2.00
7247,7.60,420.0,60.00,120.00,2.00,4.60,0.00
7248,8.80,102.0,66.00,24.00,1.20,1.70,3.50
7249,9.10,90.0,42.00,0.00,3.20,1.30,3.40
7250,10.60,3.2,0.70,1.30,3.00,3.00,2.00
7251,9.30,6.0,1.20,0.50,0.50,3.10,2.50
7252,8.50,6.0,0.80,1.20,1.50,3.10,2.80
7253,8.90,0.2,0.80,0.00,1.70,3.20,1.20
7254,11.00,1.0,0.50,0.00,0.80,0.40,4.10
7255,9.00,234.0,60.00,60.00,0.70,3.90,1.50
7256,10.80,>60,0.00,0.00,4.00,0.00,6.50
7257,9.40,3.2,0.40,0.80,1.40,4.10,3.50
7258,9.50,3.2,1.10,1.10,2.30,3.30,2.60
7259,11.80,1.2,0.40,0.40,3.50,1.90,3.70
7260,9.00,5.5,1.70,0.00,2.00,3.50,1.60
7261,8.90,360.0,66.00,54.00,1.00,2.60,1.50
7262,9.90,2.9,0.70,0.20,3.00,2.00,2.60
7263,9.10,,1.20,1.20,1.50,3.50,2.50
7264,7.50,282.0,96.00,1.00,1.90,4.90,0.50
7265,9.20,4.5,0.80,1.00,2.00,3.20,2.30
7266,11.20,1.5,0.70,0.00,2.50,,
7267,9.50,5.0,0.90,0.40,1.50,2.60,3.50
7268,,<1,,0.10,3.50,3.40,1.00
7269,6.90,4.0,0.00,0.80,3.50,4.10,
7270,10.00,366.0,36.00,48.00,0.40,3.30,1.20
7271,11.00,0.2,1.00,0.60,1.50,1.60,3.60
7272,10.00,2.0,1.10,0.10,4.00,,4.50
7273,10.00,324.0,48.00,66.00,,2.00,2.50
7274,9.00,0.9,0.70,1.10,3.00,1.20,4.00
7275,11.50,0.0,102.00,42.00,2.50,1.00,3.50
7276,10.60,1.5,0.60,,4.90,2.00,
7277,9.00,4.0,1.10,0.00,1.80,2.30,3.50
7278,10.10,60.0,60.00,54.00,7.10,0.70,3.00
7279,12.80,60.0,42.00,0.80,2.00,1.40,2.80
7280,10.50,210.0,0.00,24.00,4.50,2.20,2.50
7281,8.40,>60,0.60,0.50,0.00,3.00,2.50
7282,10.60,3.3,,0.00,3.50,1.40,3.50
7283,9.40,222.0,18.00,54.00,3.60,5.50,0.90
7284,9.70,2.0,1.30,0.00,1.60,2.50,3.50
7285,10.70,270.0,6.00,6.00,1.90,2.50,3.50
7286,10.50,2.5,0.80,0.10,0.90,1.00,3.50
7287,10.60,1.0,0.30,0.80,3.50,3.00,3.10
7288,8.10,4.0,0.90,2.20,2.70,3.30,2.50
7289,,210.0,42.00,12.00,1.40,1.50,3.80
7290,9.90,120.0,6.00,1.00,2.50,2.10,2.10
7291,10.00,1.8,0.10,0.90,2.40,1.50,2.30
7292,8.70,204.0,78.00,102.00,3.40,3.30,1.50
7293,9.00,5.0,0.40,1.30,1.50,2.50,2.60
7294,,240.0,54.00,0.50,1.60,2.00,3.50
7295,9.50,2.5,0.50,0.90,1.00,1.50,3.00
7296,10.50,150.0,42.00,54.00,4.90,1.60,1.50
7297,9.70,,0.80,0.00,2.00,1.70,2.50
7298,10.70,204.0,48.00,0.00,2.90,2.50,3.50
7299,11.20,3.5,1.00,0.80,0.10,1.50,1.70
7300,10.30,5.2,1.00,0.50,0.80,3.00,2.70
7301,11.40,6.0,66.00,54.00,,0.50,2.50
7302,9.30,2.0,0.60,0.70,2.50,2.50,3.50
7303,10.60,3.7,0.90,0.80,1.30,0.20,2.50
7304,11.00,6.5,0.90,0.00,0.50,0.00,4.00
7305,11.50,>60,0.90,0.90,2.90,1.50,3.70
7306,9.00,330.0,48.00,1.00,2.00,3.60,0.50
7307,9.90,6.4,0.40,1.00,0.50,3.00,1.00
7308,8.50,6.1,0.50,1.10,1.00,0.00,4.50
7309,8.50,4.0,0.60,1.20,1.50,1.10,4.00
7310,8.00,5.5,0.70,,3.20,3.70,1.00
7311,9.70,4.9,0.80,0.00,0.80,2.70,0.60
7312,9.10,2.0,0.20,0.10,5.90,0.80,2.00
7313,10.00,,36.00,6.00,4.50,2.30,4.50
7314,9.50,3.0,0.90,0.90,1.30,2.30,2.70
7315,8.40,3.5,0.40,2.30,0.70,,0.00
7316,9.50,,0.00,1.30,2.00,5.00,1.10
7317,10.00,0.4,0.00,1.00,2.00,1.10,4.80
7318,10.40,4.5,0.60,0.00,1.50,4.00,2.50
7319,8.90,n/a,0.90,0.80,1.00,2.20,
7320,10.20,162.0,0.00,0.00,1.50,3.40,2.50
7321,9.50,1.5,0.40,0.00,4.00,2.50,3.50
7322,8.00,330.0,78.00,36.00,2.50,4.50,0.50
7323,9.20,102.0,36.00,0.20,,2.70,2.00
7324,10.40,102.0,66.00,0.00,2.00,2.00,5.00
7325,10.70,3.3,0.20,0.00,1.60,3.40,3.00
7326,12.10,252.0,0.00,36.00,0.90,0.00,5.20
7327,9.20,102.0,42.00,0.20,1.20,1.00,2.90
7328,9.40,264.0,18.00,108.00,2.50,1.50,1.30
7329,8.20,,1.30,1.40,3.00,3.50,2.30
7330,10.00,0.0,0.00,0.00,1.60,0.00,4.00
7331,10.90,2.5,0.00,0.50,3.00,1.10,5.00
7332,10.20,2.5,0.70,0.90,3.00,2.50,2.00
7333,8.80,180.0,54.00,138.00,0.60,2.00,2.50
7334,8.50,5.0,0.40,0.20,1.60,2.50,4.20
7335,8.00,450.0,42.00,18.00,2.50,3.00,2.00
7336,,234.0,42.00,0.00,2.20,1.40,3.40
7337,9.80,330.0,24.00,0.00,2.00,2.60,3.00
7338,10.90,2.5,0.40,0.80,1.60,1.20,
7339,10.30,3.2,1.30,0.40,4.00,2.20,3.30
7340,11.50,0.3,0.30,0.80,1.70,0.70,4.50
7341,7.50,n/a,0.70,0.30,1.60,2.50,
7342,8.20,4.0,0.60,0.50,,3.50,1.40
7343,,>60,0.70,0.20,2.00,3.00,2.80
7344,11.50,<1,0.00,30.00,5.40,0.20,4.50
7345,9.50,1.5,0.30,0.00,3.60,4.00,1.50
7346,9.00,120.0,30.00,120.00,3.50,,1.10
7347,,2.2,1.10,0.00,2.10,2.50,2.00
7348,8.00,not recorded,0.60,0.80,0.60,4.20,2.00
7349,8.50,246.0,36.00,12.00,2.20,3.50,4.00
7350,11.30,3.1,0.80,0.00,3.80,1.90,2.50
7351,9.30,1.0,1.10,0.30,1.50,2.00,1.50
7352,10.50,60.0,,12.00,1.50,0.00,4.10
7353,7.80,4.5,0.70,,1.80,2.50,0.20
7354,9.00,4.4,0.10,0.70,1.30,3.20,2.50
7355,9.00,120.0,84.00,66.00,2.00,3.40,0.60
7356,10.40,3.2,,0.00,1.00,2.10,4.40
7357,9.50,,30.00,0.00,2.00,0.50,3.50
7358,8.10,4.0,0.00,2.40,2.00,5.00,1.90
7359,9.00,42.0,78.00,,,,1.50
7360,9.80,1.0,0.00,0.80,2.50,3.00,3.10
7361,9.90,198.0,60.00,0.00,,3.50,2.20
7362,10.00,252.0,42.00,48.00,1.50,3.00,1.60
7363,11.00,30.0,24.00,0.00,2.50,2.50,2.50
7364,8.70,4.9,0.50,0.00,1.00,1.80,3.40
7365,9.80,30.0,18.00,0.00,2.50,,5.00
7366,9.50,,,1.20,1.50,1.40,0.70
7367,10.50,,0.80,1.30,,2.20,2.20
7368,9.10,<1,1.00,0.00,2.10,2.20,3.00
7369,8.90,5.5,0.00,1.00,1.00,3.20,3.30
7370,,54.0,,102.00,2.00,3.50,1.50
7371,10.80,1.0,0.80,0.00,1.00,1.80,4.40
7372,10.70,1.0,1.30,0.00,2.60,0.50,4.70
7373,10.00,0.5,,0.20,4.00,1.10,2.00
7374,,1.9,0.60,1.40,3.20,0.50,4.70
7375,8.80,4.0,0.80,2.00,0.90,4.00,2.10
7376,10.10,120.0,24.00,60.00,2.00,2.50,3.50
7377,8.00,3.5,0.40,,2.50,2.20,2.50
7378,8.70,2.5,0.00,1.00,3.20,3.00,3.00
7379,10.50,120.0,6.00,60.00,3.10,3.10,1.00
7380,8.50,330.0,78.00,78.00,2.00,4.00,0.50
7381,10.00,3.7,0.70,0.00,2.50,3.50,3.00
7382,10.00,2.3,0.50,0.20,3.50,2.00,4.20
7383,9.00,3.5,0.70,,4.50,2.90,3.00
7384,11.00,60.0,0.00,48.00,2.60,0.00,3.40
7385,8.60,not recorded,0.00,0.40,2.00,2.00,3.00
7386,7.50,3.9,,1.30,3.20,2.30,2.50
7387,8.10,0.6,0.60,,1.70,2.50,0.60
7388,,4.0,0.40,0.40,2.00,2.00,2.60
7389,8.70,4.2,0.20,1.80,2.70,2.50,2.00
7390,8.40,2.0,,1.50,2.20,4.00,3.20
7391,9.50,,84.00,1.40,3.90,2.50,0.50
7392,9.00,210.0,24.00,48.00,3.00,2.70,1.50
7393,11.20,2.4,0.60,0.40,2.00,1.50,4.50
7394,10.90,<1,1.70,0.60,2.50,0.00,5.40
7395,9.00,3.9,0.50,1.10,3.40,3.00,0.50
7396,8.00,168.0,60.00,18.00,2.00,3.30,1.40
7397,8.70,3.3,1.00,0.00,2.60,3.60,2.80
7398,9.50,3.0,0.00,0.00,1.60,4.00,4.50
7399,7.50,3.8,1.20,1.40,2.00,3.20,
7400,9.80,4.5,0.20,0.40,1.00,3.00,2.50
7401,9.00,0.1,0.30,0.10,4.20,2.50,3.00
7402,9.50,312.0,54.00,30.00,,3.40,2.70
7403,8.50,0.0,0.00,0.00,,4.10,3.00
7404,11.20,102.0,24.00,0.00,3.50,2.00,4.50
7405,,4.0,0.80,1.30,1.50,2.50,2.00
7406,9.50,,0.50,0.20,3.00,0.00,3.60
7407,11.50,3.5,1.10,0.00,,1.10,2.10
7408,10.00,84.0,42.00,1.10,0.20,3.20,3.00
7409,11.80,2.0,1.70,0.00,,0.00,2.50
7410,9.20,3.5,0.70,1.00,1.00,4.00,3.00
7411,9.10,1.5,0.40,0.00,3.00,3.40,1.50
7412,11.50,210.0,18.00,0.70,1.70,2.00,3.50
7413,,2.5,0.50,1.30,3.60,3.00,2.80
7414,9.80,3.0,0.00,0.40,4.80,,2.40
7415,8.30,198.0,18.00,24.00,0.50,3.50,1.00
7416,9.30,4.3,0.30,1.10,3.00,3.50,1.60
7417,10.00,390.0,24.00,1.70,0.60,3.00,1.00
7418,9.00,8.1,0.50,,0.60,1.90,2.50
7419,10.50,2.0,0.70,0.30,1.00,3.40,1.30
7420,10.00,4.5,0.70,0.40,2.50,3.00,2.50
7421,10.00,,1.00,0.00,3.40,1.90,3.50
7422,10.50,180.0,120.00,0.00,3.50,0.50,4.10
7423,9.50,120.0,66.00,12.00,2.40,3.00,2.00
7424,7.00,6.0,,1.00,2.00,4.00,0.10
7425,8.10,4.3,0.90,0.90,3.00,2.50,2.00
7426,9.90,3.1,0.80,0.30,4.50,1.50,5.10
7427,8.20,3.5,,1.00,1.00,3.00,3.00
7428,9.70,3.3,,0.20,2.50,,3.00
7429,10.50,3.5,1.40,0.00,1.20,0.90,5.50
7430,9.80,4.0,1.20,1.00,1.00,3.50,2.00
7431,10.00,4.0,0.40,0.80,1.40,2.00,4.00
7432,8.20,378.0,30.00,0.80,1.50,3.00,0.00
7433,8.50,150.0,66.00,42.00,1.20,2.60,1.50
7434,9.50,not recorded,0.10,1.10,1.20,1.20,2.90
7435,8.00,2.2,0.00,0.30,1.40,4.50,2.50
7436,9.20,5.0,0.40,0.60,0.00,4.30,2.50
7437,7.00,1.5,0.90,1.00,2.70,3.90,2.10
7438,10.00,3.3,0.30,0.40,2.70,1.00,4.10
7439,,1.2,1.90,2.30,4.10,4.00,1.00
7440,9.50,5.5,0.00,0.80,0.40,3.60,1.50
7441,9.00,2.5,0.30,0.80,1.60,,2.60
7442,9.50,1.8,0.80,0.00,1.30,0.50,3.00
7443,10.60,0.0,0.50,0.00,2.90,1.50,5.00
7444,10.00,270.0,30.00,0.00,3.30,3.30,2.20
7445,,3.7,0.60,0.00,0.00,3.50,2.00
7446,10.00,294.0,36.00,0.40,1.70,3.60,2.30
7447,11.00,30.0,0.00,0.00,2.00,0.50,4.50
7448,10.00,--,1.20,0.70,3.70,3.60,2.80
7449,11.40,5.0,0.40,0.10,2.00,2.00,2.50
7450,8.50,3.0,0.70,1.10,1.50,1.80,1.80
7451,7.50,4.9,0.90,0.80,3.00,3.80,
7452,11.30,1.5,0.10,0.50,2.00,3.30,3.40
7453,10.10,2.8,1.50,0.00,2.00,2.00,1.50
7454,7.60,186.0,54.00,0.00,3.20,3.00,1.30
7455,9.50,4.0,0.50,1.50,1.70,2.30,1.80
7456,10.30,2.0,0.20,0.00,1.80,3.40,2.70
7457,8.00,--,,1.70,3.00,3.50,0.50
7458,9.20,0.5,1.30,0.00,5.80,3.50,5.00
7459,10.00,114.0,54.00,0.00,1.60,,3.50
7460,11.50,0.5,0.00,0.60,3.00,0.50,3.60
7461,,210.0,36.00,0.00,5.00,2.50,4.70
7462,9.50,2.0,0.30,1.20,2.50,4.00,3.50
7463,8.00,6.6,0.90,0.80,1.00,4.00,2.00
7464,8.90,1.7,1.00,0.60,2.50,2.50,2.50
7465,8.50,2.5,0.50,,2.80,3.10,3.00
7466,10.50,2.5,1.30,0.90,3.60,3.00,2.50
7467,8.00,3.5,0.00,0.00,1.00,3.50,1.50
7468,9.50,1.8,0.90,0.00,4.20,1.70,5.00
7469,9.60,1.0,0.00,0.00,2.90,2.50,2.50
7470,9.00,90.0,42.00,0.00,3.20,0.50,5.00
7471,8.50,7.7,0.80,0.70,0.40,3.90,1.40
7472,9.50,378.0,24.00,0.30,2.50,3.50,0.80
7473,9.70,1.9,1.20,0.70,2.60,,2.40
7474,9.90,,1.40,1.00,3.00,3.20,
7475,10.50,3.7,0.00,0.50,2.30,2.40,3.00
7476,10.00,0.2,0.20,,3.50,1.50,2.50
7477,8.50,360.0,12.00,42.00,0.50,5.40,0.50
7478,10.00,>60,1.10,0.80,3.50,2.40,3.40
7479,8.70,6.0,0.60,1.10,1.60,3.40,2.10
7480,,1.8,0.70,1.20,2.00,3.90,1.30
7481,9.20,390.0,42.00,48.00,0.00,4.50,2.00
7482,8.80,3.1,1.00,1.90,3.20,2.00,1.40
7483,9.50,5.2,0.20,0.00,2.50,1.20,0.90
7484,8.80,42.0,6.00,0.00,5.00,2.40,2.00
7485,10.10,0.9,0.00,0.00,2.00,,1.50
7486,9.50,30.0,84.00,30.00,2.40,0.00,4.00
7487,,180.0,60.00,0.20,2.00,1.50,4.50
7488,10.00,5.2,0.10,0.50,2.40,3.00,1.30
7489,9.00,6.3,1.30,1.40,,3.50,0.00
7490,9.50,1.4,0.50,1.40,1.50,4.40,2.60
7491,8.00,4.0,0.90,1.70,1.50,3.00,2.50
7492,10.50,3.0,0.60,0.00,1.50,,5.50
7493,11.00,2.7,0.00,0.20,0.50,1.90,3.50
7494,10.00,1.2,0.50,0.60,1.60,2.00,3.00
7495,,204.0,12.00,0.00,1.40,2.50,0.60
7496,10.10,2.9,,1.20,1.30,0.60,4.90
7497,10.30,0.4,0.10,0.70,4.20,3.00,3.20
7498,11.40,1.3,1.90,0.00,3.50,1.50,4.00
7499,11.40,3.5,,0.60,1.60,2.70,2.20
7500,11.10,1.1,1.00,0.00,2.10,0.00,4.00
7501,9.00,3.5,0.30,0.40,2.00,3.00,0.10
7502,10.50,3.2,0.50,0.70,0.60,0.50,4.50
7503,9.30,3.0,0.70,0.20,3.20,3.60,1.50
7504,10.70,2.0,0.00,0.20,4.50,2.10,4.00
7505,11.50,2.5,0.90,0.00,1.50,3.00,1.20
7506,11.50,4.0,0.00,0.40,2.50,1.40,3.20
7507,9.50,0.7,0.80,0.20,1.50,2.30,4.00
7508,9.50,2.5,0.00,,4.50,2.30,3.00
7509,9.00,,0.90,1.00,1.00,3.70,1.90
7510,10.20,216.0,42.00,2.60,1.30,2.70,2.50
7511,9.30,0.5,0.50,0.00,2.20,1.90,3.40
7512,10.00,3.0,0.10,0.90,,3.00,2.60
7513,10.00,4.0,0.60,0.40,0.50,4.00,2.50
7514,11.20,150.0,66.00,36.00,2.70,0.30,3.00
7515,11.00,2.5,0.50,0.90,1.00,1.70,
7516,9.50,270.0,36.00,72.00,1.50,3.00,1.80
7517,8.50,4.9,0.60,0.10,0.00,,2.00
7518,9.10,2.0,1.00,,4.10,1.50,1.50
7519,10.40,150.0,54.00,0.70,3.00,2.60,3.90
7520,,--,2.00,0.80,1.00,5.00,1.20
7521,11.00,2.2,1.10,0.50,1.80,0.20,5.50
7522,9.00,5.3,0.30,1.10,2.00,3.50,1.70
7523,10.50,264.0,,18.00,1.20,4.00,2.30
7524,9.50,3.8,0.80,1.40,0.80,2.00,3.50
7525,9.50,1.6,0.70,0.30,2.40,,3.50
7526,9.60,2.0,1.20,0.80,2.90,2.50,2.50
7527,9.90,0.6,0.50,0.00,2.50,1.90,2.00
7528,10.00,0.6,0.00,0.20,2.20,0.00,3.70
7529,,0.2,0.20,0.20,2.50,1.30,3.80
7530,9.60,5.5,0.00,1.10,2.00,2.70,1.80
7531,9.60,5.0,0.20,0.20,2.00,2.00,3.50
7532,8.90,2.5,1.40,1.50,3.10,3.50,2.40
7533,9.00,192.0,48.00,96.00,4.20,2.90,1.00
7534,7.60,3.2,0.90,0.90,3.50,3.40,1.00
7535,8.50,3.8,0.70,1.00,3.00,,2.50
7536,,162.0,66.00,0.00,2.50,2.00,3.80
7537,12.00,0.5,1.70,0.30,3.80,1.00,4.00
7538,11.00,0.5,0.70,0.50,2.90,0.00,2.80
7539,10.20,3.6,0.90,0.70,1.20,2.70,2.80
7540,8.00,4.5,0.00,0.30,2.50,3.50,2.10
7541,10.40,240.0,12.00,0.00,1.60,,3.20
7542,8.60,2.0,,0.40,3.00,3.50,3.00
7543,,2.5,0.50,0.10,1.50,3.00,2.50
7544,10.00,4.4,1.00,0.00,0.90,3.00,2.20
7545,9.10,3.0,1.30,0.60,2.00,2.10,3.90
7546,10.70,78.0,48.00,72.00,2.00,0.50,4.00
7547,9.70,2.3,1.20,1.00,3.00,2.50,3.00
7548,8.50,4.0,0.20,0.50,1.30,6.00,0.50
7549,8.20,2.5,0.30,0.90,3.00,3.00,2.00
7550,10.50,210.0,,0.40,0.00,2.00,2.70
7551,7.60,4.4,0.60,1.40,2.00,3.00,1.20
7552,10.80,2.5,0.80,0.00,3.50,1.80,4.10
7553,9.60,0.5,0.70,0.70,2.20,3.00,
7554,9.30,3.0,,0.00,3.00,1.00,3.10
7555,10.50,2.0,0.40,1.40,2.00,2.70,3.10
7556,12.90,2.6,0.00,0.00,1.90,,3.30
7557,10.00,2.5,2.40,0.00,0.90,3.00,2.20
7558,9.30,5.5,0.80,0.90,2.00,,2.50
7559,9.50,3.0,0.40,0.50,3.00,1.30,3.50
7560,9.30,4.4,1.10,1.10,2.50,3.30,1.80
7561,,6.0,,0.40,0.50,3.00,2.20
7562,9.50,2.0,1.70,0.70,,0.00,3.00
7563,9.00,2.9,1.00,2.20,1.20,2.50,3.50
7564,10.00,3.2,0.70,0.00,3.90,3.00,2.90
7565,9.50,4.0,0.00,0.00,0.60,2.00,2.00
7566,8.50,5.4,0.60,0.90,2.00,2.50,
7567,9.00,3.7,0.00,0.10,1.40,2.60,3.00
7568,7.40,0.8,0.30,0.70,1.00,3.50,1.60
7569,9.20,270.0,30.00,0.50,0.50,2.00,2.00
7570,9.70,1.6,1.80,0.00,,1.90,2.50
7571,10.00,180.0,114.00,138.00,2.20,,2.40
7572,10.30,2.2,1.10,1.10,2.20,0.50,4.80
7573,11.00,2.7,0.00,0.10,3.50,3.00,3.50
7574,8.40,7.0,0.00,1.70,1.00,4.60,0.20
7575,7.40,258.0,60.00,66.00,0.90,1.00,2.70
7576,10.50,not recorded,1.60,0.50,2.00,1.00,6.00
7577,8.50,3.0,0.40,1.20,1.50,4.50,1.80
7578,9.50,4.0,1.60,0.00,0.70,3.50,4.10
7579,11.10,1.1,0.50,0.00,6.40,1.20,4.70
7580,9.10,3.2,0.60,0.00,3.50,0.00,4.00
7581,10.20,4.0,0.80,0.90,1.50,2.50,2.50
7582,11.80,2.6,0.10,1.10,1.50,,4.00
7583,,264.0,78.00,,1.20,1.60,2.00
7584,10.20,2.1,1.00,0.00,2.00,1.50,1.70
7585,9.50,3.5,0.70,0.30,,2.00,3.60
7586,11.50,138.0,0.00,0.00,2.00,2.60,2.60
7587,10.20,2.0,,0.60,4.50,1.50,3.00
7588,9.00,4.3,1.30,0.20,3.50,4.00,1.50
7589,7.50,2.0,1.30,1.90,2.00,3.10,0.00
7590,8.50,,1.30,,5.70,3.10,3.00
7591,10.80,4.5,,0.00,2.10,1.50,3.60
7592,10.20,1.5,1.20,0.30,5.50,2.50,2.90
7593,8.20,0.0,0.20,0.00,3.30,3.70,2.00
7594,9.20,2.7,0.10,0.00,1.60,3.00,4.70
7595,10.40,0.5,,0.20,4.40,1.20,4.00
7596,9.50,1.9,1.00,0.00,1.10,3.50,2.40
7597,9.30,0.5,0.60,1.10,3.30,0.90,3.00
7598,9.80,5.0,0.70,0.50,2.60,2.00,2.90
7599,10.20,150.0,84.00,30.00,1.50,,2.80
7600,10.20,2.3,1.20,0.80,2.80,1.00,3.50
7601,6.90,36.0,36.00,0.90,1.50,,1.40
7602,11.50,3.5,0.80,,2.40,1.00,3.20
7603,10.00,2.9,0.50,0.90,2.50,1.60,3.70
7604,,3.5,0.50,1.70,1.00,3.00,2.50
7605,10.00,2.7,0.00,0.40,,3.50,2.00
7606,10.50,1.9,0.40,1.40,3.60,1.50,3.30
7607,,n/a,0.90,0.00,1.40,3.50,2.20
7608,10.00,144.0,78.00,48.00,2.20,0.50,4.30
7609,10.40,3.7,0.20,0.80,1.70,3.00,2.20
7610,,2.4,0.50,0.10,,3.50,2.50
7611,8.80,4.5,1.00,1.50,0.90,2.50,2.50
7612,10.00,5.8,0.50,0.00,1.20,4.00,2.50
7613,11.50,2.1,,0.10,2.00,2.50,3.00
7614,11.50,TBD,0.90,0.10,1.50,2.50,1.50
7615,10.00,2.9,0.00,0.00,4.00,2.50,2.80
7616,8.30,5.5,0.70,0.80,1.30,1.90,2.00
7617,9.50,4.1,0.20,0.80,3.00,1.60,2.80
7618,10.60,1.3,0.10,0.70,3.40,3.20,2.60
7619,7.60,60.0,42.00,114.00,3.00,3.80,3.40
7620,12.00,,0.00,42.00,3.50,2.00,3.50
7621,,1.0,0.30,1.40,1.40,3.90,2.40
7622,10.00,2.4,0.90,0.00,1.70,1.30,3.70
7623,11.10,3.0,0.60,0.30,3.10,1.60,4.00
7624,9.70,3.0,0.00,0.00,4.30,1.60,3.40
7625,9.50,2.5,0.90,1.00,0.90,3.10,2.70
7626,10.50,300.0,48.00,36.00,1.00,1.50,4.00
7627,10.30,132.0,48.00,0.50,6.50,1.00,4.10
7628,10.00,1.0,0.30,0.90,2.50,0.00,
7629,8.00,4.5,1.30,1.50,3.50,4.00,0.50
7630,9.50,2.7,0.60,0.30,1.20,2.50,3.00
7631,,5.0,1.00,1.00,1.80,2.80,2.90
7632,9.40,4.2,0.00,0.80,3.50,3.00,2.50
7633,9.00,330.0,18.00,0.90,2.00,4.00,1.50
7634,9.30,300.0,66.00,48.00,1.50,3.00,2.40
7635,11.50,240.0,30.00,48.00,2.00,,
7636,8.50,4.8,0.60,,,3.50,1.30
7637,8.50,2.2,0.70,2.10,3.00,2.80,2.60
7638,10.70,2.5,0.00,0.70,3.00,2.30,5.50
7639,,2.1,0.40,0.10,2.00,3.30,2.00
7640,11.00,3.5,0.30,0.20,2.50,0.00,4.50
7641,11.70,1.4,0.30,,1.70,0.30,3.00
7642,8.50,4.5,0.60,0.00,2.50,3.00,3.50
7643,9.50,6.1,0.40,0.70,0.30,3.00,2.80
7644,10.20,5.7,1.40,1.50,0.00,2.90,1.80
7645,9.00,2.1,0.00,0.00,3.50,1.90,4.10
7646,,3.6,1.30,2.00,2.00,4.70,1.10
7647,9.50,6.4,0.70,1.00,1.90,1.60,2.50
7648,9.00,0.0,0.00,66.00,4.70,,3.00
7649,7.30,4.6,1.10,1.60,2.00,3.70,0.00
7650,10.00,,0.00,0.30,2.00,1.20,2.70
7651,11.40,2.6,,0.90,,1.30,4.00
7652,11.50,2.0,0.00,0.10,,2.50,2.90
7653,9.30,3.0,0.80,0.00,1.50,2.50,3.40
7654,10.40,0.9,0.00,0.70,3.50,3.10,3.00
7655,9.50,,0.20,0.30,5.00,1.50,0.50
7656,9.50,0.6,0.60,0.00,4.00,1.90,1.70
7657,,2.5,0.10,0.00,1.40,1.60,3.00
7658,10.00,3.8,1.00,0.60,2.50,2.70,2.00
7659,11.50,1.0,0.60,0.60,3.90,1.40,5.00
7660,9.00,138.0,66.00,30.00,2.00,1.80,5.00
7661,10.60,1.8,0.40,0.50,3.00,3.00,4.00
7662,10.20,1.0,0.00,0.40,,2.50,4.20
7663,9.00,5.0,0.50,1.00,1.50,1.90,2.70
7664,7.30,,24.00,1.80,2.90,3.00,2.80
7665,11.00,2.0,1.50,0.00,,3.00,2.00
7666,,4.0,0.90,0.50,,1.40,4.50
7667,10.20,3.5,1.10,0.40,2.00,2.00,
7668,,2.0,0.70,1.30,1.30,2.90,0.20
7669,8.70,4.6,0.90,1.30,3.00,2.50,2.40
7670,9.00,5.2,0.40,1.80,1.00,0.70,3.50
7671,10.50,3.0,1.60,0.60,0.70,0.00,4.10
7672,7.60,not recorded,0.00,,1.50,2.50,3.00
7673,9.00,n/a,1.20,0.60,1.50,1.60,3.00
7674,9.50,240.0,42.00,0.00,1.70,2.00,2.30
7675,11.20,3.5,0.60,0.00,2.00,2.50,
7676,10.20,1.1,0.00,0.40,3.80,2.00,1.00
7677,,TBD,,0.60,2.20,1.30,3.80
7678,10.30,180.0,54.00,0.00,1.70,2.30,3.50
7679,8.80,4.0,1.00,0.70,2.00,3.30,2.70
7680,10.60,180.0,30.00,30.00,1.00,4.00,3.10
7681,10.30,6.0,0.40,0.00,1.00,2.50,3.20
7682,9.50,2.0,0.50,1.00,2.50,2.20,3.00
7683,8.50,2.0,1.00,0.00,1.50,2.70,3.10
7684,7.70,5.0,1.40,1.10,1.00,,1.50
7685,9.00,3.1,0.00,1.20,1.80,1.90,3.60
7686,9.90,120.0,66.00,48.00,3.60,3.00,1.50
7687,9.30,90.0,0.00,36.00,1.50,3.40,
7688,10.00,2.2,0.50,0.30,3.00,3.00,2.90
7689,,306.0,66.00,72.00,0.00,4.10,1.50
7690,10.50,4.5,0.50,1.70,1.50,3.50,
7691,11.00,174.0,30.00,72.00,2.00,2.30,3.50
7692,9.50,3.0,1.30,0.00,1.50,3.90,1.70
7693,,246.0,72.00,,2.50,,1.90
7694,9.50,198.0,24.00,0.50,1.20,,4.70
7695,11.00,0.5,1.30,,3.20,1.00,2.90
7696,9.00,5.0,1.10,0.00,2.30,3.60,2.70
7697,10.10,1.7,0.80,0.00,4.50,1.00,5.50
7698,11.00,0.9,1.10,0.00,3.00,0.50,4.10
7699,10.50,3.5,0.30,1.50,2.60,1.60,
7700,8.90,3.1,0.70,0.60,2.00,3.00,2.50
7701,,,0.70,0.10,1.50,3.00,2.50
7702,8.70,2.9,,2.00,2.70,3.00,2.30
7703,9.50,4.0,0.10,0.50,,4.00,2.50
7704,,0.7,0.10,0.70,1.50,3.20,3.10
7705,12.80,0.0,126.00,24.00,3.50,0.60,3.50
7706,10.40,4.0,1.50,1.30,1.00,2.00,3.00
7707,10.30,4.5,0.60,0.70,2.50,2.50,2.50
7708,9.70,4.5,0.90,,1.60,2.00,1.50
7709,,6.0,0.40,0.00,,2.70,1.00
7710,10.40,not recorded,0.60,0.00,0.50,2.40,2.00
7711,10.00,5.5,0.50,,0.50,3.20,2.30
7712,8.50,0.5,0.40,0.80,1.90,2.80,3.50
7713,,240.0,102.00,72.00,,4.00,2.50
7714,,4.5,0.50,0.60,2.30,2.00,1.70
7715,10.00,1.5,0.40,0.30,5.50,2.00,5.30
7716,10.50,1.2,0.80,0.60,4.00,3.30,1.00
7717,9.00,2.1,,,1.70,3.00,2.90
7718,9.60,1.2,0.80,0.00,1.30,3.70,3.50
7719,11.70,30.0,0.00,0.00,,3.00,5.00
7720,10.50,0.5,0.80,1.00,3.10,0.50,4.50
7721,8.80,120.0,30.00,24.00,5.00,5.00,2.50
7722,9.70,3.5,0.60,2.40,1.60,3.80,0.00
7723,8.00,288.0,12.00,,3.00,1.00,2.50
7724,,4.0,1.60,,1.00,2.00,2.50
7725,8.90,222.0,60.00,1.70,0.00,3.00,1.50
7726,9.70,240.0,54.00,1.00,1.10,4.20,2.00
7727,9.50,3.0,1.00,,3.80,2.70,3.00
7728,9.00,246.0,36.00,18.00,3.00,3.60,3.50
7729,10.00,2.0,0.40,1.30,3.50,0.00,4.00
7730,9.70,4.0,0.60,0.10,3.00,3.00,3.00
7731,9.00,4.5,1.00,0.20,1.10,1.50,
7732,11.00,4.5,0.80,0.50,1.50,2.40,3.50
7733,10.80,1.5,0.20,,3.00,0.00,4.00
7734,9.90,1.3,0.00,0.70,,0.00,3.30
7735,10.00,4.0,0.70,0.90,1.30,3.90,0.70
7736,,396.0,,42.00,0.50,3.20,1.00
7737,9.70,1.5,0.50,0.50,,2.50,1.90
7738,6.50,6.0,0.20,,3.20,4.50,2.60
7739,9.50,3.8,0.00,0.00,,,2.50
7740,8.50,3.0,1.70,0.90,1.60,1.00,2.50
7741,9.30,258.0,42.00,60.00,0.50,4.00,3.40
7742,9.80,180.0,36.00,48.00,2.50,1.80,3.00
7743,8.90,246.0,36.00,48.00,3.50,4.00,1.90
7744,10.50,3.0,0.90,1.60,1.80,2.50,2.80
7745,7.90,7.0,1.20,0.00,0.50,3.20,
7746,,3.1,0.50,0.90,2.50,4.00,1.50
7747,9.00,4.4,1.10,1.70,1.60,4.00,2.20
7748,10.00,,1.00,1.00,1.50,,3.50
7749,9.00,3.7,0.10,0.70,3.00,1.50,3.90
7750,12.00,42.0,54.00,0.00,2.90,2.40,4.50
7751,8.30,,0.20,1.70,2.30,4.30,
7752,8.50,3.0,1.80,1.70,2.30,1.90,2.30
7753,8.80,2.0,0.00,1.50,1.60,4.30,1.50
7754,10.00,2.5,1.10,0.70,3.00,2.40,3.50
7755,10.90,2.5,0.30,1.40,1.70,1.80,
7756,7.90,5.0,0.80,1.80,1.50,3.90,0.50
7757,9.00,3.5,0.50,0.00,1.60,2.50,1.20
7758,11.50,,0.90,0.10,1.50,2.50,3.10
7759,8.50,2.1,0.70,1.10,1.50,3.30,1.50
7760,7.50,2.6,0.30,0.60,3.50,4.60,2.00
7761,9.50,2.4,0.00,0.10,2.00,3.50,4.00
7762,8.50,3.5,1.40,0.10,0.30,2.50,2.50
7763,9.30,5.0,0.80,0.20,,3.50,
7764,11.00,210.0,36.00,0.00,3.20,,2.70
7765,10.60,0.5,0.90,0.00,2.90,1.50,5.60
7766,9.00,,0.90,0.20,2.50,3.00,2.80
7767,9.50,270.0,24.00,42.00,2.50,1.50,3.50
7768,9.40,1.4,0.70,0.00,3.00,,3.50
7769,10.70,2.0,,0.60,1.20,1.00,1.80
7770,9.50,--,0.90,1.20,1.50,3.80,2.00
7771,9.80,3.0,1.50,0.20,2.30,0.40,4.00
7772,10.50,2.6,1.10,0.00,3.50,1.90,3.10
7773,9.20,3.5,1.10,,1.50,3.60,1.70
7774,8.50,306.0,48.00,36.00,3.00,4.00,0.90
7775,8.50,,78.00,78.00,,4.40,1.00
7776,8.50,4.0,1.00,1.30,1.60,2.50,0.50
7777,9.00,2.0,0.70,1.40,2.70,3.20,0.00
7778,10.00,4.3,0.30,0.20,1.00,,3.50
7779,9.00,,0.90,1.20,4.00,3.40,0.50
7780,7.50,4.1,0.60,0.80,3.80,3.70,2.70
7781,9.50,2.0,0.40,,2.40,1.50,5.90
7782,,198.0,102.00,54.00,2.00,2.40,2.50
7783,10.20,4.1,1.00,0.00,1.50,0.90,1.00
7784,10.50,0.6,,0.10,1.00,1.00,3.50
7785,8.90,240.0,30.00,12.00,2.70,3.30,3.50
7786,9.50,4.0,0.00,0.00,0.60,,1.30
7787,9.50,4.0,0.80,0.00,2.10,3.40,
7788,9.00,5.0,0.80,0.00,3.00,4.00,1.00
7789,9.00,,66.00,0.00,1.00,2.90,3.90
7790,8.80,3.9,0.90,1.50,1.50,2.50,2.50
7791,9.50,4.5,0.20,0.40,2.60,2.70,3.70
7792,,120.0,0.00,0.00,2.50,2.50,4.00
7793,10.40,4.7,0.80,0.20,3.00,2.30,3.00
7794,10.70,186.0,0.00,24.00,1.40,2.00,4.50
7795,8.50,4.4,,0.90,2.70,1.70,4.00
7796,9.00,138.0,54.00,,3.50,3.40,2.50
7797,9.80,5.0,0.90,1.10,1.50,3.50,1.70
7798,11.20,,0.80,0.00,1.70,1.80,4.50
7799,,210.0,36.00,30.00,4.50,3.50,3.20
7800,10.00,2.3,0.80,0.60,1.80,3.70,0.50
7801,8.30,2.8,0.20,0.10,2.00,3.70,3.10
7802,9.00,5.3,0.00,1.30,1.50,2.70,4.00
7803,10.10,4.0,0.60,0.60,1.50,3.00,3.20
7804,7.70,450.0,60.00,18.00,0.50,2.80,2.50
7805,10.30,30.0,42.00,,1.50,1.90,4.50
7806,8.00,2.0,0.80,1.70,5.00,2.60,2.00
7807,9.60,270.0,,18.00,1.40,2.50,2.60
7808,9.00,4.3,0.60,,4.00,3.80,1.20
7809,11.00,,30.00,60.00,2.80,2.30,4.90
7810,9.50,180.0,12.00,0.00,1.90,0.00,
7811,10.10,3.5,0.80,,1.40,2.80,3.50
7812,10.00,3.0,1.30,0.60,2.50,2.00,4.20
7813,9.00,330.0,66.00,,0.50,2.20,3.50
7814,10.70,0.8,0.80,0.60,1.50,1.80,4.00
7815,10.60,5.2,0.10,0.20,3.30,2.00,3.00
7816,9.70,3.0,0.10,1.60,2.00,,2.50
7817,10.90,1.5,0.40,,,2.00,3.20
7818,11.10,1.5,0.00,0.80,0.90,2.80,
7819,9.00,210.0,6.00,0.00,2.00,4.00,4.10
7820,9.40,120.0,12.00,0.00,0.00,,1.40
7821,10.00,1.1,0.50,0.60,1.00,1.90,3.00
7822,9.10,2.5,0.70,0.80,2.00,2.00,3.00
7823,10.00,1.0,0.70,0.40,1.90,0.80,3.90
7824,11.50,4.0,0.90,0.00,2.80,2.40,2.00
7825,9.80,240.0,,66.00,2.50,3.30,1.60
7826,9.50,2.3,0.50,0.30,,1.40,3.50
7827,7.50,6.5,0.80,0.70,1.50,3.50,2.00
7828,9.50,6.8,0.60,0.70,,2.00,3.50
7829,11.50,3.1,1.30,0.90,2.50,3.00,1.40
7830,9.70,2.7,0.70,0.90,4.00,2.30,2.50
7831,10.50,60.0,0.00,0.90,3.00,1.80,3.80
7832,10.00,126.0,12.00,0.60,,2.00,2.50
7833,9.00,2.0,0.90,0.40,3.10,4.20,2.50
7834,9.70,2.9,0.20,1.10,2.80,3.10,2.00
7835,11.00,n/a,1.00,0.30,1.00,2.50,2.00
7836,10.00,300.0,18.00,30.00,1.10,2.00,2.10
7837,9.10,,0.90,1.00,1.40,4.00,1.70
7838,,2.5,0.00,0.00,3.00,0.70,3.00
7839,10.40,4.9,0.30,0.70,1.00,3.00,3.50
7840,11.80,2.0,0.60,0.00,3.50,1.50,2.80
7841,10.00,>60,72.00,30.00,2.00,2.80,2.70
7842,9.50,2.9,0.90,1.20,2.80,3.70,2.10
7843,9.50,270.0,42.00,0.00,,2.40,
7844,10.10,60.0,0.00,0.00,1.00,2.00,3.60
7845,10.00,3.5,0.60,0.00,2.00,4.00,3.00
7846,,450.0,36.00,0.00,0.50,,2.00
7847,8.60,0.6,0.00,,1.70,,4.50
7848,10.10,4.0,0.40,0.00,2.30,2.00,3.30
7849,8.90,420.0,36.00,108.00,0.00,4.00,0.80
7850,8.00,150.0,84.00,66.00,2.40,2.50,2.80
7851,9.50,2.0,0.20,0.00,2.50,2.00,3.50
7852,8.10,222.0,24.00,60.00,2.80,3.90,2.50
7853,11.00,4.2,0.80,0.00,3.50,,3.60
7854,8.00,5.0,1.10,1.70,1.50,2.50,2.50
7855,9.00,192.0,42.00,1.40,,2.00,2.50
7856,7.20,6.0,0.40,1.20,0.50,4.00,0.00
7857,10.50,2.5,,2.00,2.00,3.00,3.00
7858,9.90,300.0,96.00,42.00,2.10,2.10,2.40
7859,8.90,not recorded,0.40,1.00,1.50,3.50,2.00
7860,,,12.00,0.10,,2.90,3.00
7861,9.20,2.0,0.70,0.00,1.40,1.80,3.50
7862,10.50,2.0,0.70,0.00,4.50,2.10,
7863,8.70,6.2,0.60,1.30,2.50,3.50,1.30
7864,11.10,168.0,0.00,24.00,3.90,1.50,3.70
7865,11.80,0.0,,0.00,2.00,2.00,3.30
7866,9.50,3.0,0.30,0.00,0.50,,2.20
7867,9.30,,0.90,1.60,0.70,3.50,2.30
7868,11.00,4.9,1.40,0.00,2.20,0.90,2.90
7869,9.50,3.5,0.40,2.40,3.50,3.20,2.30
7870,8.50,4.0,0.40,0.90,3.00,4.00,
7871,8.70,,0.40,0.80,3.00,3.50,2.50
7872,8.70,2.0,0.50,0.40,2.10,1.30,3.50
7873,11.00,4.3,0.00,,3.00,3.00,3.10
7874,8.00,2.9,,,2.50,4.00,2.50
7875,10.20,1.4,1.10,0.00,0.50,,3.00
7876,9.30,3.3,,0.40,,3.00,2.40
7877,7.10,3.7,0.60,1.00,2.00,3.50,0.90
7878,9.50,2.1,0.30,0.80,1.90,3.60,2.50
7879,10.80,180.0,60.00,18.00,1.10,1.90,
7880,10.10,3.5,0.10,0.30,2.00,0.10,4.40
7881,9.00,2.0,0.00,0.80,1.00,2.50,2.00
7882,8.50,306.0,18.00,96.00,2.00,4.50,1.50
7883,10.50,2.1,1.20,0.30,2.00,3.00,4.00
7884,8.30,2.4,0.70,1.10,4.60,3.50,1.50
7885,10.10,4.3,0.30,0.10,1.70,2.50,4.00
7886,10.00,2.5,0.70,0.80,2.90,0.00,5.50
7887,10.90,--,1.30,,2.00,1.00,
7888,8.50,3.6,1.30,1.30,1.50,3.50,0.70
7889,9.50,240.0,84.00,42.00,2.50,0.50,2.00
7890,11.00,3.8,,0.20,2.00,2.00,3.10
7891,9.90,156.0,24.00,30.00,1.50,1.40,3.50
7892,10.50,1.2,1.20,0.00,3.20,1.00,4.00
7893,9.50,1.0,0.20,0.00,3.20,1.20,3.50
7894,9.80,2.5,0.70,0.10,5.00,1.50,4.10
7895,11.00,4.0,0.20,0.80,1.50,1.50,1.80
7896,9.50,2.3,0.90,0.30,2.00,2.50,2.60
7897,9.00,216.0,0.00,24.00,4.80,0.00,2.50
7898,10.80,1.0,0.80,0.60,1.50,1.00,2.50
7899,9.60,2.5,0.00,0.00,,2.30,4.30
7900,11.20,1.4,0.80,0.00,3.80,2.20,3.10
7901,9.20,0.5,0.50,0.00,2.00,0.90,2.10
7902,10.00,4.5,,0.80,,4.00,1.90
7903,8.40,3.0,0.90,0.00,1.90,2.50,3.60
7904,9.00,4.5,1.20,1.40,2.10,3.60,1.60
7905,9.00,5.2,1.30,1.30,0.50,4.00,2.10
7906,9.60,252.0,54.00,0.60,1.40,3.50,1.40
7907,10.10,4.8,1.20,0.00,1.30,3.90,2.30
7908,8.50,4.5,0.80,1.90,1.40,3.30,1.50
7909,9.10,258.0,18.00,0.60,1.80,1.70,1.70
7910,7.40,6.7,0.60,0.50,1.30,2.50,4.00
7911,10.90,180.0,0.00,0.10,4.50,2.80,2.00
7912,10.40,54.0,36.00,0.40,1.50,,2.50
7913,8.50,>60,0.00,1.30,2.20,4.20,2.00
7914,10.60,3.0,0.50,0.60,1.00,3.50,3.30
7915,9.50,5.0,1.20,,1.00,3.00,1.60
7916,9.20,312.0,18.00,66.00,2.30,2.00,3.00
7917,9.90,90.0,66.00,0.70,2.50,0.90,5.20
7918,9.00,2.0,0.60,0.90,,3.50,0.60
7919,11.00,0.0,,0.00,2.10,0.00,5.90
7920,8.50,2.5,0.30,1.20,0.60,5.50,1.50
7921,,3.2,0.50,1.10,1.70,1.10,3.50
7922,10.50,2.5,2.60,0.00,1.20,2.80,3.50
7923,7.20,>60,78.00,,2.40,4.00,2.10
7924,7.80,7.2,0.10,1.10,1.40,3.40,2.00
7925,8.70,1.0,1.20,0.20,2.60,3.80,2.30
7926,9.50,1.7,0.00,0.30,1.50,0.00,3.60
7927,11.00,1.5,0.00,0.90,0.70,2.00,2.20
7928,,5.0,0.70,0.50,2.10,3.50,2.00
7929,11.60,0.0,0.00,0.00,2.50,0.00,3.80
7930,10.40,3.8,0.60,0.00,1.20,4.00,0.60
7931,10.50,1.2,0.50,0.40,4.00,0.00,3.20
7932,7.50,4.0,0.60,1.40,3.50,6.30,0.90
7933,9.00,2.0,1.70,0.00,2.50,3.50,
7934,6.50,378.0,66.00,138.00,1.80,3.00,1.70
7935,10.00,1.6,,0.00,2.10,3.00,4.80
7936,8.60,2.6,0.80,0.50,,3.50,2.00
7937,9.50,204.0,60.00,0.90,2.50,,3.30
7938,10.10,,0.20,0.70,1.50,1.50,2.00
7939,9.20,5.0,1.00,0.00,2.00,3.60,2.50
7940,9.00,4.0,0.10,2.20,3.00,1.30,2.10
7941,9.80,6.1,0.10,1.10,1.00,3.50,
7942,10.20,2.6,0.50,0.10,1.00,1.80,3.20
7943,10.50,252.0,0.00,30.00,2.50,1.00,3.00
7944,9.00,234.0,60.00,2.10,1.50,4.00,2.00
7945,10.00,3.2,0.80,0.00,,3.50,0.50
7946,11.00,198.0,18.00,108.00,1.00,2.50,2.90
7947,9.10,3.6,0.90,0.00,,1.60,3.00
7948,9.60,0.0,42.00,0.70,2.50,2.50,4.90
7949,9.60,<1,1.00,,1.00,1.50,2.40
7950,10.30,4.4,0.40,0.80,0.60,2.50,1.50
7951,9.00,60.0,42.00,1.20,3.00,,3.00
7952,11.20,4.0,0.30,0.70,2.50,3.50,2.00
7953,8.80,30.0,84.00,0.00,2.60,0.00,3.50
7954,8.40,,0.00,1.80,,0.20,3.50
7955,9.50,3.0,0.00,0.00,4.50,2.00,4.20
7956,10.80,0.0,1.80,0.00,5.00,0.80,5.00
7957,9.00,5.5,,0.00,1.50,3.10,2.90
7958,10.00,5.3,0.10,,,2.00,3.50
7959,11.00,not recorded,0.90,0.20,4.50,2.50,3.00
7960,9.00,4.1,0.10,0.80,2.00,5.00,2.00
7961,9.20,4.5,,0.30,3.00,3.80,1.80
7962,9.50,4.0,0.00,0.70,4.00,3.20,3.00
7963,8.10,7.5,1.30,1.40,1.00,3.90,0.00
7964,10.00,288.0,30.00,0.00,2.00,3.00,2.40
7965,8.80,4.1,0.80,0.90,2.00,,3.50
7966,9.50,0.0,66.00,30.00,4.00,0.00,3.00
7967,9.30,4.5,0.60,0.80,0.70,4.80,2.00
7968,,6.0,1.30,1.90,3.00,3.30,0.00
7969,10.50,108.0,84.00,0.00,,1.30,4.30
7970,8.40,3.5,0.60,1.50,2.50,3.90,1.50
7971,11.00,,1.60,,1.30,2.00,2.50
7972,8.50,30.0,24.00,6.00,3.60,0.40,3.50
7973,10.30,4.5,0.30,0.50,1.70,2.50,2.40
7974,10.00,0.0,48.00,0.00,3.50,1.50,4.00
7975,10.30,300.0,30.00,12.00,0.80,4.50,2.30
7976,10.70,2.0,0.60,0.10,3.60,,
7977,9.80,,1.10,,3.00,2.40,3.90
7978,7.10,330.0,36.00,48.00,2.00,4.40,2.50
7979,9.00,1.3,0.40,0.00,3.00,2.40,2.70
7980,9.70,3.2,0.50,0.80,,,
7981,9.00,156.0,84.00,0.00,2.90,2.90,0.40
7982,10.00,4.6,0.60,0.00,2.70,1.60,2.50
7983,11.00,2.5,0.90,0.00,1.50,2.00,3.50
7984,10.00,2.0,0.50,0.30,2.00,1.00,4.00
7985,10.00,2.5,1.40,0.90,1.50,4.70,1.00
7986,,2.5,0.60,0.10,2.90,2.00,3.10
7987,,180.0,60.00,36.00,1.30,3.00,3.50
7988,10.00,3.1,1.20,1.00,,2.00,3.50
7989,9.50,180.0,6.00,12.00,1.50,0.00,3.60
7990,9.50,540.0,24.00,42.00,,,
7991,8.10,1.5,0.10,0.00,2.90,2.30,4.50
7992,9.00,1.0,1.00,0.20,2.50,2.20,3.50
7993,10.40,4.8,0.40,0.70,1.60,3.00,2.70
7994,10.50,138.0,36.00,0.60,3.00,,2.50
7995,11.50,2.0,0.80,0.40,1.10,2.50,3.30
7996,9.50,TBD,0.30,2.10,1.00,5.00,
7997,8.50,3.0,0.60,1.80,3.00,3.80,2.00
7998,9.50,2.0,1.50,0.50,2.00,2.90,3.50
7999,,3.0,0.90,0.50,4.10,2.00,3.00
8000,9.00,4.6,0.90,0.00,,2.00,4.50
8001,8.00,6.6,0.10,1.20,0.70,5.00,
8002,9.00,2.5,0.00,0.00,2.00,2.00,5.50
8003,9.30,4.4,,2.10,3.00,1.90,2.30
8004,8.00,180.0,,30.00,3.80,3.40,1.50
8005,9.90,3.5,1.60,0.60,2.50,3.60,1.70
8006,10.20,3.5,1.10,0.30,1.50,3.70,
8007,11.50,3.5,0.90,0.00,1.20,3.50,2.30
8008,9.50,2.9,0.10,0.00,3.10,2.50,2.00
8009,9.40,240.0,48.00,0.00,2.50,4.50,2.00
8010,8.50,234.0,42.00,42.00,3.00,3.00,2.10
8011,8.00,5.0,0.00,1.20,2.10,2.60,1.30
8012,9.00,3.2,0.10,0.60,6.50,4.00,1.70
8013,9.60,7.1,1.00,1.20,1.50,2.40,1.00
8014,9.00,6.0,1.10,0.00,2.00,4.40,
8015,11.30,210.0,42.00,24.00,,1.00,3.50
8016,10.00,3.0,0.30,,5.00,2.50,2.50
8017,11.00,72.0,60.00,6.00,2.00,2.70,5.10
8018,9.00,7.0,0.50,0.70,1.00,2.50,1.40
8019,9.90,6.4,0.20,,,3.40,1.90
8020,9.70,120.0,30.00,24.00,3.80,0.00,4.00
8021,7.00,7.5,,2.00,0.00,3.50,
8022,10.00,2.5,0.20,0.00,1.50,5.00,2.50
8023,8.70,0.5,0.00,0.00,2.00,0.30,3.90
8024,9.70,120.0,42.00,0.00,5.80,3.50,3.50
8025,9.00,300.0,36.00,84.00,2.50,3.70,0.00
8026,10.50,1.5,0.30,0.00,2.00,2.00,4.30
8027,10.10,3.2,0.40,0.50,3.20,3.00,1.00
8028,10.40,5.5,0.40,1.40,1.80,2.10,
8029,9.50,1.9,0.00,0.50,3.00,3.20,1.50
8030,8.90,210.0,30.00,0.60,2.20,3.00,4.00
8031,9.50,2.4,0.50,1.60,,1.30,2.80
8032,,3.0,0.10,0.80,3.50,1.00,3.50
8033,8.00,0.8,0.70,1.80,2.00,3.00,1.00
8034,10.00,102.0,6.00,0.00,2.40,1.40,3.30
8035,10.00,90.0,6.00,54.00,3.00,3.10,4.50
8036,9.90,5.9,0.40,0.70,1.90,3.00,1.60
8037,8.70,90.0,36.00,0.00,2.00,0.80,6.20
8038,9.20,240.0,84.00,0.50,2.00,1.00,4.60
8039,8.50,162.0,72.00,36.00,2.60,0.50,4.00
8040,,180.0,18.00,,5.80,4.00,0.90
8041,9.50,1.7,0.60,1.40,,5.50,1.00
8042,10.50,240.0,18.00,,2.50,2.90,3.20
8043,10.20,60.0,36.00,0.00,2.00,1.50,2.50
8044,10.50,5.2,0.30,0.00,0.50,4.00,3.10
8045,11.50,3.0,0.80,0.30,,1.90,3.00
8046,9.50,3.4,,0.00,3.30,2.00,5.00
8047,10.00,1.9,1.30,0.00,2.50,1.50,
8048,11.00,1.1,0.20,1.40,4.20,0.20,5.50
8049,9.50,3.5,0.80,0.70,1.70,3.80,3.50
8050,10.00,120.0,90.00,42.00,5.70,2.20,2.50
8051,8.50,1.5,0.90,0.00,2.00,3.00,1.50
8052,10.80,3.5,0.00,0.90,2.70,2.00,4.00
8053,9.70,210.0,0.00,0.00,2.50,1.30,3.50
8054,,390.0,6.00,1.50,1.40,3.00,1.50
8055,9.00,3.8,1.20,0.50,1.90,2.00,3.40
8056,7.60,174.0,6.00,48.00,6.00,4.10,3.00
8057,8.80,3.1,0.90,0.00,2.50,1.50,3.50
8058,10.50,3.0,0.00,0.00,4.00,1.80,5.00
8059,7.50,4.7,0.80,0.60,1.80,4.00,2.10
8060,10.20,1.5,0.50,0.00,4.00,1.40,4.10
8061,7.30,7.9,0.50,0.60,0.50,5.20,0.00
8062,9.90,3.6,0.90,0.00,1.80,1.50,2.50
8063,6.70,192.0,30.00,102.00,1.50,4.40,0.00
8064,,3.3,1.70,0.50,1.50,1.00,4.50
8065,9.70,1.5,,0.00,1.10,0.00,4.60
8066,7.50,318.0,66.00,0.00,,3.80,2.20
8067,9.80,,0.30,0.70,4.80,3.50,0.50
8068,8.00,192.0,18.00,42.00,4.40,0.60,1.90
8069,9.10,5.5,0.00,,1.50,2.00,2.50
8070,9.90,120.0,54.00,0.00,4.00,2.50,2.00
8071,10.80,,0.70,0.40,1.50,1.00,3.70
8072,,n/a,0.90,0.00,3.00,3.30,2.10
8073,9.80,0.0,18.00,66.00,2.50,2.00,5.00
8074,9.90,6.1,0.00,0.40,1.50,1.90,3.10
8075,10.00,366.0,12.00,0.00,1.00,3.10,2.80
8076,8.30,0.5,0.00,1.00,3.60,,3.10
8077,9.00,7.0,1.50,0.70,0.90,3.70,0.50
8078,10.50,4.4,0.60,0.70,1.00,3.50,1.00
8079,8.20,5.7,1.50,1.30,0.90,3.40,1.60
8080,10.50,4.5,0.70,0.90,1.50,3.20,
8081,9.80,3.6,1.70,0.00,0.50,3.10,3.00
8082,,<1,0.90,1.20,,5.10,3.00
8083,10.40,0.0,1.50,0.30,2.00,0.00,2.80
8084,9.30,180.0,72.00,36.00,2.00,3.80,1.50
8085,10.80,1.5,0.80,0.80,2.40,2.50,4.50
8086,8.80,312.0,24.00,84.00,3.00,2.50,2.00
8087,,2.8,1.50,0.60,,1.00,1.80
8088,9.00,120.0,12.00,1.70,1.00,1.90,3.30
8089,8.50,336.0,,102.00,2.50,4.10,1.00
8090,10.00,294.0,24.00,54.00,,,
8091,7.70,,0.90,0.50,3.00,3.20,3.50
8092,9.00,6.6,,1.30,2.00,2.90,1.00
8093,8.50,1.5,0.00,0.00,4.50,3.30,3.30
8094,,2.5,0.60,0.30,,2.60,1.10
8095,10.50,1.1,0.30,0.00,3.80,1.90,3.00
8096,10.50,2.5,1.10,0.00,0.90,3.60,3.50
8097,6.90,5.7,1.30,0.20,2.30,4.40,1.90
8098,10.50,1.5,0.60,0.00,2.10,2.40,4.00
8099,10.00,174.0,78.00,60.00,,3.30,1.50
8100,9.00,6.0,0.90,0.60,2.20,2.20,2.00
8101,10.00,132.0,18.00,54.00,1.90,4.30,2.00
8102,10.30,2.0,0.00,0.00,4.80,1.40,4.50
8103,8.00,5.0,0.30,0.80,1.70,3.50,1.90
8104,9.20,2.0,0.10,0.40,3.00,3.00,3.30
8105,9.50,4.0,0.80,0.10,3.10,,2.40
8106,9.50,120.0,,12.00,3.00,2.20,2.70
8107,9.00,4.5,0.80,1.70,1.50,2.50,1.60
8108,9.00,246.0,6.00,126.00,0.50,3.50,3.50
8109,9.00,0.0,0.00,1.40,2.50,2.50,3.00
8110,9.50,240.0,18.00,0.50,2.50,,3.10
8111,10.00,3.9,,1.20,2.60,2.20,3.80
8112,10.50,4.5,0.00,1.00,3.50,2.00,2.70
8113,11.50,4.0,1.10,0.00,,1.50,4.20
8114,10.00,240.0,72.00,30.00,1.50,2.00,3.50
8115,7.50,6.4,0.10,1.70,2.00,2.90,2.40
8116,9.50,2.3,,1.40,2.50,3.80,1.50
8117,8.40,174.0,18.00,24.00,2.30,3.20,1.50
8118,8.60,not recorded,42.00,0.00,4.00,2.00,5.20
8119,12.00,0.0,0.00,0.00,5.60,1.90,4.00
8120,9.50,1.9,1.00,1.70,3.50,1.00,2.40
8121,9.50,144.0,42.00,48.00,1.90,4.40,0.50
8122,10.00,5.7,0.50,1.00,1.40,3.90,1.20
8123,10.00,2.1,0.90,0.00,1.00,4.20,3.00
8124,8.90,258.0,18.00,0.90,3.50,5.50,0.50
8125,10.90,,0.00,12.00,3.00,1.00,4.00
8126,8.90,,0.70,0.30,1.70,3.70,
8127,10.50,2.5,1.40,0.00,1.50,3.50,3.60
8128,9.40,4.5,1.00,1.00,1.20,3.50,0.00
8129,9.00,174.0,0.00,48.00,2.50,2.50,2.00
8130,11.10,300.0,60.00,24.00,1.50,2.50,2.50
8131,10.50,180.0,12.00,24.00,5.00,2.50,3.00
8132,,2.2,1.10,1.50,1.50,3.50,2.00
8133,9.50,2.1,1.00,,4.50,3.50,3.50
8134,11.40,3.5,1.30,0.00,1.60,0.70,4.30
8135,9.70,3.6,1.30,0.00,2.50,2.00,2.00
8136,7.50,5.0,0.40,0.40,5.80,2.40,2.50
8137,,1.7,1.60,0.00,3.50,2.80,
8138,10.00,3.3,1.40,0.70,1.50,3.00,3.50
8139,8.10,312.0,6.00,,2.10,3.40,2.50
8140,12.50,60.0,30.00,0.00,2.30,3.20,4.20
8141,10.60,3.0,,0.20,4.50,0.00,4.50
8142,8.50,0.0,1.30,0.00,2.80,2.30,3.00
8143,,390.0,12.00,1.50,,3.90,0.90
8144,8.50,4.0,1.30,1.40,1.90,3.50,2.50
8145,7.50,6.1,0.70,1.00,2.90,4.00,2.00
8146,10.00,2.2,0.60,0.00,1.30,1.00,3.90
8147,9.00,2.0,0.60,1.10,2.50,4.00,
8148,10.90,2.1,1.40,0.70,4.00,2.50,3.10
8149,8.90,7.0,0.00,1.20,4.00,3.00,1.00
8150,9.00,5.1,1.10,0.60,1.50,4.20,1.80
8151,9.50,5.1,0.90,1.70,,2.50,1.40
8152,9.00,138.0,,0.10,4.00,3.70,
8153,10.10,6.0,1.50,0.10,0.50,3.20,1.00
8154,9.50,3.5,0.50,0.90,3.00,4.00,0.80
8155,9.00,4.0,0.30,,1.90,4.50,0.40
8156,10.80,3.9,1.10,0.70,1.50,1.60,3.50
8157,9.40,6.6,0.20,0.30,0.90,1.30,4.50
8158,8.00,3.5,0.20,,1.40,4.20,2.00
8159,8.60,1.5,0.10,0.00,3.50,1.00,
8160,9.80,2.9,0.60,0.80,2.70,1.80,4.00
8161,9.60,2.0,0.00,0.00,3.50,2.00,5.50
8162,10.10,,0.40,0.40,1.10,4.30,2.00
8163,10.50,120.0,30.00,0.90,3.50,2.50,3.30
8164,8.50,3.9,0.00,0.60,0.60,2.60,1.80
8165,13.00,3.1,1.20,0.00,1.00,2.00,3.00
8166,10.50,90.0,30.00,0.00,3.00,2.90,3.50
8167,6.00,300.0,24.00,0.30,0.20,4.20,0.50
8168,8.60,198.0,90.00,0.00,1.80,2.60,3.00
8169,10.90,3.7,0.80,1.50,2.00,2.50,1.50
8170,,,1.00,0.50,3.50,0.00,3.40
8171,11.00,2.2,0.60,0.80,3.00,2.00,3.60
8172,,1.7,1.80,0.00,3.00,3.10,2.80
8173,7.20,330.0,18.00,1.20,3.00,2.80,1.00
8174,11.50,2.4,1.10,0.20,2.90,2.50,4.00
8175,9.30,5.0,0.30,0.80,1.50,3.50,2.00
8176,11.50,0.0,0.30,0.40,3.30,1.10,4.50
8177,9.60,2.9,0.80,0.00,4.20,1.20,3.00
8178,9.00,1.1,0.00,0.30,1.50,2.10,0.80
8179,10.50,3.8,1.50,1.00,1.60,2.50,2.50
8180,8.90,0.0,0.00,30.00,3.50,2.20,4.80
8181,10.90,2.5,0.20,0.00,2.10,0.20,4.50
8182,12.00,126.0,42.00,0.30,3.30,0.50,4.50
8183,9.00,3.0,0.80,0.90,3.50,3.80,2.40
8184,8.70,1.5,1.10,1.20,2.50,,1.50
8185,10.00,144.0,84.00,36.00,1.00,3.50,3.50
8186,9.80,5.0,0.30,,0.00,,2.50
8187,11.60,4.5,1.20,1.60,3.00,2.00,0.50
8188,9.50,7.0,,0.90,1.50,1.50,
8189,8.50,270.0,0.00,0.00,,2.80,2.40
8190,10.00,120.0,0.00,0.00,1.70,2.00,4.10
8191,9.40,0.9,1.80,1.10,2.50,1.00,3.50
8192,9.30,2.0,1.10,0.00,3.50,1.50,1.50
8193,9.00,1.3,0.40,0.70,5.20,,1.40
8194,8.10,3.5,0.00,2.50,0.50,3.10,2.20
8195,10.60,4.0,0.60,0.20,2.20,2.20,3.70
8196,8.50,1.0,0.30,0.50,3.50,2.00,
8197,11.30,0.0,0.00,0.00,,0.00,4.50
8198,10.30,3.5,0.50,1.00,1.20,4.40,2.90
8199,,4.5,0.80,0.60,2.60,1.50,3.40
8200,10.00,>60,1.10,1.30,1.00,3.40,0.00
8201,8.50,2.5,1.30,1.40,3.20,,1.50
8202,10.00,186.0,12.00,18.00,4.00,3.00,1.50
8203,7.70,3.5,0.20,2.00,2.50,4.70,0.00
8204,8.30,3.4,0.40,0.40,2.00,1.20,2.20
8205,11.50,4.0,1.00,0.00,1.90,2.50,3.00
8206,9.50,150.0,0.00,0.00,3.10,2.50,3.50
8207,8.90,,24.00,,1.50,5.50,1.00
8208,9.00,1.9,0.50,0.00,3.00,2.00,
8209,9.60,4.5,0.60,0.30,2.00,1.90,4.50
8210,9.50,1.1,0.10,,0.20,2.50,2.70
8211,9.00,1.5,0.10,0.40,2.00,3.10,2.00
8212,11.50,390.0,72.00,36.00,,0.50,1.80
8213,10.00,,0.60,0.00,4.00,2.00,2.00
8214,8.00,6.0,0.10,,1.50,4.70,
8215,10.50,2.0,0.90,0.00,1.50,2.20,2.50
8216,11.10,0.0,42.00,0.80,1.20,1.60,2.30
8217,9.50,2.5,0.20,0.00,1.90,1.70,4.20
8218,10.40,0.0,0.00,0.00,3.00,2.40,3.50
8219,8.30,300.0,90.00,54.00,0.70,4.60,0.70
8220,12.50,0.7,0.30,0.00,2.20,2.80,3.00
8221,12.00,2.0,0.20,1.50,1.00,2.30,4.30
8222,9.70,2.3,0.00,0.00,2.30,2.50,1.50
8223,9.00,2.5,1.70,1.00,1.50,2.50,3.70
8224,10.00,0.0,0.60,0.30,2.50,0.30,4.50
8225,10.50,1.6,0.20,0.30,3.50,1.50,4.60
8226,8.80,5.5,0.00,1.60,3.00,3.40,1.90
8227,10.50,3.5,0.10,0.10,2.00,,2.70
8228,9.50,180.0,18.00,78.00,3.30,2.30,3.40
8229,8.10,210.0,,,3.00,,0.00
8230,8.10,306.0,42.00,90.00,2.00,2.00,4.00
8231,9.00,2.5,,1.80,1.20,3.50,1.70
8232,,0.1,1.40,0.30,1.20,0.80,5.00
8233,11.40,,1.20,0.40,1.50,2.10,2.70
8234,10.20,3.0,1.40,1.10,1.30,2.80,2.50
8235,9.00,,12.00,0.30,1.90,3.50,0.50
8236,,3.0,1.10,1.60,3.40,5.50,0.00
8237,10.90,162.0,66.00,0.00,2.20,,4.30
8238,8.70,3.8,1.00,0.70,3.00,2.90,3.50
8239,9.10,84.0,48.00,,2.90,3.20,3.00
8240,9.30,2.5,0.00,3.00,1.00,1.80,2.80
8241,,3.0,0.50,0.00,6.00,1.00,3.50
8242,9.60,4.0,1.20,0.60,1.30,4.10,1.00
8243,9.10,1.5,0.00,0.50,2.00,2.80,3.90
8244,11.30,5.6,1.00,0.20,0.50,2.50,2.50
8245,11.20,0.0,0.00,1.20,3.50,2.00,3.00
8246,8.90,120.0,24.00,48.00,1.20,0.70,2.50
8247,8.50,30.0,54.00,30.00,5.00,1.70,3.50
8248,8.70,4.5,,0.20,2.50,3.80,3.00
8249,9.00,192.0,36.00,0.00,1.30,2.60,3.50
8250,10.00,,0.60,0.30,,1.50,2.80
8251,9.40,2.4,0.50,1.20,3.60,3.90,
8252,9.50,1.5,1.10,0.40,1.00,0.80,2.90
8253,8.80,3.5,0.00,0.30,2.40,3.80,3.00
8254,,,1.00,0.50,4.00,0.50,6.50
8255,9.50,120.0,54.00,72.00,1.10,3.30,1.90
8256,8.80,4.4,0.40,0.00,3.50,2.00,4.00
8257,8.50,162.0,78.00,0.00,4.50,3.70,3.00
8258,10.90,0.0,0.00,0.40,2.50,0.60,3.50
8259,7.50,276.0,60.00,90.00,1.00,4.40,0.00
8260,9.70,not recorded,0.50,0.20,,0.50,5.80
8261,11.40,2.0,0.50,0.50,1.30,0.70,4.30
8262,10.50,2.0,0.80,0.80,5.50,1.50,3.80
8263,8.20,4.0,0.60,0.50,3.10,,2.50
8264,7.50,7.5,0.60,0.90,1.10,3.90,1.80
8265,10.00,3.0,0.00,0.80,1.00,,3.00
8266,9.20,228.0,42.00,72.00,3.50,1.00,3.70
8267,8.50,TBD,0.90,1.00,3.50,2.60,1.60
8268,9.50,180.0,30.00,0.00,0.90,3.00,1.40
8269,12.00,324.0,0.00,12.00,1.50,2.00,1.50
8270,,--,36.00,0.10,4.20,3.10,2.00
8271,,2.5,1.20,1.40,0.70,3.10,1.50
8272,9.20,3.5,1.40,,2.00,1.30,1.20
8273,10.10,5.5,0.90,0.60,0.40,2.50,2.00
8274,9.20,6.0,0.60,0.80,0.00,3.50,1.60
8275,10.40,4.0,0.70,1.20,2.80,3.20,0.90
8276,9.00,,0.10,1.20,5.20,3.30,2.50
8277,10.20,3.5,0.70,0.40,1.00,3.00,3.50
8278,,5.1,0.80,0.80,2.40,3.10,2.60
8279,,6.5,0.60,0.60,3.00,3.50,2.00
8280,9.50,,1.80,,3.00,3.50,2.70
8281,8.30,222.0,42.00,,2.80,4.50,1.50
8282,,2.0,0.70,0.00,3.50,1.50,4.90
8283,8.30,2.6,0.40,1.10,1.40,2.90,1.00
8284,9.30,78.0,96.00,0.40,1.80,1.00,3.50
8285,8.70,3.0,1.10,0.00,3.50,2.50,3.60
8286,9.30,1.7,0.70,0.60,6.50,0.10,
8287,10.60,0.5,0.50,0.40,2.30,0.10,5.50
8288,9.00,2.2,0.70,0.00,5.50,1.00,2.60
8289,10.60,5.2,0.00,0.00,0.20,,4.00
8290,10.60,4.0,0.40,0.40,1.50,3.00,2.10
8291,11.80,1.5,0.50,0.50,1.60,4.00,
8292,9.30,0.0,0.50,,4.20,3.00,2.50
8293,8.10,5.4,1.60,0.90,0.00,1.90,2.00
8294,10.30,5.0,0.50,1.50,1.00,3.00,
8295,10.70,120.0,54.00,42.00,3.60,1.50,3.10
8296,10.50,<1,42.00,0.00,,1.90,3.80
8297,11.20,3.9,0.70,0.50,2.50,0.50,2.50
8298,10.00,1.3,,0.30,3.80,3.00,2.90
8299,9.50,2.9,0.70,0.90,1.70,2.10,3.00
8300,7.50,330.0,60.00,60.00,1.50,3.00,3.50
8301,9.60,336.0,72.00,6.00,1.50,3.00,0.30
8302,9.00,3.0,0.70,,3.00,2.00,1.80
8303,10.30,3.4,0.60,0.80,5.00,2.00,0.50
8304,,150.0,126.00,0.00,3.50,0.00,3.20
8305,7.00,192.0,60.00,102.00,2.00,4.50,2.10
8306,10.30,5.5,1.20,0.20,0.00,4.00,
8307,9.70,3.0,1.30,0.80,0.50,2.50,1.50
8308,8.70,3.1,,1.20,3.00,4.10,2.50
8309,10.00,1.4,0.10,0.00,2.50,1.90,
8310,9.50,,0.10,,3.20,0.70,4.10
8311,10.60,4.2,,,1.70,3.50,2.60
8312,10.90,0.5,0.00,0.40,1.60,1.20,4.10
8313,8.50,3.5,1.20,0.20,3.30,4.00,2.40
8314,10.50,0.0,60.00,1.70,2.00,0.50,3.50
8315,9.40,2.5,0.80,0.60,2.00,,4.00
8316,10.00,1.0,1.10,0.00,2.00,1.90,3.70
8317,10.30,4.7,1.00,0.90,1.00,2.50,1.90
8318,11.00,1.6,0.80,0.00,1.00,2.60,
8319,11.40,3.0,0.80,,3.00,,4.00
8320,9.60,3.1,0.20,0.60,2.00,3.50,4.00
8321,8.50,1.0,0.60,0.70,1.50,1.60,3.00
8322,10.50,1.9,0.60,1.00,3.00,2.60,4.00
8323,11.60,2.0,0.00,0.60,3.00,1.50,3.40
8324,9.60,168.0,24.00,1.10,4.00,,2.20
8325,6.40,150.0,72.00,1.90,2.50,5.80,3.50
8326,9.50,102.0,66.00,90.00,2.80,2.30,4.00
8327,9.50,114.0,42.00,42.00,3.40,2.70,1.50
8328,,4.0,0.00,0.50,,1.50,4.30
8329,10.70,0.9,0.20,0.30,4.00,1.50,4.60
8330,9.50,4.0,0.60,0.20,2.50,3.00,3.50
8331,11.00,,1.60,,3.00,3.00,3.50
8332,9.10,3.8,0.60,1.20,2.30,4.00,2.00
8333,9.60,138.0,72.00,0.00,1.10,3.50,1.00
8334,10.20,1.4,0.50,2.20,1.20,2.30,4.10
8335,,300.0,,54.00,2.00,3.00,1.80
8336,10.40,2.9,1.00,0.00,4.50,2.50,4.00
8337,10.00,n/a,36.00,0.50,2.00,3.80,4.00
8338,9.50,3.1,1.10,0.00,1.00,2.30,4.50
8339,8.50,5.3,0.30,2.20,1.50,4.00,0.40
8340,10.50,2.6,1.00,0.70,2.60,2.00,2.60
8341,10.00,300.0,42.00,36.00,1.30,2.40,1.40
8342,,6.0,2.60,0.00,0.50,2.50,
8343,9.00,144.0,,48.00,2.00,2.00,2.50
8344,7.00,3.0,0.40,2.20,2.00,5.20,2.40
8345,10.10,1.8,0.70,0.60,3.30,3.50,2.20
8346,8.50,3.5,0.00,1.20,2.50,2.20,0.60
8347,8.00,3.0,1.10,1.60,2.50,3.30,
8348,8.10,3.0,0.60,0.30,3.00,5.50,1.10
8349,9.50,114.0,96.00,24.00,3.10,1.80,3.70
8350,9.50,4.0,0.90,0.30,2.00,3.50,
8351,9.50,6.2,0.00,0.10,1.50,3.50,2.50
8352,11.00,1.0,0.50,0.00,3.90,0.70,4.00
8353,10.50,4.6,,0.60,0.90,1.50,3.80
8354,8.50,5.5,0.00,1.20,2.60,3.60,3.00
8355,,1.5,0.90,0.40,2.00,1.80,3.00
8356,9.60,1.6,1.90,1.10,4.20,1.60,1.40
8357,9.90,1.3,0.50,0.20,,1.50,3.00
8358,9.50,1.5,0.20,0.00,1.50,1.00,5.30
8359,9.70,,0.00,96.00,1.40,4.50,
8360,8.50,6.0,1.20,0.50,2.90,3.00,2.00
8361,9.00,132.0,30.00,,2.50,4.00,3.00
8362,8.80,2.0,1.30,0.70,2.00,4.40,2.60
8363,11.00,72.0,60.00,48.00,4.00,1.00,3.90
8364,11.60,0.0,0.60,0.50,3.10,0.00,3.10
8365,11.00,4.5,0.60,1.40,0.90,3.50,2.00
8366,10.50,0.0,,0.40,3.30,0.50,5.10
8367,,4.4,0.20,0.30,2.00,3.00,2.00
8368,9.00,1.3,0.20,0.00,2.60,3.20,
8369,10.00,3.5,0.40,0.40,2.50,2.50,4.50
8370,7.90,6.0,0.90,0.90,1.40,4.00,2.00
8371,9.00,114.0,72.00,60.00,2.10,3.00,2.30
8372,10.00,2.0,0.40,1.50,3.00,2.90,1.80
8373,8.30,3.6,0.40,,1.40,,4.50
8374,6.90,7.0,0.30,1.50,2.30,5.10,0.50
8375,10.00,0.0,42.00,,2.10,3.30,1.50
8376,11.00,3.5,0.20,0.30,3.50,4.50,2.00
8377,10.80,150.0,,6.00,4.20,2.10,2.50
8378,8.40,2.1,,0.70,2.10,3.10,3.90
8379,11.30,3.5,0.90,0.20,1.20,1.50,4.20
8380,9.50,180.0,30.00,0.00,,1.50,2.50
8381,10.20,2.2,0.90,0.50,2.80,3.60,4.00
8382,8.50,3.0,0.30,0.50,3.00,4.20,3.20
8383,9.90,4.5,0.80,0.00,2.10,3.00,3.10
8384,12.40,66.0,36.00,0.00,,1.80,3.50
8385,9.50,1.2,0.50,0.60,1.60,,1.30
8386,11.00,120.0,90.00,30.00,1.70,1.00,1.90
8387,8.70,,0.30,0.30,2.60,4.00,0.70
8388,9.80,4.4,0.10,0.00,1.00,1.50,3.40
8389,10.50,1.5,0.70,0.10,4.60,1.00,5.00
8390,10.50,3.1,1.80,0.60,3.00,2.00,3.50
8391,10.00,4.1,0.40,0.40,3.00,3.00,
8392,11.50,3.3,0.50,0.20,2.30,2.50,3.00
8393,10.00,90.0,48.00,0.00,0.50,1.50,3.00
8394,11.80,0.0,0.00,18.00,5.00,1.50,4.60
8395,10.00,2.5,1.10,0.00,4.00,1.50,5.00
8396,10.00,300.0,24.00,30.00,1.50,2.00,3.50
8397,9.90,2.3,0.30,0.40,5.00,2.50,4.50
8398,10.50,2.5,0.50,0.00,1.90,2.50,
8399,9.00,4.5,0.00,0.60,1.40,1.50,4.80
8400,11.00,210.0,42.00,48.00,1.50,,3.00
8401,9.20,,108.00,0.40,2.30,4.00,2.00
8402,11.50,1.8,0.40,,1.50,0.00,4.00
8403,9.00,3.9,0.00,0.90,1.80,1.40,4.00
8404,9.70,5.9,0.60,0.50,1.70,3.80,1.50
8405,9.80,6.0,1.50,0.00,1.50,3.10,1.70
8406,10.50,,24.00,60.00,3.10,0.00,4.50
8407,11.00,1.1,1.90,0.20,2.40,0.50,4.50
8408,11.00,0.5,1.40,0.00,3.00,1.20,3.20
8409,11.80,1.7,0.30,1.20,5.00,1.00,3.00
8410,8.00,6.8,0.50,0.40,0.70,4.00,0.50
8411,9.30,5.5,0.70,0.90,0.50,3.50,2.00
8412,9.00,3.0,0.00,0.20,3.60,3.40,3.40
8413,10.50,0.1,0.70,0.10,1.50,0.50,4.50
8414,10.00,204.0,24.00,78.00,2.00,,2.10
8415,8.90,,,30.00,3.40,2.00,2.00
8416,10.00,5.6,1.10,0.80,3.00,2.00,1.00
8417,10.40,TBD,48.00,6.00,3.10,1.50,3.00
8418,9.20,3.0,1.50,0.80,1.50,3.00,4.00
8419,11.00,2.0,0.80,0.50,2.30,2.40,4.00
8420,12.00,,90.00,0.20,,0.50,2.70
8421,9.30,,0.60,0.00,2.50,1.70,4.10
8422,10.00,3.0,1.20,1.20,2.20,2.50,1.50
8423,10.80,120.0,36.00,12.00,,3.10,1.00
8424,10.50,2.5,0.60,0.00,1.20,0.60,3.00
8425,12.00,2.4,0.60,0.20,4.50,0.00,5.00
8426,9.30,102.0,42.00,0.90,3.30,3.40,1.90
8427,10.00,3.5,1.00,0.30,1.90,,3.50
8428,9.70,3.5,0.20,0.90,4.00,2.00,2.60
8429,10.00,0.0,1.20,0.50,2.50,2.00,2.80
8430,11.30,4.5,0.20,0.50,2.50,2.30,2.40
8431,11.00,2.5,0.50,0.70,4.00,1.00,4.50
8432,8.00,300.0,36.00,36.00,0.30,3.50,1.00
8433,8.50,5.0,1.10,0.90,0.10,3.90,3.00
8434,8.20,6.2,1.10,0.80,0.00,3.50,3.30
8435,8.00,--,0.00,1.20,4.50,3.50,2.50
8436,8.50,1.6,1.40,0.10,5.10,2.00,3.50
8437,8.90,120.0,54.00,108.00,3.00,4.50,1.30
8438,9.50,0.5,0.30,1.20,2.80,3.00,3.00
8439,7.80,192.0,72.00,36.00,2.00,2.80,3.20
8440,9.70,1.3,0.60,1.10,2.50,2.60,4.50
8441,9.00,300.0,0.00,36.00,3.00,1.50,3.50
8442,9.50,3.0,0.10,0.00,3.80,3.00,2.50
8443,11.80,114.0,30.00,12.00,2.00,0.00,5.00
8444,10.00,3.5,0.00,0.00,1.00,4.00,1.40
8445,10.20,222.0,18.00,,2.00,1.50,2.50
8446,10.50,0.0,,1.30,3.50,0.00,6.00
8447,10.60,,48.00,18.00,1.50,0.60,3.00
8448,9.50,1.5,0.50,,5.50,2.20,3.40
8449,9.50,240.0,54.00,0.60,3.90,3.50,1.90
8450,9.40,,60.00,6.00,4.10,5.50,0.90
8451,9.00,5.7,0.00,0.20,1.00,4.80,1.70
8452,10.50,2.5,0.10,0.00,0.10,2.70,2.80
8453,9.50,0.5,0.70,0.00,3.30,3.00,2.80
8454,10.20,2.1,0.00,0.10,1.00,2.50,3.30
8455,10.80,2.1,0.10,0.10,1.70,3.00,5.00
8456,8.80,3.0,1.20,0.80,1.80,3.10,3.90
8457,9.90,3.5,0.60,0.30,3.50,4.10,1.70
8458,9.00,not recorded,1.30,0.00,6.00,1.50,5.00
8459,9.50,2.5,1.00,0.00,2.30,3.00,4.90
8460,9.70,150.0,54.00,78.00,3.10,2.50,3.00
8461,9.50,240.0,12.00,,1.60,1.90,3.00
8462,10.50,2.0,,0.00,2.00,4.50,3.00
8463,11.70,2.8,0.80,0.00,2.60,2.00,3.60
8464,9.60,180.0,48.00,90.00,1.50,2.50,1.60
8465,9.70,2.0,0.50,1.20,3.00,3.10,1.50
8466,8.10,354.0,30.00,1.80,1.90,,1.00
8467,11.10,3.8,1.60,0.00,1.50,1.80,3.50
8468,8.60,,1.60,1.40,2.50,4.00,1.50
8469,10.70,5.1,0.60,1.40,2.20,3.00,1.00
8470,8.30,168.0,36.00,0.00,3.10,2.70,3.30
8471,8.00,3.0,0.90,0.20,2.20,2.80,1.00
8472,10.50,96.0,78.00,0.80,1.00,0.50,3.50
8473,11.50,2.2,0.00,0.50,2.00,1.90,4.50
8474,9.50,150.0,42.00,48.00,2.50,1.80,3.60
8475,11.00,2.2,0.50,1.60,2.00,1.00,3.00
8476,9.00,5.0,1.10,0.90,0.40,6.00,0.00
8477,9.30,120.0,0.00,12.00,6.40,1.00,4.20
8478,9.50,1.0,,0.00,6.50,1.80,2.00
8479,8.00,2.1,0.40,1.60,2.00,2.50,2.50
8480,10.00,3.6,1.20,0.50,2.90,2.50,1.00
8481,9.50,6.0,0.90,0.70,0.50,4.00,1.50
8482,,4.7,,1.30,3.00,2.70,1.50
8483,9.40,2.0,0.00,0.50,,2.20,4.80
8484,9.00,264.0,60.00,1.10,0.50,2.00,1.90
8485,,3.0,0.80,0.70,1.50,2.00,3.40
8486,7.40,4.2,1.40,0.80,5.00,3.80,2.50
8487,8.50,372.0,42.00,78.00,1.30,3.40,1.90
8488,10.50,1.5,1.10,0.70,3.30,1.90,2.70
8489,10.50,,0.70,,1.40,1.50,5.50
8490,9.50,3.5,1.00,0.80,3.50,2.50,2.60
8491,8.90,6.0,0.60,0.70,3.00,3.50,0.50
8492,9.00,,30.00,,3.00,2.70,2.00
8493,8.70,,1.10,0.70,0.00,1.80,3.80
8494,7.50,2.9,1.30,0.90,0.50,4.70,2.10
8495,8.00,300.0,60.00,60.00,2.30,4.50,1.50
8496,8.30,210.0,12.00,60.00,1.60,4.00,1.90
8497,9.60,2.0,0.90,0.80,1.50,1.50,1.90
8498,10.00,156.0,0.00,0.00,1.50,1.10,3.10
8499,9.90,4.0,0.00,1.20,1.90,,3.50
8500,9.50,4.0,0.30,0.40,2.50,3.00,2.20
8501,8.60,3.0,2.00,0.00,2.00,2.50,2.20
8502,10.00,90.0,0.00,24.00,3.10,1.50,1.50
8503,7.70,7.0,0.60,0.70,1.60,4.00,1.50
8504,10.20,3.0,0.80,0.30,2.50,3.00,
8505,7.50,3.5,0.60,1.00,1.80,3.00,0.10
8506,9.00,3.2,0.00,0.00,1.10,3.00,0.50
8507,9.50,4.4,0.60,0.30,2.60,0.70,5.00
8508,10.60,TBD,0.20,0.20,2.80,3.00,2.50
8509,9.80,0.0,72.00,0.10,3.10,1.00,5.50
8510,8.20,0.0,0.80,0.00,4.50,,1.50
8511,,2.5,0.70,0.60,3.60,1.70,4.00
8512,11.10,3.5,0.70,0.50,0.60,2.00,3.70
8513,12.30,72.0,36.00,1.30,2.40,0.80,3.70
8514,9.70,3.1,0.60,0.70,2.00,3.00,1.40
8515,10.00,--,0.40,1.00,3.10,1.50,2.70
8516,9.00,1.8,0.50,0.00,2.00,0.40,4.00
8517,12.20,1.5,0.30,0.00,1.00,2.40,2.40
8518,9.50,5.6,1.00,0.60,1.80,2.50,2.00
8519,9.00,,42.00,54.00,1.20,3.80,1.90
8520,9.60,1.3,1.30,0.00,2.00,1.60,3.50
8521,10.30,168.0,6.00,30.00,3.00,1.50,4.00
8522,10.50,3.0,0.00,0.00,1.50,1.50,1.30
8523,9.00,,30.00,1.10,3.60,0.50,2.50
8524,9.60,4.5,0.70,0.20,1.00,1.40,1.90
8525,10.10,300.0,36.00,30.00,1.60,,2.20
8526,10.50,120.0,0.00,0.00,1.50,2.80,
8527,10.40,,0.90,0.50,3.70,0.50,2.90
8528,,,1.10,0.00,2.70,1.50,3.90
8529,10.10,2.5,1.00,0.20,1.00,0.10,4.50
8530,7.60,6.0,0.50,0.80,2.50,3.50,2.50
8531,10.00,120.0,48.00,24.00,1.50,3.00,0.80
8532,8.40,3.0,0.60,0.50,2.00,3.50,3.00
8533,9.00,4.6,0.90,1.10,0.50,3.00,2.00
8534,9.20,3.3,0.90,0.00,2.60,2.70,3.20
8535,9.50,1.5,0.50,0.10,3.90,3.50,4.50
8536,9.90,3.0,0.00,0.10,3.20,2.00,4.50
8537,,150.0,36.00,0.70,3.00,1.10,4.20
8538,8.00,7.1,1.20,0.80,0.50,4.60,0.30
8539,9.00,4.5,0.20,1.00,2.00,3.40,3.00
8540,9.00,3.4,0.90,0.70,3.00,3.00,1.50
8541,8.00,234.0,,2.00,2.50,4.00,2.50
8542,8.80,300.0,90.00,90.00,3.00,2.40,
8543,11.00,3.7,0.40,0.40,2.00,2.30,3.40
8544,10.50,180.0,60.00,0.20,,3.10,2.00
8545,9.80,150.0,72.00,30.00,0.80,3.80,5.00
8546,9.90,0.5,1.80,2.00,5.50,3.20,1.50
8547,11.00,2.6,,0.50,2.00,2.50,4.50
8548,,1.9,0.60,0.00,1.00,1.70,1.50
8549,10.80,3.5,0.50,0.60,,1.50,4.00
8550,8.50,294.0,36.00,72.00,2.50,3.20,2.10
8551,11.50,42.0,90.00,,3.50,1.80,4.40
8552,10.00,0.5,1.50,1.30,5.70,1.40,
8553,11.50,0.0,0.50,1.00,4.50,1.50,3.70
8554,10.00,2.1,1.40,0.50,1.50,2.30,4.00
8555,9.40,0.3,0.60,0.00,2.00,2.50,2.10
8556,9.80,2.5,0.20,0.20,3.00,2.70,
8557,11.20,2.0,0.50,0.30,3.40,2.50,3.80
8558,8.00,6.0,0.40,,0.90,2.80,0.00
8559,9.50,150.0,36.00,0.90,2.20,3.40,3.40
8560,9.00,150.0,72.00,0.00,3.60,2.30,3.00
8561,10.50,1.4,0.30,0.50,2.60,3.00,5.00
8562,10.00,6.7,0.10,0.60,1.40,1.80,3.00
8563,7.50,3.3,0.70,0.60,1.40,2.50,0.50
8564,10.00,3.5,0.30,,2.50,,1.50
8565,7.20,2.3,0.50,0.70,2.90,3.00,1.10
8566,8.00,150.0,12.00,36.00,1.00,3.90,1.00
8567,9.50,1.0,0.10,0.00,1.00,1.00,
8568,10.20,210.0,,48.00,2.50,2.80,3.60
8569,10.50,2.9,1.90,0.30,2.00,1.90,1.50
8570,10.20,2.6,1.00,0.50,4.50,0.70,
8571,9.00,,18.00,48.00,2.30,2.70,4.00
8572,9.10,30.0,36.00,24.00,4.10,3.20,
8573,7.00,3.1,,0.30,3.80,3.60,1.00
8574,9.50,4.5,0.60,0.00,1.80,5.00,
8575,7.50,,0.60,0.90,2.00,5.50,1.00
8576,,180.0,72.00,,1.00,2.20,3.00
8577,,54.0,18.00,0.00,,0.50,1.90
8578,8.00,3.6,0.90,2.20,2.50,4.50,0.00
8579,9.00,4.5,1.00,1.00,3.00,3.50,0.60
8580,8.30,2.5,1.10,0.90,1.00,,2.00
8581,8.80,5.0,0.50,0.50,1.70,3.00,2.50
8582,10.80,4.0,0.10,0.10,3.20,2.00,3.00
8583,11.50,240.0,48.00,78.00,1.00,1.00,2.50
8584,9.00,2.0,,0.60,0.50,1.00,4.00
8585,9.90,7.0,1.20,,0.50,2.60,2.00
8586,8.90,2.0,1.70,0.80,1.50,2.00,1.60
8587,9.80,4.3,0.50,1.40,2.40,3.80,1.50
8588,9.00,,1.30,1.00,1.20,4.00,0.00
8589,10.00,3.6,1.50,0.50,1.00,1.80,3.00
8590,8.50,5.0,1.70,1.60,1.70,1.60,3.00
8591,9.00,n/a,1.10,1.00,1.50,1.30,
8592,9.40,0.0,0.00,0.00,3.50,,4.50
8593,8.60,0.0,6.00,24.00,6.40,2.50,2.50
8594,9.30,2.5,0.20,0.00,3.00,2.00,5.00
8595,10.80,84.0,48.00,,,0.00,4.70
8596,9.60,1.5,0.80,0.10,,3.00,3.50
8597,8.40,1.0,0.80,0.70,3.50,3.40,3.50
8598,9.50,192.0,6.00,0.10,2.50,2.60,2.00
8599,10.00,1.3,0.20,0.10,2.30,3.20,3.10
8600,9.50,,12.00,0.00,1.00,3.00,3.00
8601,13.00,2.5,0.00,0.30,3.00,0.00,4.60
8602,8.50,3.7,0.20,0.90,2.80,3.20,3.60
8603,,0.9,0.70,0.10,2.30,1.00,3.00
8604,7.50,1.5,0.20,0.10,2.00,3.30,3.00
8605,8.40,4.6,0.70,0.90,2.30,2.00,1.50
8606,8.50,4.0,0.90,1.80,0.50,1.60,3.00
8607,8.70,3.8,1.30,0.00,1.00,4.00,3.50
8608,8.00,,108.00,1.50,4.40,2.20,1.20
8609,10.00,3.2,0.50,0.10,3.40,0.60,5.00
8610,8.70,4.5,0.30,0.40,2.00,3.00,3.00
8611,7.90,,0.30,0.70,5.00,3.00,1.20
8612,10.00,not recorded,0.70,,2.10,0.90,2.90
8613,11.50,0.0,12.00,0.00,6.00,1.20,
8614,11.00,1.1,0.10,0.00,,1.30,3.20
8615,9.50,4.3,0.20,0.20,1.30,4.00,2.50
8616,9.70,1.8,0.90,0.90,2.00,2.50,2.20
8617,10.80,1.8,0.50,0.00,2.50,1.00,3.50
8618,10.70,108.0,,12.00,3.50,0.00,
8619,11.00,216.0,12.00,66.00,5.50,1.60,1.80
8620,9.50,348.0,0.00,0.00,0.70,,3.50
8621,11.50,1.0,0.60,0.10,2.00,0.60,
8622,10.00,0.5,0.00,1.00,1.50,1.50,5.00
8623,9.50,2.8,1.40,,2.50,2.30,1.00
8624,10.00,1.9,1.10,0.00,2.50,2.00,2.20
8625,9.80,,0.80,0.50,3.10,2.60,2.60
8626,6.90,5.2,0.30,0.00,0.90,3.40,2.00
8627,11.00,2.3,0.60,0.00,1.00,0.00,3.00
8628,11.50,174.0,54.00,6.00,1.00,0.90,3.30
8629,10.10,360.0,0.00,18.00,2.00,3.20,2.00
8630,8.00,174.0,60.00,0.00,,,4.80
8631,11.20,1.9,0.30,0.00,5.40,0.90,5.30
8632,9.50,3.5,0.20,0.40,4.60,4.00,0.50
8633,10.50,4.0,0.40,1.80,2.00,3.50,1.50
8634,10.20,3.8,0.50,0.70,0.70,0.00,4.50
8635,10.00,78.0,18.00,0.00,3.30,3.00,3.00
8636,8.00,4.6,0.00,1.40,1.30,2.90,3.00
8637,10.50,1.3,0.30,0.70,2.10,0.60,3.00
8638,8.40,3.5,0.00,0.00,1.50,1.90,4.50
8639,8.00,4.0,1.10,0.40,1.50,3.50,1.50
8640,11.20,0.0,0.00,0.00,1.70,4.00,3.30
8641,9.50,180.0,66.00,120.00,1.50,3.40,0.80
8642,9.50,4.7,,0.50,0.70,3.40,4.00
8643,9.00,408.0,,42.00,1.60,2.20,2.00
8644,10.50,1.4,0.00,0.60,3.50,1.00,4.00
8645,9.80,30.0,54.00,0.00,2.00,,2.00
8646,10.60,240.0,60.00,6.00,3.00,2.00,4.00
8647,9.50,2.5,0.40,0.20,5.50,2.00,2.00
8648,9.60,4.6,0.70,0.50,2.50,3.10,2.50
8649,8.20,5.8,0.00,0.60,0.70,4.00,3.80
8650,12.50,,1.30,0.20,3.80,1.00,4.50
8651,11.50,30.0,24.00,0.10,0.00,1.80,3.00
8652,10.10,,0.40,,2.30,1.50,4.50
8653,12.00,150.0,18.00,0.00,0.00,0.50,3.60
8654,8.00,198.0,0.00,72.00,0.50,3.80,0.00
8655,9.50,4.1,1.00,0.00,1.60,3.00,3.60
8656,9.10,300.0,78.00,6.00,1.50,1.00,5.00
8657,10.50,54.0,60.00,78.00,3.00,1.50,5.40
8658,10.90,1.5,1.10,0.60,2.50,0.50,2.50
8659,11.00,60.0,0.00,18.00,5.00,3.00,3.00
8660,9.40,8.0,0.50,0.50,0.00,3.00,1.40
8661,8.50,0.0,0.80,0.40,2.60,0.60,4.20
8662,10.50,,0.40,1.10,1.10,2.50,3.00
8663,8.60,2.1,0.40,0.00,3.20,1.50,2.70
8664,8.90,2.3,1.00,0.00,2.10,,1.10
8665,10.20,3.3,0.00,0.00,1.50,4.10,1.50
8666,9.50,3.2,0.00,1.30,1.50,3.30,
8667,9.00,240.0,66.00,0.00,2.40,3.90,3.00
8668,10.50,2.7,0.80,0.50,3.60,2.00,2.80
8669,11.50,192.0,72.00,0.00,1.20,,3.60
8670,10.50,0.5,0.70,0.10,4.20,1.70,4.40
8671,11.00,,1.00,0.00,1.00,2.00,3.50
8672,8.00,2.0,,0.00,3.50,2.50,4.70
8673,8.00,--,1.10,0.00,3.00,3.00,3.50
8674,11.00,,0.60,0.00,4.20,0.80,4.50
8675,12.00,3.5,,0.80,,0.50,3.80
8676,11.00,TBD,1.00,0.00,1.50,0.70,3.00
8677,10.50,3.8,0.40,0.00,2.50,3.50,2.80
8678,,5.9,0.80,1.00,0.70,2.50,0.70
8679,11.00,4.3,0.00,0.00,1.50,3.50,1.50
8680,8.60,2.5,0.70,0.30,0.80,1.50,5.40
8681,7.90,210.0,24.00,84.00,3.50,3.60,2.00
8682,10.40,2.5,0.20,0.00,3.50,,4.00
8683,7.90,240.0,18.00,90.00,0.70,3.60,4.00
8684,9.20,3.5,1.00,0.50,2.40,4.00,3.10
8685,11.00,138.0,96.00,0.10,1.70,1.10,3.00
8686,9.00,4.3,0.50,0.80,1.00,3.00,3.00
8687,9.00,3.2,1.30,1.00,4.00,1.50,2.50
8688,10.00,4.1,0.00,0.70,0.50,3.00,2.50
8689,8.70,5.5,0.60,0.00,5.00,3.00,2.20
8690,8.40,2.0,1.20,1.50,1.00,4.10,2.00
8691,9.00,2.3,1.30,2.10,1.50,3.90,2.10
8692,8.50,4.0,0.80,1.30,1.50,1.90,1.00
8693,10.50,240.0,72.00,24.00,3.00,2.50,3.30
8694,11.90,180.0,54.00,18.00,2.10,1.80,2.80
8695,10.30,228.0,24.00,24.00,1.00,3.00,3.50
8696,10.00,,66.00,108.00,2.00,2.10,2.00
8697,10.20,5.2,1.20,0.20,0.80,2.50,3.50
8698,10.70,228.0,66.00,48.00,,3.00,
8699,8.70,4.0,0.80,0.40,1.50,3.80,
8700,10.00,4.7,1.10,,0.50,3.50,
8701,8.50,6.0,,0.90,1.20,3.10,2.50
8702,9.00,2.1,0.40,0.00,,2.00,3.00
8703,10.50,1.4,0.90,0.10,3.00,1.20,2.20
8704,8.00,3.0,0.30,1.20,3.00,2.80,2.70
8705,9.50,3.0,1.00,0.40,1.40,1.50,3.70
8706,10.60,1.5,0.70,0.00,4.30,2.00,3.70
8707,10.10,0.9,0.90,,3.00,1.50,4.00
8708,9.50,3.5,0.40,0.60,1.50,2.00,3.30
8709,9.90,318.0,48.00,0.80,2.20,3.60,1.50
8710,11.50,264.0,,54.00,2.50,0.70,2.20
8711,9.70,300.0,54.00,24.00,,4.00,1.90
8712,11.00,1.8,0.90,0.00,5.20,0.40,3.20
8713,10.00,300.0,18.00,48.00,1.50,3.00,3.40
8714,9.40,2.5,,1.00,1.30,0.50,4.50
8715,,120.0,0.00,24.00,2.50,2.80,3.40
8716,9.50,54.0,24.00,30.00,3.20,1.90,4.90
8717,9.50,2.4,0.20,0.20,1.90,2.40,
8718,11.00,0.0,0.40,1.10,3.30,0.80,2.50
8719,8.50,330.0,36.00,48.00,1.90,4.50,1.50
8720,9.20,90.0,72.00,12.00,3.20,1.70,3.50
8721,9.00,4.5,1.00,1.00,0.00,2.00,2.20
8722,10.30,3.8,0.30,0.20,0.30,2.50,2.50
8723,9.80,1.4,0.00,0.80,1.50,,4.20
8724,11.30,2.4,0.90,0.20,4.80,0.50,
8725,8.50,2.2,,0.50,2.50,2.50,1.50
8726,9.10,1.0,1.60,1.30,2.00,2.50,4.40
8727,11.50,0.0,0.80,0.00,2.50,,4.50
8728,10.40,240.0,30.00,0.00,1.50,3.00,3.30
8729,10.50,3.5,0.00,0.70,0.40,1.00,4.50
8730,10.50,3.8,1.20,0.30,4.20,2.00,2.50
8731,9.00,5.9,0.40,1.80,2.50,2.10,2.00
8732,12.30,2.3,,,3.60,1.00,3.30
8733,7.70,264.0,6.00,,0.60,2.50,1.60
8734,8.40,5.5,0.00,0.70,2.50,2.30,2.80
8735,11.40,3.7,0.20,0.40,,1.50,4.00
8736,10.00,186.0,0.00,6.00,3.90,2.00,3.00
8737,9.30,342.0,42.00,54.00,1.70,3.00,2.50
8738,9.00,420.0,66.00,0.90,0.00,3.00,
8739,9.90,5.5,0.90,0.40,2.00,3.00,1.60
8740,10.30,2.0,0.50,0.00,1.90,1.70,5.00
8741,8.80,5.5,0.70,0.90,0.50,,1.90
8742,9.50,5.3,1.30,1.40,0.90,2.90,
8743,,210.0,78.00,0.00,1.50,3.00,1.00
8744,9.20,4.0,0.10,0.00,1.50,2.00,3.00
8745,9.50,3.0,1.10,2.20,2.50,2.60,2.50
8746,8.70,240.0,12.00,54.00,,4.50,2.50
8747,10.70,1.2,1.50,0.80,3.70,0.00,5.60
8748,10.00,2.5,1.40,0.20,,1.50,3.40
8749,9.50,n/a,1.10,0.70,1.70,2.30,2.10
8750,10.40,7.8,0.50,0.70,1.30,1.50,
8751,,2.0,1.20,0.80,2.00,2.00,2.00
8752,10.50,2.5,1.50,0.10,2.00,1.00,4.90
8753,10.80,3.8,0.70,0.60,0.60,2.10,4.20
8754,9.50,0.0,0.60,0.50,2.20,1.00,2.50
8755,,4.0,0.90,0.20,1.50,2.80,1.10
8756,9.00,2.5,1.40,1.80,1.50,2.50,1.50
8757,7.90,132.0,24.00,60.00,4.90,2.50,3.80
8758,10.50,144.0,18.00,0.20,0.90,3.50,1.50
8759,11.40,2.3,0.20,,4.00,2.50,2.40
8760,7.80,120.0,84.00,0.30,2.00,3.00,4.10
8761,9.50,0.5,,1.30,2.00,0.00,2.50
8762,9.80,3.3,1.40,0.80,1.00,2.60,3.50
8763,,120.0,48.00,42.00,4.50,2.50,3.40
8764,9.40,1.0,1.30,1.40,4.50,0.00,5.00
8765,9.90,0.0,0.00,1.10,2.50,0.00,3.90
8766,,2.0,0.30,1.40,1.90,2.70,3.50
8767,10.50,5.1,0.20,0.00,2.00,4.00,2.50
8768,10.00,3.0,1.00,0.00,2.00,2.60,3.30
8769,8.00,3.6,0.80,1.00,4.40,3.80,2.00
8770,9.00,150.0,54.00,0.00,1.50,1.40,0.80
8771,10.00,60.0,,12.00,1.50,1.50,
8772,9.80,0.8,0.00,0.80,3.50,2.00,4.00
8773,10.00,4.7,0.90,0.50,1.10,2.50,3.00
8774,11.00,3.5,0.00,0.00,2.00,0.00,
8775,9.10,210.0,72.00,78.00,1.50,3.50,
8776,9.50,0.5,0.00,0.20,2.90,3.50,
8777,,2.6,1.00,0.90,0.70,2.00,5.00
8778,9.90,210.0,48.00,30.00,2.40,1.50,4.00
8779,10.10,4.4,0.80,0.60,2.60,2.50,3.50
8780,9.50,3.0,0.90,0.00,4.00,1.00,3.50
8781,10.10,2.5,0.10,0.70,,1.00,3.50
8782,7.30,2.0,0.60,1.20,2.50,3.90,1.50
8783,11.50,,60.00,0.00,1.50,1.50,3.00
8784,9.50,1.9,0.40,0.00,2.80,2.50,4.10
8785,9.80,306.0,54.00,60.00,0.00,4.50,0.80
8786,11.00,0.0,6.00,0.00,3.20,1.40,4.90
8787,10.70,2.4,0.40,0.60,2.60,2.00,3.10
8788,10.50,2.6,0.40,0.40,2.60,2.00,4.60
8789,9.30,4.6,1.80,1.70,2.00,2.50,2.00
8790,8.80,4.0,1.00,1.10,3.00,4.00,0.50
8791,10.90,1.5,0.60,0.00,2.50,1.90,6.50
8792,9.60,3.4,1.00,0.70,3.50,2.70,2.40
8793,9.50,6.0,0.40,0.00,2.50,4.00,1.50
8794,9.00,2.5,0.50,0.50,3.50,2.10,
8795,10.90,6.3,1.00,0.30,0.70,2.80,
8796,10.20,4.5,0.20,0.50,1.00,3.00,1.50
8797,9.00,2.5,1.50,0.70,3.40,1.50,2.00
8798,,198.0,48.00,0.00,1.20,3.70,3.60
8799,10.00,,42.00,0.10,3.50,2.00,1.00
8800,9.20,4.5,1.70,0.30,3.00,0.50,3.50
8801,9.10,180.0,78.00,0.00,3.00,2.30,2.20
8802,11.20,1.4,1.10,0.00,2.00,0.00,4.50
8803,10.50,4.2,0.00,0.00,0.30,,3.20
8804,8.60,270.0,66.00,0.70,1.00,2.40,3.50
8805,7.30,54.0,120.00,1.60,3.50,3.00,3.50
8806,9.80,3.0,0.00,0.90,1.90,1.00,3.00
8807,9.50,150.0,30.00,0.00,5.50,2.00,2.50
8808,9.00,138.0,18.00,0.30,1.60,3.30,2.70
8809,11.00,3.1,0.20,0.70,4.20,1.10,3.40
8810,11.80,4.9,0.50,0.00,,1.50,4.00
8811,,210.0,0.00,66.00,1.30,1.10,2.50
8812,,3.2,1.00,0.20,1.60,1.30,1.90
8813,8.30,6.5,0.80,0.00,1.20,4.50,2.60
8814,11.50,0.5,0.00,0.80,6.20,2.70,
8815,9.00,5.8,0.00,0.50,2.00,2.50,2.70
8816,9.30,2.1,0.60,0.10,0.90,2.60,3.30
8817,8.40,>60,0.20,0.90,2.50,2.80,2.70
8818,8.50,6.0,1.10,1.90,2.00,2.30,2.30
8819,9.70,2.0,0.00,0.10,4.00,1.90,3.10
8820,10.50,3.5,,1.20,4.50,3.70,1.30
8821,9.00,2.0,0.10,0.20,3.00,2.50,2.70
8822,10.50,4.1,0.30,0.80,0.00,,3.00
8823,10.00,5.5,0.80,1.40,,,1.60
8824,8.50,2.0,1.00,1.20,,1.50,
8825,9.00,4.5,1.30,1.10,1.00,1.60,0.00
8826,9.00,120.0,60.00,36.00,1.50,1.60,2.00
8827,9.70,0.5,0.00,0.40,2.50,0.50,1.10
8828,11.20,84.0,24.00,0.00,4.90,1.50,
8829,10.50,390.0,30.00,0.40,1.00,2.60,0.50
8830,8.00,6.1,1.10,1.60,1.00,4.40,1.50
8831,12.00,2.4,0.40,0.30,0.50,2.30,4.70
8832,10.00,3.4,2.10,0.80,2.60,1.50,2.50
8833,8.60,390.0,54.00,1.00,0.60,2.60,3.00
8834,9.80,210.0,24.00,36.00,1.20,3.00,3.10
8835,,5.5,1.20,0.50,2.20,1.60,2.00
8836,9.00,2.5,1.00,,2.10,2.50,1.50
8837,8.50,0.4,0.70,0.00,,2.90,1.50
8838,8.50,2.0,0.40,1.40,3.50,3.40,1.50
8839,8.70,,54.00,24.00,1.50,2.90,4.50
8840,9.30,4.3,0.00,0.50,3.00,3.50,2.60
8841,7.20,3.1,0.60,0.70,,3.00,
8842,9.80,0.5,,1.30,5.20,1.00,2.40
8843,9.60,1.5,0.00,,2.00,2.50,1.50
8844,8.50,5.0,0.60,1.10,0.70,2.20,
8845,11.00,3.0,1.30,0.60,1.50,1.00,4.10
8846,11.60,2.0,0.30,0.00,3.50,1.70,4.50
8847,9.60,4.4,0.90,1.60,3.00,2.60,1.50
8848,9.00,4.2,0.10,1.10,4.00,3.80,1.90
8849,8.30,3.6,0.00,1.10,2.50,2.60,2.00
8850,9.50,5.5,0.40,2.00,1.80,3.30,0.50
8851,9.20,60.0,48.00,6.00,8.50,,4.70
8852,9.10,3.2,1.00,0.70,1.60,3.70,
8853,9.20,3.0,0.00,0.50,2.70,3.50,4.50
8854,9.00,,0.70,0.00,,3.00,3.20
8855,,7.0,0.50,1.20,0.80,3.30,0.90
8856,10.00,1.8,0.00,0.20,1.50,1.60,4.20
8857,8.00,3.5,0.90,,4.00,3.00,0.40
8858,,5.1,0.00,0.20,0.00,1.00,1.80
8859,8.50,,1.00,1.10,1.00,3.10,3.00
8860,9.50,5.4,0.20,1.30,2.30,2.30,2.10
8861,9.50,4.4,,1.30,2.00,3.90,1.50
8862,8.20,5.7,0.10,0.60,0.60,3.00,2.70
8863,8.60,5.0,0.20,1.00,1.50,,2.50
8864,9.50,4.5,0.90,0.00,1.50,2.50,4.00
8865,10.00,6.0,0.30,,0.50,3.40,3.30
8866,,2.4,1.00,0.00,4.10,1.90,3.90
8867,8.50,4.0,0.00,0.60,4.40,1.50,3.00
8868,9.20,6.1,0.40,0.00,,3.60,2.50
8869,9.70,2.6,1.40,1.30,2.60,4.60,1.20
8870,9.20,132.0,54.00,0.60,,0.30,4.00
8871,10.20,5.3,0.80,0.70,0.80,3.60,1.50
8872,11.50,180.0,36.00,72.00,2.20,2.00,3.00
8873,9.50,210.0,42.00,36.00,5.00,2.60,2.00
8874,10.20,,0.90,0.20,3.90,4.00,3.00
8875,9.70,342.0,24.00,90.00,2.00,2.70,1.00
8876,10.00,60.0,66.00,78.00,3.00,1.50,2.00
8877,10.40,78.0,0.00,0.00,4.50,1.50,6.00
8878,11.00,4.2,0.80,0.70,0.60,1.90,3.00
8879,9.00,1.6,0.50,0.10,0.70,1.50,1.50
8880,8.40,198.0,72.00,0.00,1.00,4.00,2.50
8881,9.50,--,24.00,0.00,,,4.00
8882,9.90,5.3,0.00,0.20,1.70,3.00,3.00
8883,9.20,,,0.30,2.20,3.50,4.00
8884,10.50,,114.00,0.00,1.10,0.00,4.60
8885,9.00,4.0,0.50,0.30,2.00,1.50,
8886,9.00,3.5,0.70,0.50,0.50,4.50,1.30
8887,9.00,6.1,0.30,0.10,2.50,3.50,2.80
8888,8.10,1.5,1.20,1.00,3.00,2.70,3.20
8889,,0.5,0.00,0.90,,2.00,2.90
8890,10.50,2.0,0.20,0.30,2.00,1.50,3.50
8891,10.50,,0.50,0.50,1.00,1.80,4.50
8892,11.00,1.5,0.50,0.00,5.50,3.30,2.50
8893,8.40,<1,0.40,1.20,4.30,2.50,1.50
8894,8.50,3.2,0.60,0.00,5.50,3.00,3.40
8895,9.00,3.4,0.60,0.00,2.00,1.50,3.70
8896,11.40,1.8,0.40,0.40,0.50,2.60,3.70
8897,10.30,240.0,0.00,12.00,2.20,1.30,3.20
8898,8.50,3.7,0.90,0.60,1.30,1.70,4.10
8899,9.50,,90.00,72.00,1.70,3.00,2.50
8900,11.00,3.5,0.70,0.80,1.50,2.40,1.30
8901,11.00,2.0,0.90,0.80,2.60,2.70,3.70
8902,9.70,96.0,66.00,24.00,4.60,3.50,2.80
8903,7.50,2.4,1.10,0.70,5.00,,1.50
8904,10.70,3.5,0.30,0.60,3.80,1.70,3.00
8905,10.80,1.5,0.40,1.00,1.50,2.70,3.50
8906,9.50,2.0,1.80,0.00,1.50,1.00,3.50
8907,,9.0,0.60,,0.00,4.50,0.00
8908,9.40,4.7,0.90,1.30,1.50,3.00,1.30
8909,9.20,240.0,42.00,1.10,3.50,2.30,1.50
8910,12.80,0.0,30.00,18.00,2.00,0.00,3.50
8911,11.00,4.1,0.60,0.20,3.00,2.50,2.20
8912,9.60,90.0,6.00,0.00,2.00,1.50,3.00
8913,9.40,2.5,0.50,,2.00,4.00,3.20
8914,9.40,,1.00,2.00,2.00,3.50,1.50
8915,,3.5,0.60,0.20,1.50,3.90,2.20
8916,10.00,4.3,0.50,0.00,1.00,2.00,2.70
8917,10.50,1.9,1.20,0.70,3.00,3.00,3.70
8918,8.50,6.2,0.90,1.30,2.20,3.50,1.50
8919,9.50,246.0,54.00,1.90,3.00,2.50,2.30
8920,11.00,210.0,24.00,,1.50,4.30,2.30
8921,9.40,3.0,0.00,0.00,3.00,3.50,1.00
8922,9.20,3.5,0.20,,1.00,0.50,
8923,8.90,3.0,,,0.50,2.90,3.50
8924,9.00,4.0,0.60,0.60,2.00,2.50,3.50
8925,10.50,3.0,0.80,1.50,0.90,2.80,2.10
8926,10.40,1.8,0.60,0.50,1.90,,2.50
8927,10.60,3.0,1.10,0.00,2.50,2.50,3.40
8928,9.50,1.4,0.00,1.60,2.50,0.00,4.00
8929,9.30,2.0,1.10,0.00,2.20,1.30,5.00
8930,11.10,120.0,66.00,0.00,3.80,2.50,3.50
8931,8.50,5.0,0.70,0.10,2.00,3.50,2.40
8932,9.50,2.9,0.60,0.90,5.00,2.00,3.40
8933,9.10,2.5,0.00,1.30,3.70,4.00,2.50
8934,10.50,150.0,60.00,,2.50,3.10,3.00
8935,9.00,4.0,0.30,1.50,,3.50,2.50
8936,9.80,180.0,60.00,102.00,1.50,4.50,1.00
8937,7.90,6.6,1.70,0.70,2.40,3.10,1.10
8938,10.90,2.1,1.30,0.30,3.00,3.50,2.50
8939,,138.0,42.00,0.00,3.50,3.00,3.00
8940,9.50,1.0,1.20,1.90,3.30,,3.00
8941,9.50,2.5,,0.20,,,3.80
8942,7.60,318.0,18.00,1.70,2.50,4.00,2.00
8943,7.30,5.2,0.70,0.80,2.80,4.50,0.50
8944,8.70,2.0,0.40,1.20,1.50,4.00,1.50
8945,9.60,2.6,0.10,0.80,3.50,3.10,3.10
8946,9.00,3.2,1.10,1.70,2.50,4.30,1.50
8947,9.60,2.8,0.60,0.00,1.10,,3.00
8948,11.90,0.5,0.80,0.00,2.50,2.50,3.70
8949,8.90,5.5,1.50,,0.00,4.70,0.80
8950,10.50,330.0,0.00,18.00,1.10,2.50,3.00
8951,9.80,3.1,1.00,0.50,2.00,1.00,4.00
8952,7.50,1.5,0.00,0.40,,0.50,3.50
8953,10.00,360.0,12.00,96.00,0.70,,
8954,11.10,3.1,1.00,0.00,4.00,0.90,4.50
8955,8.50,96.0,,1.90,1.50,2.00,4.10
8956,9.00,60.0,54.00,0.00,2.00,1.90,4.20
8957,9.50,0.5,0.50,0.00,2.00,1.50,3.20
8958,,258.0,0.00,0.30,2.00,0.50,
8959,11.30,2.0,0.40,0.40,2.00,2.70,
8960,9.00,1.1,0.60,0.00,3.40,3.00,2.00
8961,9.40,1.9,0.00,0.80,1.50,2.50,2.80
8962,8.50,2.5,0.00,0.50,2.50,1.00,2.60
8963,,4.5,0.50,2.00,2.20,1.50,4.50
8964,12.50,0.4,0.10,0.00,3.00,0.80,3.50
8965,9.50,0.4,0.50,0.00,,1.00,4.60
8966,9.30,3.3,0.60,0.70,3.10,2.00,1.50
8967,9.00,0.0,0.70,0.10,4.00,2.60,2.40
8968,,6.2,1.30,0.50,1.60,3.40,1.70
8969,9.40,3.8,0.20,0.70,1.50,2.50,
8970,8.50,2.2,1.60,1.30,0.80,5.00,0.70
8971,7.60,7.0,,0.60,1.40,3.00,1.00
8972,,2.1,0.50,0.90,3.00,3.50,1.00
8973,7.50,282.0,6.00,30.00,2.20,4.40,1.00
8974,9.90,2.1,0.90,0.00,,3.30,3.60
8975,9.50,3.7,0.70,0.10,,1.20,2.00
8976,9.50,2.0,1.00,0.00,3.00,2.30,4.50
8977,9.00,4.0,0.20,0.80,1.00,4.10,3.50
8978,8.00,252.0,66.00,72.00,1.90,4.30,0.90
8979,9.00,5.5,0.50,0.00,1.40,2.00,2.60
8980,9.50,3.5,1.20,1.40,1.30,3.80,1.00
8981,9.00,4.5,0.00,0.20,2.50,4.50,2.70
8982,9.10,2.0,1.20,0.00,,3.00,3.60
8983,8.50,<1,0.20,1.50,3.00,3.00,3.00
8984,8.80,3.0,1.40,0.00,3.50,2.50,3.70
8985,9.00,,72.00,0.30,3.00,2.50,2.50
8986,9.30,4.5,0.90,1.60,2.50,2.30,2.70
8987,10.20,5.9,0.40,0.90,1.40,3.90,0.80
8988,9.60,5.2,1.00,1.30,0.00,,1.40
8989,9.40,4.8,1.60,0.20,2.00,1.60,3.50
8990,11.50,0.9,0.70,0.10,2.00,0.00,5.00
8991,,5.5,0.90,0.70,3.00,4.00,2.20
8992,8.30,4.6,0.40,1.00,2.50,3.00,0.50
8993,10.10,210.0,0.00,0.50,2.50,2.00,2.50
8994,8.80,6.5,0.70,0.20,3.80,3.40,1.00
8995,9.80,3.5,,0.10,2.80,2.70,2.10
8996,8.70,420.0,12.00,0.70,2.20,2.20,3.20
8997,9.00,0.8,0.40,0.20,5.80,2.00,3.90
8998,10.50,1.4,0.20,0.00,3.50,2.00,4.00
8999,9.50,2.5,0.80,0.00,3.50,3.50,3.40
9000,11.00,--,1.00,0.00,1.00,2.00,3.50
9001,7.60,,0.80,0.40,0.50,3.50,3.00
9002,9.50,204.0,12.00,12.00,2.00,2.20,4.20
9003,10.50,138.0,18.00,24.00,1.00,2.90,2.50
9004,9.70,1.3,0.00,0.10,4.00,1.00,5.40
9005,9.30,12.0,12.00,0.30,2.00,2.30,
9006,10.30,3.6,1.20,,1.50,2.90,1.50
9007,10.50,4.0,0.40,0.00,2.50,4.00,3.00
9008,9.00,5.9,1.00,1.40,,2.70,2.50
9009,10.00,5.5,0.20,0.00,2.50,3.50,1.70
9010,9.00,3.0,0.40,0.90,2.30,2.90,3.00
9011,9.00,,0.80,1.80,0.50,3.20,0.90
9012,7.00,3.0,0.20,,2.10,3.80,2.00
9013,8.50,not recorded,42.00,126.00,5.50,4.00,2.50
9014,10.20,30.0,12.00,0.00,1.70,1.50,2.60
9015,9.50,3.5,2.00,0.70,3.30,2.00,1.40
9016,8.10,234.0,18.00,48.00,1.20,4.00,1.10
9017,8.50,,0.90,0.00,2.30,,
9018,11.00,162.0,0.00,90.00,3.20,1.20,3.90
9019,10.80,150.0,0.00,42.00,1.00,0.90,4.00
9020,8.60,,,0.90,2.00,2.50,4.10
9021,10.00,2.5,0.50,1.10,1.30,0.90,5.00
9022,,1.4,0.10,0.70,1.50,0.50,5.50
9023,10.00,5.3,0.60,0.10,1.60,1.80,3.10
9024,11.40,1.0,0.80,0.20,2.20,0.00,4.50
9025,10.00,1.0,,0.00,2.80,3.00,3.00
9026,10.20,1.5,0.30,0.90,3.10,1.50,2.50
9027,11.50,90.0,42.00,0.00,2.00,,3.50
9028,9.00,not recorded,0.90,1.10,2.50,1.30,4.30
9029,9.10,270.0,42.00,30.00,1.30,3.70,2.30
9030,11.50,2.0,0.80,0.10,1.50,2.10,2.00
9031,10.00,2.8,0.30,,1.20,2.50,5.30
9032,10.10,1.2,0.70,1.10,2.00,3.50,3.10
9033,,3.5,0.20,0.90,2.80,2.00,3.20
9034,10.20,3.5,1.20,0.10,0.40,0.80,4.00
9035,8.00,4.5,0.40,1.60,0.50,3.90,0.40
9036,8.10,7.8,0.60,0.70,0.70,3.00,1.50
9037,11.40,0.3,0.50,0.00,1.50,3.00,4.00
9038,11.00,1.5,1.40,0.00,3.00,1.50,2.40
9039,,120.0,24.00,1.00,2.00,2.50,4.00
9040,10.00,3.7,1.70,0.50,4.00,2.20,1.50
9041,10.00,2.5,1.10,0.50,2.50,3.10,3.00
9042,10.00,3.1,0.80,0.80,1.10,3.10,3.50
9043,8.70,7.2,0.60,0.80,0.00,,2.10
9044,11.00,1.1,0.90,0.10,3.00,0.00,3.00
9045,10.60,1.5,1.10,0.40,2.90,1.40,4.00
9046,8.50,4.7,0.90,0.90,1.00,4.60,1.60
9047,10.00,3.0,0.40,0.40,3.90,3.00,1.50
9048,9.50,3.4,0.60,0.80,0.40,3.20,1.50
9049,9.00,0.9,1.00,0.70,2.80,2.40,3.20
9050,9.40,1.5,0.30,0.70,2.30,1.40,1.60
9051,9.40,390.0,6.00,1.40,1.00,5.00,0.00
9052,10.00,2.4,0.70,0.20,,2.00,2.50
9053,10.50,72.0,48.00,18.00,2.50,0.50,3.50
9054,9.00,4.5,,0.60,2.40,1.60,1.00
9055,8.50,4.1,0.80,,1.40,4.10,2.50
9056,10.20,2.5,0.90,0.00,4.10,0.60,4.90
9057,11.50,258.0,66.00,0.70,1.00,2.50,2.30
9058,11.50,>60,0.70,0.50,0.50,0.50,5.00
9059,10.40,,1.20,0.70,2.30,2.30,4.00
9060,8.60,5.5,0.30,1.00,0.50,4.50,1.00
9061,9.50,5.2,1.10,0.80,,3.10,3.00
9062,11.90,210.0,0.00,0.00,2.00,3.00,3.30
9063,11.00,1.8,0.40,0.20,3.00,1.20,5.70
9064,12.00,1.8,0.90,0.20,4.50,,3.50
9065,9.50,0.0,0.40,1.30,3.50,3.00,1.50
9066,10.00,0.9,0.10,1.40,,1.50,3.50
9067,10.90,1.2,0.50,0.00,1.20,0.00,4.00
9068,9.00,1.5,0.00,0.20,3.30,2.00,3.50
9069,8.80,5.0,0.00,,2.30,3.20,2.00
9070,10.30,2.5,0.10,0.30,2.00,1.00,1.50
9071,9.40,5.5,0.00,0.00,3.80,2.00,2.50
9072,8.50,3.4,0.00,0.50,0.50,3.50,
9073,9.50,4.0,,0.70,3.00,2.50,3.20
9074,8.50,,0.00,0.00,2.60,2.50,2.50
9075,9.20,1.6,1.20,2.90,1.50,4.50,1.50
9076,8.00,2.5,1.10,1.00,2.50,2.90,2.90
9077,10.10,2.9,0.70,0.60,3.50,3.00,1.90
9078,9.50,2.1,,0.00,3.00,0.70,2.50
9079,9.10,,1.90,1.40,2.90,3.50,1.10
9080,10.00,2.8,0.20,0.00,2.10,3.00,3.30
9081,11.50,,0.00,0.20,2.00,2.50,4.10
9082,10.20,0.9,0.90,0.80,1.50,2.30,3.00
9083,8.00,2.4,0.50,1.10,2.60,3.00,2.50
9084,7.90,234.0,54.00,18.00,1.50,2.90,0.00
9085,12.10,270.0,0.00,0.00,,2.80,3.30
9086,9.00,,0.10,0.90,,3.30,1.00
9087,9.00,4.4,1.20,0.80,1.00,4.40,1.50
9088,10.00,n/a,0.30,0.10,2.30,4.00,4.00
9089,9.50,0.0,0.50,0.50,2.80,0.30,3.20
9090,8.00,5.0,1.10,1.00,5.00,4.00,0.30
9091,10.00,330.0,54.00,0.40,1.40,2.40,2.00
9092,11.00,5.0,1.30,0.00,1.00,3.60,1.00
9093,11.50,0.0,0.90,0.00,3.50,0.00,5.10
9094,12.00,1.5,1.50,0.00,2.00,0.40,4.20
9095,9.80,420.0,0.00,0.70,0.50,3.00,1.40
9096,,3.0,,0.00,5.50,2.00,4.00
9097,7.80,3.0,0.60,0.50,1.80,2.00,1.50
9098,10.30,4.0,0.30,0.50,2.00,4.00,2.50
9099,9.10,,1.30,0.00,3.90,0.00,
9100,11.50,2.5,0.60,0.70,2.90,1.60,2.90
9101,9.10,1.0,0.10,0.30,5.40,2.00,2.00
9102,10.00,4.2,0.30,0.70,1.00,1.50,3.00
9103,10.50,2.5,1.10,0.70,0.70,0.00,
9104,8.00,5.0,1.50,0.80,,3.90,0.90
9105,9.00,210.0,24.00,0.80,3.00,3.80,4.00
9106,9.60,180.0,42.00,0.50,2.00,0.70,3.60
9107,8.50,4.9,1.10,1.00,1.60,5.00,2.50
9108,11.10,2.7,1.20,0.80,1.60,1.50,2.40
9109,8.10,180.0,18.00,30.00,6.10,,3.20
9110,8.50,306.0,48.00,0.80,1.70,3.20,2.50
9111,9.40,114.0,0.00,0.00,1.50,2.40,4.00
9112,11.50,1.0,0.00,0.00,4.40,1.00,3.50
9113,,3.1,0.00,0.00,4.40,4.40,2.50
9114,9.20,150.0,42.00,0.30,3.40,2.50,4.50
9115,9.80,1.2,0.00,0.60,1.50,2.00,2.10
9116,8.50,3.7,0.80,1.10,2.40,3.50,0.50
9117,11.00,3.3,0.00,0.00,2.00,3.20,4.00
9118,11.00,2.5,0.00,0.00,3.00,0.00,3.60
9119,9.00,8.2,0.30,0.40,0.10,4.00,1.20
9120,11.80,1.9,1.00,0.70,,1.30,3.50
9121,10.00,1.6,0.00,1.30,2.10,2.50,3.00
9122,10.50,2.0,0.00,0.40,3.90,0.40,3.70
9123,9.00,2.5,,1.30,2.20,1.70,3.80
9124,,228.0,42.00,12.00,1.50,1.00,2.00
9125,8.50,4.4,0.50,0.90,2.30,3.40,2.70
9126,9.30,3.9,0.50,0.00,1.50,1.30,3.20
9127,8.00,180.0,54.00,1.50,4.10,4.50,0.00
9128,9.80,1.7,0.70,0.00,4.00,1.20,4.00
9129,10.50,138.0,48.00,6.00,1.70,1.00,3.00
9130,10.50,3.5,0.00,0.00,0.70,2.40,1.40
9131,10.00,3.5,1.00,1.50,1.00,1.50,2.00
9132,10.30,192.0,42.00,0.00,2.50,3.00,3.90
9133,12.20,2.0,0.80,1.10,1.50,2.00,3.10
9134,10.50,,60.00,12.00,2.80,3.50,3.20
9135,9.00,246.0,66.00,60.00,2.00,3.90,1.60
9136,8.70,1.9,1.60,1.00,3.50,2.90,3.10
9137,10.00,150.0,42.00,0.00,,2.00,5.00
9138,11.30,2.0,0.60,0.00,3.50,2.10,3.50
9139,11.90,0.3,0.20,0.40,4.50,0.00,5.20
9140,11.00,5.3,1.00,0.50,0.00,2.40,2.50
9141,9.70,2.8,0.60,0.60,3.00,2.30,2.60
9142,10.80,2.8,0.60,0.30,3.70,2.00,3.30
9143,9.50,2.0,0.00,0.10,2.50,1.90,3.50
9144,,270.0,0.00,0.10,2.20,3.50,2.00
9145,9.80,132.0,,18.00,5.20,1.40,2.00
9146,9.90,1.5,0.80,0.80,,3.40,2.50
9147,7.50,156.0,0.00,1.30,1.00,1.30,3.50
9148,11.10,3.1,1.50,0.30,0.80,3.00,2.40
9149,9.50,5.0,0.50,0.20,1.40,3.50,2.50
9150,9.20,5.2,0.80,1.00,1.10,2.40,2.50
9151,8.00,0.4,0.90,0.90,1.30,0.00,2.00
9152,,3.5,0.60,2.40,,4.50,1.60
9153,,1.4,0.60,0.00,2.70,3.50,3.50
9154,11.80,4.5,1.00,0.10,3.30,0.50,2.50
9155,8.00,4.4,0.70,0.50,2.80,2.00,
9156,10.80,5.0,0.70,0.10,,1.30,3.50
9157,7.00,,54.00,48.00,0.90,3.00,2.30
9158,8.00,4.0,1.40,0.40,0.40,2.00,2.00
9159,11.00,0.5,0.80,0.00,3.90,1.00,1.80
9160,10.60,2.0,0.00,,5.50,3.60,1.70
9161,9.60,2.7,0.00,0.00,0.90,2.00,1.50
9162,,6.4,0.70,1.00,2.00,0.70,2.00
9163,9.70,,1.00,0.00,2.20,2.60,2.50
9164,9.00,4.0,0.10,,,2.00,3.50
9165,8.20,TBD,1.40,1.20,1.30,4.50,0.80
9166,8.50,3.0,1.00,0.20,2.00,3.50,1.80
9167,10.60,120.0,30.00,0.00,5.40,1.40,5.00
9168,7.00,7.5,0.40,1.50,1.30,4.40,
9169,10.90,1.6,0.10,0.30,4.00,1.00,3.60
9170,8.50,,,1.50,3.90,3.00,1.20
9171,7.90,2.8,0.70,0.70,4.50,4.50,3.50
9172,9.00,,1.30,1.70,0.60,3.30,1.50
9173,10.00,102.0,6.00,1.30,4.00,4.00,2.50
9174,11.40,1.5,1.10,0.50,1.40,2.00,4.20
9175,11.00,210.0,60.00,18.00,3.60,2.00,3.00
9176,10.40,318.0,18.00,18.00,2.50,3.00,1.50
9177,10.50,240.0,60.00,0.00,3.80,2.50,3.00
9178,9.50,2.2,0.60,0.00,1.40,2.50,3.10
9179,9.70,240.0,6.00,90.00,2.60,3.20,1.90
9180,9.70,90.0,114.00,6.00,,3.00,4.50
9181,10.50,n/a,0.00,0.70,2.50,1.50,
9182,9.60,1.5,1.20,1.00,3.70,4.00,1.60
9183,,3.0,0.50,0.90,1.80,3.00,2.30
9184,10.00,0.0,0.70,0.40,2.70,2.00,5.00
9185,8.50,6.2,0.70,0.60,3.50,2.00,2.40
9186,9.50,336.0,72.00,,1.70,2.40,2.60
9187,8.80,4.6,0.60,1.10,1.40,1.50,1.30
9188,8.70,1.9,0.80,,3.20,2.10,3.80
9189,9.00,3.6,1.50,1.80,0.10,2.30,1.50
9190,12.10,120.0,66.00,60.00,2.90,1.00,3.50
9191,9.10,2.5,0.80,0.60,3.30,3.90,3.00
9192,9.90,3.2,1.20,0.20,2.30,3.50,1.50
9193,10.80,1.5,0.00,1.10,1.50,2.90,3.40
9194,8.40,456.0,42.00,66.00,0.00,2.50,2.20
9195,10.20,,1.00,0.40,1.30,2.50,2.00
9196,11.00,0.5,0.40,,2.70,0.00,4.00
9197,9.00,2.0,0.60,1.50,5.50,2.90,1.50
9198,8.30,5.6,1.30,0.90,1.40,1.50,2.80
9199,10.10,3.0,0.80,0.00,2.90,1.00,4.70
9200,10.00,5.0,0.50,0.00,1.50,2.90,3.20
9201,9.80,3.4,0.30,,3.20,2.00,3.10
9202,11.00,252.0,12.00,18.00,4.60,1.50,2.50
9203,,2.0,0.00,0.00,,0.50,4.30
9204,9.50,2.0,0.30,1.10,2.40,2.80,4.50
9205,9.50,,0.90,0.00,1.00,,3.80
9206,10.80,2.5,1.00,0.60,4.40,3.00,2.70
9207,8.50,5.3,0.50,0.90,1.50,3.80,2.30
9208,8.50,258.0,0.00,6.00,5.00,3.40,
9209,10.50,2.9,0.30,1.20,3.50,2.60,3.00
9210,12.00,0.5,0.70,0.00,3.60,0.60,5.00
9211,9.50,234.0,48.00,90.00,1.00,4.40,1.60
9212,9.00,3.5,1.70,0.20,4.50,,3.90
9213,9.90,174.0,48.00,48.00,2.50,4.50,0.60
9214,9.60,84.0,12.00,0.00,,,2.10
9215,9.00,270.0,78.00,24.00,2.00,3.40,3.00
9216,10.20,,0.40,0.30,1.30,1.50,2.80
9217,9.50,1.9,0.00,0.00,7.00,1.00,2.50
9218,9.50,,1.10,,1.40,2.50,3.50
9219,9.50,,54.00,0.60,0.70,3.50,
9220,9.50,0.0,66.00,1.40,2.20,1.50,4.40
9221,10.80,,48.00,1.30,1.90,1.80,2.50
9222,10.30,2.1,0.00,0.10,1.50,4.00,3.00
9223,9.50,6.0,0.50,0.80,1.50,3.50,1.50
9224,10.00,2.5,1.90,0.90,2.50,3.60,1.00
9225,10.30,5.5,0.50,0.90,1.00,3.70,1.00
9226,9.50,1.5,0.70,0.00,3.40,3.00,2.50
9227,10.10,0.0,0.00,0.30,1.00,4.00,2.50
9228,9.20,4.0,0.00,1.90,0.30,4.60,2.50
9229,11.50,108.0,72.00,,3.20,0.00,2.70
9230,9.50,3.0,0.90,0.00,2.70,2.50,2.10
9231,8.90,5.0,0.60,0.90,1.50,3.00,3.00
9232,9.50,3.1,0.30,,3.20,1.20,2.60
9233,9.50,3.0,0.00,0.80,2.00,4.10,2.00
9234,8.50,1.8,0.50,1.10,5.80,2.30,2.70
9235,10.40,0.7,0.90,0.30,2.50,1.00,3.60
9236,,0.0,0.70,0.00,,1.00,2.50
9237,11.00,1.0,0.40,0.40,3.90,3.00,2.80
9238,8.20,4.2,,2.00,1.50,4.30,0.80
9239,9.00,330.0,90.00,0.80,0.00,3.40,1.00
9240,9.00,5.0,0.40,1.10,2.60,3.00,2.40
9241,9.00,150.0,6.00,0.00,1.50,2.60,4.00
9242,8.50,138.0,30.00,,1.30,3.50,1.50
9243,9.00,--,0.50,0.00,2.00,3.90,
9244,9.90,0.5,,0.00,4.10,1.50,4.30
9245,9.50,3.9,,0.00,2.90,0.50,4.00
9246,8.00,6.2,1.40,1.60,2.00,4.50,0.50
9247,9.20,2.0,1.10,0.00,,,4.10
9248,10.90,0.0,0.40,0.20,2.50,0.00,4.70
9249,8.00,1.0,,0.00,0.90,1.50,2.00
9250,8.20,6.4,1.10,0.30,,3.00,2.20
9251,8.00,1.1,1.20,1.30,4.10,1.90,2.00
9252,8.40,3.0,2.30,1.10,3.00,3.00,2.80
9253,9.50,3.0,0.50,,2.60,2.50,4.50
9254,10.40,2.0,,1.20,8.00,0.40,3.90
9255,10.50,3.0,0.70,0.00,3.50,3.00,
9256,,318.0,54.00,0.90,2.00,2.50,3.00
9257,10.50,>60,1.20,0.50,1.00,0.50,4.00
9258,9.70,2.2,0.70,,2.50,1.90,2.10
9259,8.50,3.0,1.40,,3.50,2.20,2.00
9260,8.80,192.0,54.00,60.00,2.70,2.00,3.30
9261,9.30,,1.00,0.70,0.50,3.50,1.80
9262,9.70,246.0,108.00,102.00,,2.90,
9263,10.80,2.5,1.00,0.00,2.40,1.90,4.00
9264,9.00,,,72.00,2.90,2.90,1.10
9265,8.70,0.4,1.00,0.20,2.50,2.50,2.80
9266,8.40,,24.00,78.00,4.50,4.60,0.00
9267,,,0.30,0.00,3.30,1.00,
9268,9.60,48.0,66.00,0.00,1.00,1.00,2.50
9269,7.50,2.6,0.60,2.10,4.00,,0.50
9270,10.90,1.0,1.30,0.00,4.50,2.90,2.50
9271,9.50,42.0,36.00,0.00,2.30,2.60,3.00
9272,8.30,4.0,0.00,0.40,1.70,3.50,3.50
9273,7.50,4.3,1.10,1.00,0.60,3.40,0.50
9274,7.80,1.2,1.20,2.80,2.60,1.20,1.00
9275,10.00,3.6,1.00,0.90,1.10,3.50,
9276,,216.0,72.00,54.00,2.10,3.00,2.80
9277,9.00,12.0,72.00,48.00,3.30,3.50,
9278,10.00,4.5,,2.10,1.40,,1.00
9279,11.60,264.0,,0.30,1.10,1.30,4.60
9280,8.00,180.0,,1.40,6.00,3.30,1.00
9281,12.50,0.5,0.90,0.00,,1.50,4.30
9282,8.50,3.5,0.40,1.00,2.50,3.60,2.50
9283,9.80,1.0,0.00,0.00,2.30,,3.50
9284,9.50,450.0,66.00,,,4.10,0.90
9285,7.30,2.2,0.50,2.00,1.50,2.20,1.50
9286,10.00,2.3,0.20,0.00,3.10,2.50,2.80
9287,9.10,2.8,0.30,0.50,,0.70,2.00
9288,9.50,3.1,1.10,0.00,3.60,3.40,3.30
9289,11.00,300.0,54.00,24.00,1.00,2.90,1.50
9290,9.00,,,0.80,3.00,,1.10
9291,9.70,2.0,1.00,1.00,2.90,1.00,4.80
9292,10.70,2.5,0.50,0.20,1.40,0.50,4.30
9293,8.30,5.5,1.20,1.70,,2.00,3.00
9294,12.00,3.0,1.10,0.60,1.10,2.50,2.00
9295,9.60,2.2,1.20,0.20,3.50,3.00,4.50
9296,10.00,0.4,0.80,0.00,2.50,2.50,1.80
9297,9.30,3.8,0.20,1.50,3.20,3.60,1.50
9298,9.90,0.0,0.80,0.00,4.00,0.80,4.60
9299,9.50,210.0,78.00,6.00,4.20,1.50,
9300,9.00,4.5,0.60,0.90,2.20,2.30,3.00
9301,10.70,<1,0.50,0.60,2.10,2.60,2.30
9302,8.90,5.5,0.60,,3.20,3.90,2.00
9303,10.60,2.4,1.20,1.40,3.00,3.00,
9304,10.20,1.7,0.70,1.00,4.30,2.00,1.80
9305,9.50,282.0,42.00,0.00,0.70,2.00,3.00
9306,9.50,4.0,0.40,1.00,3.50,2.00,3.00
9307,8.80,,1.00,2.30,1.20,2.00,3.90
9308,8.50,360.0,0.00,60.00,2.00,4.00,2.00
9309,10.00,3.3,1.70,,2.30,1.30,4.20
9310,9.50,2.5,0.30,0.00,1.50,3.00,3.00
9311,11.30,,66.00,24.00,2.80,2.00,2.00
9312,8.70,294.0,24.00,24.00,0.90,4.40,3.30
9313,8.60,4.2,0.40,,1.50,2.70,0.30
9314,8.60,3.5,0.20,0.50,1.10,3.80,
9315,10.00,1.5,0.70,0.60,2.50,0.00,3.00
9316,8.50,4.5,0.90,1.00,1.50,3.50,1.50
9317,9.60,,0.50,0.20,2.60,1.50,2.70
9318,9.50,6.5,0.80,1.10,1.70,3.50,0.00
9319,8.00,n/a,96.00,1.30,2.20,4.20,1.00
9320,9.00,5.6,1.50,2.60,0.50,1.80,1.90
9321,9.00,,0.40,1.00,3.00,2.30,2.10
9322,9.50,5.0,0.70,1.90,1.50,,0.00
9323,10.50,5.0,0.50,0.80,1.40,3.50,1.50
9324,10.00,2.5,0.80,0.20,2.20,1.50,3.50
9325,10.50,4.5,0.20,0.00,1.00,2.90,2.90
9326,9.70,0.6,0.00,0.00,4.20,3.70,3.00
9327,9.90,2.2,0.00,0.80,3.00,1.90,
9328,8.00,2.1,0.70,0.20,2.40,2.00,2.60
9329,10.50,156.0,30.00,0.00,4.00,3.20,2.80
9330,10.00,4.8,0.00,0.90,0.70,2.40,2.20
9331,10.50,not recorded,0.10,0.10,4.50,,3.00
9332,8.40,210.0,30.00,2.10,2.80,1.50,4.10
9333,10.50,3.0,1.60,0.00,2.40,3.40,2.30
9334,9.80,3.1,2.20,0.90,,0.60,2.50
9335,11.50,2.0,0.80,0.90,3.50,1.30,4.00
9336,10.50,3.5,0.60,0.30,,1.50,3.70
9337,,,30.00,0.10,2.00,2.00,1.00
9338,8.60,4.4,0.10,0.00,1.20,3.00,2.60
9339,10.20,,18.00,0.00,1.00,4.00,2.50
9340,10.60,60.0,6.00,0.00,2.30,2.70,3.60
9341,10.00,5.1,0.70,0.50,2.90,3.90,1.40
9342,10.50,,0.30,0.80,1.00,,0.50
9343,8.60,300.0,60.00,0.00,2.40,4.00,1.80
9344,9.00,2.4,0.80,0.70,,3.50,2.00
9345,10.10,0.1,1.00,0.80,3.00,2.00,3.20
9346,10.00,150.0,60.00,0.70,1.00,2.40,3.90
9347,10.50,342.0,36.00,0.60,0.90,2.50,3.00
9348,10.80,3.4,1.30,0.60,2.50,2.30,
9349,9.50,4.0,0.90,1.40,3.00,2.00,3.00
9350,10.40,4.1,1.50,0.40,2.00,3.30,2.10
9351,10.50,0.5,1.20,0.90,,2.00,3.50
9352,10.00,4.0,0.70,0.00,1.00,2.50,3.00
9353,8.30,5.0,0.10,1.10,2.30,4.40,
9354,10.90,1.5,0.70,1.00,2.50,2.80,3.40
9355,10.00,2.0,0.80,,2.50,1.40,5.10
9356,10.00,120.0,78.00,0.00,1.80,3.70,3.00
9357,9.90,0.6,0.00,0.90,2.00,3.00,3.00
9358,7.60,0.5,,1.00,2.70,2.50,0.90
9359,9.50,1.6,0.30,0.50,1.30,1.60,3.50
9360,8.80,4.0,,2.00,2.00,3.10,2.10
9361,8.20,270.0,48.00,,1.40,4.00,
9362,8.50,5.2,1.00,0.60,2.40,2.80,2.00
9363,9.40,1.5,0.50,0.00,0.80,0.00,
9364,8.90,3.1,0.60,0.80,1.00,2.50,5.00
9365,8.50,n/a,1.10,0.10,2.70,2.50,2.10
9366,,5.7,0.60,0.40,2.90,2.10,1.00
9367,8.50,2.5,1.00,0.00,2.00,3.30,2.90
9368,8.50,162.0,54.00,42.00,2.20,3.20,2.20
9369,8.00,,72.00,90.00,3.20,3.00,3.40
9370,10.80,90.0,72.00,0.00,1.00,2.00,2.60
9371,11.00,60.0,78.00,0.00,,1.00,4.10
9372,11.00,0.5,0.90,1.10,3.10,1.50,5.10
9373,11.00,2.3,0.90,,1.00,2.30,3.00
9374,8.90,3.0,2.40,,3.00,1.80,2.70
9375,10.50,,0.90,0.90,1.00,2.30,2.80
9376,12.00,180.0,0.00,48.00,,0.00,4.60
9377,9.00,1.9,0.10,1.20,3.00,1.80,3.50
9378,9.50,90.0,54.00,0.00,2.60,1.40,4.00
9379,8.50,2.5,1.60,0.80,2.70,2.40,2.60
9380,8.50,3.5,0.20,,1.00,3.30,1.50
9381,10.80,4.0,0.80,0.00,2.20,0.70,5.50
9382,10.00,0.5,0.00,0.00,5.00,2.00,3.50
9383,10.50,4.6,0.70,,2.60,3.00,1.80
9384,,2.1,0.40,0.40,,1.00,4.00
9385,8.00,,0.10,0.50,1.00,2.70,2.50
9386,10.20,n/a,0.60,0.80,1.00,3.00,0.70
9387,9.50,3.1,0.00,0.80,5.10,1.50,2.50
9388,9.50,222.0,6.00,0.00,1.30,0.00,4.60
9389,,4.0,1.30,,1.20,0.90,3.90
9390,9.20,4.5,1.40,1.30,1.00,2.70,2.00
9391,9.10,6.0,0.20,0.70,1.20,5.00,0.00
9392,8.00,--,0.20,0.80,1.60,4.00,3.00
9393,11.30,2.6,0.90,0.60,0.50,3.60,2.20
9394,12.50,1.0,0.80,1.30,3.60,1.60,3.40
9395,9.20,5.5,,0.60,1.60,1.90,2.70
9396,,0.5,1.40,0.50,3.00,1.00,2.90
9397,9.50,3.0,0.90,0.00,2.30,,0.00
9398,9.00,,0.70,0.20,2.50,2.50,2.90
9399,9.80,5.2,0.90,0.70,0.50,3.50,2.00
9400,10.00,318.0,24.00,54.00,3.00,1.50,
9401,9.00,4.1,1.10,2.00,1.30,1.50,1.00
9402,11.00,336.0,12.00,1.30,1.40,0.80,2.00
9403,11.20,3.3,0.20,0.00,0.00,1.50,3.00
9404,11.10,102.0,54.00,66.00,3.50,0.50,4.20
9405,,270.0,66.00,6.00,2.60,1.90,2.30
9406,10.50,264.0,,42.00,1.80,1.50,2.90
9407,9.60,,1.00,0.00,1.50,3.00,2.80
9408,10.40,4.5,0.00,0.00,2.30,3.00,4.00
9409,8.80,354.0,0.00,6.00,0.00,3.00,
9410,9.50,4.6,0.50,0.40,2.50,3.00,2.40
9411,10.40,3.5,0.50,0.00,3.00,2.10,1.50
9412,9.40,7.5,0.50,0.00,0.60,2.60,3.00
9413,8.20,,30.00,90.00,0.50,4.30,0.00
9414,9.00,3.0,0.90,0.60,1.90,2.30,1.50
9415,9.60,,0.80,0.30,,3.30,3.60
9416,9.20,,1.30,1.20,3.00,4.20,1.50
9417,9.70,2.5,0.90,1.20,4.50,2.00,1.50
9418,8.60,2.6,1.40,0.80,2.00,2.00,4.00
9419,10.80,0.6,0.00,0.30,,,
9420,10.50,2.1,0.20,0.60,2.30,4.00,
9421,10.00,276.0,30.00,1.40,1.50,3.40,0.00
9422,9.50,102.0,12.00,3.30,2.00,2.00,2.50
9423,10.20,5.4,0.90,0.50,3.00,1.50,0.00
9424,8.20,5.5,1.00,1.00,1.10,3.90,2.50
9425,9.00,,0.40,1.10,1.00,4.00,1.20
9426,9.30,3.5,0.80,0.60,3.00,2.20,2.50
9427,10.50,4.0,1.00,0.30,4.50,2.10,2.60
9428,10.80,0.0,36.00,0.70,3.00,2.50,4.20
9429,8.50,1.5,,0.40,1.00,3.00,1.60
9430,9.50,6.2,0.70,0.00,2.50,3.50,1.00
9431,10.00,3.9,1.00,0.20,1.50,2.80,2.50
9432,13.00,,,,1.10,2.00,2.00
9433,11.50,0.8,0.20,0.00,4.00,1.50,3.00
9434,9.50,4.3,,1.00,1.60,3.50,3.00
9435,9.50,3.0,0.90,1.10,2.00,1.50,2.50
9436,9.50,1.8,1.10,0.00,2.10,0.20,3.40
9437,9.50,1.0,0.70,0.00,1.30,2.70,2.00
9438,9.40,7.1,0.50,0.60,0.00,5.00,0.50
9439,8.50,1.9,1.40,0.80,2.00,4.10,0.50
9440,10.40,--,0.90,0.00,,3.60,3.00
9441,9.50,0.9,0.70,0.00,4.60,2.40,3.50
9442,8.70,1.4,0.00,0.60,3.90,2.80,3.70
9443,9.00,4.0,1.10,1.30,1.60,3.00,2.30
9444,9.80,,0.40,0.20,2.50,2.70,3.70
9445,9.00,180.0,6.00,,3.50,3.50,2.30
9446,11.00,0.6,1.40,0.00,0.20,1.00,5.00
9447,8.40,4.0,0.00,0.90,0.80,2.70,1.20
9448,10.50,6.7,0.20,0.30,1.00,2.90,2.00
9449,9.00,2.0,0.60,0.00,4.50,3.00,3.00
9450,13.00,150.0,6.00,12.00,1.50,2.30,3.50
9451,,3.6,0.30,,3.00,2.10,2.50
9452,11.90,0.2,0.00,0.50,0.50,2.00,3.10
9453,9.10,5.7,0.00,0.70,1.70,3.00,
9454,8.50,300.0,60.00,6.00,2.90,2.90,3.30
9455,9.80,1.0,1.30,0.40,3.30,1.60,4.60
9456,11.30,2.3,0.20,0.90,4.20,2.00,3.50
9457,10.00,5.0,0.60,0.80,0.50,3.70,2.50
9458,9.50,5.4,0.10,1.10,1.50,3.50,2.10
9459,9.30,3.5,1.20,0.60,0.90,2.20,4.10
9460,9.80,1.1,1.00,1.20,2.40,,0.00
9461,10.60,2.1,0.60,0.00,2.40,0.80,3.40
9462,8.50,4.5,1.70,,1.00,4.50,1.30
9463,9.50,6.0,0.60,,1.10,3.50,2.00
9464,11.00,186.0,0.00,0.60,1.50,3.00,
9465,11.50,0.7,0.20,0.70,4.20,1.90,5.50
9466,7.60,6.5,0.30,0.80,1.00,4.80,2.00
9467,9.30,3.2,0.90,1.20,,3.00,3.00
9468,12.10,2.1,0.20,0.60,2.40,2.40,
9469,10.50,1.2,0.20,0.00,3.80,,4.00
9470,9.50,3.5,2.00,0.00,1.20,5.00,2.20
9471,11.00,,1.30,0.30,0.60,2.00,3.00
9472,9.50,0.0,0.70,1.20,2.30,1.00,1.50
9473,9.90,3.5,1.50,0.00,2.40,1.70,2.80
9474,9.30,3.6,0.90,0.00,3.20,2.00,2.20
9475,9.00,300.0,108.00,54.00,1.50,1.50,3.00
9476,,5.0,0.10,2.30,2.60,4.00,1.10
9477,7.00,0.0,,0.70,3.10,0.60,4.60
9478,10.00,150.0,78.00,96.00,,2.00,3.50
9479,8.90,3.8,0.60,0.60,3.00,3.00,2.80
9480,9.60,5.0,0.70,0.50,3.20,,0.00
9481,9.10,90.0,36.00,18.00,3.00,1.90,3.50
9482,8.70,4.5,1.10,0.90,2.00,,3.00
9483,11.50,3.2,,0.00,1.50,2.60,1.50
9484,11.40,54.0,0.00,24.00,0.90,,1.60
9485,9.00,3.5,1.00,0.00,2.00,2.20,5.20
9486,9.50,4.3,0.00,0.60,4.00,4.00,3.00
9487,11.10,180.0,42.00,6.00,1.50,4.20,1.60
9488,11.10,,0.60,0.90,1.50,4.00,2.00
9489,8.20,4.5,0.50,1.10,5.00,3.90,1.30
9490,9.50,0.4,0.80,0.00,3.50,1.70,3.70
9491,9.50,,48.00,0.00,1.70,1.50,4.50
9492,10.00,1.4,0.50,,2.50,,3.00
9493,8.50,4.2,1.80,1.00,1.10,3.50,2.50
9494,8.60,180.0,12.00,0.60,4.60,1.40,2.50
9495,10.50,228.0,36.00,66.00,1.00,2.30,2.00
9496,9.80,3.0,0.50,1.30,1.50,3.60,2.00
9497,10.00,4.0,0.60,0.00,1.50,0.50,4.00
9498,9.20,240.0,72.00,24.00,1.50,2.50,2.50
9499,10.20,0.8,1.10,0.00,1.00,0.50,4.60
9500,9.50,2.8,0.40,0.00,3.50,0.00,4.50
9501,9.00,0.4,0.90,0.00,2.80,3.90,3.00
9502,10.40,2.2,0.00,0.00,3.30,3.60,3.20
9503,10.90,3.6,0.00,0.40,2.80,1.70,3.40
9504,10.50,4.1,1.40,0.00,0.50,1.50,1.40
9505,9.50,,0.80,1.20,3.50,2.70,2.00
9506,11.10,3.3,0.10,0.80,2.00,3.00,2.00
9507,10.00,4.4,0.60,0.00,2.80,2.10,3.70
9508,8.60,,1.00,0.20,2.70,3.30,2.60
9509,9.20,0.0,0.00,0.80,3.50,2.70,1.00
9510,11.70,3.5,1.10,0.30,2.00,2.00,2.60
9511,10.30,5.5,0.70,,1.00,2.10,3.00
9512,8.90,402.0,0.00,0.00,1.50,3.50,2.00
9513,8.80,324.0,18.00,6.00,2.50,3.50,1.10
9514,11.00,4.0,,0.50,0.50,3.20,3.70
9515,9.90,3.6,1.10,0.30,2.90,2.50,2.00
9516,8.40,4.2,1.40,0.00,2.00,3.80,3.00
9517,,4.5,1.80,1.50,1.30,3.50,1.40
9518,7.50,6.9,1.20,0.10,,2.50,3.00
9519,9.80,--,0.70,0.20,2.00,2.30,3.00
9520,9.00,3.5,0.40,1.20,4.50,1.50,1.20
9521,10.00,2.4,0.50,0.70,1.50,4.50,2.80
9522,10.00,5.0,1.30,0.00,2.50,,
9523,10.00,>60,0.40,0.20,2.00,3.40,1.50
9524,10.50,0.6,0.60,0.20,1.90,0.00,2.90
9525,9.70,120.0,12.00,0.00,3.50,4.50,2.10
9526,10.00,270.0,42.00,0.00,3.50,2.20,3.00
9527,10.00,,18.00,48.00,0.50,2.00,3.20
9528,8.00,396.0,48.00,60.00,1.00,3.10,2.00
9529,10.80,4.5,0.40,,2.50,2.30,3.00
9530,11.50,TBD,1.40,0.30,3.50,2.00,2.30
9531,9.00,6.2,0.80,1.10,0.90,2.00,3.10
9532,11.10,2.0,0.00,1.40,0.60,0.50,3.80
9533,9.30,4.2,1.30,0.30,3.00,4.00,1.50
9534,11.00,,0.80,0.00,3.40,1.20,4.50
9535,9.30,4.9,0.40,1.70,2.10,,0.50
9536,9.00,3.5,0.80,0.70,2.50,3.50,2.20
9537,10.80,120.0,72.00,18.00,2.50,2.50,3.40
9538,9.50,156.0,24.00,6.00,0.90,1.80,
9539,9.00,3.0,0.00,1.20,4.40,3.00,2.50
9540,9.00,1.5,1.30,0.90,3.50,4.30,2.30
9541,11.00,4.5,0.40,0.70,2.00,1.60,3.00
9542,8.20,192.0,24.00,66.00,0.40,4.50,2.50
9543,12.00,0.0,1.10,0.50,2.80,0.00,6.00
9544,9.20,264.0,0.00,0.70,2.30,2.00,3.60
9545,8.80,2.6,1.80,1.20,2.00,3.10,2.50
9546,8.00,132.0,48.00,0.60,2.00,3.00,0.50
9547,10.50,4.6,0.30,1.00,0.90,2.00,3.50
9548,11.50,180.0,0.00,24.00,,2.00,5.00
9549,9.40,4.0,1.20,0.70,0.50,1.80,3.10
9550,11.00,4.0,0.00,,0.70,3.20,2.50
9551,10.70,4.5,0.60,0.00,2.00,2.10,3.50
9552,11.50,150.0,18.00,0.00,1.10,2.30,4.50
9553,10.00,138.0,18.00,0.00,4.10,3.00,2.50
9554,9.70,192.0,96.00,30.00,1.80,3.30,1.00
9555,11.00,6.3,0.50,0.10,0.50,3.70,1.50
9556,11.10,282.0,36.00,0.20,1.00,3.70,2.50
9557,,6.8,0.70,0.30,0.10,1.50,3.20
9558,9.80,3.4,0.00,0.00,2.80,2.60,3.50
9559,10.00,3.4,0.90,0.40,1.00,3.00,3.50
9560,10.50,4.5,0.30,,1.50,2.70,2.30
9561,8.00,7.5,0.30,0.60,1.20,2.50,2.60
9562,10.50,2.0,0.30,0.20,2.80,2.70,2.20
9563,10.60,,0.30,1.00,3.00,1.70,2.90
9564,10.80,,0.50,1.30,2.00,3.00,1.70
9565,8.50,192.0,72.00,24.00,2.60,1.70,3.00
9566,10.90,3.4,0.80,1.00,2.50,2.10,2.70
9567,9.50,5.3,1.50,0.50,1.00,4.00,1.00
9568,10.50,2.5,0.60,0.70,4.60,1.80,4.00
9569,9.40,90.0,60.00,90.00,2.50,3.00,2.00
9570,9.00,1.5,1.40,0.40,2.80,2.50,2.20
9571,10.60,2.3,0.60,0.00,1.50,3.00,
9572,11.00,1.9,0.00,0.00,4.00,1.00,4.00
9573,12.00,54.0,54.00,90.00,1.10,1.00,4.50
9574,9.00,240.0,12.00,30.00,1.50,4.00,2.00
9575,9.50,6.0,0.70,0.80,0.00,3.20,0.70
9576,11.10,,1.20,,3.50,0.60,3.50
9577,11.00,204.0,66.00,0.00,2.00,1.50,4.00
9578,9.00,not recorded,36.00,1.30,4.50,3.00,2.00
9579,8.80,234.0,24.00,36.00,3.60,,5.50
9580,8.40,4.2,1.50,1.30,3.80,4.50,1.00
9581,8.00,5.5,0.70,1.10,2.80,4.50,1.00
9582,11.00,198.0,78.00,78.00,1.30,1.80,2.00
9583,9.10,5.3,0.80,0.60,,2.40,1.70
9584,10.40,5.0,0.30,0.70,2.30,3.50,2.50
9585,11.00,300.0,6.00,0.60,0.00,1.90,4.70
9586,9.10,4.3,0.70,1.10,2.00,2.00,3.00
9587,9.50,0.8,1.00,0.30,2.50,2.30,3.40
9588,10.50,4.2,1.10,0.70,2.50,3.50,2.10
9589,,4.6,0.40,,1.20,2.60,3.00
9590,10.50,1.0,0.60,0.10,8.30,0.90,2.60
9591,11.10,180.0,48.00,24.00,1.40,3.00,2.80
9592,,7.0,1.40,1.90,2.30,3.60,0.80
9593,10.00,2.9,1.30,0.50,3.20,3.40,2.70
9594,10.50,3.9,0.90,0.30,3.50,2.70,2.40
9595,9.60,276.0,0.00,6.00,2.00,4.00,3.90
9596,,150.0,48.00,18.00,1.10,1.90,4.20
9597,6.60,2.9,0.80,,3.50,4.90,2.50
9598,9.40,5.4,0.60,1.40,0.40,2.50,1.90
9599,,2.0,1.00,0.00,1.70,1.60,2.50
9600,9.30,4.5,0.60,1.40,1.50,4.50,2.30
9601,8.50,288.0,48.00,1.40,1.90,5.20,1.00
9602,7.20,4.3,,0.30,2.00,3.10,3.00
9603,9.70,240.0,12.00,24.00,4.00,2.60,0.50
9604,8.60,282.0,,0.20,3.00,2.20,2.50
9605,9.90,3.5,0.30,1.00,2.50,2.90,3.20
9606,10.00,120.0,84.00,1.40,4.50,2.50,3.50
9607,9.30,4.5,1.60,1.30,2.00,1.90,1.50
9608,9.00,,1.10,0.40,3.00,1.00,3.30
9609,11.10,5.0,0.00,0.70,1.90,3.00,2.00
9610,7.50,4.0,0.60,,3.50,3.00,0.70
9611,7.60,72.0,66.00,54.00,1.60,2.50,3.70
9612,10.50,2.5,,0.00,2.50,2.50,2.50
9613,9.20,2.5,0.10,0.40,1.50,2.10,5.50
9614,,2.0,1.00,0.00,0.50,1.50,
9615,9.80,,12.00,0.00,1.20,1.80,2.50
9616,9.50,2.0,1.10,1.20,3.50,3.00,3.00
9617,10.00,3.5,1.40,1.10,3.50,2.50,2.00
9618,9.40,<1,0.70,0.00,4.10,1.50,2.90
9619,9.50,0.5,1.30,1.30,2.00,4.00,1.50
9620,8.10,7.0,0.20,0.80,0.60,2.50,1.50
9621,9.50,0.2,1.00,0.70,1.70,,3.50
9622,9.00,2.0,0.70,0.80,,3.50,0.30
9623,10.20,60.0,24.00,0.00,2.50,1.50,3.50
9624,9.10,360.0,18.00,0.00,2.00,3.90,3.00
9625,,2.0,,0.00,4.20,,5.00
9626,10.00,294.0,0.00,36.00,,3.50,1.30
9627,9.50,3.3,0.00,0.00,2.40,2.70,2.50
9628,11.00,1.5,0.00,0.60,3.30,0.00,5.50
9629,7.60,5.6,1.10,1.10,1.80,4.00,2.00
9630,9.50,300.0,30.00,18.00,,3.50,1.80
9631,,282.0,78.00,0.00,2.00,1.50,3.60
9632,12.00,0.5,0.60,0.10,1.00,0.00,6.00
9633,9.20,5.5,1.40,0.00,2.00,4.10,2.00
9634,9.50,0.0,12.00,42.00,3.60,1.50,5.00
9635,10.00,120.0,18.00,18.00,2.00,2.10,2.80
9636,8.30,3.6,0.30,0.50,4.20,5.00,1.70
9637,12.00,0.0,60.00,60.00,,1.50,4.50
9638,10.70,6.0,0.60,0.50,1.50,0.60,3.00
9639,7.50,n/a,42.00,,3.80,2.40,2.60
9640,11.00,114.0,54.00,6.00,2.50,0.00,4.90
9641,11.00,0.5,0.90,0.70,3.30,2.00,4.60
9642,8.60,5.3,,1.20,2.50,4.60,0.50
9643,9.90,2.7,0.10,0.00,2.00,4.20,1.30
9644,10.30,4.7,1.10,1.10,1.70,3.30,1.40
9645,8.00,5.5,0.10,0.30,2.00,4.50,2.50
9646,9.00,144.0,66.00,,2.00,2.50,4.00
9647,10.50,4.0,0.90,0.60,2.20,2.00,2.60
9648,8.70,not recorded,0.00,0.40,0.70,3.50,0.50
9649,10.50,3.1,0.80,,2.50,1.50,3.20
9650,10.80,1.9,0.30,0.00,3.50,1.80,2.30
9651,10.00,270.0,18.00,0.00,2.60,3.50,2.60
9652,9.00,108.0,102.00,0.00,2.90,1.50,3.00
9653,9.60,5.5,0.90,1.20,0.80,3.50,1.50
9654,9.00,2.0,0.10,0.20,3.50,3.20,3.50
9655,6.60,4.0,0.20,0.90,2.50,3.70,1.00
9656,7.80,3.1,0.50,1.30,3.00,4.00,0.70
9657,9.70,3.5,1.60,1.20,2.00,4.50,1.00
9658,10.50,2.0,1.30,0.00,2.60,1.50,3.30
9659,9.50,3.5,1.40,0.30,1.70,2.50,3.00
9660,9.00,3.8,1.40,0.80,1.00,3.00,
9661,9.00,3.5,1.00,2.20,2.10,2.50,3.40
9662,11.00,192.0,84.00,36.00,1.40,1.00,3.50
9663,9.80,1.5,0.40,1.10,3.50,1.10,3.50
9664,11.30,0.2,0.50,1.00,2.50,2.00,3.60
9665,8.50,192.0,36.00,0.90,1.00,4.20,
9666,10.00,96.0,24.00,0.00,3.60,3.20,2.50
9667,9.00,4.5,0.00,0.00,2.50,4.60,2.40
9668,9.50,210.0,36.00,0.20,0.00,,2.60
9669,9.50,2.0,1.70,,4.50,2.80,2.40
9670,12.00,0.7,0.30,0.00,2.50,0.70,4.00
9671,10.30,3.4,0.00,0.30,3.00,,5.20
9672,10.50,2.4,0.70,1.20,2.00,2.90,
9673,10.50,90.0,12.00,,2.90,1.50,2.50
9674,10.80,0.0,0.60,0.40,2.50,1.00,2.50
9675,,570.0,30.00,48.00,0.50,3.10,0.00
9676,10.50,210.0,66.00,18.00,1.50,2.00,2.00
9677,9.50,,0.40,0.10,0.80,3.50,2.10
9678,10.50,2.0,1.10,1.40,3.00,4.00,2.50
9679,,4.0,0.50,0.40,,1.50,3.30
9680,10.20,216.0,30.00,0.00,,2.50,4.90
9681,8.00,,1.10,1.10,1.50,,3.00
9682,9.10,1.3,0.40,0.00,4.00,0.00,4.50
9683,9.30,336.0,84.00,90.00,0.30,3.70,1.70
9684,9.70,2.7,,0.00,3.50,0.70,3.50
9685,9.10,300.0,66.00,0.00,5.00,2.60,2.70
9686,,,0.20,0.60,1.70,3.00,0.50
9687,10.90,0.5,1.60,0.20,5.00,0.50,2.00
9688,9.00,4.9,0.50,1.30,1.00,3.60,2.30
9689,,258.0,78.00,0.00,3.50,1.00,1.70
9690,10.80,282.0,66.00,1.10,,2.50,1.80
9691,10.50,2.9,0.70,0.40,3.70,1.00,
9692,11.00,4.0,0.70,0.00,3.90,0.00,3.00
9693,8.00,4.5,1.10,1.20,3.10,3.50,2.00
9694,8.80,7.6,1.20,1.40,0.00,,1.50
9695,10.90,1.5,0.70,0.30,5.50,1.70,2.50
9696,10.70,--,,0.90,1.00,3.60,3.00
9697,11.30,4.0,1.20,0.00,0.60,1.80,3.00
9698,8.70,5.4,0.70,0.90,0.80,4.50,1.20
9699,8.50,4.0,0.90,1.40,1.50,4.50,1.00
9700,9.80,3.7,0.00,0.10,,,1.60
9701,10.00,0.0,0.60,0.70,3.50,2.50,5.40
9702,10.50,4.2,1.00,1.30,1.50,2.60,0.50
9703,8.00,4.6,0.60,0.60,3.40,2.50,3.40
9704,10.40,5.1,0.70,0.00,2.50,2.00,2.10
9705,8.90,5.0,0.10,1.30,2.80,1.90,
9706,11.30,1.0,0.30,1.40,3.40,2.80,3.10
9707,9.30,2.6,0.50,1.60,2.50,2.40,2.00
9708,,300.0,72.00,12.00,1.00,2.00,3.30
9709,9.50,5.5,0.10,0.90,0.00,4.00,2.00
9710,9.00,5.5,0.40,0.90,0.50,4.00,1.00
9711,9.20,3.2,,1.40,2.50,3.30,
9712,7.00,3.4,1.00,0.00,3.10,3.00,2.50
9713,11.00,4.0,0.80,0.60,1.50,3.50,2.80
9714,11.00,4.3,0.60,0.20,1.50,3.00,3.10
9715,9.50,1.2,1.00,0.30,6.00,2.20,4.50
9716,10.00,2.0,1.20,0.00,3.00,2.50,1.50
9717,,3.0,0.50,0.70,1.50,2.50,2.00
9718,8.00,4.5,0.30,0.30,,2.00,2.50
9719,10.00,1.0,0.40,0.00,4.50,2.50,4.70
9720,9.90,2.5,0.30,0.00,3.70,1.50,2.50
9721,10.50,18.0,12.00,0.00,6.10,1.70,2.50
9722,10.20,3.2,0.50,0.00,4.50,3.20,2.50
9723,8.90,4.5,0.80,0.00,1.00,2.00,3.20
9724,8.00,<1,0.90,0.70,0.70,2.30,2.50
9725,,4.7,0.50,1.60,1.50,3.00,1.60
9726,9.50,,0.90,0.40,,3.20,2.00
9727,12.20,120.0,54.00,0.20,3.20,2.00,
9728,10.60,4.6,1.10,0.60,1.50,3.00,2.50
9729,10.00,60.0,42.00,0.00,3.50,3.00,3.50
9730,8.70,2.1,0.40,0.00,,3.70,2.90
9731,8.40,1.0,1.10,0.40,3.50,2.00,2.00
9732,10.00,,60.00,,2.60,2.00,2.00
9733,7.20,6.0,0.60,0.60,3.50,4.00,2.20
9734,9.60,3.4,1.10,1.10,1.00,2.10,1.30
9735,9.00,0.0,0.00,0.80,3.50,2.00,3.50
9736,10.70,60.0,72.00,30.00,1.90,2.10,4.50
9737,8.90,4.5,0.80,0.90,1.70,3.50,2.40
9738,8.30,240.0,18.00,1.10,1.80,3.40,2.00
9739,10.50,1.8,0.90,1.20,3.30,1.60,4.50
9740,11.00,174.0,60.00,0.70,2.00,1.60,4.20
9741,6.50,--,36.00,18.00,1.20,,1.00
9742,8.20,192.0,0.00,,2.50,4.50,2.00
9743,9.50,not recorded,0.00,42.00,2.00,3.30,1.40
9744,9.50,1.0,0.60,0.00,2.50,1.10,3.00
9745,10.50,1.9,1.20,0.00,2.50,2.20,3.40
9746,9.50,2.0,2.00,1.40,3.50,3.80,1.40
9747,10.50,2.5,0.60,0.20,1.70,2.90,2.10
9748,9.50,,0.30,,3.80,,5.00
9749,11.00,2.5,,0.00,3.00,,3.50
9750,10.60,3.0,,0.80,1.30,3.20,3.40
9751,,,0.00,1.10,2.40,2.90,1.50
9752,9.90,6.2,1.10,1.30,0.60,,1.10
9753,11.10,0.0,0.00,0.00,5.00,2.50,2.90
9754,10.60,3.0,0.70,0.90,2.00,2.30,
9755,10.80,3.0,1.50,0.00,4.60,,2.10
9756,,3.0,0.70,0.00,0.10,3.50,2.80
9757,10.50,2.5,0.00,0.80,4.00,0.30,3.70
9758,11.50,1.5,0.60,0.50,2.50,1.90,3.40
9759,11.00,2.7,0.30,0.30,3.00,2.20,3.50
9760,,2.9,0.00,0.00,2.40,1.10,3.90
9761,10.50,3.3,1.70,0.40,,2.50,
9762,8.00,1.8,1.20,1.30,3.50,4.20,0.60
9763,11.00,4.4,1.90,1.80,2.50,1.60,1.20
9764,11.60,1.1,0.30,0.10,4.90,1.50,5.60
9765,,204.0,66.00,0.70,1.30,1.20,4.00
9766,10.30,3.4,0.40,,1.10,4.20,2.50
9767,,174.0,24.00,24.00,1.90,2.90,
9768,,3.7,0.70,0.80,1.00,2.50,2.40
9769,10.00,5.0,0.70,0.20,0.90,3.50,3.80
9770,10.40,1.5,0.50,0.00,0.30,0.20,5.00
9771,9.00,204.0,54.00,1.40,2.00,2.30,4.00
9772,9.30,,1.10,0.00,0.50,2.00,3.70
9773,8.70,300.0,54.00,6.00,4.60,2.80,1.00
9774,10.70,144.0,78.00,0.00,,1.20,
9775,10.90,3.6,1.40,0.20,1.60,2.50,
9776,11.50,210.0,90.00,0.00,1.70,1.50,4.30
9777,10.00,5.5,0.90,0.00,3.00,2.00,2.00
9778,8.00,2.2,1.30,0.50,4.60,2.60,2.20
9779,10.20,3.0,,0.70,0.70,1.50,0.80
9780,9.00,1.9,0.00,1.00,1.00,4.00,1.50
9781,11.30,<1,36.00,6.00,1.00,2.50,2.70
9782,7.40,7.1,0.30,0.90,0.60,4.80,2.00
9783,9.50,1.5,0.80,0.50,1.00,2.30,1.70
9784,9.00,3.5,0.50,1.10,2.00,2.20,1.40
9785,10.10,4.0,0.80,,,1.50,3.30
9786,9.00,2.0,0.20,0.00,3.50,3.00,2.50
9787,12.40,90.0,42.00,0.00,1.10,3.50,2.00
9788,7.60,5.5,0.60,0.60,2.00,3.10,1.00
9789,8.00,150.0,60.00,1.30,1.00,3.50,2.00
9790,9.20,132.0,72.00,24.00,3.00,2.50,2.90
9791,9.00,2.8,0.10,0.70,2.10,0.50,2.50
9792,9.50,not recorded,0.00,,2.00,3.90,2.70
9793,10.00,1.5,0.00,0.00,2.60,2.50,1.20
9794,9.60,n/a,0.90,0.80,1.60,3.30,
9795,8.20,2.2,1.50,0.10,3.50,2.00,2.00
9796,9.10,5.5,0.00,0.70,1.00,2.00,3.10
9797,9.20,>60,,0.60,1.50,2.10,0.50
9798,,2.0,0.80,0.20,3.50,2.50,4.00
9799,10.30,0.5,1.00,1.40,4.50,2.00,2.90
9800,9.70,3.3,1.20,0.50,1.50,0.90,3.00
9801,12.00,4.5,0.40,0.00,0.70,3.00,2.70
9802,,180.0,48.00,0.00,2.70,1.20,5.00
9803,8.70,4.8,0.00,0.80,0.90,3.00,1.20
9804,9.80,180.0,0.00,36.00,1.80,1.80,3.50
9805,9.40,0.0,0.60,0.30,4.00,2.60,2.50
9806,9.00,1.5,0.60,1.00,,2.50,4.50
9807,9.40,2.0,0.80,1.70,5.70,3.50,1.90
9808,9.50,,30.00,48.00,4.10,4.20,1.30
9809,10.50,12.0,84.00,0.90,3.50,3.50,3.50
9810,8.50,4.5,1.20,1.20,1.50,2.60,2.70
9811,10.50,2.9,0.00,0.00,3.50,2.50,3.00
9812,,5.9,0.60,0.70,1.00,3.50,
9813,11.50,4.5,0.50,0.50,1.00,3.00,2.00
9814,10.00,,1.40,0.00,1.00,3.00,2.10
9815,11.30,,0.30,0.40,2.60,0.00,4.00
9816,9.80,2.0,0.70,0.40,2.90,0.80,4.00
9817,9.00,2.5,0.70,,4.50,1.50,5.00
9818,10.00,,0.40,,1.50,1.50,3.90
9819,8.50,1.0,0.00,,,5.00,2.80
9820,10.00,2.0,0.80,0.50,2.20,1.00,2.70
9821,,2.0,0.10,,2.80,3.50,3.00
9822,9.50,1.9,0.30,0.70,6.10,2.00,4.00
9823,9.50,5.2,1.20,1.20,2.10,2.00,2.30
9824,8.00,,54.00,60.00,0.50,4.50,1.00
9825,10.00,0.0,1.00,0.60,2.20,3.00,4.00
9826,10.50,,1.10,0.00,4.60,1.30,4.00
9827,10.30,2.8,0.10,0.40,0.50,2.00,3.50
9828,9.60,3.0,0.00,0.00,2.10,5.00,2.40
9829,10.00,2.0,0.30,0.40,3.20,,
9830,,1.5,0.80,0.40,2.60,0.00,5.50
9831,11.40,,0.00,0.00,6.10,0.90,4.00
9832,7.50,3.8,1.20,1.00,,,1.00
9833,8.70,252.0,30.00,78.00,0.60,3.50,1.20
9834,,3.6,0.30,2.40,3.50,3.50,2.00
9835,9.80,4.1,1.70,0.90,1.40,3.10,2.50
9836,8.90,4.2,0.30,0.40,2.40,1.50,4.00
9837,8.40,1.0,0.70,0.10,1.90,2.50,2.30
9838,10.50,120.0,0.00,30.00,1.30,1.00,4.40
9839,11.50,3.3,0.80,0.30,2.90,1.00,4.00
9840,9.50,2.6,0.00,0.50,3.80,5.00,1.60
9841,8.00,1.5,0.90,0.00,,2.10,2.00
9842,7.50,3.5,,1.90,2.70,2.10,2.00
9843,10.50,2.1,0.90,0.00,3.00,4.50,1.80
9844,,,0.60,0.00,3.00,1.90,4.40
9845,9.00,1.6,0.50,0.70,4.50,0.70,5.40
9846,9.00,2.2,0.80,0.70,2.50,2.00,3.50
9847,10.00,4.2,1.60,0.00,1.50,3.00,2.40
9848,9.00,2.5,,1.00,2.00,,3.20
9849,,<1,60.00,0.00,5.50,0.90,4.50
9850,,150.0,60.00,0.50,2.00,1.60,2.50
9851,9.00,,1.30,1.40,1.70,4.10,1.00
9852,7.50,3.5,1.50,1.20,2.60,,1.50
9853,9.00,3.4,1.00,0.00,4.00,3.60,2.50
9854,9.00,0.5,1.40,1.40,3.50,3.00,2.80
9855,9.50,,0.20,0.20,3.20,2.10,2.60
9856,9.60,420.0,12.00,0.70,0.20,2.50,1.70
9857,8.50,5.5,0.80,1.20,,3.50,2.20
9858,11.00,,,0.00,0.10,1.00,3.50
9859,8.60,258.0,30.00,0.00,1.80,2.50,1.90
9860,10.50,3.0,0.80,0.70,1.20,3.10,2.50
9861,9.00,1.6,0.30,0.70,,2.50,1.30
9862,,3.0,0.60,0.90,7.50,0.50,3.00
9863,11.50,120.0,42.00,30.00,4.00,1.70,4.00
9864,9.90,3.5,0.20,0.00,1.60,5.40,3.00
9865,9.30,5.0,0.50,1.00,1.50,2.60,2.50
9866,9.00,120.0,6.00,66.00,3.00,4.50,1.00
9867,,36.0,66.00,0.70,5.20,2.50,2.50
9868,9.80,180.0,54.00,18.00,2.50,,2.90
9869,9.00,4.5,0.60,0.00,1.20,2.00,
9870,8.50,2.6,0.50,1.30,2.50,2.40,4.20
9871,10.50,,0.70,0.70,2.60,1.60,2.50
9872,9.50,4.7,1.40,0.80,1.60,2.20,2.50
9873,9.50,4.5,1.30,0.00,5.80,1.00,3.50
9874,10.00,66.0,24.00,0.50,2.80,1.00,3.50
9875,8.00,3.0,0.70,1.20,2.00,3.40,1.50
9876,9.10,2.8,,0.10,2.00,2.60,3.30
9877,10.50,258.0,60.00,0.00,1.00,1.00,1.60
9878,9.70,4.4,0.20,0.00,2.00,1.00,3.50
9879,11.00,300.0,30.00,0.00,0.50,3.00,2.50
9880,10.20,2.5,1.20,0.10,0.60,0.50,4.40
9881,9.00,3.0,0.50,0.70,3.50,3.50,
9882,12.00,72.0,30.00,0.00,4.40,2.10,1.70
9883,9.30,2.5,0.30,0.50,0.00,1.00,2.70
9884,10.50,5.2,0.50,0.00,1.50,2.00,
9885,8.70,6.5,0.60,0.40,2.00,2.50,2.50
9886,8.50,120.0,60.00,,2.80,2.10,2.60
9887,9.60,282.0,12.00,0.70,3.00,2.70,3.00
9888,9.00,1.7,0.90,,2.50,3.00,3.50
9889,9.10,360.0,60.00,24.00,2.00,4.50,1.00
9890,9.60,5.5,,1.40,0.50,3.00,1.50
9891,9.50,360.0,12.00,48.00,3.00,2.50,1.50
9892,9.50,2.5,1.10,1.30,2.50,2.50,2.40
9893,9.00,3.5,0.80,1.80,3.50,3.60,3.00
9894,9.10,1.5,0.10,1.30,2.10,3.10,2.00
9895,10.50,1.9,0.30,0.20,2.00,1.90,3.50
9896,10.90,3.3,1.10,0.50,1.70,1.00,3.70
9897,9.90,2.0,0.10,0.00,1.80,0.00,3.90
9898,9.50,168.0,42.00,,1.50,2.00,1.70
9899,9.00,2.7,0.30,0.00,3.50,2.00,4.80
9900,8.50,1.7,0.30,0.80,1.50,2.90,2.50
9901,11.50,90.0,66.00,36.00,3.60,0.30,4.90
9902,8.50,5.5,1.00,0.00,2.90,2.00,1.90
9903,9.30,0.5,0.80,1.00,5.10,2.00,4.00
9904,9.00,0.0,0.30,1.20,3.50,1.50,2.60
9905,9.00,300.0,78.00,66.00,1.00,3.50,
9906,11.20,2.0,0.20,0.00,1.50,3.00,3.50
9907,10.70,1.0,1.00,0.00,4.00,2.10,4.20
9908,8.50,1.0,1.00,0.00,6.20,2.00,4.50
9909,9.50,336.0,12.00,72.00,1.00,3.50,1.30
9910,8.40,66.0,96.00,0.00,4.40,1.00,3.50
9911,9.50,,1.00,0.40,1.50,4.50,0.80
9912,8.90,360.0,48.00,0.00,2.30,2.50,2.20
9913,11.20,n/a,1.30,0.40,3.50,1.60,4.20
9914,9.50,2.4,1.10,0.00,1.00,1.50,5.50
9915,10.40,0.7,1.40,0.60,4.10,2.40,4.50
9916,11.50,3.0,1.80,0.50,0.90,2.60,
9917,10.20,6.0,0.00,0.40,1.00,2.30,
9918,10.50,2.0,0.00,0.00,2.00,0.50,5.80
9919,9.50,5.4,1.20,,2.00,3.50,1.50
9920,9.80,3.8,0.60,1.40,1.80,2.70,2.50
9921,9.00,60.0,24.00,60.00,4.00,1.50,3.40
9922,8.50,,0.20,0.70,3.30,1.50,2.00
9923,8.60,4.5,0.00,0.70,1.40,0.90,4.90
9924,9.80,5.3,0.40,0.00,2.50,3.50,2.50
9925,10.00,,0.30,0.10,0.90,3.20,3.50
9926,9.40,2.5,0.00,0.00,1.60,1.50,3.50
9927,9.90,,90.00,78.00,2.20,2.00,2.40
9928,11.50,,1.10,0.00,2.50,1.50,3.10
9929,10.60,1.4,1.40,0.20,4.50,0.00,3.50
9930,9.30,1.4,0.20,,3.00,2.50,3.50
9931,8.50,3.7,0.90,2.10,1.50,3.50,0.40
9932,10.50,3.0,0.60,,1.50,2.50,
9933,10.20,270.0,48.00,54.00,1.50,3.30,1.50
9934,9.90,1.5,,0.00,3.50,3.00,
9935,9.50,3.0,0.50,0.00,,3.50,1.90
9936,12.60,0.6,1.00,0.00,0.70,0.00,3.20
9937,10.00,1.0,0.00,0.90,1.00,1.10,3.50
9938,9.70,>60,0.00,0.00,2.00,0.20,4.00
9939,8.50,2.1,0.00,1.00,4.00,4.20,3.60
9940,,2.5,1.10,2.00,,2.00,1.70
9941,8.00,,0.40,1.10,1.50,3.20,0.50
9942,8.80,5.9,1.70,1.80,1.50,2.50,1.50
9943,10.50,0.4,1.80,0.40,2.70,2.00,2.50
9944,10.30,TBD,0.00,,2.00,2.50,4.80
9945,7.90,300.0,102.00,0.00,3.00,1.30,2.10
9946,9.50,0.0,0.50,0.80,4.00,1.00,3.10
9947,10.40,3.5,1.30,0.90,2.40,3.20,1.60
9948,10.50,2.4,0.50,0.50,3.00,2.20,3.00
9949,,210.0,36.00,0.00,2.30,3.10,1.70
9950,9.10,150.0,120.00,1.50,2.40,2.30,3.00
9951,9.70,5.1,0.80,0.60,1.90,1.00,3.40
9952,8.00,5.1,0.30,1.00,1.30,,2.80
9953,10.90,102.0,,48.00,1.90,1.50,3.40
9954,,3.5,0.00,1.00,1.50,2.60,2.50
9955,9.30,2.1,1.50,0.60,4.10,1.40,2.50
9956,10.20,5.5,0.70,0.70,0.00,2.20,3.00
9957,11.00,<1,90.00,42.00,1.50,1.50,4.00
9958,12.00,0.5,0.50,0.70,1.50,0.00,4.00
9959,9.80,300.0,18.00,60.00,,5.00,1.20
9960,10.50,2.5,1.10,0.00,1.40,1.50,3.00
9961,8.40,3.0,0.10,0.00,,1.50,5.30
9962,9.10,1.0,0.30,0.90,1.50,1.80,2.80
9963,9.80,3.0,,0.70,1.50,3.90,3.50
9964,9.20,222.0,24.00,0.20,1.50,1.00,1.00
9965,9.50,3.1,0.60,1.20,2.60,3.00,
9966,11.40,1.0,0.90,0.10,3.50,0.50,4.50
9967,9.00,0.5,1.60,0.00,2.30,3.40,2.00
9968,9.50,2.6,0.00,0.00,1.80,2.00,3.00
9969,9.00,4.9,0.20,0.30,2.00,2.00,4.00
9970,11.40,1.4,0.70,0.30,2.10,0.70,5.00
9971,10.90,3.0,,0.00,1.30,3.20,1.70
9972,9.50,2.8,0.50,1.20,2.10,3.50,1.00
9973,9.60,30.0,0.00,6.00,2.00,2.00,3.00
9974,10.20,6.0,0.90,0.40,1.00,2.00,2.50
9975,10.80,354.0,30.00,0.00,0.90,,1.60
9976,10.20,180.0,36.00,0.00,3.00,1.20,
9977,10.00,180.0,48.00,0.70,2.00,0.90,2.50
9978,,2.5,1.40,0.30,3.00,2.70,1.70
9979,8.80,3.0,0.00,0.00,5.10,2.00,5.00
9980,12.00,3.7,0.00,,0.50,2.80,3.40
9981,11.50,3.6,0.10,0.00,1.50,2.40,3.90
9982,9.50,270.0,72.00,114.00,1.50,3.00,1.70
9983,10.90,1.0,1.60,0.00,6.20,1.00,3.30
9984,8.50,330.0,54.00,72.00,2.20,3.50,1.20
9985,10.50,0.0,0.60,0.00,3.60,1.00,5.50
9986,8.00,4.3,1.00,1.00,1.50,3.80,1.90
9987,10.20,3.2,0.20,0.80,2.90,0.90,4.50
9988,10.50,0.5,1.00,0.00,3.50,0.70,3.60
9989,9.70,4.0,0.80,0.20,3.00,3.40,0.50
9990,10.20,1.5,,0.80,4.60,3.60,1.00
9991,8.80,2.5,0.10,1.30,,2.60,3.50
9992,8.50,6.5,1.80,1.10,1.50,3.00,1.80
9993,9.00,1.8,0.60,0.50,2.00,2.80,
9994,10.20,,0.00,0.00,2.00,1.50,2.30
9995,9.00,360.0,42.00,18.00,2.00,3.30,2.00
9996,,2.0,0.50,1.10,2.00,1.70,4.00
9997,10.50,0.3,0.70,0.70,2.30,1.00,3.50
9998,8.70,2.1,0.10,0.20,2.30,2.80,1.70
9999,10.00,0.0,0.10,0.00,2.00,2.40,2.50
10000,8.60,138.0,24.00,114.00,,3.30,2.00
10001,11.00,3.6,0.60,0.70,2.00,1.00,4.00
10002,11.00,2.5,1.30,0.00,3.00,3.00,3.50
10003,9.10,5.0,0.30,0.70,,,2.60
10004,9.10,2.0,1.10,0.20,3.00,3.10,3.00
10005,8.30,3.5,,0.00,4.80,0.00,3.90
10006,9.50,,0.00,0.00,1.70,1.50,
10007,9.80,3.5,0.00,0.80,2.30,2.90,3.00
10008,9.00,<1,,1.60,1.50,2.40,2.30
10009,9.00,--,1.00,1.10,1.50,3.00,
10010,11.30,0.5,1.20,0.20,1.60,1.00,3.50
10011,9.00,5.6,0.50,0.90,2.20,2.90,2.00
10012,,3.0,1.50,0.00,0.90,2.70,2.00
10013,9.50,2.6,0.00,0.60,3.20,2.90,2.50
10014,9.00,240.0,36.00,0.30,1.70,2.30,1.20
10015,9.50,0.5,0.00,,3.90,1.50,2.00
10016,9.70,1.0,0.20,0.00,2.60,1.50,
10017,9.10,1.5,0.00,0.60,1.50,3.00,1.00
10018,9.10,168.0,36.00,0.20,0.50,2.50,3.00
10019,8.60,3.5,0.30,0.90,2.90,3.50,1.00
10020,11.00,1.5,0.60,0.20,4.10,2.00,4.50
10021,10.00,1.9,0.50,0.00,2.70,1.50,4.70
10022,7.00,4.5,0.30,,3.00,3.50,1.00
10023,10.30,,0.80,0.30,1.80,2.20,4.40
10024,9.00,150.0,6.00,0.00,3.00,2.00,2.80
10025,9.30,--,0.70,1.80,3.30,,0.00
10026,9.30,1.2,0.40,0.30,3.00,1.00,2.00
10027,10.00,4.0,0.70,0.80,1.40,,1.30
10028,7.50,,66.00,60.00,1.50,3.00,2.00
10029,9.00,180.0,60.00,0.60,,3.00,3.50
10030,10.50,3.9,0.10,0.80,2.00,3.50,1.60
10031,12.30,162.0,6.00,0.00,2.30,0.00,3.70
10032,10.00,4.5,1.20,0.00,2.50,1.30,3.50
10033,10.50,4.0,0.40,0.50,2.00,2.90,3.00
10034,8.00,,,,1.50,2.30,1.70
10035,7.10,5.7,0.60,0.70,3.50,6.00,1.00
10036,9.80,1.8,0.70,0.30,4.00,2.90,1.30
10037,9.90,180.0,6.00,0.60,1.80,4.00,1.70
10038,7.60,,0.90,1.10,3.00,4.00,2.90
10039,,2.0,,0.30,3.80,1.50,3.60
10040,10.60,2.0,1.00,0.80,1.40,2.50,1.40
10041,8.60,0.1,0.00,0.10,4.00,2.60,2.30
10042,9.50,144.0,,24.00,1.50,2.50,2.50
10043,9.20,3.0,1.40,0.00,1.60,2.90,3.00
10044,8.70,1.9,1.30,,2.00,2.50,2.50
10045,10.50,1.9,0.50,1.00,1.40,2.50,1.10
10046,9.10,1.5,0.00,1.20,,2.20,3.20
10047,10.00,90.0,102.00,0.40,2.50,2.80,2.50
10048,8.50,4.6,1.20,0.20,4.00,3.00,2.50
10049,9.40,not recorded,0.80,0.00,0.70,1.80,4.20
10050,8.50,2.7,1.00,0.80,2.50,2.20,2.00
10051,9.50,5.1,0.40,0.30,1.60,2.90,2.50
10052,10.00,--,12.00,0.00,2.00,4.30,
10053,10.50,1.5,0.90,0.80,4.80,1.70,3.50
10054,,1.5,0.70,0.20,3.10,1.30,2.00
10055,10.00,0.0,1.50,0.00,,0.00,3.20
10056,9.50,300.0,72.00,1.00,1.50,4.00,1.60
10057,7.50,4.5,1.00,0.80,2.50,2.00,0.00
10058,9.50,0.0,0.00,0.40,4.50,3.00,2.40
10059,10.80,2.0,0.70,0.90,,2.20,2.00
10060,9.50,0.8,1.00,0.80,5.00,2.70,3.50
10061,9.00,6.0,0.80,1.10,,2.30,1.50
10062,,3.6,0.60,0.00,3.80,2.00,3.70
10063,9.50,90.0,36.00,0.00,,3.50,2.50
10064,10.40,1.6,0.00,0.20,3.10,0.30,3.60
10065,10.00,<1,36.00,1.10,2.20,2.20,4.40
10066,10.00,0.5,0.40,0.20,1.10,3.50,3.40
10067,10.00,3.0,0.00,0.90,1.00,3.50,3.30
10068,8.10,5.0,1.10,0.80,2.50,3.70,2.50
10069,11.40,not recorded,0.40,0.00,2.00,1.00,4.10
10070,9.70,2.0,0.00,1.20,4.00,0.40,2.50
10071,9.00,2.4,,,,2.60,3.00
10072,8.90,3.0,0.50,0.00,1.60,,3.50
10073,10.00,5.0,1.10,1.70,1.50,2.30,1.60
10074,11.30,0.0,30.00,6.00,3.50,1.80,4.30
10075,10.50,240.0,42.00,66.00,0.90,1.50,3.00
10076,10.90,1.0,0.60,0.80,3.20,,3.00
10077,8.80,5.4,0.50,,1.70,3.00,4.00
10078,11.50,90.0,72.00,42.00,1.00,3.30,3.00
10079,11.50,1.0,1.00,0.10,4.50,0.00,3.00
10080,10.50,108.0,12.00,0.20,2.50,2.50,
10081,,5.4,0.70,0.60,1.00,3.00,2.10
10082,,3.2,0.30,1.30,1.50,4.00,3.10
10083,8.50,312.0,60.00,,1.20,2.30,3.50
10084,9.50,240.0,30.00,1.00,4.50,3.70,1.40
10085,8.50,<1,1.50,0.20,2.50,1.50,
10086,8.30,450.0,0.00,,1.70,4.50,0.50
10087,10.50,2.2,1.50,1.20,1.50,1.50,3.00
10088,11.30,90.0,24.00,0.60,2.50,0.00,7.00
10089,9.00,2.0,0.60,0.00,2.90,2.80,3.50
10090,9.50,2.0,0.00,0.20,1.50,0.90,2.30
10091,9.00,5.5,0.20,0.80,1.60,4.00,
10092,11.60,300.0,18.00,0.00,0.50,2.10,2.50
10093,10.70,5.1,0.60,0.00,0.80,2.10,3.70
10094,9.10,4.6,0.30,0.50,1.00,4.00,2.50
10095,10.90,4.5,0.40,0.30,2.00,2.10,2.50
10096,11.00,3.0,0.20,0.80,2.80,3.30,2.00
10097,8.50,TBD,0.20,0.90,2.00,5.00,0.00
10098,9.80,156.0,30.00,36.00,2.20,1.50,4.00
10099,8.10,264.0,108.00,1.50,1.00,3.70,0.50
10100,9.30,240.0,24.00,30.00,2.50,3.20,2.50
10101,10.00,204.0,18.00,0.40,0.00,4.50,2.40
10102,10.80,5.5,0.70,0.50,1.50,,2.50
10103,11.40,138.0,24.00,24.00,3.30,3.10,2.30
10104,10.80,3.9,,0.00,0.90,3.50,3.80
10105,11.00,1.1,0.00,,2.00,2.20,3.40
10106,10.00,1.5,0.30,0.30,3.70,2.40,
10107,10.00,246.0,24.00,30.00,1.80,2.70,2.90
10108,8.00,168.0,24.00,,2.70,2.20,2.00
10109,8.60,,48.00,30.00,3.00,2.40,5.10
10110,12.50,1.0,0.00,0.00,2.50,,4.30
10111,11.00,96.0,0.00,6.00,4.40,0.40,5.60
10112,8.80,3.2,0.00,0.00,0.30,2.50,2.30
10113,10.70,240.0,66.00,0.00,2.90,2.10,3.50
10114,9.80,360.0,30.00,6.00,0.50,2.70,3.70
10115,10.00,1.0,1.00,0.10,4.50,3.50,2.50
10116,7.80,5.0,1.10,0.60,2.50,2.50,0.00
10117,9.30,2.5,0.50,0.00,3.80,3.00,3.50
10118,9.50,2.0,,0.60,4.00,1.70,1.50
10119,7.60,2.6,0.70,1.40,1.90,4.00,1.50
10120,9.90,4.5,0.00,0.80,1.40,3.50,2.50
10121,9.00,2.2,0.90,0.80,1.50,2.50,3.20
10122,10.00,210.0,42.00,60.00,2.90,,2.60
10123,8.50,5.3,1.40,0.60,2.00,2.70,3.00
10124,,5.4,1.00,0.10,1.00,5.10,1.00
10125,11.00,4.5,0.90,0.30,1.80,1.50,3.00
10126,8.50,5.0,1.40,0.60,1.60,3.00,1.50
10127,9.10,2.6,0.80,,1.50,1.30,1.00
10128,,0.5,1.00,0.10,4.50,2.20,6.00
10129,9.30,2.5,1.00,0.60,4.00,3.10,1.00
10130,,1.7,0.60,0.70,,,4.50
10131,8.50,5.0,1.00,0.00,,3.50,2.50
10132,10.50,1.5,0.40,0.30,,2.50,4.00
10133,9.00,,0.40,0.80,1.40,2.50,1.00
10134,11.50,3.6,1.40,0.50,1.50,1.80,2.20
10135,11.50,4.0,0.90,,2.00,0.90,3.50
10136,11.50,<1,1.00,1.30,1.50,1.50,2.50
10137,8.40,450.0,6.00,30.00,1.00,4.40,
10138,9.50,156.0,96.00,1.20,2.10,4.50,1.00
10139,10.00,2.0,0.30,0.70,3.00,1.50,4.00
10140,11.60,,0.10,0.80,1.50,3.00,1.50
10141,8.00,2.0,0.60,0.90,3.50,4.70,1.00
10142,10.50,1.5,0.80,0.60,0.50,1.00,3.00
10143,10.10,0.7,0.90,0.30,1.00,0.50,4.00
10144,,4.2,0.40,0.80,,3.20,3.10
10145,9.00,144.0,,48.00,1.00,5.00,1.00
10146,7.50,3.5,1.00,1.00,,3.00,1.00
10147,8.00,2.9,0.80,0.60,2.50,3.00,1.50
10148,10.30,2.5,1.30,1.40,1.50,2.50,3.80
10149,9.10,2.9,1.30,0.70,4.10,2.80,3.00
10150,10.90,3.4,1.20,0.30,1.50,,3.40
10151,11.50,180.0,102.00,24.00,2.00,1.00,4.00
10152,11.00,,0.00,0.30,4.30,1.50,4.10
10153,,2.5,0.00,0.30,1.60,3.00,2.50
10154,8.00,210.0,60.00,66.00,1.60,4.00,2.00
10155,9.00,6.9,0.40,0.00,0.00,,3.50
10156,9.50,0.9,0.30,0.80,5.10,1.00,3.70
10157,,180.0,0.00,0.00,5.00,1.30,2.10
10158,8.10,90.0,54.00,90.00,4.00,3.50,1.20
10159,10.20,2.9,0.00,0.80,,0.80,4.50
10160,11.00,,,0.00,1.10,2.00,2.50
10161,8.70,5.0,0.20,1.00,1.00,,1.80
10162,9.60,90.0,60.00,60.00,3.50,1.00,2.30
10163,10.50,,0.30,0.50,2.10,0.50,4.50
10164,10.40,1.5,0.50,0.00,2.00,1.50,3.00
10165,8.30,3.0,0.10,,2.00,4.00,1.00
10166,10.00,360.0,6.00,,0.80,3.30,2.50
10167,9.50,3.5,0.80,,1.00,1.90,3.90
10168,9.90,1.0,1.00,1.40,,1.30,4.00
10169,9.90,2.1,0.70,0.00,3.50,2.60,2.80
10170,9.00,2.0,0.50,0.00,2.10,3.30,2.50
10171,9.00,180.0,60.00,36.00,1.50,4.00,3.50
10172,9.00,3.0,1.10,0.00,3.80,1.50,2.50
10173,9.00,2.5,0.70,0.10,1.50,3.00,2.50
10174,,3.0,0.70,0.00,3.50,2.50,2.40
10175,8.50,2.1,0.70,0.60,4.00,0.30,4.00
10176,8.50,3.8,0.60,1.10,1.40,2.50,2.50
10177,9.80,5.5,0.40,,,2.60,3.00
10178,9.50,1.7,0.20,0.20,3.50,0.10,4.00
10179,10.50,1.5,0.90,0.00,2.00,0.00,5.30
10180,11.00,3.0,,0.00,1.00,1.90,4.50
10181,9.00,48.0,78.00,0.00,6.20,1.10,2.50
10182,10.00,1.4,1.50,0.00,2.80,1.00,2.50
10183,8.50,4.0,1.20,1.60,2.00,4.40,1.00
10184,9.50,0.0,1.60,0.00,3.00,2.00,2.60
10185,8.80,270.0,84.00,78.00,1.50,3.50,1.50
10186,,150.0,18.00,60.00,3.10,4.50,0.90
10187,8.00,0.5,1.10,2.40,3.10,2.90,2.30
10188,9.90,300.0,0.00,0.00,,1.80,2.50
10189,8.50,5.9,1.10,2.20,0.10,5.00,1.00
10190,8.10,3.2,0.70,0.80,,3.50,1.00
10191,10.00,3.2,,0.10,0.90,1.50,4.00
10192,8.50,4.5,1.40,0.70,0.90,3.00,2.50
10193,10.70,1.9,1.20,0.00,2.00,2.00,3.00
10194,9.20,1.5,0.00,0.70,4.00,3.50,4.50
10195,8.20,2.3,0.10,0.00,1.30,2.00,3.60
10196,9.70,3.5,0.10,,1.40,3.90,2.00
10197,8.00,4.5,0.60,0.80,2.30,5.50,1.30
10198,,3.3,0.10,0.00,2.00,4.00,3.00
10199,,156.0,12.00,1.30,1.50,2.50,2.80
10200,10.00,1.1,1.00,0.00,3.50,3.20,2.70
10201,8.40,4.3,0.50,2.10,2.60,4.40,
10202,10.00,96.0,0.00,0.20,3.60,3.00,
10203,10.00,396.0,60.00,30.00,0.40,,1.10
10204,10.40,2.5,1.00,0.50,,2.00,
10205,11.50,1.0,0.30,0.10,5.00,0.50,4.50
10206,8.40,4.3,0.60,1.10,2.50,4.00,0.00
10207,8.50,198.0,30.00,6.00,1.80,3.00,4.50
10208,10.00,360.0,48.00,0.80,0.80,,1.50
10209,10.50,120.0,60.00,,1.90,2.80,3.50
10210,10.00,0.0,0.20,0.00,3.00,0.80,5.40
10211,9.50,1.5,0.00,,,0.50,3.80
10212,9.70,,1.00,0.00,1.00,4.00,2.40
10213,10.60,0.0,0.00,0.90,,2.90,4.60
10214,9.00,0.8,1.00,0.00,1.50,1.00,1.50
10215,11.30,2.2,0.80,,4.30,1.50,2.80
10216,9.60,180.0,72.00,30.00,2.70,2.50,2.00
10217,8.70,1.4,1.60,0.00,2.10,1.50,3.50
10218,12.00,1.5,1.30,0.00,4.50,2.00,2.60
10219,10.50,1.2,0.80,0.00,1.40,2.10,3.50
10220,10.00,4.6,1.30,0.20,2.00,2.00,
10221,10.50,TBD,,0.80,5.50,1.50,4.00
10222,8.50,2.8,0.80,0.60,1.50,2.50,4.60
10223,8.50,4.5,0.20,0.00,2.00,3.00,2.50
10224,10.50,222.0,36.00,0.90,1.80,1.30,4.50
10225,11.30,0.0,0.20,0.10,1.90,,3.00
10226,8.20,5.0,0.80,1.50,1.00,3.00,2.50
10227,10.50,0.5,0.00,0.30,2.00,1.00,4.70
10228,9.60,,24.00,48.00,4.00,2.00,1.00
10229,9.10,1.5,1.40,1.40,,1.50,3.40
10230,10.00,3.5,0.40,0.00,1.50,2.50,5.20
10231,8.50,150.0,114.00,,1.50,3.20,2.30
10232,10.50,2.1,0.80,0.60,3.50,2.50,3.90
10233,10.70,--,12.00,42.00,3.50,1.80,2.80
10234,9.50,4.2,0.50,0.00,0.90,2.40,2.20
10235,12.50,0.7,1.00,0.90,1.50,1.30,4.50
10236,9.90,192.0,36.00,0.00,1.40,2.00,3.00
10237,9.60,3.0,0.60,0.20,2.00,2.50,2.10
10238,,0.5,0.40,0.60,7.50,3.10,3.10
10239,11.00,3.5,1.30,0.20,2.50,1.50,4.00
10240,10.00,240.0,36.00,30.00,2.40,2.50,3.50
10241,11.50,300.0,18.00,54.00,0.80,3.50,1.50
10242,10.00,126.0,0.00,36.00,4.60,2.00,3.20
10243,9.00,5.6,0.00,0.00,1.30,3.50,1.50
10244,9.50,2.7,0.30,0.00,1.60,2.00,4.50
10245,9.50,3.5,0.80,0.00,3.30,3.00,
10246,,5.1,1.20,0.90,2.00,3.40,2.40
10247,10.50,2.7,1.10,0.00,1.40,2.70,3.90
10248,9.00,3.7,0.80,1.40,3.30,2.80,1.60
10249,10.50,3.7,1.00,1.00,1.50,2.20,2.00
10250,,234.0,48.00,1.20,1.50,,0.50
10251,9.30,4.0,0.70,0.60,1.10,2.50,1.00
10252,8.70,4.0,0.90,1.30,2.20,3.10,3.20
10253,9.50,0.5,0.90,1.40,4.50,1.60,2.50
10254,9.50,3.0,1.40,0.20,3.00,2.00,2.00
10255,9.10,4.4,0.30,0.00,0.50,1.00,2.20
10256,10.00,,0.30,0.80,1.50,2.50,2.70
10257,8.00,2.0,1.20,1.40,0.00,2.80,3.30
10258,11.00,252.0,60.00,0.00,2.50,0.00,4.50
10259,,150.0,0.00,1.70,1.00,2.50,3.50
10260,8.10,0.0,1.10,0.20,3.00,2.60,0.00
10261,9.50,210.0,0.00,42.00,3.50,3.10,1.00
10262,9.70,TBD,18.00,0.00,1.60,3.00,4.50
10263,9.50,4.0,0.30,0.00,2.60,2.50,2.50
10264,11.50,4.2,0.60,1.30,0.60,1.00,4.00
10265,,0.4,0.20,1.10,3.50,2.70,2.00
10266,9.00,294.0,54.00,84.00,1.50,3.40,1.50
10267,10.00,,0.00,0.00,2.00,3.00,3.00
10268,10.10,2.5,0.80,,2.00,,2.50
10269,11.00,5.2,1.00,0.00,2.30,2.00,2.50
10270,10.10,4.0,1.40,0.70,1.90,3.00,1.20
10271,9.70,1.5,0.80,0.30,3.50,2.30,3.10
10272,8.60,5.1,1.20,0.70,1.40,3.50,1.50
10273,10.00,6.0,0.80,0.50,2.00,2.50,2.60
10274,9.00,348.0,,72.00,1.40,3.00,1.30
10275,11.00,4.1,0.60,0.50,2.00,2.00,3.80
10276,7.40,5.0,,1.00,2.00,5.20,0.00
10277,8.80,372.0,0.00,36.00,2.50,3.00,2.60
10278,8.20,,0.00,0.80,2.20,5.90,1.00
10279,9.80,1.4,0.90,0.50,1.40,2.50,2.50
10280,8.80,6.1,0.60,1.60,0.40,3.70,1.50
10281,8.00,2.8,1.00,0.30,2.50,3.50,4.40
10282,7.50,240.0,60.00,1.40,2.60,2.80,0.90
10283,10.50,216.0,42.00,42.00,1.30,2.50,2.50
10284,8.50,5.0,0.60,0.00,0.50,3.60,1.50
10285,9.90,not recorded,0.40,0.40,3.20,3.00,2.50
10286,7.70,2.5,1.30,,2.90,2.40,3.00
10287,12.00,1.4,0.30,0.10,1.60,0.30,4.00
10288,11.30,1.5,,,3.50,2.00,3.50
10289,8.50,3.5,0.10,1.60,3.10,1.70,4.00
10290,9.50,5.4,1.50,1.20,1.40,4.00,1.00
10291,8.50,0.0,30.00,,,0.00,3.70
10292,11.30,4.0,1.00,0.00,1.00,0.30,5.50
10293,9.80,1.5,,0.00,3.10,2.30,2.00
10294,7.10,,1.20,1.30,2.50,3.70,0.00
10295,9.50,2.0,2.00,1.20,,0.70,3.90
10296,7.40,5.7,0.80,1.20,2.00,4.80,1.00
10297,9.90,0.0,,0.90,1.50,2.00,2.00
10298,9.90,0.0,1.00,,1.50,0.00,4.80
10299,11.40,2.2,0.00,0.10,1.90,2.50,3.70
10300,9.50,204.0,30.00,1.00,4.00,2.50,3.00
10301,10.00,90.0,72.00,0.00,1.50,3.30,3.10
10302,9.50,3.5,0.10,1.70,1.60,4.40,
10303,9.90,1.5,0.30,0.00,1.70,1.40,2.80
10304,9.80,,0.80,0.50,2.00,3.30,2.50
10305,9.00,1.3,0.00,0.30,4.10,2.60,1.60
10306,9.50,,0.60,,4.60,1.50,6.40
10307,9.50,1.5,0.30,0.00,,,3.50
10308,10.00,4.1,1.70,0.00,1.80,1.80,2.50
10309,7.90,270.0,0.00,,2.00,1.50,2.00
10310,8.70,not recorded,0.60,0.40,2.00,2.10,1.80
10311,10.50,2.8,0.50,0.50,2.50,2.00,2.90
10312,,150.0,48.00,1.90,3.20,1.90,3.50
10313,9.50,4.0,0.10,0.10,2.00,1.90,3.60
10314,12.00,60.0,,78.00,1.90,1.80,4.10
10315,8.00,3.0,0.80,1.20,3.80,4.10,1.20
10316,11.70,TBD,,18.00,2.70,2.00,3.50
10317,9.10,3.6,0.70,0.30,3.00,3.10,3.50
10318,11.00,0.5,0.80,0.30,4.50,1.50,4.50
10319,11.20,174.0,36.00,0.50,3.00,1.00,4.00
10320,,0.0,0.50,0.60,4.50,0.90,3.50
10321,11.00,2.5,0.00,0.00,,2.00,3.00
10322,8.50,2.8,1.10,1.00,2.00,3.00,2.00
10323,9.00,6.0,0.30,0.40,1.30,3.40,3.40
10324,9.10,2.5,0.00,0.00,4.10,3.50,
10325,9.50,228.0,6.00,6.00,1.20,3.70,2.50
10326,8.50,4.5,0.60,,1.00,3.00,2.50
10327,10.30,150.0,66.00,0.00,2.00,2.40,3.10
10328,10.40,3.0,0.20,,1.90,1.80,4.00
10329,8.30,4.3,0.40,1.20,3.50,3.00,3.00
10330,,96.0,60.00,126.00,1.80,4.70,3.00
10331,11.50,4.5,0.00,0.60,3.20,1.70,2.10
10332,8.00,2.3,0.10,1.30,1.50,3.50,3.00
10333,10.40,120.0,24.00,30.00,2.40,1.50,0.60
10334,9.70,318.0,24.00,0.70,2.50,2.90,1.30
10335,9.00,240.0,12.00,66.00,1.30,2.20,
10336,10.60,162.0,90.00,1.10,2.30,2.50,2.90
10337,11.00,1.0,1.00,,4.50,0.90,2.80
10338,9.80,150.0,102.00,0.00,1.60,1.50,2.70
10339,11.00,4.0,0.90,1.40,1.70,2.90,1.80
10340,8.00,150.0,48.00,12.00,2.50,2.10,2.90
10341,8.30,2.0,1.00,2.20,2.50,4.50,1.60
10342,9.90,0.0,90.00,1.00,4.50,2.50,3.60
10343,10.20,,30.00,30.00,2.40,3.90,2.70
10344,9.50,1.4,0.00,0.00,2.60,1.50,1.30
10345,10.50,1.5,0.70,1.10,2.20,3.70,3.00
10346,11.80,150.0,42.00,0.20,2.20,1.00,4.50
10347,10.50,0.4,0.90,0.80,1.80,2.00,4.20
10348,10.30,2.3,0.10,,2.30,2.00,3.50
10349,10.50,4.0,0.20,0.70,2.70,3.50,2.50
10350,8.50,4.0,0.20,1.80,1.50,4.00,1.90
10351,9.60,1.0,0.60,0.00,2.00,,4.00
10352,11.60,0.0,0.90,1.10,1.70,1.10,4.70
10353,8.50,6.1,0.30,1.30,1.30,2.00,3.50
10354,10.50,4.0,1.10,,1.00,1.00,3.00
10355,10.00,1.7,0.40,0.00,3.60,3.60,1.50
10356,8.50,3.4,1.00,1.70,2.00,4.00,0.50
10357,9.80,4.0,0.80,0.90,0.00,4.50,2.40
10358,9.70,210.0,54.00,0.50,2.50,2.60,
10359,10.50,5.0,1.90,0.00,1.10,0.40,1.50
10360,8.40,336.0,66.00,1.00,0.60,3.20,3.50
10361,9.90,<1,0.70,0.00,2.90,2.00,4.00
10362,9.00,1.6,1.30,1.10,1.20,3.50,2.90
10363,11.00,<1,1.70,0.50,1.10,3.00,2.00
10364,10.00,2.9,0.00,0.00,2.50,2.10,3.50
10365,9.00,4.4,0.50,0.40,1.80,5.30,1.50
10366,9.90,5.2,1.10,0.90,0.50,,2.00
10367,9.50,2.0,1.60,0.00,1.00,2.70,2.50
10368,8.50,4.5,0.70,1.30,2.50,,1.50
10369,11.00,1.4,1.10,,1.00,3.00,5.00
10370,10.30,0.0,,,2.00,3.00,1.90
10371,8.00,3.5,0.00,0.70,2.00,2.10,4.70
10372,9.40,2.5,1.00,1.10,2.90,3.20,3.40
10373,9.50,0.8,0.70,0.30,3.40,1.50,
10374,9.00,6.7,0.10,0.40,3.60,3.20,2.00
10375,10.50,1.5,0.80,1.50,2.70,,3.60
10376,10.00,2.0,0.60,0.00,2.00,4.00,3.40
10377,9.50,5.8,1.10,0.80,1.50,2.50,2.30
10378,9.50,5.0,0.70,0.40,1.20,2.10,3.00
10379,,5.0,1.10,,1.70,2.50,1.80
10380,10.20,204.0,72.00,0.00,1.90,2.50,3.70
10381,11.50,1.0,0.80,0.30,3.50,1.50,4.50
10382,8.40,3.0,0.00,1.30,0.80,3.50,2.00
10383,,180.0,,66.00,3.60,4.00,1.00
10384,7.30,3.5,1.30,0.50,2.10,2.00,
10385,9.20,6.5,0.60,0.10,3.90,2.00,2.40
10386,9.50,4.0,,0.70,1.30,2.50,4.50
10387,9.10,3.1,1.20,0.20,2.50,2.50,3.50
10388,9.50,450.0,0.00,48.00,0.90,2.90,1.50
10389,10.80,1.5,0.70,,1.20,0.50,4.80
10390,9.60,3.9,0.00,0.30,1.50,3.60,3.20
10391,9.00,TBD,0.70,1.00,1.30,3.30,4.50
10392,10.50,0.9,0.50,0.60,4.50,1.50,4.70
10393,9.50,4.5,0.90,0.30,2.50,4.00,1.50
10394,9.60,300.0,102.00,0.00,1.30,,1.80
10395,12.00,,6.00,,2.00,0.50,3.00
10396,8.50,2.0,1.60,1.20,2.50,2.80,1.90
10397,10.30,210.0,0.00,,3.10,1.10,5.20
10398,10.00,1.5,,0.70,,3.00,3.60
10399,10.50,3.7,0.00,1.20,2.00,2.40,2.90
10400,8.50,8.4,0.30,0.00,1.50,3.70,1.00
10401,9.50,5.4,0.70,0.70,0.60,2.50,2.60
10402,11.00,2.6,1.40,0.00,1.70,2.00,2.50
10403,11.00,,0.00,0.00,2.60,2.00,3.00
10404,9.00,240.0,,0.00,0.80,3.90,2.70
10405,10.00,2.5,1.10,1.10,1.80,2.70,
10406,11.50,3.6,0.20,1.10,1.20,2.90,1.50
10407,8.60,1.5,0.70,0.60,,3.90,3.00
10408,9.00,0.1,0.90,1.20,3.10,2.30,2.60
10409,9.10,4.4,0.80,2.50,0.70,1.80,2.50
10410,10.00,324.0,108.00,0.00,1.60,2.10,1.50
10411,8.50,4.1,0.60,0.90,1.50,1.30,2.00
10412,8.80,0.0,0.20,1.30,,3.00,3.60
10413,11.00,2.5,1.20,0.00,,2.00,5.20
10414,,1.0,,0.00,0.90,0.90,3.50
10415,9.50,120.0,24.00,54.00,5.80,2.80,3.00
10416,11.00,84.0,24.00,0.00,4.80,2.10,2.50
10417,10.00,,0.60,1.10,6.20,1.00,4.20
10418,12.00,2.5,0.30,1.20,1.90,1.50,3.00
10419,10.50,90.0,30.00,,2.80,2.40,4.50
10420,9.00,,1.40,2.30,1.90,3.00,2.20
10421,11.00,2.3,0.10,,3.00,2.50,2.50
10422,11.00,174.0,36.00,90.00,2.00,2.00,2.10
10423,8.70,300.0,96.00,54.00,2.30,3.00,2.60
10424,9.60,3.5,0.60,1.70,5.10,2.60,2.10
10425,10.70,3.2,1.30,0.00,3.50,1.50,4.50
10426,9.50,1.0,0.50,,1.60,0.00,3.00
10427,8.10,6.0,0.50,1.10,1.70,2.50,3.50
10428,10.50,5.5,1.20,0.50,1.00,2.30,2.20
10429,8.30,6.7,1.20,1.40,0.40,5.00,0.50
10430,10.00,4.2,1.20,0.10,1.60,3.00,2.60
10431,8.50,6.0,0.60,0.90,1.00,3.50,2.50
10432,8.80,0.0,12.00,,2.00,2.00,1.50
10433,7.10,6.5,0.60,0.90,1.50,4.50,1.50
10434,9.50,4.0,0.20,0.90,1.10,0.50,3.00
10435,9.10,2.8,1.10,0.00,1.10,1.50,5.00
10436,10.10,3.6,1.10,0.60,2.80,0.50,2.50
10437,10.50,1.8,0.70,0.30,,1.50,4.10
10438,7.90,390.0,84.00,36.00,,2.50,2.10
10439,10.80,2.5,0.60,0.20,0.00,0.00,5.50
10440,10.00,78.0,114.00,0.00,1.20,3.60,4.50
10441,11.00,3.7,0.10,0.00,1.20,2.00,4.00
10442,10.10,4.1,0.90,0.00,2.30,0.70,3.90
10443,10.00,3.5,0.50,1.50,1.00,4.00,0.20
10444,9.60,4.5,0.30,,2.40,2.50,0.90
10445,10.00,4.3,,2.00,1.60,3.50,2.00
10446,10.20,0.3,1.60,0.60,1.40,1.50,2.30
10447,9.50,1.1,0.00,1.00,2.00,1.50,2.00
10448,10.00,2.5,0.60,0.40,1.50,2.50,3.70
10449,9.50,6.5,0.90,1.50,0.50,2.30,2.00
10450,10.20,2.4,1.00,0.20,2.50,2.50,1.90
10451,9.20,420.0,54.00,1.00,1.10,1.60,2.50
10452,9.30,3.0,1.60,0.00,1.90,2.50,4.50
10453,7.50,4.0,0.70,1.30,1.30,4.50,2.70
10454,10.50,3.0,0.00,0.00,2.30,3.50,3.70
10455,9.90,240.0,0.00,0.20,0.50,,0.30
10456,9.30,3.5,0.00,0.60,4.00,2.10,3.90
10457,8.70,210.0,42.00,78.00,4.90,2.50,1.90
10458,9.40,4.0,1.10,1.00,1.40,1.30,4.00
10459,9.00,5.5,1.20,1.70,1.50,3.90,1.00
10460,11.50,0.3,0.80,0.70,2.60,0.70,4.80
10461,8.50,4.0,1.20,1.10,0.70,1.80,2.00
10462,10.80,,78.00,18.00,3.00,1.60,4.00
10463,10.30,1.7,0.50,0.00,4.50,1.00,5.10
10464,9.50,4.0,0.00,1.00,0.00,4.70,1.50
10465,8.90,4.1,0.60,0.90,2.20,5.00,0.50
10466,10.20,5.0,0.40,,2.50,2.50,3.30
10467,11.00,3.4,0.10,0.00,3.00,1.60,4.00
10468,11.40,4.3,0.50,0.50,1.10,3.00,3.00
10469,6.00,--,0.50,1.60,2.00,2.90,0.00
10470,9.40,5.4,0.60,1.00,1.60,5.00,0.00
10471,9.50,--,0.80,1.00,0.90,4.50,1.40
10472,9.40,180.0,114.00,0.60,1.20,1.70,3.00
10473,10.50,2.3,1.00,0.00,4.30,1.00,4.50
10474,8.50,3.0,1.00,1.70,2.70,3.70,2.50
10475,9.40,5.7,0.80,0.30,1.10,3.10,2.30
10476,10.00,150.0,60.00,0.00,3.20,1.50,2.80
10477,10.40,132.0,72.00,54.00,2.50,0.00,2.60
10478,8.20,96.0,18.00,48.00,4.00,0.50,1.00
10479,10.00,90.0,0.00,0.00,2.40,1.30,3.70
10480,10.50,3.1,1.40,0.00,1.90,0.00,3.20
10481,8.50,2.0,0.50,0.50,2.50,3.00,3.50
10482,9.00,4.5,0.70,0.30,2.30,4.80,2.10
10483,9.30,162.0,0.00,48.00,2.50,2.80,2.50
10484,8.50,4.0,1.10,0.70,,1.60,3.00
10485,12.00,2.3,0.40,0.70,2.00,2.60,
10486,9.30,282.0,12.00,0.50,3.30,3.00,2.10
10487,9.80,3.5,0.00,0.50,2.50,3.00,3.20
10488,7.90,240.0,48.00,96.00,4.50,3.50,0.90
10489,8.50,0.3,0.50,1.00,3.00,3.10,3.00
10490,9.60,210.0,18.00,132.00,2.00,3.50,2.50
10491,11.00,2.3,0.90,0.60,1.60,4.10,0.00
10492,8.70,7.4,0.40,0.40,1.90,2.70,2.50
10493,8.70,348.0,0.00,72.00,0.00,,0.00
10494,10.50,210.0,24.00,0.20,2.50,,3.00
10495,9.50,5.1,0.60,1.60,2.50,2.50,0.70
10496,10.10,3.5,1.10,0.90,2.50,2.10,2.90
10497,10.00,210.0,36.00,0.60,1.50,1.50,3.90
10498,9.00,3.0,1.20,1.90,,3.50,2.00
10499,9.40,384.0,24.00,1.10,1.60,2.00,1.00
10500,8.50,2.0,0.90,0.30,2.50,,2.50
10501,9.20,5.5,0.60,0.60,1.00,2.50,3.20
10502,9.50,1.9,0.30,,3.50,2.90,4.50
10503,9.10,210.0,30.00,30.00,5.00,3.00,3.10
10504,10.50,,0.00,0.50,2.20,1.30,4.50
10505,9.80,3.6,0.60,1.10,2.30,3.80,2.10
10506,10.50,210.0,0.00,0.10,2.50,2.00,3.90
10507,6.50,TBD,1.40,1.90,2.20,3.30,3.00
10508,9.10,1.0,0.30,0.90,1.50,3.00,1.10
10509,9.00,150.0,72.00,0.00,0.80,2.00,2.60
10510,8.50,270.0,30.00,42.00,2.00,4.20,2.00
10511,9.50,60.0,54.00,0.00,4.50,1.00,3.00
10512,10.60,90.0,24.00,1.20,1.50,1.00,2.10
10513,10.00,,1.40,1.30,0.00,3.20,2.50
10514,12.20,2.5,,0.00,1.50,0.00,4.50
10515,8.20,5.1,0.60,1.30,3.00,2.50,1.50
10516,10.40,162.0,60.00,42.00,3.00,2.00,3.50
10517,10.00,3.0,0.80,0.20,2.00,1.50,2.30
10518,12.50,150.0,0.00,0.40,3.90,2.30,3.50
10519,10.10,2.0,0.20,0.30,2.50,2.50,3.50
10520,9.60,5.0,0.00,0.00,2.20,,
10521,10.50,>60,0.60,0.00,5.20,0.50,4.70
10522,9.90,5.4,0.00,0.70,0.40,,1.20
10523,,4.6,0.00,0.00,2.00,2.70,3.00
10524,10.50,1.5,1.10,0.10,2.10,2.30,3.70
10525,9.00,,48.00,1.40,1.00,3.50,1.50
10526,9.50,2.2,,2.00,2.00,3.50,2.50
10527,8.80,390.0,78.00,36.00,0.60,,1.50
10528,10.70,1.0,0.60,0.20,2.50,,3.00
10529,9.20,,0.00,0.10,1.80,2.00,3.00
10530,10.00,1.5,1.50,0.80,1.00,,3.50
10531,10.00,4.5,0.50,0.30,1.40,2.50,4.00
10532,10.00,>60,72.00,0.40,2.10,0.00,4.00
10533,11.00,2.5,1.70,0.00,4.50,0.50,2.00
10534,9.70,1.1,2.00,0.20,3.00,3.00,2.40
10535,10.10,2.5,1.10,0.00,0.50,,2.00
10536,7.60,4.0,,,2.60,1.00,2.50
10537,8.00,342.0,42.00,0.00,2.50,4.20,2.80
10538,11.00,>60,1.10,0.00,0.50,3.50,2.40
10539,11.00,,0.90,0.50,1.00,2.80,3.00
10540,9.30,5.4,1.20,0.00,0.50,3.40,3.00
10541,11.10,,0.20,0.00,3.50,1.00,3.90
10542,9.00,3.8,1.00,2.10,2.50,2.60,1.80
10543,8.80,150.0,54.00,12.00,5.40,1.00,3.70
10544,11.50,4.4,0.00,0.00,1.10,3.20,2.00
10545,9.00,204.0,0.00,0.00,4.10,2.50,3.50
10546,9.80,198.0,54.00,102.00,2.70,3.30,1.80
10547,7.70,210.0,0.00,,3.80,2.00,3.60
10548,9.00,300.0,0.00,,2.80,3.10,2.40
10549,10.50,2.5,1.00,0.90,3.50,1.00,2.10
10550,8.70,3.5,1.20,0.80,1.70,3.50,2.80
10551,8.60,1.7,,1.20,2.50,3.80,4.10
10552,9.50,4.5,1.00,0.30,1.10,1.50,5.00
10553,10.50,2.5,1.40,0.50,0.80,2.70,2.00
10554,10.00,396.0,30.00,0.00,0.50,3.50,2.00
10555,9.60,210.0,0.00,0.00,2.10,0.80,3.30
10556,9.00,144.0,,12.00,1.70,2.50,3.40
10557,9.60,2.5,1.00,0.50,1.50,3.50,4.00
10558,10.00,<1,0.80,,2.00,2.00,1.20
10559,10.10,,0.40,1.40,,3.00,2.50
10560,11.70,2.7,0.30,0.10,1.00,2.00,3.50
10561,,5.1,0.90,0.70,1.50,5.00,1.00
10562,8.50,3.0,1.20,0.10,2.70,2.50,1.10
10563,9.50,2.6,0.90,1.50,3.50,2.50,3.00
10564,10.40,2.5,1.50,0.20,6.50,0.00,
10565,12.10,0.5,0.80,0.30,3.50,0.50,4.60
10566,9.50,5.5,0.30,0.10,2.00,3.50,2.80
10567,9.40,2.9,,,2.50,1.10,4.30
10568,8.20,4.8,0.40,,1.40,3.50,2.40
10569,9.50,0.0,1.20,0.00,3.30,2.30,3.70
10570,12.30,,0.90,0.30,1.90,1.20,4.00
10571,11.70,2.5,0.90,0.00,3.00,3.00,2.60
10572,8.10,390.0,78.00,0.30,2.50,0.10,2.40
10573,8.20,5.0,0.10,0.00,2.00,3.50,2.30
10574,,3.0,0.70,0.40,2.30,1.70,4.00
10575,10.00,3.2,1.10,0.30,1.60,2.00,3.20
10576,9.10,240.0,120.00,30.00,0.50,2.80,2.30
10577,9.50,390.0,54.00,1.80,1.90,3.00,0.00
10578,9.00,4.0,0.50,0.60,2.00,2.60,2.00
10579,9.50,2.4,0.50,0.60,4.10,1.50,
10580,9.90,1.6,1.00,0.00,2.00,1.00,4.00
10581,9.00,,1.10,0.30,3.20,2.00,1.90
10582,10.00,not recorded,0.00,0.70,4.20,3.00,2.90
10583,,2.0,0.60,1.80,1.50,4.00,2.00
10584,8.80,6.0,0.20,0.90,2.00,3.00,2.20
10585,10.10,1.7,0.90,0.00,1.50,2.20,1.50
10586,10.50,3.1,0.50,0.60,3.00,3.00,
10587,10.90,0.0,48.00,0.00,3.90,1.50,3.00
10588,9.80,2.5,0.70,0.00,3.00,1.50,2.20
10589,10.70,4.1,,0.00,1.50,2.00,4.00
10590,9.30,0.0,0.70,0.30,0.80,1.80,1.40
10591,9.00,5.1,,0.60,1.00,2.50,2.30
10592,12.20,1.5,0.00,,3.00,0.50,5.00
10593,7.90,4.0,,,1.00,2.50,3.30
10594,8.00,210.0,,0.00,,1.30,2.50
10595,9.70,66.0,36.00,0.30,3.30,3.00,4.00
10596,8.20,2.3,0.00,1.00,2.00,1.50,3.00
10597,9.20,2.5,0.90,0.00,4.50,2.00,3.00
10598,10.00,270.0,54.00,42.00,1.20,4.10,2.50
10599,,5.5,0.10,0.00,3.00,3.50,2.50
10600,,120.0,78.00,1.10,3.50,4.20,2.10
10601,9.70,288.0,54.00,0.60,0.50,2.60,4.30
10602,7.30,5.3,1.30,,1.70,,2.70
10603,10.50,2.7,1.20,0.20,2.00,2.00,3.00
10604,,2.5,0.80,1.10,2.00,4.30,0.90
10605,,3.5,1.10,0.00,3.00,1.90,
10606,8.40,5.5,0.80,0.70,2.00,3.60,0.50
10607,10.50,2.3,2.00,0.10,2.80,3.00,3.00
10608,8.60,5.5,0.60,0.60,1.60,3.00,3.90
10609,9.00,4.2,1.60,1.40,0.00,2.50,4.00
10610,10.50,54.0,24.00,0.70,2.00,2.00,4.50
10611,10.90,246.0,54.00,0.00,1.00,2.50,4.00
10612,9.00,6.0,0.70,1.10,1.30,3.70,1.70
10613,10.00,2.5,1.00,0.20,1.10,2.50,1.70
10614,11.80,2.0,0.10,1.20,3.00,0.70,4.30
10615,9.50,348.0,78.00,24.00,1.50,1.70,3.50
10616,8.80,3.5,1.50,2.30,2.60,,2.60
10617,10.20,6.0,0.40,0.90,0.10,3.50,
10618,10.50,1.5,1.10,0.70,1.00,0.90,4.00
10619,10.10,228.0,48.00,18.00,3.10,1.10,3.50
10620,9.00,240.0,84.00,102.00,2.20,1.00,2.50
10621,8.60,318.0,6.00,66.00,1.80,4.10,2.60
10622,9.50,7.4,0.30,0.50,1.50,4.00,0.00
10623,8.90,402.0,18.00,1.50,0.70,4.50,1.00
10624,8.60,1.3,1.90,0.50,2.00,2.40,2.50
10625,10.40,48.0,42.00,0.20,3.50,2.20,4.20
10626,10.70,3.0,0.60,0.50,1.50,2.00,3.30
10627,12.00,2.1,1.20,0.10,1.80,2.00,3.20
10628,9.60,3.5,0.70,0.00,2.80,1.50,2.50
10629,9.90,3.4,0.90,1.80,2.50,3.10,2.50
10630,9.60,300.0,36.00,54.00,2.00,4.20,1.00
10631,10.50,5.0,0.90,0.10,0.40,3.90,2.00
10632,9.30,,0.50,0.00,1.70,3.00,2.00
10633,8.10,4.5,0.70,0.80,1.50,1.30,2.20
10634,7.00,240.0,72.00,90.00,2.20,3.50,0.30
10635,10.90,3.0,0.90,0.20,1.50,2.00,
10636,9.50,3.5,0.50,0.00,3.50,3.60,4.00
10637,8.00,3.5,0.00,0.50,3.80,2.20,1.30
10638,11.00,60.0,36.00,0.00,1.60,2.50,4.00
10639,10.00,,0.40,0.80,,1.00,3.00
10640,8.80,4.5,,0.30,1.50,5.00,2.50
10641,11.00,0.5,0.60,0.00,3.30,2.00,4.50
10642,,2.8,1.00,2.40,1.20,1.50,3.50
10643,,264.0,72.00,0.00,1.50,4.50,3.00
10644,9.60,2.0,1.10,0.00,3.00,1.60,3.00
10645,11.50,3.9,0.60,0.00,0.60,3.00,2.60
10646,7.50,3.5,,1.40,4.50,4.00,2.10
10647,10.40,0.0,0.80,0.10,1.20,2.40,2.00
10648,11.00,<1,24.00,12.00,2.20,3.30,3.00
10649,9.30,1.9,0.00,0.00,5.20,2.40,4.50
10650,10.00,330.0,,0.00,2.50,3.00,2.10
10651,9.50,1.0,0.60,0.00,2.00,2.50,2.00
10652,9.50,228.0,18.00,0.30,1.00,,3.50
10653,10.50,3.9,1.00,0.00,4.40,1.50,3.10
10654,9.70,2.9,0.80,0.50,1.00,1.50,1.00
10655,7.50,240.0,24.00,60.00,2.50,2.50,1.50
10656,9.50,3.0,0.00,0.50,1.60,2.00,3.50
10657,8.20,2.5,1.00,,4.50,1.50,4.00
10658,10.60,2.4,0.80,0.30,3.60,,3.50
10659,11.00,4.5,1.10,0.00,2.00,2.80,2.00
10660,10.50,,0.00,0.00,1.30,3.60,1.50
10661,8.70,5.1,0.00,0.00,3.30,3.10,4.30
10662,9.00,,0.20,0.60,1.00,2.00,3.00
10663,9.50,2.4,0.70,0.20,6.00,1.50,1.40
10664,11.00,4.0,0.00,0.60,3.00,2.60,3.00
10665,10.00,1.8,0.30,,2.30,2.50,0.50
10666,9.40,174.0,,1.10,1.50,1.80,2.00
10667,10.00,5.0,0.70,0.00,2.00,2.50,3.00
10668,9.00,,60.00,0.50,0.80,3.00,1.10
10669,9.90,150.0,90.00,30.00,,3.80,1.50
10670,9.00,0.0,1.10,0.00,1.50,0.50,5.20
10671,9.00,4.0,0.80,0.60,3.20,4.90,1.50
10672,10.00,4.0,0.60,0.40,0.50,2.70,4.10
10673,,4.0,0.90,0.30,1.70,2.00,2.70
10674,9.00,2.2,0.40,1.20,2.50,,2.00
10675,10.00,0.0,0.10,0.00,2.50,1.50,2.70
10676,11.90,240.0,0.00,24.00,0.70,1.50,3.40
10677,10.20,,0.00,0.80,3.40,,1.90
10678,9.50,4.2,0.80,1.80,1.50,4.40,1.10
10679,9.40,5.8,0.70,0.50,3.50,1.80,
10680,10.80,1.0,0.00,0.00,1.90,2.00,4.20
10681,8.50,330.0,90.00,84.00,1.50,4.40,0.50
10682,9.30,2.5,0.00,0.40,1.00,2.00,
10683,11.00,150.0,78.00,0.00,1.90,2.50,3.50
10684,9.00,2.8,0.70,,1.60,3.50,2.50
10685,8.50,4.5,0.30,1.10,0.80,4.30,2.10
10686,7.90,2.0,0.00,0.90,2.10,1.70,4.50
10687,9.70,0.8,,0.30,,3.50,4.30
10688,10.40,5.5,0.40,1.40,1.50,2.50,0.50
10689,10.00,3.3,0.70,0.60,,3.50,1.70
10690,11.30,0.0,2.00,0.00,1.50,0.70,6.00
10691,,312.0,48.00,1.00,3.30,2.90,2.50
10692,10.50,3.6,0.30,0.00,2.00,0.00,3.50
10693,9.10,6.0,0.10,0.30,1.00,3.40,1.10
10694,9.00,264.0,,2.10,0.60,4.00,
10695,8.80,5.0,0.30,1.40,,5.00,1.00
10696,9.90,54.0,12.00,1.10,3.50,1.30,3.20
10697,9.40,252.0,66.00,0.20,,4.00,2.40
10698,,240.0,66.00,114.00,1.90,3.00,2.00
10699,10.50,4.2,0.40,0.10,2.40,0.90,3.40
10700,9.00,3.3,0.70,1.80,,3.20,2.40
10701,9.40,1.3,1.30,0.00,2.10,1.70,3.50
10702,7.60,1.0,0.80,0.60,3.20,3.30,3.00
10703,8.60,120.0,18.00,24.00,2.00,3.00,2.80
10704,11.40,3.6,1.50,0.00,1.50,1.50,2.80
10705,10.80,5.0,,0.00,1.00,3.00,3.30
10706,8.90,4.8,1.10,1.40,1.20,2.50,2.50
10707,9.50,0.5,1.30,0.00,2.00,2.20,3.70
10708,8.10,not recorded,0.00,0.00,,2.50,3.00
10709,9.80,48.0,24.00,24.00,3.00,1.50,3.00
10710,9.50,3.5,0.00,0.00,,2.90,2.70
10711,7.50,4.0,,,1.70,4.50,0.00
10712,9.70,4.5,1.40,0.30,3.00,4.00,1.10
10713,9.80,132.0,42.00,24.00,1.50,3.00,1.90
10714,11.00,2.2,1.10,0.30,2.50,2.50,4.00
10715,9.40,4.0,0.60,0.00,2.50,1.90,1.00
10716,10.00,1.5,0.50,0.00,3.10,2.40,3.10
10717,9.50,1.5,0.00,0.00,2.00,2.20,2.80
10718,9.00,300.0,42.00,60.00,3.50,,3.00
10719,10.00,3.0,0.90,0.00,2.10,3.10,2.40
10720,9.60,,0.30,0.00,0.50,1.60,3.00
10721,8.90,2.9,0.10,0.00,,1.50,2.00
10722,11.00,240.0,84.00,0.40,1.50,1.00,4.00
10723,10.80,0.0,,0.00,2.00,1.50,2.70
10724,10.20,30.0,12.00,0.00,3.80,4.30,3.00
10725,7.00,4.0,0.90,0.90,2.50,4.50,1.00
10726,8.40,3.9,0.50,1.10,,4.00,1.50
10727,10.00,2.5,1.30,0.80,,2.30,4.00
10728,10.80,3.4,0.80,0.30,1.30,,2.10
10729,9.00,3.3,0.80,0.10,0.80,1.50,
10730,9.20,3.0,0.80,0.00,,5.00,3.00
10731,,4.8,1.00,1.00,4.80,2.90,1.70
10732,9.50,4.5,1.00,0.40,1.20,1.50,
10733,8.60,234.0,30.00,54.00,3.20,3.90,1.50
10734,9.60,4.2,0.20,0.20,1.80,2.50,3.40
10735,8.50,1.9,1.30,1.90,4.00,2.00,3.00
10736,11.20,0.0,0.90,0.40,2.00,0.30,4.40
10737,7.50,2.4,1.40,1.30,1.30,3.30,2.70
10738,9.20,6.5,0.70,1.70,2.50,2.80,1.10
10739,,3.5,0.40,0.10,2.00,1.10,
10740,9.50,2.2,0.70,,,1.50,3.50
10741,8.50,168.0,84.00,18.00,4.50,2.00,4.00
10742,11.00,6.0,1.10,0.10,1.50,3.00,1.20
10743,10.40,,1.00,0.30,1.50,2.40,3.40
10744,10.00,4.7,0.70,1.70,3.50,1.50,2.70
10745,,>60,0.70,0.70,2.60,2.90,2.00
10746,10.50,3.9,0.80,0.00,1.50,2.50,3.00
10747,9.10,4.6,1.40,0.80,0.00,5.90,1.50
10748,8.60,3.5,,1.70,1.70,5.20,2.00
10749,8.50,3.1,1.80,1.50,3.00,2.80,3.50
10750,10.20,90.0,48.00,0.20,1.00,0.00,4.70
10751,9.90,36.0,42.00,0.70,3.10,2.00,1.00
10752,10.30,,12.00,60.00,4.60,2.50,2.20
10753,10.80,1.8,1.00,0.20,2.50,1.00,4.30
10754,10.70,0.0,0.80,,1.50,0.00,4.00
10755,9.00,210.0,0.00,0.60,2.60,2.10,4.00
10756,10.80,4.0,0.40,0.00,1.50,2.00,3.00
10757,11.60,48.0,24.00,42.00,4.00,0.80,4.00
10758,9.50,4.5,0.80,1.20,1.90,3.50,2.50
10759,9.50,4.4,0.10,0.30,2.00,,3.10
10760,10.00,2.4,1.10,0.40,0.50,3.00,2.50
10761,7.90,3.5,1.10,1.50,2.50,1.50,3.60
10762,8.30,4.3,,,1.00,1.60,3.90
10763,10.80,4.9,0.90,1.20,1.00,1.00,3.50
10764,9.50,0.6,0.80,0.00,5.00,0.30,4.00
10765,10.50,0.5,1.00,0.00,5.50,1.30,5.70
10766,10.40,3.5,0.50,0.00,0.70,5.00,3.30
10767,,2.0,1.60,1.10,1.50,3.00,3.50
10768,8.00,4.4,0.40,1.40,5.50,3.50,
10769,9.30,180.0,6.00,18.00,3.50,2.90,
10770,10.50,5.5,0.00,0.00,1.90,,2.50
10771,9.70,,0.90,0.30,1.00,2.30,3.50
10772,8.50,,0.60,0.90,0.70,3.70,0.40
10773,10.00,--,0.00,66.00,2.00,1.70,3.50
10774,11.50,0.0,1.40,0.20,4.00,0.00,4.50
10775,9.60,2.8,0.60,1.20,2.80,3.50,2.10
10776,8.80,90.0,0.00,0.00,0.50,2.10,2.90
10777,9.60,2.0,1.30,0.20,2.00,2.50,
10778,9.00,270.0,60.00,12.00,2.00,2.40,2.40
10779,10.00,6.0,0.00,0.50,0.00,1.50,4.00
10780,9.50,4.8,0.80,1.10,1.90,1.00,3.00
10781,8.80,3.0,1.60,0.60,0.90,3.40,2.40
10782,10.00,4.2,,0.60,1.50,3.50,2.50
10783,9.20,0.6,0.70,0.60,1.00,2.00,5.00
10784,9.50,4.9,,1.90,2.50,1.00,1.50
10785,9.80,2.7,1.20,1.20,,2.60,2.40
10786,9.50,>60,0.90,0.00,0.50,1.30,2.80
10787,8.80,210.0,30.00,0.20,1.70,6.30,1.00
10788,10.50,4.6,0.60,1.20,2.30,2.00,2.90
10789,,3.5,1.60,0.50,1.50,1.90,3.50
10790,8.00,5.4,1.00,1.10,3.00,1.00,2.50
10791,10.00,6.1,0.40,0.00,3.50,3.00,0.50
10792,10.00,0.8,0.90,,3.50,1.70,2.90
10793,10.50,204.0,78.00,60.00,0.90,1.60,3.50
10794,9.10,3.7,1.50,0.30,1.50,3.50,2.00
10795,,3.5,1.50,0.00,1.80,3.00,3.00
10796,10.50,,0.20,0.20,1.60,,3.00
10797,8.90,6.5,0.60,1.30,0.50,2.80,2.00
10798,9.50,6.5,1.20,0.20,0.70,2.30,2.50
10799,8.70,252.0,108.00,96.00,2.00,3.00,
10800,10.70,4.3,0.00,0.10,1.10,2.00,3.00
10801,9.60,1.5,0.40,1.00,1.80,1.00,4.50
10802,10.40,,0.70,0.00,2.80,2.50,3.00
10803,10.30,4.3,0.70,0.40,1.70,1.00,4.00
10804,9.00,4.6,0.70,1.70,1.60,2.50,1.50
10805,9.00,270.0,12.00,1.10,5.00,2.50,2.00
10806,8.20,2.5,0.50,0.30,4.50,2.30,4.60
10807,10.50,2.0,0.00,0.00,4.00,0.80,2.60
10808,10.00,3.4,0.60,0.20,2.00,0.60,4.50
10809,10.00,2.3,0.80,1.40,1.50,3.00,3.50
10810,9.20,0.8,,0.50,2.70,1.50,
10811,9.50,4.9,0.20,0.60,0.00,3.40,1.50
10812,8.20,264.0,24.00,1.50,2.20,4.00,2.00
10813,7.50,6.5,1.10,0.90,2.20,4.30,1.70
10814,10.60,3.0,,0.00,3.50,2.50,2.50
10815,,210.0,66.00,,1.70,,3.00
10816,8.50,3.0,0.60,,0.90,2.20,2.50
10817,9.00,4.1,0.60,1.20,2.50,,0.00
10818,11.50,4.4,0.70,0.20,0.50,3.00,3.00
10819,9.20,3.1,,0.80,2.20,1.00,4.50
10820,9.30,3.0,1.50,0.80,2.00,2.50,3.00
10821,10.90,1.5,0.30,0.60,1.60,,2.00
10822,8.90,276.0,54.00,42.00,1.40,3.00,1.00
10823,11.00,1.1,1.20,0.00,3.40,1.00,
10824,9.50,2.8,0.80,0.20,3.90,1.50,2.80
10825,9.00,300.0,30.00,54.00,2.30,3.40,1.50
10826,10.00,2.4,0.80,1.40,3.10,2.00,0.00
10827,10.00,336.0,18.00,0.90,1.20,2.00,2.50
10828,9.00,3.4,0.00,,2.20,1.50,1.60
10829,12.50,,0.00,0.00,4.90,0.00,3.50
10830,9.60,3.0,1.10,1.20,1.50,2.50,1.40
10831,9.00,4.0,1.00,1.10,1.50,3.50,1.00
10832,11.00,24.0,42.00,0.70,2.20,2.00,5.00
10833,8.00,210.0,,1.20,4.50,,1.00
10834,9.50,3.0,0.70,1.00,2.00,1.50,2.80
10835,10.00,3.0,0.60,1.30,3.50,2.50,2.40
10836,10.50,3.9,1.20,0.00,2.50,3.50,1.00
10837,9.90,,0.50,0.00,3.50,2.10,2.00
10838,10.10,2.5,0.40,0.00,1.20,0.70,2.00
10839,9.00,>60,0.00,,3.00,1.50,2.50
10840,7.90,420.0,48.00,36.00,0.00,3.10,2.50
10841,9.50,4.0,1.10,0.00,1.20,3.00,4.00
10842,10.50,1.8,0.50,0.00,2.50,1.00,3.40
10843,10.20,1.1,1.50,0.00,3.00,0.00,4.30
10844,9.30,2.0,0.00,0.70,2.50,0.10,5.00
10845,10.50,48.0,66.00,1.00,1.40,3.50,2.50
10846,9.00,2.0,0.40,0.80,0.30,2.90,4.30
10847,8.40,3.0,0.00,0.00,1.00,,3.20
10848,8.00,5.0,1.20,0.90,2.90,2.00,2.50
10849,9.50,<1,48.00,30.00,3.50,1.90,3.50
10850,9.60,1.5,0.70,0.20,3.00,2.40,3.00
10851,8.00,2.0,0.20,0.60,1.30,1.50,3.00
10852,8.20,4.3,,0.90,1.00,4.50,3.50
10853,11.20,2.6,1.40,0.40,3.50,0.00,4.10
10854,9.00,390.0,60.00,0.40,0.70,3.90,1.60
10855,8.80,0.4,1.00,,3.60,3.50,3.00
10856,9.40,2.3,1.20,0.30,2.00,3.00,3.50
10857,8.90,240.0,30.00,60.00,,4.40,1.00
10858,9.00,1.4,0.80,0.00,3.60,2.10,2.50
10859,9.50,,0.00,24.00,2.50,1.40,3.00
10860,10.80,,0.60,0.00,1.00,3.70,3.10
10861,9.20,2.0,0.80,1.20,4.90,2.60,1.50
10862,10.00,2.8,1.20,,0.00,3.00,3.00
10863,9.50,2.5,0.00,0.00,3.00,2.50,2.60
10864,10.00,252.0,78.00,1.10,,2.80,2.00
10865,9.20,6.5,0.90,1.60,1.40,3.00,1.10
10866,10.80,3.5,0.00,0.90,3.00,0.50,4.70
10867,10.00,2.4,0.40,1.40,,4.00,2.90
10868,10.00,1.6,0.00,0.60,3.00,2.50,4.80
10869,10.70,0.0,0.70,0.90,4.50,0.00,3.50
10870,11.50,3.6,0.00,0.10,3.00,0.50,4.70
10871,11.00,120.0,42.00,54.00,3.00,4.50,1.30
10872,8.50,3.6,0.60,0.50,5.00,2.20,3.50
10873,9.00,3.5,0.60,0.00,2.90,1.20,4.50
10874,10.50,3.5,0.10,0.00,1.50,3.50,1.70
10875,7.70,2.3,0.00,0.90,2.30,0.50,2.50
10876,,330.0,30.00,36.00,0.50,3.00,3.10
10877,9.50,5.1,0.50,0.50,2.80,3.00,3.00
10878,9.90,3.6,0.20,0.70,1.40,1.00,3.50
10879,10.00,,0.10,0.30,2.60,3.00,1.90
10880,9.50,1.3,1.00,0.40,6.50,1.30,5.50
10881,10.80,2.5,0.00,0.60,2.20,1.50,4.40
10882,11.00,120.0,,0.40,1.50,2.50,3.50
10883,9.30,198.0,84.00,0.00,2.50,3.00,3.50
10884,10.00,48.0,30.00,0.00,4.80,2.00,3.50
10885,9.00,not recorded,0.80,0.50,1.50,1.50,3.50
10886,11.70,4.0,0.40,1.30,1.10,1.20,3.90
10887,10.00,150.0,60.00,1.40,1.80,2.50,4.00
10888,9.70,4.4,1.40,0.00,1.00,,1.50
10889,11.00,270.0,6.00,90.00,1.60,3.90,1.40
10890,10.00,0.0,0.30,0.00,5.00,0.00,5.50
10891,10.50,2.7,0.90,2.10,1.60,1.00,1.60
10892,10.50,1.8,0.60,0.00,1.10,2.00,1.80
10893,8.90,2.9,1.50,0.90,2.60,3.00,3.00
10894,9.00,4.5,0.10,0.80,5.00,4.00,1.00
10895,9.60,210.0,30.00,24.00,2.40,2.50,4.00
10896,9.20,2.2,1.00,1.20,,3.70,1.50
10897,10.20,2.8,0.60,0.00,1.40,2.00,4.50
10898,8.80,2.6,1.30,0.00,4.00,2.80,2.00
10899,9.00,4.5,0.00,0.80,0.90,4.40,3.40
10900,8.60,120.0,6.00,18.00,3.40,1.10,3.00
10901,9.70,1.5,0.60,0.40,3.10,0.30,3.70
10902,8.60,1.3,1.10,,3.20,2.40,
10903,8.30,3.4,0.70,1.50,2.50,3.00,0.90
10904,10.00,5.4,,0.40,0.50,3.50,2.50
10905,10.10,204.0,60.00,30.00,2.40,2.00,4.10
10906,8.40,1.5,0.00,1.20,3.60,3.00,0.70
10907,9.00,3.5,0.40,0.40,1.60,2.50,2.40
10908,7.50,2.2,1.30,1.80,0.50,3.50,3.00
10909,9.20,2.5,1.50,1.00,3.20,1.50,3.70
10910,9.50,>60,60.00,48.00,1.20,0.90,3.70
10911,12.00,210.0,66.00,0.40,0.50,2.50,2.30
10912,9.30,,1.00,0.50,,2.50,
10913,8.90,180.0,72.00,60.00,4.40,2.90,3.50
10914,8.00,7.0,1.20,0.20,1.80,3.50,0.80
10915,10.50,2.1,,0.00,1.00,1.60,3.90
10916,11.80,60.0,72.00,24.00,2.90,1.70,2.50
10917,11.00,4.5,0.60,0.00,2.50,3.80,2.00
10918,8.50,360.0,66.00,1.00,0.90,4.50,1.30
10919,10.00,4.5,,0.70,2.30,2.50,2.70
10920,,0.0,,1.00,4.50,4.10,2.50
10921,9.50,132.0,54.00,0.00,2.00,3.10,3.60
10922,8.30,132.0,0.00,36.00,1.20,3.40,2.00
10923,8.50,240.0,0.00,1.20,1.10,3.90,1.60
10924,9.50,3.5,0.30,1.00,2.40,4.00,2.00
10925,9.80,4.5,0.80,1.50,,3.10,1.40
10926,9.80,,1.30,0.20,5.50,3.80,4.00
10927,9.60,,0.90,1.70,1.50,3.50,1.50
10928,10.60,4.0,1.20,0.00,2.00,3.00,3.00
10929,9.00,240.0,24.00,48.00,3.50,3.40,2.60
10930,9.50,3.1,0.00,,2.30,0.50,2.00
10931,11.00,1.4,0.50,0.30,2.50,,4.50
10932,10.00,2.0,0.00,0.70,1.90,0.50,2.50
10933,10.00,0.0,0.80,0.10,2.20,0.60,4.50
10934,10.50,3.7,0.00,0.00,2.00,0.70,4.00
10935,10.00,2.0,1.20,1.80,4.00,2.40,2.00
10936,9.80,90.0,12.00,0.00,1.50,1.90,3.60
10937,9.40,TBD,0.50,1.20,1.40,,2.00
10938,11.20,60.0,48.00,36.00,1.80,0.00,3.80
10939,10.00,120.0,72.00,0.90,1.90,3.00,3.10
10940,10.50,3.5,0.60,0.80,1.00,,2.50
10941,10.30,2.5,,0.30,3.00,2.50,4.00
10942,8.50,4.0,0.00,0.90,1.00,2.00,4.00
10943,10.80,1.4,0.10,0.70,4.60,2.20,4.00
10944,,1.1,0.70,0.00,3.00,1.50,2.50
10945,9.50,3.1,0.60,0.00,1.70,3.50,2.80
10946,10.50,4.3,0.20,0.40,2.20,3.30,2.80
10947,9.10,246.0,48.00,60.00,1.30,1.80,4.00
10948,8.50,4.4,1.30,0.80,2.00,3.00,1.90
10949,9.00,2.0,1.40,0.40,2.80,2.50,2.10
10950,10.50,2.0,0.30,0.00,2.70,0.70,2.00
10951,10.40,>60,1.10,0.60,2.50,3.50,0.90
10952,9.40,114.0,0.00,48.00,2.00,2.30,4.00
10953,9.50,150.0,42.00,0.60,1.00,3.60,2.50
10954,8.00,3.0,1.30,0.50,3.50,3.50,2.50
10955,10.30,5.4,0.70,0.70,2.00,2.10,2.90
10956,9.70,0.5,0.50,0.30,3.30,4.00,3.10
10957,9.50,3.6,0.60,0.80,1.50,3.70,1.70
10958,9.60,300.0,48.00,1.00,2.00,4.20,1.40
10959,10.60,<1,1.00,1.20,1.50,1.50,2.50
10960,9.10,324.0,24.00,24.00,3.00,3.50,2.00
10961,11.90,0.0,0.40,0.00,2.80,,2.80
10962,8.00,360.0,6.00,0.70,0.00,,0.20
10963,9.00,132.0,12.00,12.00,,2.30,3.50
10964,10.80,2.5,0.00,0.20,1.00,3.00,
10965,9.80,300.0,18.00,0.00,1.60,0.90,1.90
10966,8.50,3.9,0.70,1.20,2.70,3.40,3.10
10967,10.00,3.5,0.00,0.60,2.90,4.20,
10968,10.00,246.0,0.00,0.60,1.50,2.80,3.00
10969,9.00,3.5,0.00,1.00,2.00,4.10,2.00
10970,9.50,3.4,0.90,0.00,2.00,1.30,2.50
10971,9.50,3.5,0.00,0.80,1.90,3.50,3.30
10972,10.80,<1,1.10,0.60,1.40,0.10,
10973,8.50,4.1,0.60,2.10,1.60,4.60,2.20
10974,,234.0,66.00,,3.70,1.00,3.50
10975,9.70,3.5,0.60,0.80,3.00,2.00,4.00
10976,9.60,4.6,1.10,0.40,1.50,3.50,3.30
10977,10.00,0.9,0.80,1.30,4.00,4.00,3.00
10978,10.00,2.7,,,5.00,1.00,5.00
10979,10.00,1.5,,0.90,2.90,1.00,3.50
10980,9.40,6.8,0.90,0.50,1.20,3.00,2.30
10981,10.50,,0.10,0.40,,2.40,3.70
10982,11.00,54.0,0.00,0.40,2.90,2.00,4.10
10983,,4.0,1.20,0.80,0.50,2.40,2.50
10984,10.00,2.4,0.00,0.20,3.10,3.90,2.90
10985,9.00,300.0,102.00,42.00,0.90,3.50,1.90
10986,10.30,2.5,0.80,0.60,2.00,2.70,2.80
10987,,3.0,0.00,0.60,0.60,1.50,3.00
10988,,4.5,0.30,1.40,1.40,3.40,2.20
10989,11.80,180.0,0.00,24.00,2.00,0.50,3.50
10990,11.10,2.5,0.20,0.40,1.50,1.00,2.50
10991,11.00,0.5,0.90,0.20,4.50,,3.00
10992,12.90,,60.00,0.00,2.50,1.50,3.10
10993,10.00,2.1,1.60,1.50,3.00,3.00,1.80
10994,10.00,2.5,1.50,0.70,4.90,1.80,
10995,10.50,1.7,0.90,0.00,1.90,1.50,4.00
10996,9.00,90.0,36.00,0.00,5.00,2.30,3.40
10997,11.20,192.0,96.00,0.00,,1.00,
10998,10.40,>60,18.00,0.00,1.50,1.90,4.50
10999,7.50,1.0,0.00,0.30,2.30,1.00,3.50
11000,9.00,,0.20,,,3.90,1.50
11001,7.80,5.5,1.30,0.40,1.50,4.00,1.10
11002,8.20,,18.00,1.20,0.50,3.70,
11003,10.30,180.0,30.00,0.00,2.00,2.50,4.60
11004,10.20,60.0,,0.60,5.50,1.80,4.20
11005,9.50,4.5,1.00,0.30,1.60,1.80,4.00
11006,10.00,4.2,1.30,0.80,3.00,3.00,2.00
11007,10.10,5.5,0.60,0.00,1.10,2.30,2.40
11008,8.50,1.1,0.30,0.00,2.90,3.00,2.50
11009,10.00,,1.40,0.00,1.70,3.00,4.50
11010,10.00,2.1,0.00,0.60,2.50,2.50,3.30
11011,10.00,,1.80,0.00,1.00,1.30,4.50
11012,10.00,3.6,0.60,0.40,1.00,2.50,3.10
11013,11.00,,30.00,36.00,2.10,3.00,4.10
11014,9.50,6.1,0.40,0.30,2.00,,
11015,,3.3,0.90,1.40,1.20,3.50,3.50
11016,11.00,3.5,1.40,0.40,1.50,0.90,3.50
11017,11.20,0.6,0.10,0.00,4.70,2.00,4.10
11018,12.00,90.0,72.00,0.00,2.20,2.00,4.00
11019,9.50,2.0,0.70,1.60,0.50,,0.60
11020,9.00,180.0,42.00,2.30,1.00,2.50,1.40
11021,8.00,5.8,1.00,0.00,2.00,2.50,3.00
11022,11.60,0.0,48.00,0.00,4.20,1.90,
11023,9.00,306.0,30.00,,2.20,3.00,3.00
11024,9.70,2.5,0.90,0.00,5.00,2.00,3.30
11025,10.00,5.0,1.70,0.30,2.50,1.50,3.00
11026,8.00,390.0,12.00,24.00,1.50,3.80,2.30
11027,9.50,3.3,1.10,1.70,3.30,3.20,2.20
11028,7.80,6.0,1.30,1.70,1.50,3.00,1.90
11029,9.90,150.0,24.00,30.00,1.60,3.70,2.50
11030,12.00,0.0,1.60,0.20,2.50,1.20,4.40
11031,9.80,138.0,36.00,0.70,2.00,3.50,2.90
11032,8.90,,0.40,0.80,5.50,,2.50
11033,10.70,2.8,0.90,,2.00,3.50,2.50
11034,9.10,<1,1.40,0.60,,4.50,4.00
11035,9.30,3.2,0.50,0.80,3.00,2.50,
11036,9.50,4.2,0.40,0.80,1.50,,2.50
11037,9.70,252.0,66.00,0.00,2.00,2.00,3.50
11038,10.50,1.8,0.50,0.10,2.50,0.70,4.10
11039,10.50,4.0,0.30,1.10,1.50,4.00,0.00
11040,12.10,84.0,0.00,48.00,4.50,,4.00
11041,9.90,4.0,1.10,0.90,2.60,2.00,3.10
11042,8.00,180.0,6.00,42.00,,3.50,
11043,8.70,5.0,0.80,0.50,1.50,3.30,2.40
11044,9.50,1.0,0.50,1.20,2.50,,4.50
11045,10.50,4.0,0.00,0.80,3.50,0.50,3.50
11046,9.30,4.3,1.40,,2.00,3.50,3.00
11047,8.60,3.0,0.10,0.90,1.50,2.70,1.50
11048,10.30,4.4,0.90,0.60,1.60,1.80,2.90
11049,8.00,5.0,0.60,0.00,2.80,,0.90
11050,11.40,30.0,84.00,1.30,2.00,0.60,4.80
11051,8.00,3.8,0.60,0.90,4.20,3.80,3.50
11052,10.20,4.5,0.10,0.10,1.00,0.50,3.40
11053,10.70,,0.60,0.00,1.30,4.50,1.50
11054,,1.5,0.70,0.00,2.00,2.00,3.20
11055,8.30,1.7,1.30,0.80,3.50,,4.40
11056,9.00,480.0,42.00,0.00,0.90,4.20,1.00
11057,9.20,1.9,0.50,0.30,1.50,1.50,4.40
11058,8.70,4.0,1.50,1.30,2.50,3.20,
11059,8.00,0.5,1.30,0.80,5.70,5.50,
11060,10.00,270.0,96.00,1.90,1.80,3.00,1.00
11061,10.30,2.5,0.00,0.00,1.30,1.10,2.40
11062,11.30,2.5,1.50,0.20,4.10,2.30,1.90
11063,10.50,>60,1.50,0.00,1.50,1.50,3.40
11064,8.50,1.5,0.50,0.50,2.00,2.00,
11065,9.00,3.7,0.60,0.80,4.50,0.60,4.50
11066,9.50,240.0,0.00,12.00,2.50,2.00,0.60
11067,8.00,126.0,0.00,48.00,4.50,2.00,1.80
11068,9.00,240.0,24.00,0.20,1.80,4.20,2.80
11069,12.00,2.6,0.50,0.00,2.00,1.70,3.50
11070,10.10,4.8,0.30,0.90,1.10,4.50,1.00
11071,7.80,198.0,84.00,54.00,2.00,,2.40
11072,8.70,4.6,1.20,0.00,1.00,3.00,3.60
11073,9.40,240.0,18.00,2.20,1.80,2.60,2.50
11074,9.50,0.0,0.80,,5.50,2.00,2.80
11075,9.20,4.0,1.20,1.10,2.10,3.00,3.00
11076,10.40,1.0,0.30,0.30,4.00,2.70,3.20
11077,10.10,4.5,1.40,0.80,1.00,0.30,
11078,8.10,360.0,36.00,138.00,1.50,4.00,0.00
11079,13.00,150.0,60.00,0.00,0.50,2.50,3.50
11080,8.70,3.7,0.80,0.20,,3.40,4.50
11081,10.50,0.1,0.80,0.10,4.00,3.80,0.80
11082,9.60,4.6,1.50,0.00,1.00,2.50,2.50
11083,9.80,240.0,36.00,6.00,1.00,2.00,2.70
11084,9.00,4.4,0.80,0.60,,2.10,1.20
11085,9.70,4.2,0.10,0.20,,3.00,3.70
11086,9.00,2.5,0.80,0.00,2.60,1.40,2.50
11087,9.00,258.0,,1.00,2.20,3.10,
11088,11.00,1.0,0.70,0.80,4.20,0.50,3.50
11089,11.40,2.8,0.00,0.00,1.60,2.50,3.20
11090,8.00,90.0,84.00,78.00,1.40,4.90,2.50
11091,8.80,2.0,0.50,,4.50,0.40,3.00
11092,10.10,3.5,0.50,0.00,4.50,3.20,2.60
11093,9.90,4.1,0.00,0.00,5.50,1.90,3.70
11094,12.50,102.0,96.00,12.00,3.00,1.50,3.00
11095,9.40,6.0,0.40,1.80,1.00,2.90,2.00
11096,10.50,2.2,,0.60,3.20,2.50,1.90
11097,9.40,234.0,,1.10,2.50,2.60,3.00
11098,9.60,1.1,0.00,1.20,1.90,0.80,2.70
11099,9.00,--,1.20,1.80,2.40,3.20,
11100,9.00,5.0,0.60,0.60,2.80,3.50,0.60
11101,8.50,5.5,1.20,0.30,1.50,2.80,2.40
11102,10.00,5.5,1.00,0.00,0.50,2.50,1.50
11103,8.20,78.0,42.00,42.00,4.50,2.50,1.50
11104,11.40,3.2,0.60,0.90,2.00,1.00,4.60
11105,7.00,,0.00,18.00,2.20,3.00,1.70
11106,7.50,3.3,0.30,0.80,,0.70,3.80
11107,9.00,1.5,0.20,0.30,3.90,2.20,3.20
11108,9.10,n/a,1.30,1.30,0.80,4.00,2.90
11109,8.10,3.0,1.30,2.10,1.80,3.00,3.50
11110,8.90,4.7,1.00,0.40,1.00,2.40,2.70
11111,9.00,2.0,1.20,0.00,2.00,2.50,2.60
11112,10.50,3.0,0.40,0.50,4.00,3.00,2.00
11113,10.30,4.4,1.00,0.00,1.90,2.00,3.00
11114,8.70,5.2,0.00,0.10,2.20,2.60,
11115,,,0.30,0.80,2.00,3.60,1.00
11116,10.00,4.5,0.50,0.00,4.50,1.30,4.50
11117,7.00,<1,0.30,1.70,4.00,4.00,1.20
11118,9.00,210.0,72.00,84.00,4.90,,2.50
11119,8.00,5.0,1.20,,1.00,4.00,3.00
11120,9.80,6.0,1.20,1.50,0.40,4.00,0.50
11121,8.30,5.3,0.50,0.80,0.50,3.00,2.50
11122,9.00,234.0,0.00,0.00,4.00,2.40,3.50
11123,10.00,1.1,1.10,0.00,2.00,3.10,2.50
11124,10.20,180.0,54.00,0.40,1.50,1.00,2.50
11125,11.00,2.0,1.30,,3.20,1.00,4.30
11126,9.00,4.0,,1.10,0.40,4.00,3.00
11127,10.00,1.5,0.80,0.00,3.50,2.00,4.00
11128,9.50,3.5,1.60,0.90,1.50,4.30,1.50
11129,9.50,5.9,1.00,1.00,1.00,3.50,1.20
11130,9.20,252.0,0.00,,2.20,4.50,1.60
11131,9.00,4.0,1.40,0.20,2.20,1.40,3.00
11132,,6.2,,0.70,0.80,4.20,1.90
11133,9.40,3.4,0.30,1.30,1.30,3.50,0.50
11134,9.60,108.0,66.00,36.00,2.50,1.50,4.50
11135,10.00,120.0,0.00,,0.70,2.50,4.50
11136,10.10,3.5,0.60,0.90,,3.30,2.00
11137,9.50,1.7,1.10,0.60,2.00,1.00,4.10
11138,10.30,2.0,0.10,0.20,3.60,0.50,2.50
11139,10.40,,0.30,0.70,1.50,1.50,2.00
11140,10.90,2.0,0.80,0.60,4.50,3.20,2.00
11141,9.50,1.6,1.00,0.50,4.00,2.20,3.20
11142,9.50,282.0,66.00,42.00,3.20,2.50,2.70
11143,10.80,,0.20,1.20,2.20,2.50,2.50
11144,9.50,198.0,48.00,66.00,1.20,0.40,2.00
11145,9.50,4.2,0.00,0.50,2.50,5.00,1.40
11146,10.00,1.1,0.00,0.80,3.50,2.80,3.00
11147,,4.2,0.40,0.20,1.70,1.50,4.70
11148,,0.5,0.70,0.90,1.70,1.00,3.70
11149,10.00,168.0,12.00,0.00,5.00,2.40,2.90
11150,9.50,1.5,0.90,0.00,,3.00,3.60
11151,9.50,3.0,0.10,0.00,4.00,4.50,
11152,9.80,n/a,36.00,72.00,2.30,2.80,1.20
11153,8.70,120.0,0.00,0.00,2.50,0.00,2.00
11154,10.00,120.0,42.00,1.30,2.10,3.50,3.50
11155,9.00,6.3,0.70,1.20,1.50,3.60,1.10
11156,10.50,4.8,0.90,0.00,,1.30,2.50
11157,11.40,1.7,1.00,0.60,2.50,2.50,3.60
11158,,186.0,0.00,12.00,1.60,1.50,3.50
11159,8.70,4.2,0.50,0.70,1.50,4.00,3.10
11160,7.90,4.5,0.30,1.60,,2.90,
11161,10.00,2.5,,0.30,3.70,3.50,2.60
11162,10.40,1.5,0.30,0.90,3.00,3.00,1.80
11163,8.00,5.5,1.10,2.00,0.20,5.00,0.00
11164,11.00,1.4,0.80,0.20,2.80,0.00,4.40
11165,10.60,108.0,30.00,0.50,2.70,2.30,3.50
11166,8.00,2.5,0.70,0.10,5.00,2.50,
11167,10.00,4.4,0.30,1.80,3.80,3.00,0.00
11168,,300.0,66.00,78.00,,2.00,2.40
11169,11.50,270.0,96.00,0.00,1.00,2.50,
11170,10.00,2.1,0.40,0.00,5.20,1.00,3.00
11171,9.80,1.4,0.80,0.90,5.00,1.00,4.40
11172,9.40,2.5,0.70,0.00,1.50,3.00,2.70
11173,,5.0,1.50,0.50,1.50,3.00,3.50
11174,10.00,0.7,0.70,0.70,1.50,2.00,
11175,9.50,5.2,1.10,0.30,,3.50,1.90
11176,9.00,3.9,,0.70,0.50,2.30,
11177,,330.0,54.00,,4.00,,1.00
11178,10.20,3.5,0.10,0.70,6.50,2.30,2.40
11179,10.50,0.8,0.10,0.40,4.00,3.80,2.50
11180,9.20,5.0,0.50,0.20,2.80,3.00,3.80
11181,8.40,4.0,0.20,0.90,2.20,1.60,3.50
11182,8.60,3.5,0.50,0.50,1.30,2.50,3.40
11183,8.80,2.2,0.10,1.20,1.40,3.00,2.10
11184,10.00,,60.00,,,2.50,2.00
11185,9.70,3.2,1.70,0.00,1.90,2.80,3.00
11186,,240.0,96.00,90.00,1.60,2.00,2.20
11187,8.00,3.2,0.70,0.50,4.60,2.00,2.80
11188,9.00,456.0,,72.00,0.50,3.50,1.00
11189,9.50,1.8,0.70,0.50,1.50,2.60,
11190,7.50,330.0,84.00,1.70,2.10,4.00,
11191,10.90,6.1,0.20,0.30,1.00,3.50,1.40
11192,9.50,1.1,0.50,0.40,2.50,3.50,3.90
11193,11.90,180.0,0.00,1.20,2.20,1.80,3.30
11194,8.50,0.0,1.10,0.40,2.50,2.00,1.00
11195,9.80,3.5,1.50,1.60,3.00,3.00,0.00
11196,11.00,1.5,0.10,0.00,2.80,1.50,4.10
11197,9.80,5.0,0.40,0.00,1.30,2.50,3.00
11198,8.40,2.0,0.30,0.10,3.50,2.00,3.00
11199,7.80,210.0,,0.70,2.70,4.50,1.50
11200,11.50,66.0,54.00,6.00,4.50,1.90,3.30
11201,11.50,3.5,1.00,0.00,1.20,1.50,3.00
11202,8.50,3.0,0.90,0.90,3.40,4.00,1.60
11203,10.20,1.5,0.50,,4.00,1.30,2.50
11204,10.40,0.5,0.80,,3.10,1.10,4.30
11205,8.20,210.0,66.00,2.00,1.10,4.20,1.00
11206,9.00,1.5,0.40,1.10,3.00,3.90,3.00
11207,8.00,4.7,1.00,2.60,1.50,3.00,1.00
11208,9.20,<1,0.40,1.40,1.50,3.50,1.80
11209,9.00,4.0,0.40,0.70,1.00,4.50,2.70
11210,11.00,1.5,,0.50,1.00,2.90,2.80
11211,8.50,24.0,42.00,0.50,4.80,1.80,2.50
11212,8.50,3.3,0.80,0.80,4.40,2.80,3.00
11213,10.00,330.0,0.00,0.00,2.00,3.90,2.50
11214,9.50,150.0,12.00,0.00,1.50,1.40,4.20
11215,,2.5,0.90,0.00,1.60,1.90,3.00
11216,9.50,5.1,0.80,0.90,1.10,3.60,1.50
11217,11.00,180.0,60.00,0.10,2.00,0.30,3.00
11218,10.00,,0.00,0.40,1.90,1.50,4.80
11219,10.50,192.0,54.00,66.00,4.60,,2.90
11220,8.50,2.1,,,1.50,1.50,3.20
11221,8.50,3.5,0.30,1.40,2.90,1.90,2.50
11222,8.00,324.0,114.00,96.00,2.00,2.30,2.70
11223,8.50,2.5,1.20,0.00,3.50,1.70,3.20
11224,10.10,0.0,0.00,0.60,1.50,0.90,3.90
11225,8.50,72.0,78.00,48.00,4.00,3.00,0.60
11226,8.20,4.0,1.10,2.10,3.00,4.00,0.50
11227,10.20,1.5,0.30,1.30,2.70,1.00,3.00
11228,10.50,2.0,0.00,0.00,2.90,3.00,2.80
11229,8.10,2.4,0.20,0.10,2.40,2.50,1.00
11230,10.00,60.0,24.00,0.00,4.90,2.50,2.50
11231,11.50,1.5,0.50,0.90,3.20,1.50,4.90
11232,8.90,2.8,1.40,,4.00,4.40,1.10
11233,10.00,288.0,18.00,54.00,1.50,2.00,3.00
11234,11.20,1.3,0.00,0.30,1.50,1.20,5.40
11235,10.20,3.3,0.60,,2.00,2.50,2.70
11236,7.50,4.8,0.60,1.00,2.50,4.50,2.50
11237,11.00,0.5,0.70,0.00,4.20,1.40,3.40
11238,9.60,3.0,0.30,0.70,2.00,1.10,2.40
11239,10.00,,48.00,0.00,1.70,3.10,3.40
11240,7.50,5.6,0.10,0.40,1.50,4.00,
11241,,4.5,0.00,1.50,4.20,3.00,1.90
11242,10.30,210.0,18.00,12.00,1.50,,3.10
11243,,0.3,0.20,0.30,4.50,0.80,2.10
11244,8.00,5.5,2.10,1.60,1.00,2.90,1.00
11245,8.50,1.5,0.10,0.30,2.50,,4.80
11246,10.50,120.0,0.00,0.30,1.50,3.90,
11247,9.50,150.0,12.00,0.00,2.20,2.50,2.40
11248,10.00,1.8,0.00,0.00,3.00,,4.40
11249,8.90,6.6,0.60,1.40,0.90,4.00,1.10
11250,8.90,,42.00,0.50,2.50,1.40,2.50
11251,10.50,2.1,0.50,0.40,2.20,1.50,3.50
11252,9.90,3.5,0.30,0.30,0.50,1.30,
11253,9.30,180.0,72.00,54.00,2.60,2.80,3.50
11254,8.60,252.0,72.00,0.00,1.00,3.30,2.90
11255,7.90,0.6,,0.00,0.90,2.00,0.80
11256,7.50,270.0,24.00,1.10,3.00,2.80,4.00
11257,9.90,204.0,24.00,0.10,3.00,3.00,4.00
11258,10.00,0.4,0.30,0.70,2.50,1.40,2.60
11259,9.50,420.0,42.00,0.00,1.50,1.70,
11260,10.00,234.0,,,2.00,2.50,0.00
11261,10.00,2.5,0.00,0.00,1.50,0.50,4.50
11262,9.50,180.0,0.00,0.00,3.50,4.70,3.40
11263,,3.0,1.00,0.40,2.00,2.90,4.00
11264,9.10,5.9,,1.80,1.50,2.30,2.60
11265,9.70,2.5,2.00,0.00,2.50,1.50,2.50
11266,10.50,3.0,0.50,0.00,1.00,2.50,3.30
11267,10.80,3.9,0.60,0.00,1.20,2.00,4.20
11268,10.60,330.0,12.00,,2.60,3.00,1.10
11269,9.60,0.5,1.20,0.00,1.50,3.00,3.80
11270,10.20,3.1,1.20,0.00,2.50,3.50,3.00
11271,8.00,5.4,1.20,0.60,1.60,4.00,0.70
11272,9.70,0.7,0.90,0.00,2.70,0.00,5.80
11273,10.80,3.0,0.70,,2.00,1.30,2.50
11274,,2.6,1.40,0.00,2.50,0.00,4.00
11275,9.30,0.8,0.70,0.30,2.00,2.00,5.00
11276,11.00,3.1,0.30,0.00,2.40,2.50,2.60
11277,9.50,3.0,0.70,1.10,2.70,2.10,
11278,9.80,6.4,0.70,0.40,1.30,2.10,2.00
11279,8.70,4.8,0.80,0.40,2.30,2.90,3.00
11280,8.20,1.0,1.40,0.00,3.50,1.50,3.50
11281,10.50,3.5,1.10,0.10,3.40,1.50,3.20
11282,11.60,0.0,0.40,1.20,3.00,2.00,3.00
11283,11.00,4.0,,0.80,0.70,2.50,3.30
11284,10.70,1.4,0.60,0.40,0.90,1.20,4.40
11285,9.10,3.4,0.60,0.80,2.00,,1.00
11286,,>60,0.40,1.60,2.80,2.60,2.30
11287,11.40,2.4,,0.50,1.00,2.10,3.50
11288,10.50,3.8,0.00,0.10,3.00,3.00,3.50
11289,10.40,2.5,,0.90,,1.40,3.10
11290,9.00,0.0,30.00,0.40,6.00,1.50,2.30
11291,9.60,3.0,0.70,0.20,4.50,1.50,3.20
11292,9.20,4.1,,1.50,1.60,2.50,2.00
11293,9.40,1.5,0.70,0.70,4.20,3.50,3.40
11294,10.20,5.0,1.20,1.60,0.10,2.50,0.60
11295,9.00,4.5,0.00,0.80,1.10,2.00,3.60
11296,10.60,2.5,1.20,0.00,,3.00,2.80
11297,10.50,5.5,1.30,1.20,0.00,2.80,2.50
11298,11.00,,1.40,0.00,1.60,2.00,4.50
11299,10.50,3.0,1.70,1.70,1.30,2.00,1.60
11300,11.00,30.0,0.00,0.00,0.90,0.00,4.30
11301,11.00,2.0,0.80,0.20,2.50,2.40,2.50
11302,9.50,4.0,0.00,1.00,0.90,1.90,
11303,10.00,0.0,102.00,30.00,5.00,2.00,
11304,9.60,>60,,0.00,0.90,2.50,4.00
11305,10.00,2.0,0.50,0.40,0.80,1.30,3.00
11306,9.50,5.1,0.90,2.20,2.40,3.40,0.00
11307,9.30,5.4,0.30,1.20,0.00,3.50,2.50
11308,10.40,3.9,0.30,0.40,2.00,1.50,3.40
11309,8.00,n/a,78.00,60.00,1.50,5.30,1.50
11310,9.90,156.0,42.00,60.00,4.40,3.50,
11311,9.10,1.5,1.00,0.00,2.00,1.80,2.40
11312,10.60,3.0,1.20,0.30,3.00,1.20,4.00
11313,10.00,0.0,30.00,0.00,2.20,0.60,4.00
11314,9.80,12.0,24.00,24.00,2.90,2.50,
11315,11.00,1.0,0.80,0.00,4.00,3.10,2.30
11316,10.50,2.3,0.10,0.30,1.80,2.00,2.00
11317,10.00,2.4,0.50,0.70,3.00,2.00,3.60
11318,9.60,1.1,0.90,0.00,,0.00,3.10
11319,10.00,3.0,0.00,0.50,2.50,4.50,1.50
11320,9.50,1.5,0.40,0.20,2.40,,2.50
11321,11.40,60.0,60.00,66.00,2.80,3.50,2.50
11322,8.70,180.0,18.00,0.30,4.20,1.10,2.90
11323,10.20,1.5,0.60,0.80,,2.40,3.90
11324,10.40,0.0,1.30,1.10,2.00,1.00,
11325,11.10,2.0,0.60,0.30,1.20,4.40,
11326,10.70,210.0,,36.00,1.50,2.50,2.40
11327,8.10,4.5,1.10,1.70,3.30,,1.70
11328,9.50,<1,0.50,0.70,1.20,3.00,2.00
11329,7.80,2.7,0.90,0.90,2.00,2.70,2.50
11330,9.80,1.0,0.00,0.20,3.20,1.00,4.60
11331,9.50,150.0,84.00,0.80,,2.50,2.50
11332,8.00,4.0,1.30,1.30,2.00,,1.50
11333,9.50,0.6,0.60,0.00,0.90,0.00,3.00
11334,8.00,6.5,0.00,0.50,0.50,2.60,2.50
11335,8.70,3.2,1.20,0.00,1.50,2.10,4.60
11336,11.30,2.8,0.90,0.90,,1.20,2.50
11337,8.00,3.5,1.00,1.40,2.00,,2.30
11338,10.00,2.9,1.00,0.10,2.50,4.50,1.00
11339,9.60,4.5,0.90,0.00,2.50,2.50,3.00
11340,10.00,1.5,0.50,0.70,3.00,0.00,3.50
11341,9.00,4.7,0.60,0.90,2.20,3.50,2.00
11342,9.50,3.0,0.60,1.00,2.00,1.20,
11343,9.50,84.0,36.00,0.30,2.00,3.60,2.50
11344,10.90,0.6,1.20,0.00,1.60,2.50,3.00
11345,10.40,0.0,1.20,0.50,5.40,,4.50
11346,11.50,1.1,1.20,0.00,3.40,3.00,2.00
11347,,4.0,0.40,0.40,2.00,4.20,3.30
11348,9.80,2.0,0.60,1.20,4.50,,2.60
11349,9.70,222.0,30.00,36.00,1.50,4.50,0.90
11350,10.00,4.9,1.00,0.40,1.00,2.50,2.50
11351,9.50,240.0,54.00,0.50,1.50,4.20,1.50
11352,9.60,90.0,126.00,0.00,1.40,4.50,3.00
11353,9.40,4.0,0.30,1.00,3.80,2.00,2.10
11354,10.00,3.5,0.40,0.30,3.00,2.00,4.50
11355,9.00,3.0,1.00,0.00,,2.10,3.70
11356,10.20,4.0,0.40,1.20,0.00,3.50,0.80
11357,,360.0,42.00,12.00,2.60,1.90,3.00
11358,8.30,,1.10,1.60,4.40,2.00,3.00
11359,9.50,,1.00,0.60,4.00,3.00,3.40
11360,11.00,3.0,0.40,0.00,,2.40,3.50
11361,10.80,0.5,0.00,0.00,3.60,0.00,4.00
11362,10.50,1.2,0.70,0.40,3.20,3.00,
11363,9.00,5.0,0.40,0.00,1.50,2.90,1.90
11364,7.20,252.0,96.00,72.00,2.00,3.00,3.50
11365,11.50,4.0,1.70,0.20,1.50,0.00,5.00
11366,7.70,5.0,1.40,2.10,0.70,2.50,1.00
11367,11.50,2.2,0.50,0.60,3.50,1.10,4.50
11368,10.00,2.9,0.90,0.70,2.60,3.50,3.60
11369,,3.5,1.30,0.70,,0.00,4.20
11370,8.60,2.0,1.30,1.10,4.50,4.00,2.00
11371,9.00,2.7,0.20,0.30,2.50,3.30,2.70
11372,9.30,,0.60,0.90,2.70,,2.00
11373,8.00,354.0,42.00,72.00,2.00,3.80,1.00
11374,10.00,,60.00,,2.10,2.60,2.50
11375,9.00,360.0,6.00,0.70,1.20,,3.40
11376,9.40,330.0,24.00,0.40,1.80,3.50,2.50
11377,8.20,342.0,12.00,30.00,0.90,5.00,0.50
11378,9.10,5.0,1.00,0.00,0.50,3.20,2.30
11379,9.50,4.5,0.50,1.10,1.20,2.50,
11380,10.80,4.0,0.80,0.70,0.60,1.40,4.10
11381,10.70,270.0,24.00,12.00,1.00,3.00,3.20
11382,10.90,3.0,0.00,0.60,2.90,2.20,3.50
11383,10.70,3.5,0.30,0.70,1.50,1.50,4.50
11384,11.00,3.5,0.70,,2.50,0.20,3.90
11385,11.00,192.0,42.00,6.00,2.50,2.00,2.20
11386,11.50,0.0,0.00,0.00,2.50,0.60,3.50
11387,9.00,4.5,0.40,1.20,1.30,3.00,2.50
11388,10.50,0.5,0.00,0.80,2.00,3.00,
11389,8.50,n/a,1.30,1.00,2.50,3.50,2.00
11390,11.90,2.0,0.00,0.00,4.50,2.20,1.50
11391,8.70,4.7,0.90,,5.00,3.00,1.50
11392,8.00,3.5,0.30,1.00,1.90,1.80,4.00
11393,9.20,3.0,0.50,0.00,2.30,2.60,
11394,10.00,216.0,60.00,0.00,0.60,3.50,3.00
11395,10.40,1.5,0.00,0.00,3.50,0.50,3.00
11396,9.50,0.0,0.40,0.00,2.00,,2.40
11397,9.60,3.5,1.10,0.70,1.00,,1.70
11398,9.00,5.5,0.40,0.70,2.50,3.50,0.70
11399,8.50,1.6,0.60,0.50,3.50,2.50,1.00
11400,9.00,3.5,0.80,,,3.50,2.50
11401,8.00,,48.00,78.00,2.50,,1.10
11402,11.50,2.0,0.50,1.00,2.10,1.70,4.50
11403,11.00,3.1,1.00,1.40,3.00,2.00,1.90
11404,10.10,3.0,0.60,0.80,3.00,3.00,2.90
11405,10.00,3.2,0.00,0.70,1.30,3.30,
11406,10.50,150.0,36.00,1.00,1.50,2.50,3.00
11407,10.60,3.0,0.00,0.20,2.00,3.00,3.50
11408,10.00,2.6,0.80,1.10,3.50,2.30,3.00
11409,9.00,1.8,0.70,1.10,1.00,2.10,4.00
11410,12.00,4.5,0.80,0.40,1.50,2.00,2.60
11411,9.30,180.0,84.00,,1.50,2.00,3.00
11412,9.50,60.0,0.00,0.00,1.50,3.10,2.80
11413,8.50,3.2,,1.10,1.10,3.50,2.50
11414,10.50,3.4,0.10,1.00,3.00,3.00,2.50
11415,9.50,3.0,1.30,0.00,5.00,2.60,3.00
11416,9.00,492.0,12.00,78.00,0.00,4.20,0.00
11417,,2.7,0.40,0.10,1.00,1.70,3.10
11418,10.00,0.5,1.40,0.30,2.50,2.00,3.00
11419,9.00,150.0,30.00,1.40,2.40,4.00,2.80
11420,9.00,5.2,0.90,0.90,3.50,3.40,0.50
11421,7.50,42.0,54.00,0.30,2.40,1.80,3.40
11422,8.30,2.0,0.60,0.60,2.50,3.80,1.70
11423,,1.4,0.10,0.30,3.20,2.50,3.60
11424,10.10,84.0,48.00,0.00,5.80,2.20,3.90
11425,9.50,360.0,66.00,0.40,1.00,3.00,2.50
11426,9.40,120.0,0.00,,2.00,0.70,3.00
11427,9.00,126.0,24.00,72.00,2.00,3.00,1.00
11428,8.30,300.0,6.00,0.70,2.50,5.00,1.00
11429,11.90,1.8,1.20,0.00,1.00,2.10,4.00
11430,8.00,180.0,84.00,72.00,2.50,5.40,1.60
11431,8.50,3.4,1.40,1.70,2.40,1.60,2.00
11432,10.50,1.5,0.90,0.30,4.00,1.00,2.50
11433,11.50,264.0,54.00,24.00,1.00,1.50,3.50
11434,9.50,5.0,0.60,0.40,2.90,4.40,0.50
11435,11.50,0.5,0.30,0.30,2.50,0.00,4.50
11436,8.60,3.8,1.60,0.00,2.30,3.30,2.10
11437,8.50,4.8,0.60,1.30,0.50,2.50,3.50
11438,9.50,1.5,0.00,0.00,2.50,1.00,2.30
11439,8.20,,0.20,1.00,2.00,2.50,2.00
11440,10.00,2.0,0.90,,1.00,3.50,3.20
11441,9.40,0.9,0.40,0.70,2.20,1.00,3.50
11442,10.00,3.0,0.40,0.60,2.70,2.70,2.00
11443,9.00,4.3,1.30,1.30,0.00,4.00,2.50
11444,10.00,12.0,48.00,0.00,2.90,2.80,3.20
11445,9.40,1.8,0.60,0.50,2.00,3.40,4.50
11446,8.90,1.8,1.90,0.80,4.00,3.00,3.00
11447,11.20,3.5,0.00,1.10,1.80,2.50,3.60
11448,9.50,2.0,0.00,0.40,3.00,1.00,4.00
11449,10.00,54.0,0.00,0.00,4.00,3.00,2.90
11450,10.00,3.5,0.80,0.60,1.80,3.10,2.30
11451,10.30,4.0,1.70,0.40,1.80,2.00,3.00
11452,12.70,18.0,48.00,6.00,3.50,0.70,2.50
11453,9.00,not recorded,0.60,0.50,3.80,1.50,2.00
11454,8.50,3.0,1.10,0.90,1.50,2.90,
11455,8.90,276.0,30.00,24.00,2.40,5.00,1.10
11456,9.00,,78.00,72.00,0.50,5.40,1.00
11457,11.00,0.5,0.90,0.30,4.00,0.70,2.70
11458,8.50,5.5,1.40,1.40,2.50,4.50,0.30
11459,9.50,2.5,1.20,0.00,5.00,,3.00
11460,11.30,1.5,0.20,0.00,2.30,0.50,3.50
11461,9.80,1.6,1.10,0.80,2.10,0.40,1.80
11462,8.00,3.7,0.80,1.80,1.50,,1.00
11463,7.30,2.5,0.20,1.10,0.60,1.00,2.00
11464,11.00,2.5,1.10,0.20,4.50,2.50,2.90
11465,10.10,5.1,0.50,0.20,1.00,2.50,3.00
11466,10.60,5.0,,,2.80,2.00,2.50
11467,9.50,0.0,0.80,0.40,2.00,1.10,
11468,11.00,2.3,0.70,0.30,2.00,1.60,4.50
11469,10.70,1.0,0.20,0.50,4.00,,1.70
11470,8.50,,1.20,0.00,1.00,3.90,2.50
11471,10.00,1.0,0.10,0.20,3.50,,
11472,10.00,2.0,0.50,,2.00,2.50,1.50
11473,8.40,5.6,0.90,1.40,1.00,3.20,3.20
11474,11.00,138.0,54.00,12.00,1.50,2.90,3.70
11475,9.50,2.5,1.40,0.50,3.00,2.50,4.10
11476,9.50,3.4,1.30,1.40,1.00,2.20,2.40
11477,9.50,264.0,0.00,0.00,2.50,4.50,2.50
11478,11.90,0.0,0.00,0.10,2.50,0.20,5.50
11479,10.00,0.0,0.00,0.20,3.50,0.90,3.40
11480,,3.5,0.80,0.60,4.90,2.00,
11481,10.00,3.0,1.00,0.50,,1.50,3.50
11482,8.30,,0.20,1.80,3.50,2.40,1.50
11483,7.60,4.8,0.30,0.70,2.20,3.70,3.30
11484,9.60,180.0,0.00,0.40,1.40,2.10,4.50
11485,,3.3,0.60,0.30,2.00,2.70,3.00
11486,8.20,300.0,30.00,0.80,2.10,5.50,0.00
11487,9.20,2.5,1.20,0.00,3.20,0.50,5.50
11488,9.50,204.0,36.00,36.00,1.40,3.00,2.00
11489,8.50,4.3,1.10,1.20,1.90,4.00,2.00
11490,8.00,2.9,0.20,,1.30,4.50,1.60
11491,8.00,5.0,0.90,0.40,2.20,2.50,3.00
11492,9.30,3.3,0.70,0.40,2.00,3.00,2.30
11493,10.90,2.8,1.10,0.00,1.50,2.30,3.00
11494,8.00,6.5,0.30,0.90,2.10,3.00,2.00
11495,10.50,5.0,1.00,1.10,1.10,2.50,1.50
11496,9.50,210.0,6.00,48.00,1.50,2.00,0.30
11497,9.50,6.5,0.90,0.60,1.00,,1.50
11498,9.20,240.0,0.00,1.00,2.00,2.00,3.50
11499,9.00,3.5,0.40,0.90,1.10,2.00,3.50
11500,10.30,150.0,18.00,0.00,3.50,,5.30
11501,10.30,3.0,1.20,0.00,2.50,3.00,3.90
11502,10.50,2.6,1.00,0.00,3.20,1.90,2.90
11503,8.10,7.5,0.70,1.40,,3.50,0.20
11504,9.80,1.5,0.30,0.00,3.30,0.00,5.20
11505,10.50,4.2,0.00,0.00,3.90,2.00,3.00
11506,9.10,,0.40,0.40,4.10,1.60,2.50
11507,12.00,0.0,1.60,0.30,4.70,0.00,4.90
11508,8.50,2.5,0.20,0.60,2.00,1.60,3.50
11509,10.00,2.5,0.70,0.00,2.30,2.40,3.20
11510,9.00,210.0,66.00,0.00,4.50,1.10,2.50
11511,9.30,4.6,1.40,0.00,1.00,0.50,
11512,8.00,5.7,0.50,1.70,3.00,2.00,1.30
11513,9.30,2.6,0.60,0.20,2.00,,
11514,11.00,240.0,24.00,18.00,3.00,1.50,4.00
11515,11.10,,,0.10,3.00,1.40,4.00
11516,10.00,4.0,0.30,1.90,2.10,3.20,2.00
11517,11.50,4.0,,0.70,1.30,1.50,4.00
11518,8.50,2.2,0.00,0.70,1.30,1.60,2.00
11519,8.00,54.0,0.00,1.40,1.50,3.50,
11520,7.50,186.0,12.00,0.10,2.00,2.00,2.80
11521,7.70,1.4,,0.30,2.50,2.00,2.00
11522,10.10,2.3,1.60,0.80,1.40,2.10,3.90
11523,8.50,5.2,0.50,0.00,1.20,3.10,3.00
11524,11.00,,48.00,24.00,2.00,0.90,3.60
11525,10.00,5.1,0.40,1.10,2.50,3.20,0.00
11526,9.50,,0.00,0.00,2.50,3.00,4.60
11527,10.50,2.0,0.10,0.00,2.30,2.00,
11528,9.80,5.2,1.00,0.00,1.30,3.50,3.00
11529,11.00,2.5,0.80,1.00,,0.90,3.00
11530,,2.0,,0.20,2.00,2.00,2.10
11531,9.80,,0.80,1.40,1.10,,2.00
11532,,3.6,0.10,0.20,3.50,1.90,2.70
11533,10.00,90.0,,0.00,6.40,0.50,4.50
11534,10.70,4.3,0.00,0.30,1.60,2.50,1.80
11535,10.00,,54.00,0.00,3.50,1.00,7.50
11536,9.50,2.0,0.70,1.30,1.20,3.20,3.90
11537,8.40,TBD,54.00,72.00,2.10,4.00,2.60
11538,10.50,2.2,0.00,0.50,,2.40,2.00
11539,7.70,,0.40,2.50,3.30,4.00,1.90
11540,11.00,66.0,42.00,0.10,0.50,2.00,3.40
11541,10.00,4.0,2.50,0.40,1.50,3.00,2.50
11542,8.20,,0.90,0.00,1.20,4.50,4.00
11543,11.50,1.5,0.00,0.40,2.50,1.90,3.50
11544,,3.3,1.20,0.30,1.20,4.70,
11545,10.00,,0.50,2.70,3.00,,1.50
11546,10.80,4.1,1.50,0.10,1.50,3.60,1.50
11547,9.80,36.0,24.00,42.00,2.00,2.30,3.50
11548,8.20,330.0,84.00,1.20,0.80,3.50,0.40
11549,11.00,4.0,0.10,0.20,3.00,3.00,2.00
11550,,2.0,0.20,0.00,4.20,3.60,3.50
11551,11.30,5.5,0.00,0.30,1.10,3.40,1.90
11552,10.40,3.8,0.50,,0.20,0.00,3.50
11553,8.50,1.0,0.80,0.20,3.00,1.30,4.50
11554,11.10,2.5,0.60,0.10,,,2.10
11555,10.80,not recorded,54.00,6.00,2.50,2.40,3.00
11556,8.30,6.5,0.30,0.80,0.50,4.30,1.80
11557,11.00,5.0,0.90,0.90,2.00,1.50,
11558,8.40,not recorded,78.00,96.00,2.40,4.50,0.70
11559,9.00,3.1,0.50,0.10,2.50,,1.70
11560,8.80,270.0,42.00,30.00,1.70,4.00,1.80
11561,10.50,360.0,18.00,0.00,1.70,,3.00
11562,7.50,1.6,0.50,2.10,2.00,2.10,2.00
11563,8.20,,96.00,,1.50,3.00,2.50
11564,9.00,1.5,0.00,0.60,,2.60,4.30
11565,,6.5,1.00,1.00,1.50,4.00,1.00
11566,8.00,1.9,0.60,0.50,2.00,2.80,1.00
11567,10.00,6.5,0.50,1.00,0.60,3.20,0.30
11568,8.00,402.0,18.00,42.00,1.30,4.20,1.90
11569,9.80,5.0,1.00,0.70,,3.40,2.40
11570,10.30,2.6,0.20,0.00,2.50,2.50,1.50
11571,8.00,3.5,0.20,,2.50,0.00,2.50
11572,8.50,,0.20,0.40,1.00,1.50,3.00
11573,,2.0,0.20,0.30,1.50,3.50,4.00
11574,10.00,0.9,0.80,0.10,4.00,2.00,3.50
11575,,1.3,0.40,0.50,3.00,2.00,2.00
11576,10.00,4.0,1.00,0.00,1.00,2.00,4.00
11577,8.60,,24.00,54.00,0.00,3.50,2.80
11578,9.60,240.0,66.00,0.00,1.40,2.50,2.00
11579,,270.0,72.00,66.00,,2.50,2.60
11580,9.50,5.1,0.00,0.40,0.90,4.60,2.50
11581,8.40,1.5,2.00,0.60,3.40,4.60,0.00
11582,8.90,,1.00,0.80,1.50,2.50,2.30
11583,11.50,3.9,0.50,0.40,1.40,3.50,2.00
11584,10.00,1.0,0.10,0.30,5.00,3.00,2.80
11585,7.80,5.0,1.40,2.20,1.50,4.30,1.00
11586,9.90,54.0,42.00,18.00,2.40,2.00,4.50
11587,7.50,4.8,0.60,,1.00,6.50,1.20
11588,11.00,2.5,0.80,0.50,,2.50,3.60
11589,7.90,,0.00,84.00,1.50,3.00,2.00
11590,10.60,120.0,48.00,0.00,3.00,1.00,1.00
11591,10.50,1.0,0.50,0.60,3.50,3.10,4.20
11592,11.10,270.0,30.00,6.00,1.60,2.00,3.50
11593,8.50,270.0,66.00,1.80,2.00,2.40,2.40
11594,11.10,4.3,0.70,0.00,0.50,1.50,3.50
11595,11.00,3.1,1.10,0.80,2.00,,3.00
11596,8.80,3.5,0.90,0.40,1.50,3.80,1.50
11597,8.00,4.8,0.90,1.80,,5.50,0.00
11598,10.90,2.3,0.40,1.30,3.60,2.50,2.40
11599,10.00,2.4,0.90,0.60,6.00,2.50,2.80
11600,9.50,4.6,1.00,1.30,2.00,4.00,1.00
11601,9.70,300.0,30.00,0.00,1.00,3.00,
11602,8.40,1.5,0.70,0.60,1.10,4.20,0.10
11603,8.10,1.5,0.50,1.70,,2.00,3.00
11604,,7.3,0.30,0.40,1.90,2.50,0.00
11605,9.00,186.0,18.00,0.90,3.60,0.10,5.30
11606,9.80,2.6,1.20,0.00,2.80,2.00,3.50
11607,9.50,4.6,,1.70,,3.40,0.50
11608,8.60,420.0,84.00,12.00,,2.00,2.40
11609,9.00,2.8,1.30,0.20,,3.50,3.70
11610,7.20,5.5,1.30,,2.00,3.50,1.30
11611,9.00,<1,0.40,0.40,3.00,5.00,1.00
11612,10.30,3.5,,0.00,1.20,3.00,2.70
11613,10.40,12.0,24.00,0.00,5.50,0.30,5.50
11614,10.00,2.5,0.00,1.00,1.70,2.50,3.30
11615,9.00,90.0,42.00,12.00,2.50,0.00,3.50
11616,10.60,3.1,0.20,0.40,1.50,3.00,2.00
11617,9.90,4.5,0.70,0.60,3.00,2.50,3.10
11618,11.50,2.0,0.40,0.00,1.50,0.00,2.50
11619,12.00,<1,0.30,0.20,2.60,1.50,5.00
11620,9.00,4.0,1.10,0.30,2.50,3.00,3.30
11621,,,0.00,0.20,1.50,0.00,5.40
11622,10.00,2.6,1.00,0.10,4.00,3.00,3.80
11623,9.50,180.0,48.00,48.00,1.00,2.40,2.80
11624,9.50,5.5,0.00,0.10,0.00,1.90,2.30
11625,10.50,1.7,1.00,0.10,2.00,1.20,5.00
11626,9.40,2.0,0.10,0.40,1.50,2.40,1.30
11627,9.10,4.0,0.90,1.30,2.70,0.80,2.10
11628,9.50,270.0,6.00,1.40,1.40,3.40,3.00
11629,9.50,2.6,1.20,0.80,2.00,1.10,3.80
11630,9.90,3.4,0.00,0.40,1.60,3.00,1.10
11631,10.00,54.0,72.00,6.00,0.90,3.80,
11632,9.50,240.0,30.00,48.00,0.70,1.50,2.10
11633,9.00,>60,1.00,1.50,0.70,3.30,1.00
11634,,4.0,0.90,0.60,1.50,4.50,2.90
11635,9.30,3.3,0.20,0.60,4.10,2.10,1.50
11636,9.00,1.5,0.30,1.00,1.40,3.10,
11637,9.00,1.1,0.00,0.00,4.50,2.50,2.00
11638,10.00,2.2,0.00,0.00,3.40,2.80,2.70
11639,10.00,2.2,0.30,1.60,2.50,1.60,4.30
11640,8.20,360.0,0.00,,2.00,3.50,3.30
11641,12.20,2.0,0.70,0.30,5.50,1.00,3.50
11642,9.50,2.5,1.20,0.40,2.90,1.60,3.70
11643,10.40,1.0,0.50,0.30,2.20,1.00,3.50
11644,10.00,1.3,0.00,,1.00,,3.00
11645,11.30,210.0,30.00,24.00,2.50,2.00,3.50
11646,9.70,2.9,0.80,0.60,1.60,3.00,2.90
11647,8.80,6.0,1.80,1.80,0.00,2.00,3.00
11648,7.60,4.0,0.70,0.50,,4.90,
11649,9.70,180.0,36.00,12.00,1.20,3.10,
11650,9.10,3.0,0.20,0.70,3.00,1.50,2.50
11651,7.10,270.0,6.00,60.00,2.60,3.60,2.00
11652,9.70,--,0.90,0.00,3.30,2.50,3.00
11653,10.50,4.7,0.40,0.20,1.40,2.70,3.50
11654,8.00,2.5,0.60,0.40,3.00,3.00,2.00
11655,8.00,3.8,0.60,,1.80,3.00,2.00
11656,9.50,4.6,0.70,0.30,1.00,3.30,2.90
11657,8.00,4.5,1.40,1.80,1.50,3.30,0.00
11658,10.80,3.5,0.80,1.00,1.50,2.60,
11659,10.50,3.1,0.70,0.70,4.00,1.40,3.00
11660,9.60,42.0,54.00,0.00,4.00,3.30,5.00
11661,9.00,0.0,0.30,0.40,4.50,0.90,3.50
11662,7.50,270.0,12.00,,0.50,3.30,0.00
11663,8.70,3.5,1.10,1.00,,2.30,1.00
11664,8.50,5.0,,0.50,0.60,3.00,3.00
11665,7.90,210.0,90.00,114.00,4.50,3.00,3.00
11666,9.50,2.3,1.00,0.80,3.00,,4.50
11667,9.70,270.0,102.00,1.30,1.00,3.50,1.70
11668,10.00,n/a,0.40,,2.00,1.80,3.50
11669,9.50,3.8,0.80,0.60,0.50,3.50,2.50
11670,8.30,3.4,0.60,0.70,3.30,3.90,
11671,9.00,3.0,1.00,0.00,1.50,2.50,1.50
11672,10.00,0.5,,0.30,3.50,1.50,3.00
11673,9.10,2.5,0.50,0.00,3.50,1.50,3.50
11674,11.00,126.0,42.00,54.00,,0.50,2.60
11675,10.10,1.1,0.50,0.90,3.50,2.50,
11676,9.00,4.0,0.40,0.50,5.40,3.50,2.00
11677,9.50,216.0,90.00,42.00,2.10,2.10,2.80
11678,10.30,126.0,36.00,0.00,5.00,0.50,3.00
11679,9.00,1.0,1.70,0.20,2.50,4.00,3.80
11680,11.00,0.0,0.90,0.40,1.50,2.50,2.10
11681,10.10,120.0,42.00,0.00,1.50,3.50,1.20
11682,7.70,3.5,0.50,2.30,1.00,4.50,1.40
11683,9.50,3.2,0.20,0.50,,3.00,
11684,8.70,4.5,1.40,1.30,2.90,3.00,2.00
11685,11.10,4.4,,0.00,1.40,2.50,0.00
11686,10.20,3.5,0.60,1.00,2.00,2.50,2.00
11687,10.50,1.5,0.00,0.00,2.50,,3.00
11688,10.50,162.0,102.00,1.00,3.50,1.70,3.50
11689,9.30,240.0,78.00,0.80,0.50,4.30,1.50
11690,10.50,,,0.30,1.70,2.00,3.50
11691,11.60,3.6,0.50,0.50,1.00,1.00,3.80
11692,11.70,<1,0.00,48.00,1.00,2.70,2.10
11693,10.50,66.0,0.00,0.30,2.50,1.00,3.00
11694,9.40,3.0,0.50,0.00,4.50,2.50,4.90
11695,10.30,6.2,1.80,0.00,1.00,2.50,
11696,8.10,3.0,0.60,0.40,3.00,1.50,3.70
11697,10.40,2.0,1.00,1.00,5.70,0.00,4.50
11698,8.00,n/a,0.80,0.80,5.00,3.50,1.60
11699,11.50,,24.00,0.00,2.10,1.70,3.80
11700,,1.0,0.30,0.60,2.00,3.50,4.50
11701,11.00,114.0,24.00,12.00,1.80,2.50,2.00
11702,9.40,4.1,1.60,0.90,2.50,2.50,2.60
11703,8.50,1.2,,0.40,2.00,3.00,
11704,10.00,7.0,,1.00,0.00,3.50,1.60
11705,10.50,180.0,90.00,12.00,1.70,3.90,
11706,,3.8,0.00,0.40,,2.60,3.30
11707,,,18.00,60.00,0.50,3.00,2.50
11708,8.70,300.0,0.00,1.30,1.40,4.50,2.00
11709,8.50,2.7,1.30,0.40,4.50,2.10,0.60
11710,9.00,3.0,0.80,0.70,5.80,2.90,3.00
11711,10.50,2.8,0.90,0.40,3.00,2.50,3.00
11712,10.10,3.4,,0.20,2.80,1.70,2.50
11713,8.60,2.0,1.80,0.30,2.00,2.50,2.00
11714,8.50,4.2,1.10,1.30,1.60,,0.70
11715,8.40,5.0,1.30,0.30,3.00,1.50,3.50
11716,10.00,1.5,0.60,0.20,2.40,,2.50
11717,10.90,2.5,,0.00,2.60,1.50,3.70
11718,9.00,180.0,42.00,12.00,3.10,2.80,3.00
11719,11.80,48.0,102.00,0.20,3.90,0.00,4.40
11720,8.50,1.5,0.60,0.00,3.90,2.30,2.40
11721,,3.0,,,1.70,5.00,2.20
11722,9.70,4.0,0.00,,5.20,2.60,3.30
11723,8.50,3.3,0.60,0.00,3.50,2.70,3.00
11724,9.50,4.1,1.40,1.50,1.50,3.60,1.90
11725,10.20,1.4,1.00,0.00,3.50,2.80,3.50
11726,12.60,60.0,12.00,0.00,2.90,1.80,4.10
11727,,210.0,0.00,0.00,2.10,2.50,2.80
11728,10.90,5.5,0.20,0.00,1.00,2.00,3.00
11729,9.00,--,0.00,0.00,,3.50,3.00
11730,9.80,3.0,0.20,1.00,2.50,2.20,2.70
11731,9.20,384.0,48.00,0.20,1.40,1.90,
11732,7.00,not recorded,1.00,0.90,1.60,5.00,1.70
11733,10.20,0.0,0.00,0.00,4.90,1.60,4.30
11734,9.00,174.0,0.00,36.00,3.00,3.00,3.00
11735,9.20,342.0,24.00,0.00,1.30,3.00,2.50
11736,9.50,4.5,0.50,0.80,4.50,3.30,1.70
11737,9.60,72.0,18.00,0.00,5.50,,1.50
11738,8.90,0.0,0.90,0.20,3.30,0.00,4.50
11739,9.80,1.3,,0.50,4.50,2.00,0.10
11740,10.30,3.7,0.90,0.00,1.00,,4.70
11741,8.20,5.0,1.60,2.50,2.00,2.70,1.80
11742,8.60,,,0.90,0.50,3.50,2.80
11743,9.00,4.0,0.00,0.00,1.40,2.00,2.50
11744,10.20,3.0,0.10,0.50,3.00,,3.00
11745,8.20,186.0,,0.90,1.50,3.50,2.90
11746,9.30,306.0,42.00,96.00,1.00,3.60,1.90
11747,8.80,2.5,0.90,0.00,1.70,3.50,3.50
11748,7.80,186.0,54.00,30.00,4.20,4.20,2.00
11749,9.10,6.0,0.50,0.50,0.40,3.00,
11750,9.60,2.9,1.50,0.40,3.50,,3.50
11751,10.00,120.0,12.00,84.00,2.50,,4.00
11752,11.00,114.0,24.00,,2.40,1.50,2.50
11753,11.20,,0.80,0.00,1.50,1.10,4.00
11754,9.20,2.5,0.80,1.20,0.30,1.00,4.70
11755,9.10,5.2,1.80,0.00,3.00,2.10,2.10
11756,9.50,4.5,0.60,0.00,2.00,3.40,2.80
11757,,300.0,30.00,12.00,1.40,1.50,2.60
11758,9.20,276.0,30.00,0.50,2.20,3.20,3.00
11759,9.50,<1,6.00,6.00,0.50,3.00,2.50
11760,8.00,0.8,0.80,0.50,3.00,2.70,2.50
11761,9.50,4.2,0.60,0.40,1.00,2.00,3.50
11762,8.10,6.6,0.70,1.10,2.50,4.00,0.50
11763,10.00,150.0,48.00,0.00,,1.20,4.00
11764,10.80,>60,0.40,0.60,0.80,3.00,2.50
11765,7.90,210.0,54.00,36.00,2.50,4.20,1.50
11766,,150.0,0.00,0.40,1.00,1.00,4.40
11767,9.10,2.0,1.10,0.30,1.90,2.10,3.20
11768,11.00,1.0,0.50,0.00,3.50,0.80,3.00
11769,9.50,2.5,0.10,0.80,3.00,1.00,4.00
11770,9.30,150.0,108.00,48.00,3.30,2.50,3.50
11771,9.00,330.0,84.00,96.00,1.50,3.70,1.00
11772,,0.8,1.00,0.40,1.50,3.40,3.90
11773,12.50,1.7,,0.00,2.00,,3.80
11774,11.80,1.7,0.10,1.10,2.30,1.60,2.50
11775,12.00,1.7,0.60,0.60,2.50,2.00,3.40
11776,10.20,0.0,0.50,0.10,1.00,0.90,4.60
11777,10.00,246.0,,0.70,3.60,2.00,1.50
11778,7.50,5.6,0.90,0.50,3.30,3.50,2.30
11779,10.70,0.9,0.00,0.20,1.00,3.50,2.80
11780,9.50,2.5,0.50,0.10,2.00,1.50,2.50
11781,9.50,>60,0.80,2.40,0.90,2.70,1.40
11782,10.00,4.0,,1.10,3.00,2.40,
11783,10.80,,0.70,0.70,3.00,3.00,0.90
11784,10.50,1.8,1.00,0.30,1.90,2.00,4.20
11785,10.50,n/a,18.00,0.00,1.40,1.10,4.00
11786,11.10,300.0,42.00,18.00,1.00,3.00,2.50
11787,9.50,3.5,0.40,1.70,2.70,3.00,2.50
11788,11.00,0.5,0.00,0.30,2.00,1.20,3.50
11789,8.50,6.0,0.70,2.20,0.00,3.50,2.80
11790,8.10,3.5,1.40,2.00,1.40,2.30,2.60
11791,7.50,4.0,0.70,1.90,1.30,2.20,0.30
11792,10.30,<1,0.00,0.60,5.00,1.00,3.50
11793,11.00,1.3,0.20,0.00,2.10,1.00,3.40
11794,10.00,3.6,0.70,1.30,1.50,3.90,2.50
11795,9.50,96.0,30.00,0.50,1.00,5.00,
11796,9.60,4.5,0.30,0.00,2.00,2.40,3.20
11797,11.00,0.0,0.40,0.00,6.00,2.00,3.50
11798,11.90,150.0,12.00,12.00,1.50,2.00,4.50
11799,10.00,372.0,60.00,0.70,1.50,1.50,2.70
11800,8.40,3.4,0.60,2.10,3.00,2.90,3.00
11801,8.20,,1.20,,2.00,,2.50
11802,9.50,30.0,12.00,0.00,2.50,4.00,3.40
11803,10.00,2.5,0.70,0.00,1.60,3.50,3.50
11804,,3.8,,1.10,1.80,,0.70
11805,7.00,7.5,0.40,0.70,1.50,3.00,2.70
11806,9.00,4.8,0.90,0.10,2.50,2.00,3.00
11807,7.60,,162.00,96.00,7.20,2.10,2.90
11808,9.70,5.4,0.80,1.20,1.50,1.50,2.00
11809,10.10,0.0,36.00,36.00,4.50,1.50,3.90
11810,8.30,3.2,1.00,0.50,3.00,3.20,3.00
11811,10.00,90.0,6.00,1.20,3.50,0.90,3.00
11812,9.50,288.0,,0.00,2.70,0.50,2.70
11813,,2.6,1.90,1.20,0.50,2.50,
11814,,2.1,1.00,0.40,1.70,2.40,2.80
11815,8.50,2.7,,0.70,3.20,3.50,1.70
11816,8.80,126.0,6.00,78.00,,3.30,3.60
11817,10.00,2.0,0.30,0.90,3.40,0.10,3.00
11818,11.00,1.5,1.10,0.00,3.50,0.50,4.70
11819,8.00,3.0,1.10,1.40,,4.50,1.30
11820,8.30,408.0,48.00,90.00,1.50,3.00,2.20
11821,8.90,,108.00,6.00,0.70,3.00,4.20
11822,8.50,4.5,0.80,0.40,1.70,1.90,2.00
11823,8.50,,102.00,108.00,2.40,2.50,2.70
11824,9.80,5.1,0.90,0.70,1.00,3.80,1.70
11825,10.00,not recorded,1.20,1.10,5.90,3.00,2.70
11826,9.50,270.0,30.00,138.00,1.00,3.50,1.60
11827,9.90,3.0,0.00,0.00,2.00,2.00,4.20
11828,10.40,1.9,0.00,0.00,5.00,2.50,4.00
11829,8.80,48.0,108.00,6.00,3.00,2.50,4.80
11830,11.50,1.0,0.70,0.30,4.50,1.50,3.00
11831,10.70,4.5,0.70,1.30,2.00,3.00,2.00
11832,9.00,5.5,0.40,1.20,2.60,4.00,1.40
11833,,1.5,1.30,1.00,2.50,2.40,4.00
11834,10.10,2.8,1.50,0.00,2.50,2.00,2.40
11835,9.00,60.0,0.00,90.00,5.00,3.30,3.90
11836,8.50,30.0,18.00,0.20,,1.50,3.00
11837,9.10,1.4,0.50,0.40,1.90,1.80,1.50
11838,9.40,3.0,0.10,0.00,1.00,1.20,3.00
11839,10.80,3.0,0.00,0.40,1.00,3.00,3.00
11840,10.50,4.5,0.00,0.10,1.50,3.50,2.70
11841,10.50,270.0,36.00,42.00,1.50,2.50,2.00
11842,7.50,4.8,0.30,1.00,1.00,3.80,0.50
11843,9.30,3.8,0.00,0.00,3.50,3.30,2.70
11844,11.50,2.0,1.20,0.00,,2.80,3.50
11845,10.00,228.0,36.00,66.00,3.00,2.90,2.00
11846,10.00,210.0,42.00,0.00,1.20,1.30,2.20
11847,8.50,114.0,108.00,84.00,,1.40,2.00
11848,9.50,1.5,0.50,1.10,5.00,2.50,2.00
11849,9.50,120.0,54.00,48.00,3.50,0.50,3.50
11850,,5.5,1.50,0.10,0.10,0.00,2.50
11851,9.40,5.2,1.00,1.40,2.10,3.50,1.00
11852,10.20,2.5,0.40,,3.00,2.50,1.40
11853,11.00,2.7,0.50,0.70,4.20,2.50,3.00
11854,9.00,2.4,0.00,0.20,4.20,2.40,2.50
11855,9.70,2.6,,0.00,2.00,3.00,
11856,8.70,7.0,1.00,0.60,0.00,,1.50
11857,9.50,6.0,0.40,,1.00,3.50,3.50
11858,9.50,30.0,54.00,66.00,6.10,2.00,2.40
11859,9.50,1.0,0.50,0.60,2.10,1.50,
11860,10.00,3.9,1.20,0.00,2.00,2.50,3.50
11861,9.90,2.5,0.30,0.30,3.90,2.50,3.50
11862,,4.9,1.60,0.20,1.50,2.00,2.50
11863,11.00,1.9,0.60,0.00,1.90,3.80,2.50
11864,8.70,>60,1.10,0.60,0.70,,3.30
11865,9.50,2.0,0.00,0.60,3.00,4.50,2.00
11866,8.50,390.0,12.00,0.70,1.50,5.20,0.80
11867,9.00,300.0,6.00,66.00,2.30,4.50,2.00
11868,8.10,5.8,0.20,0.30,1.70,5.00,0.10
11869,8.60,300.0,36.00,0.50,2.00,2.30,3.00
11870,,6.0,0.40,1.30,2.60,4.00,0.00
11871,9.00,1.5,0.50,0.40,4.20,1.00,2.00
11872,11.00,210.0,108.00,84.00,1.50,1.80,2.00
11873,9.90,6.5,0.90,0.00,1.60,2.40,1.50
11874,11.00,n/a,0.00,0.50,4.60,2.70,
11875,10.30,4.6,,1.30,1.70,2.80,2.10
11876,8.00,4.5,0.70,0.70,,3.40,2.80
11877,10.90,2.3,0.00,0.70,1.70,0.00,3.50
11878,,2.3,0.60,0.30,3.50,2.00,3.50
11879,9.10,318.0,0.00,54.00,2.30,4.00,1.70
11880,10.00,3.5,0.80,0.30,1.30,3.00,2.20
11881,8.10,3.0,0.20,2.20,1.90,2.40,2.80
11882,9.60,4.0,1.30,0.80,1.70,3.50,
11883,8.50,<1,0.30,0.00,2.50,2.00,2.00
11884,9.80,2.0,1.20,0.30,1.50,2.00,4.50
11885,10.40,270.0,30.00,0.00,2.90,3.00,2.50
11886,9.50,6.0,1.40,,2.20,1.20,3.50
11887,7.90,4.2,0.40,1.00,3.00,2.20,1.00
11888,8.50,4.2,0.90,0.50,2.30,3.00,3.30
11889,9.70,4.3,0.60,0.80,1.70,3.30,3.50
11890,9.10,258.0,42.00,54.00,4.20,,2.00
11891,8.80,2.0,0.70,0.00,3.00,1.80,
11892,9.50,>60,36.00,66.00,3.00,4.00,1.00
11893,10.00,3.1,0.90,0.00,2.00,1.30,3.50
11894,10.50,186.0,72.00,6.00,1.50,3.30,4.10
11895,8.90,1.7,1.10,0.20,4.50,0.00,3.20
11896,11.30,210.0,24.00,0.00,1.10,3.00,1.00
11897,11.50,2.0,0.80,0.00,3.80,1.90,4.40
11898,8.80,2.5,0.50,0.00,2.50,3.70,1.60
11899,8.60,210.0,72.00,18.00,1.90,4.00,2.50
11900,9.50,3.0,0.50,0.00,1.40,0.60,3.50
11901,9.50,3.5,0.70,0.90,2.50,2.50,1.40
11902,10.50,,0.30,0.40,1.50,0.50,4.30
11903,8.50,5.5,0.70,1.40,2.00,3.00,2.40
11904,9.70,1.8,0.60,0.10,6.20,,2.90
11905,10.00,1.0,1.00,0.00,3.50,2.90,5.00
11906,8.30,3.0,0.80,0.00,2.00,3.00,2.50
11907,9.20,2.0,,0.20,2.50,1.50,2.50
11908,9.60,4.9,0.60,0.20,2.50,2.30,2.80
11909,11.30,0.0,60.00,30.00,2.80,0.50,1.80
11910,10.00,,48.00,0.00,3.00,2.60,2.50
11911,8.10,3.5,0.70,1.20,1.90,5.50,1.10
11912,10.00,3.5,0.60,0.50,4.90,3.00,2.80
11913,9.80,3.1,0.40,0.00,1.00,2.00,2.90
11914,9.50,5.3,0.40,0.50,4.40,3.20,1.00
11915,11.30,not recorded,0.40,0.30,0.50,2.00,3.50
11916,9.80,180.0,24.00,12.00,5.70,2.50,3.50
11917,11.00,5.5,0.50,0.40,0.50,3.00,2.00
11918,11.50,3.8,1.00,1.00,0.90,1.80,3.00
11919,9.00,3.0,,0.20,2.20,2.40,3.00
11920,10.00,2.0,0.70,0.10,2.80,1.70,
11921,9.50,,0.50,1.30,3.50,4.00,2.00
11922,7.50,4.4,,1.30,3.50,3.20,2.00
11923,10.00,2.5,0.70,,3.50,0.80,3.00
11924,8.50,330.0,,12.00,1.00,4.00,2.10
11925,8.80,3.0,0.40,0.60,3.40,,3.80
11926,9.70,3.1,1.10,0.40,,3.50,1.50
11927,9.70,1.5,0.00,0.60,2.40,2.50,2.50
11928,7.90,4.3,0.80,0.80,,4.80,0.40
11929,10.60,1.1,1.50,0.00,2.40,3.00,2.00
11930,8.00,120.0,24.00,,2.50,4.50,2.00
11931,8.40,324.0,42.00,30.00,2.50,4.50,0.80
11932,9.00,5.2,0.60,0.00,1.30,4.30,2.00
11933,10.00,2.5,1.20,0.30,5.00,3.70,2.50
11934,8.30,2.0,0.80,0.30,3.20,2.10,2.80
11935,9.30,1.6,0.00,,2.30,3.00,5.00
11936,9.80,4.2,2.10,1.60,,3.50,0.20
11937,8.50,108.0,66.00,42.00,4.40,0.50,3.00
11938,,3.5,1.00,0.30,1.20,,2.50
11939,,2.9,0.50,0.90,2.50,4.00,1.20
11940,10.80,2.0,0.70,1.10,1.70,2.00,4.50
11941,9.20,360.0,30.00,1.20,0.60,3.00,
11942,7.90,4.6,0.80,1.10,1.10,4.20,2.40
11943,11.50,4.6,0.60,0.00,1.30,2.90,2.00
11944,10.50,4.0,1.60,,2.50,2.60,2.40
11945,10.50,,0.90,0.90,3.00,0.00,4.90
11946,10.00,5.0,0.40,1.40,2.00,2.00,1.70
11947,9.90,144.0,0.00,0.80,2.20,3.50,1.70
11948,8.50,1.4,0.20,1.00,3.10,1.50,2.50
11949,9.20,2.9,0.70,0.00,1.00,3.80,2.60
11950,10.50,90.0,0.00,0.20,3.30,3.00,2.80
11951,10.50,300.0,114.00,0.00,1.40,2.50,2.00
11952,9.50,4.5,0.40,0.00,1.00,3.10,3.00
11953,9.30,3.9,0.60,0.40,2.10,3.20,1.50
11954,9.00,3.0,0.00,0.40,1.20,0.50,3.50
11955,8.50,2.5,0.80,0.30,4.00,3.50,
11956,,not recorded,0.60,0.20,3.80,1.50,3.50
11957,10.20,1.5,1.40,0.40,1.00,2.50,3.50
11958,7.80,2.8,1.90,1.10,4.20,3.70,1.20
11959,9.60,,1.40,0.00,3.00,3.50,2.80
11960,,186.0,48.00,1.40,,,1.50
11961,9.50,6.0,0.00,0.80,0.50,2.90,3.00
11962,,3.0,0.70,1.40,3.60,1.50,4.40
11963,10.10,3.5,1.00,1.60,1.00,3.00,3.50
11964,10.50,2.5,0.40,0.40,2.00,2.50,1.10
11965,11.00,0.0,0.70,0.20,2.30,3.00,4.20
11966,8.60,2.5,0.30,0.70,1.80,4.30,1.80
11967,10.00,2.7,1.00,0.50,4.10,2.50,2.00
11968,10.00,0.8,,0.60,3.50,1.50,3.20
11969,10.20,2.5,1.30,0.00,1.50,1.50,3.10
11970,9.00,2.0,0.50,0.40,,4.00,2.50
11971,9.00,>60,0.20,1.50,1.50,3.50,1.00
11972,8.50,3.2,1.10,0.00,2.50,2.20,3.30
11973,9.50,,0.10,0.20,2.00,3.50,3.40
11974,10.70,1.5,0.50,0.00,2.50,1.90,2.60
11975,8.00,3.0,0.90,2.00,2.00,2.50,0.50
11976,,3.0,0.50,0.00,2.50,0.50,3.10
11977,9.50,210.0,42.00,36.00,3.50,3.00,2.50
11978,9.00,4.5,0.90,1.90,1.70,3.00,2.80
11979,9.00,228.0,54.00,60.00,1.70,3.50,3.00
11980,11.00,2.0,0.90,0.60,2.00,1.50,4.60
11981,10.50,1.5,0.20,0.00,5.50,1.60,5.00
11982,8.50,3.3,1.80,0.50,3.00,4.50,2.00
11983,11.00,5.0,0.50,0.40,0.40,2.50,3.60
11984,,3.8,0.70,1.30,2.00,2.00,3.00
11985,9.50,120.0,0.00,0.00,1.70,0.90,1.50
11986,9.30,n/a,0.00,0.70,2.20,2.50,
11987,11.00,5.1,0.40,,1.90,2.80,2.00
11988,9.50,4.1,0.00,0.10,1.40,2.00,5.00
11989,9.50,1.0,0.10,0.30,2.00,2.00,5.00
11990,10.00,1.5,0.90,1.10,2.00,2.50,3.60
11991,8.50,4.9,0.70,1.00,1.90,4.00,2.00
11992,13.10,0.9,0.30,0.70,1.70,2.10,3.50
11993,9.20,2.2,1.10,0.20,1.10,,4.50
11994,10.90,2.0,0.10,0.00,1.30,3.60,3.40
11995,9.50,1.6,1.40,0.60,4.10,0.50,4.30
11996,8.80,4.0,0.70,,,3.90,1.50
11997,9.00,1.6,0.60,0.00,4.50,2.50,3.40
11998,10.50,3.8,1.90,0.00,2.90,2.50,1.90
11999,11.90,,1.30,0.00,2.50,3.50,1.80
12000,10.20,1.6,0.00,0.20,5.40,2.00,2.20
12094,11.50,1.9,0.50,0.20,1.90,2.00,3.20
12473,8.70,3.4,0.20,0.00,2.80,3.10,3.00
12063,10.20,3.9,1.00,,4.20,2.00,1.50
12095,12.50,5.9,,0.00,1.00,1.90,2.90
12507,8.20,4.3,0.30,0.60,3.00,4.40,1.50
12065,10.00,1.5,0.60,0.00,1.20,1.40,5.20
12085,10.00,3.5,0.50,1.30,1.00,5.50,3.50
12259,9.50,5.6,1.20,1.40,0.70,4.00,1.50
12377,13.00,2.3,0.50,,1.70,2.00,4.20
12162,10.50,6.9,0.00,0.30,0.40,3.20,2.30
12479,7.10,4.0,0.40,0.80,2.30,4.60,1.30
12280,12.50,1.2,,1.10,2.60,0.50,3.80
12495,10.50,6.0,0.80,1.20,2.20,2.50,
12045,7.50,2.2,0.70,1.40,,4.00,3.50
12022,10.00,2.0,1.20,0.80,2.30,5.00,1.90
12244,10.60,4.3,0.40,1.30,2.00,2.00,1.90
12490,8.00,3.5,0.20,2.50,2.50,2.00,3.10
12040,9.00,2.5,0.80,0.70,1.40,,2.50
12337,11.00,5.9,0.30,0.10,3.00,3.10,1.50
12118,9.80,1.5,1.30,0.30,2.70,,3.10
12196,11.20,2.0,0.40,0.50,2.50,2.60,2.50
12195,10.50,2.9,1.00,0.00,0.90,0.50,3.20
12371,10.00,6.0,0.50,0.00,0.80,1.80,3.00
12467,,not recorded,0.90,1.70,3.00,3.80,1.40
12223,10.50,1.0,0.30,0.00,3.00,1.70,2.00
12237,9.00,6.2,0.60,0.30,3.00,2.00,2.40
12225,8.80,7.7,0.40,0.10,0.40,2.40,2.80
12215,10.40,3.0,0.00,0.30,1.90,1.90,2.50
12091,9.60,3.0,0.20,0.00,1.50,1.00,1.90
12049,11.40,4.5,0.80,0.00,2.00,3.00,3.50
12155,7.20,4.5,1.00,1.60,2.50,4.00,1.30
12447,7.30,4.4,,0.60,2.00,3.20,3.30
12086,11.30,,1.60,1.20,0.80,2.50,2.50
12325,9.60,4.9,1.40,,2.30,3.90,0.00
12491,9.10,5.5,0.60,0.20,1.60,4.00,3.00
12439,10.50,2.1,0.70,0.70,4.50,2.50,2.70
12186,10.20,5.5,0.80,0.40,2.50,1.40,2.50
12058,8.50,3.0,0.50,1.70,0.70,3.20,1.00
12207,11.50,3.8,,0.20,4.00,1.20,3.00
12436,9.00,3.0,0.80,0.90,1.00,3.40,
12322,10.10,,0.30,0.60,4.00,3.00,3.00
12190,9.10,1.5,0.80,1.00,1.50,2.50,3.50
12110,10.20,1.6,0.20,0.20,2.50,1.40,6.40
12163,10.10,5.9,0.50,0.50,0.50,2.70,3.00
12417,,3.0,0.30,0.90,1.50,2.00,3.00
12456,9.70,3.5,0.10,0.00,1.50,3.50,2.90
12360,8.00,3.5,0.70,0.80,1.00,5.00,1.50
12397,10.40,3.9,1.10,1.00,4.50,1.90,2.70
12500,12.50,4.0,0.20,0.10,3.20,1.30,2.00
12238,11.10,4.7,0.40,0.00,4.00,0.50,3.50
12515,10.70,2.9,0.40,1.00,0.50,3.20,
12220,8.50,,0.90,0.00,3.50,2.50,5.30
12399,8.20,3.5,1.00,1.00,0.50,4.50,1.30
12386,9.10,TBD,1.70,2.30,1.60,2.50,3.20
12405,8.50,3.5,0.30,0.10,1.90,1.30,2.20
12440,9.30,1.5,0.80,0.30,2.80,0.50,5.50
12201,11.00,2.5,1.40,1.40,3.50,2.90,2.00
12331,11.50,2.0,0.70,0.40,1.60,2.90,0.80
12504,8.10,3.0,0.50,0.80,1.50,,1.90
12516,13.50,2.6,0.20,0.70,2.00,3.50,2.90
12034,,1.0,0.00,0.90,2.30,3.50,3.20
12258,10.20,2.0,0.90,0.30,3.50,2.50,2.10
12234,,1.2,2.00,0.00,2.50,0.00,3.10
12311,10.50,0.5,1.00,0.30,2.50,2.00,2.50
12388,9.00,n/a,0.40,0.40,2.50,3.30,2.50
12474,9.00,1.5,0.80,0.20,5.00,2.00,3.60
12304,9.60,3.6,0.80,1.40,1.50,2.50,2.00
12205,9.50,2.1,1.50,1.00,1.90,0.70,6.70
12010,10.00,6.0,1.70,0.90,1.00,5.00,
12339,8.10,2.8,1.00,1.60,2.90,1.80,1.00
12363,10.10,3.5,1.10,,1.60,1.50,4.00
12084,10.80,3.5,0.00,0.80,2.50,,5.50
12231,9.20,2.4,0.70,0.60,3.50,1.50,3.80
12286,11.20,2.9,0.80,0.00,2.20,2.00,1.50
12104,12.00,5.0,0.00,0.30,1.70,2.00,3.40
12461,10.70,2.1,1.80,0.80,3.90,1.40,3.40
12301,9.50,1.5,0.10,0.70,2.00,0.00,3.50
12032,9.50,0.0,0.80,0.10,2.10,2.90,4.10
12089,10.50,2.5,,0.70,1.00,4.00,1.50
12126,9.00,2.4,1.00,0.00,3.00,,3.30
12353,9.50,5.0,1.10,1.30,1.80,2.50,2.70
12160,10.20,2.5,0.00,0.30,3.50,1.50,3.50
12228,10.20,6.0,0.90,,0.80,4.00,1.40
12318,10.70,,0.50,0.80,2.00,0.60,3.00
12253,8.20,6.2,0.80,0.70,2.00,3.70,0.50
12132,8.50,n/a,1.00,0.90,1.70,3.40,2.00
12037,10.00,TBD,0.90,0.00,1.70,0.50,4.10
12087,11.30,2.0,0.90,0.10,4.00,1.00,2.80
12276,9.90,2.2,0.90,2.60,2.20,3.10,2.00
12383,11.00,3.5,1.30,0.00,1.50,2.50,2.60
12156,10.00,2.5,0.90,1.10,1.40,1.70,2.00
12229,10.40,0.5,1.80,1.80,2.00,2.60,2.50
12437,8.50,>60,0.10,0.00,4.60,1.00,3.30
12334,10.50,1.5,1.00,0.30,1.00,1.50,4.50
12222,9.60,3.4,0.90,0.70,2.00,2.50,2.70
12200,10.50,1.5,0.40,0.90,4.70,2.60,3.00
12387,8.50,0.7,0.50,0.00,1.50,0.00,3.50
12173,12.40,4.5,0.00,0.50,1.50,3.50,2.00
12165,8.40,3.8,1.10,2.00,0.00,2.00,2.70
12369,8.50,1.0,0.00,0.60,1.10,3.80,1.50
12536,11.90,2.5,0.30,0.40,,1.00,5.90
12159,10.30,2.5,0.00,1.10,0.50,3.20,2.20
12216,9.90,3.1,0.30,0.00,1.50,1.10,3.30
12338,10.00,,0.90,0.30,4.50,3.50,3.00
12209,11.60,2.5,0.30,0.10,,3.00,3.30
12342,12.00,4.5,,0.00,1.20,1.50,4.00
12406,13.00,4.0,0.00,0.20,1.50,1.70,
12249,11.00,2.4,0.40,0.60,3.00,2.70,2.90
12185,10.00,2.6,0.80,0.20,1.70,0.00,4.00
12392,9.10,>60,,2.00,7.00,4.00,2.20
12137,10.00,1.0,0.90,0.80,2.50,1.50,5.00
12140,,1.0,0.60,0.00,5.50,2.40,2.20
12525,9.40,6.5,0.60,1.60,1.00,4.00,0.70
12088,8.70,5.5,1.10,1.30,0.50,3.40,1.50
12005,8.80,3.3,0.70,0.80,,2.40,0.00
12450,10.30,2.5,0.10,1.20,1.50,2.00,5.70
12382,,6.2,1.20,2.30,0.00,3.00,1.40
12171,9.00,6.8,1.50,0.00,0.50,2.50,1.50
12306,10.80,>60,0.80,0.90,,1.00,2.50
12028,9.00,3.0,0.90,0.70,3.70,3.00,4.00
12457,9.50,3.2,0.40,2.20,1.50,1.70,3.00
12449,8.90,2.4,1.50,0.80,1.90,1.50,2.50
12470,9.50,4.9,0.70,0.60,3.20,6.30,1.40
12412,9.50,3.7,1.60,0.20,1.10,2.00,3.10
12359,,2.3,1.20,,4.40,3.60,
12391,11.30,2.4,0.70,0.40,3.60,,5.00
12133,11.80,3.5,,1.10,3.50,4.00,3.30
12519,7.90,4.5,0.90,1.90,1.80,3.20,0.50
12328,10.30,0.0,1.10,,4.50,2.00,3.50
12046,8.50,3.0,0.00,0.60,2.40,2.50,3.50
12343,8.00,not recorded,0.50,0.70,1.80,3.00,3.40
12138,10.80,,,0.30,2.00,0.00,3.80
12429,8.50,2.8,0.20,0.00,2.00,3.50,2.00
12041,9.10,4.1,1.20,,1.50,4.60,0.20
12319,12.00,1.0,0.90,0.50,,0.50,2.80
12385,12.00,0.0,1.50,,4.50,2.00,4.00
12305,10.00,0.0,0.40,0.00,2.00,2.50,3.00
12375,10.20,3.5,0.90,0.50,1.50,2.60,3.50
12430,9.10,6.5,0.90,0.90,1.50,3.40,3.00
12407,7.80,4.5,0.10,1.00,1.70,,1.70
12317,9.00,1.9,0.00,0.00,2.50,0.50,2.00
12001,9.40,4.0,0.80,0.00,2.80,2.60,2.00
12123,13.00,3.0,0.10,0.20,2.00,1.00,4.00
12431,9.50,2.7,0.70,0.20,2.50,2.00,4.20
12048,8.40,2.5,0.60,1.00,2.70,5.50,1.90
12293,9.50,3.0,0.60,0.60,1.60,4.60,2.50
12528,11.10,1.6,1.30,1.30,3.00,1.50,5.20
12498,6.40,3.5,1.10,2.10,4.50,3.60,2.50
12266,,2.9,0.80,0.00,1.30,1.00,2.80
12014,9.10,5.2,0.30,0.30,1.30,4.50,1.00
12107,11.80,5.0,0.50,0.60,0.50,2.20,2.50
12350,10.00,5.0,0.90,1.00,1.00,2.70,0.90
12312,8.50,0.5,0.20,0.60,2.00,3.20,3.50
12144,10.00,0.5,1.10,0.20,2.50,1.80,4.00
12299,9.50,2.5,1.70,0.50,4.70,1.70,3.10
12303,8.00,3.3,0.20,1.00,3.00,4.00,0.50
12078,11.60,,0.70,0.30,2.40,0.00,4.50
12184,8.00,2.0,,,3.20,0.50,5.50
12492,8.30,3.2,1.20,0.40,1.50,3.50,3.00
12310,8.00,7.4,0.20,1.20,1.50,3.40,1.10
12422,,0.7,0.30,0.00,3.90,3.00,4.00
12131,10.00,5.1,1.00,1.20,1.50,3.90,1.00
12210,8.60,1.0,1.30,0.50,5.20,1.40,3.60
12537,12.10,3.1,0.50,1.10,1.70,1.10,
12524,9.90,3.5,,1.00,2.00,4.40,2.00
12487,10.00,7.5,0.00,0.20,0.00,,2.00
12213,9.00,2.2,0.80,0.70,2.00,2.50,3.10
12166,8.50,,1.00,0.00,,1.90,3.40
12308,12.20,0.4,0.80,0.00,3.00,1.50,3.50
12149,7.80,2.6,,,2.50,,4.50
12460,,7.5,0.30,0.10,0.80,4.50,0.50
12486,9.50,5.5,0.70,0.30,2.00,3.50,2.70
12246,9.50,7.5,0.60,,0.00,3.00,1.60
12235,8.50,3.7,0.50,0.40,0.10,3.00,
12326,13.20,2.0,0.00,1.10,3.00,2.90,2.50
12153,11.20,1.5,1.30,1.30,2.90,1.50,
12284,10.20,2.5,0.50,0.20,3.00,2.00,3.00
12092,8.70,8.5,0.70,1.00,0.60,3.50,1.10
12017,10.60,3.0,1.30,0.10,3.00,2.50,4.50
12251,10.40,5.4,0.50,0.00,2.00,3.50,4.30
12116,9.50,2.5,0.30,0.50,1.60,2.50,2.00
12354,10.00,,,0.00,,1.90,3.00
12485,9.20,7.0,1.80,1.00,0.40,3.30,1.00
12182,8.50,4.5,0.40,1.20,2.50,1.50,0.00
12061,11.00,1.0,0.10,0.50,0.70,1.50,3.90
12252,10.20,1.7,0.80,0.80,2.30,0.50,4.00
12514,8.50,3.4,0.30,0.00,2.00,,1.80
12443,14.50,2.2,0.70,0.10,2.90,2.00,4.50
12199,10.00,1.5,0.40,1.30,2.50,1.00,3.00
12206,8.30,3.8,0.40,0.50,2.70,2.90,3.00
12164,9.00,3.5,1.00,0.20,1.50,2.90,3.40
12193,7.90,3.0,1.40,0.10,1.10,2.00,2.40
12419,10.10,,0.70,0.50,0.70,,0.50
12188,,2.8,0.00,0.00,6.40,2.50,3.40
12071,9.50,3.5,0.00,0.90,4.20,2.50,2.70
12277,9.00,2.0,1.00,0.50,0.70,3.50,2.00
12523,10.20,2.5,1.10,0.80,4.60,3.00,3.50
12323,9.00,5.5,0.60,1.30,2.00,2.60,2.60
12007,8.50,not recorded,0.00,0.00,3.70,3.10,4.00
12152,9.60,1.0,0.70,0.00,1.60,1.70,5.40
12327,12.00,2.6,1.20,0.00,2.00,1.00,4.50
12499,9.80,5.5,0.50,0.40,2.90,3.50,1.50
12263,9.00,6.0,1.00,0.20,0.80,2.50,5.40
12376,8.80,2.2,0.00,0.80,2.00,6.00,1.20
12532,9.00,6.7,0.00,0.00,3.80,2.30,2.50
12403,11.50,,0.00,0.30,5.80,0.50,2.10
12226,8.00,3.3,0.30,1.00,2.70,4.70,1.00
12191,12.20,1.5,0.80,0.40,3.00,0.00,3.50
12208,7.90,2.5,0.80,0.60,2.50,3.00,4.00
12030,8.00,4.0,0.70,0.80,1.70,3.50,2.00
12372,9.50,4.0,0.70,1.00,3.00,1.50,3.10
12264,10.00,1.0,0.70,0.30,3.80,2.00,3.60
12194,7.50,2.8,1.30,0.40,2.50,4.00,3.40
12204,8.00,6.5,0.00,0.70,1.00,3.20,2.80
12513,9.50,0.0,0.00,0.00,5.20,1.20,5.00
12355,11.50,3.5,0.70,0.00,0.70,1.60,
12257,8.40,n/a,0.70,1.00,6.50,,3.40
12135,10.50,1.1,1.30,0.70,,1.00,2.10
12106,8.00,,1.20,2.50,3.20,3.00,1.80
12031,7.50,4.2,0.90,0.80,1.90,4.40,1.70
12098,10.50,5.0,1.10,0.50,1.60,2.60,1.50
12167,9.00,5.3,0.50,0.70,2.50,4.50,1.50
12003,9.00,--,0.80,0.20,1.60,5.70,0.00
12120,8.50,2.0,0.80,0.00,2.80,,2.70
12013,9.50,2.4,0.90,2.30,0.90,2.50,0.80
12373,8.50,4.8,1.70,,1.00,3.50,2.00
12411,11.20,4.5,1.10,2.10,1.00,3.00,1.70
12077,11.20,2.0,0.90,0.00,4.20,3.10,2.20
12413,8.00,2.5,0.60,1.40,2.00,3.00,1.50
12072,11.50,4.0,0.00,0.00,1.50,3.10,3.00
12055,11.00,2.5,0.00,0.30,2.00,2.00,3.00
12192,,TBD,0.20,0.90,3.00,,4.50
12224,10.00,,0.60,0.00,2.00,,2.00
12435,12.50,2.1,1.70,,4.50,1.00,2.50
12352,10.00,3.0,0.00,,0.50,,2.80
12364,10.50,2.4,0.50,0.00,2.50,,4.50
12535,8.50,2.4,0.90,1.10,3.00,4.20,0.80
12503,8.80,<1,0.80,0.00,,5.00,1.50
12102,11.00,5.4,0.90,0.50,1.50,2.70,2.00
12384,9.50,4.0,0.80,0.30,,2.80,3.50
12349,12.10,4.0,0.20,0.10,2.00,2.00,4.20
12227,9.00,5.5,0.60,0.80,2.00,2.50,1.10
12039,8.50,1.9,0.00,0.00,1.60,0.70,3.50
12481,8.50,5.1,0.70,1.10,1.40,2.40,3.00
12398,9.00,4.3,0.10,0.00,2.30,3.80,3.50
12367,10.40,2.5,0.00,0.00,2.50,0.80,5.20
12464,12.20,3.0,1.20,0.20,1.60,1.00,3.70
12295,10.50,1.6,0.80,0.00,3.50,1.20,4.20
12270,9.60,1.7,0.60,0.80,1.50,,1.90
12008,11.60,2.0,1.00,0.30,2.50,4.50,4.00
12170,11.50,1.5,1.60,0.60,2.50,2.10,
12329,11.50,4.5,0.50,0.00,2.00,3.50,3.30
12265,9.60,6.0,0.00,0.00,,0.50,4.00
12075,7.50,2.9,1.00,0.80,3.00,3.40,3.50
12390,9.80,2.6,0.00,1.30,0.90,,2.50
12101,8.00,3.5,0.70,0.10,2.10,1.50,2.50
12177,9.00,,0.80,0.50,,1.20,2.90
12027,,2.5,0.80,0.30,5.00,2.90,4.70
12294,9.00,>60,0.90,1.60,2.30,,2.00
12103,12.10,0.7,0.10,0.30,2.50,2.70,3.40
12021,11.40,3.1,0.10,0.30,1.90,2.50,2.50
12396,11.50,2.0,0.40,0.00,1.50,2.00,3.50
12471,10.00,2.5,1.70,2.00,3.00,3.40,0.50
12020,7.80,5.0,0.20,1.60,2.10,3.70,3.90
12533,10.10,3.5,0.30,0.50,1.50,4.40,0.00
12416,8.50,6.7,0.90,0.30,0.00,3.10,2.70
12197,9.40,5.5,0.70,0.90,,2.80,1.80
12538,9.00,2.0,0.40,0.90,3.10,5.00,4.10
12047,10.40,3.7,0.40,0.00,1.50,3.90,3.00
12531,8.10,4.0,0.90,1.20,1.00,5.00,2.00
12534,9.60,6.5,,1.20,2.50,2.10,1.50
12348,9.50,1.5,1.20,0.50,5.40,,3.80
12340,13.00,3.0,1.00,0.50,,,2.40
12511,9.50,1.5,1.10,0.50,,2.70,1.50
12139,8.00,not recorded,1.50,1.50,2.00,6.10,0.00
12298,11.10,4.0,0.60,0.20,3.00,2.00,2.70
12108,11.00,0.0,0.40,1.00,2.20,4.50,3.00
12141,11.00,4.0,0.80,1.00,1.40,4.50,1.00
12214,9.70,3.3,0.10,0.40,3.00,2.50,2.60
12393,10.00,4.9,0.00,0.10,2.50,3.00,1.10
12510,8.60,3.0,1.20,1.20,1.50,3.40,1.00
12256,7.50,6.5,0.00,0.70,,4.00,0.90
12434,8.80,5.5,0.70,0.80,1.00,6.50,0.20
12025,11.00,0.0,1.80,0.00,5.00,2.50,2.80
12004,12.00,1.7,0.50,0.80,4.00,0.70,1.90
12012,9.50,4.3,0.00,0.40,3.60,4.00,2.10
12127,7.80,3.0,0.60,1.90,2.90,3.50,0.10
12462,10.00,<1,0.90,1.60,2.50,,1.00
12509,9.50,5.6,0.70,1.10,2.10,3.30,2.00
12099,8.00,5.6,0.40,0.00,0.00,3.50,
12180,9.00,3.2,,1.50,1.50,5.50,2.50
12493,9.10,3.0,0.30,0.90,3.10,3.50,2.50
12336,9.50,4.0,0.70,1.20,,2.90,2.50
12341,9.00,6.0,1.40,1.20,1.50,5.00,1.00
12356,,1.7,1.10,0.70,3.50,4.10,2.30
12029,10.80,,0.70,,2.50,2.00,3.60
12468,11.90,2.0,,0.00,2.20,,3.50
12125,10.30,1.7,0.00,0.80,,2.60,1.50
12496,10.50,2.0,1.60,0.00,3.20,1.50,5.00
12074,11.00,5.0,0.90,1.30,1.10,2.50,2.50
12452,8.10,2.0,0.30,0.00,3.50,,3.50
12158,10.50,4.7,1.10,1.70,1.00,4.40,1.00
12053,11.40,1.5,0.30,0.40,3.00,2.00,3.10
12079,8.00,2.7,,,1.50,4.50,3.00
12477,11.00,not recorded,1.50,0.10,3.50,3.00,3.50
12130,8.90,,1.20,0.40,1.50,1.50,4.50
12050,11.50,2.4,1.30,0.00,4.00,2.00,3.00
12011,8.50,6.6,0.70,1.00,,4.50,0.70
12518,10.00,1.4,0.40,0.20,1.50,1.00,3.50
12129,10.50,7.2,0.50,1.10,1.20,2.30,1.00
12175,7.50,2.0,1.30,1.40,2.80,3.00,0.00
12161,10.40,5.1,1.00,0.30,0.60,3.60,2.20
12455,8.50,0.0,0.10,0.10,,1.40,3.60
12067,12.80,>60,1.30,,2.00,3.00,3.80
12347,9.60,4.0,0.30,0.00,2.00,3.30,4.50
12389,9.00,3.9,0.80,0.30,4.20,3.70,0.30
12526,12.00,3.9,1.10,0.00,3.00,2.70,2.90
12288,7.80,2.9,1.10,1.90,3.00,2.00,2.50
12172,8.90,2.2,0.60,0.50,1.50,1.00,5.30
12232,,2.6,0.70,0.00,2.30,1.50,3.00
12090,10.50,1.9,0.80,1.00,,1.70,1.60
12023,,1.8,,0.80,2.50,3.60,3.00
12316,13.50,4.5,0.80,0.40,1.50,1.40,4.50
12006,10.60,1.9,0.00,0.00,4.00,2.00,2.00
12527,9.50,5.4,0.80,0.70,1.50,3.50,2.50
12111,10.30,1.2,0.50,,0.50,0.40,4.00
12009,7.50,4.0,1.80,1.20,2.50,4.50,
12463,9.40,4.5,0.90,0.40,1.00,2.70,3.90
12157,9.50,7.0,0.60,0.90,0.50,3.40,1.00
12267,11.60,3.5,0.70,0.00,2.00,2.50,3.70
12082,10.50,2.0,1.10,0.00,3.60,2.00,4.90
12002,,3.5,0.00,,3.30,1.00,5.60
12505,9.60,3.6,0.40,0.40,2.00,4.00,1.50
12357,11.50,3.2,0.80,0.00,2.20,1.50,2.50
12296,7.50,1.0,0.50,1.80,3.00,4.10,1.30
12044,8.50,3.0,1.10,0.30,1.50,3.50,1.50
12142,7.40,3.3,1.10,0.00,1.50,4.00,3.00
12484,8.50,3.1,1.60,1.10,1.20,3.00,1.50
12497,7.60,1.7,0.80,1.00,3.60,4.20,2.50
12136,9.00,1.5,1.80,,3.90,,1.00
12424,11.30,5.0,0.40,0.10,1.80,2.50,2.80
12035,7.50,3.3,0.50,0.00,3.00,2.50,4.50
12454,9.50,0.2,0.20,0.10,,1.50,3.00
12069,11.00,3.0,0.70,1.30,1.50,0.60,
12016,10.80,3.0,0.10,1.80,2.30,3.50,2.60
12502,9.90,--,0.70,1.00,1.00,0.50,4.50
12506,9.00,3.1,0.90,0.00,2.50,,3.20
12064,8.10,,0.30,0.70,3.20,,1.80
12124,8.50,1.9,0.50,1.40,3.50,,2.90
12080,7.50,2.0,0.00,0.80,1.00,2.70,2.50
12409,10.30,3.5,,0.50,1.50,1.00,3.80
12260,,2.0,0.00,1.50,1.30,3.30,
12174,11.80,0.3,0.70,1.00,2.50,0.40,4.00
12476,9.60,3.5,0.90,0.30,2.00,3.50,3.90
12240,10.10,2.4,,0.80,2.50,2.00,3.40
12345,9.20,>60,,0.00,1.10,3.10,1.50
12466,8.00,3.2,0.10,0.70,5.00,2.00,4.00
12358,8.00,2.5,1.50,,,2.50,2.50
12083,8.00,2.7,1.20,0.30,4.00,2.50,2.50
12539,10.00,2.5,0.70,0.00,1.50,3.50,3.70
12287,11.00,,0.70,0.00,1.90,2.00,
12119,11.10,1.5,0.40,0.80,2.50,1.90,3.70
12408,8.50,6.0,0.90,0.70,1.50,4.00,2.30
12033,11.10,4.8,0.00,0.00,1.00,3.00,3.00
12394,7.20,3.0,0.10,1.20,2.50,4.50,2.70
12143,9.00,4.4,0.20,1.30,2.00,4.50,2.00
12242,11.00,0.5,0.20,0.00,3.00,1.20,3.80
12379,9.50,3.7,0.00,,3.00,0.00,2.00
12117,9.00,2.5,0.70,0.50,4.00,3.20,1.70
12362,10.80,3.7,0.50,0.00,2.30,1.80,3.00
12404,8.00,2.5,0.00,0.40,2.90,3.50,
12230,9.40,1.5,0.10,0.00,2.50,1.50,3.10
12070,10.90,1.4,0.70,0.20,3.50,2.00,2.70
12151,5.40,5.0,0.20,0.20,0.50,,0.50
12489,9.40,2.2,0.80,1.00,2.50,4.50,2.40
12482,9.90,3.5,1.00,1.40,1.90,2.00,0.60
12540,,1.0,1.60,1.00,1.50,1.10,3.00
12043,9.50,not recorded,1.40,1.40,1.00,2.90,0.00
12445,11.00,2.0,0.20,1.70,1.60,2.50,4.60
12239,7.90,3.7,0.70,1.70,1.50,5.50,1.50
12366,8.50,1.6,0.70,0.00,4.60,1.50,5.50
12279,8.50,1.5,0.60,0.60,2.70,0.00,3.00
12076,14.00,1.6,0.60,0.50,4.00,3.50,2.40
12066,10.20,3.1,2.40,0.00,2.20,0.00,3.50
12508,9.10,TBD,0.10,0.00,4.00,2.00,2.50
12178,11.00,1.8,1.30,1.70,1.00,2.30,4.00
12344,11.50,3.9,0.60,0.20,1.00,3.00,3.70
12517,8.50,3.8,0.00,1.40,2.00,2.50,0.50
12309,11.00,1.6,0.80,0.00,0.70,1.50,3.30
12478,8.30,2.6,0.00,0.20,6.00,3.30,3.00
12401,8.60,6.8,0.50,0.90,1.50,3.50,1.70
12365,11.50,1.5,0.60,0.30,3.60,2.20,4.10
12261,8.90,3.0,1.10,0.40,2.00,0.50,
12097,8.60,TBD,0.20,0.90,2.00,3.00,4.00
12262,10.10,4.1,0.20,1.10,2.20,1.70,1.50
12051,8.10,8.0,0.30,0.00,,3.00,2.00
12154,10.10,2.8,1.00,0.10,2.00,1.00,3.00
12212,10.80,<1,,0.20,4.00,2.00,4.10
12469,10.70,1.0,0.00,0.30,7.50,3.00,3.00
12221,11.00,,1.30,0.00,1.50,0.50,4.00
12414,8.50,4.5,0.90,0.40,0.50,3.40,1.50
12150,8.00,6.0,0.40,1.50,1.30,,1.50
12374,10.50,n/a,0.90,1.30,3.80,2.50,1.50
12441,9.40,3.8,1.20,1.20,2.50,3.70,3.10
12520,7.30,2.0,0.50,0.90,,4.40,1.40
12134,11.10,3.5,,0.50,1.60,2.00,2.50
12189,10.20,1.9,1.60,0.70,3.00,1.30,2.30
12245,8.50,3.0,2.30,0.90,1.60,2.00,2.30
12451,,--,0.00,0.50,3.50,3.20,2.60
12472,8.50,4.0,,0.90,0.80,3.00,2.60
12273,8.90,5.0,0.00,0.20,2.80,2.80,3.30
12285,9.50,0.4,0.00,0.90,1.50,,3.00
12168,,0.1,0.50,0.60,1.50,2.00,4.10
12458,7.50,5.1,1.00,0.60,2.00,2.00,3.50
12254,10.60,2.5,0.80,0.00,4.60,3.10,3.10
12187,10.90,2.5,0.90,0.00,3.70,2.50,4.80
12093,10.00,1.5,1.10,0.30,2.50,,2.50
12250,9.00,4.0,0.60,0.50,3.50,3.90,2.40
12059,11.60,2.5,0.00,0.00,1.20,3.10,3.00
12248,9.50,2.2,1.50,0.00,,0.60,2.30
12475,8.00,4.0,1.60,1.20,0.70,5.00,1.70
12453,8.10,2.8,0.30,,,,3.70
12128,9.80,2.0,0.00,0.00,4.00,2.50,
12282,10.50,1.0,0.00,0.00,4.50,0.80,3.50
12381,9.50,3.0,0.00,0.10,1.50,3.10,1.90
12315,7.50,6.6,1.60,1.40,2.30,4.00,2.50
12219,9.00,1.7,0.90,1.00,2.50,3.50,1.70
12307,8.20,5.5,1.00,0.00,2.60,2.50,2.80
12218,9.50,1.4,0.00,1.00,1.00,2.60,3.20
12147,10.00,4.4,1.00,2.00,1.00,4.90,1.90
12060,8.50,4.3,,0.70,2.50,2.50,3.80
12361,9.00,6.5,0.50,0.70,1.40,3.50,1.80
12333,7.50,3.0,0.00,0.40,2.00,3.50,3.50
12148,9.00,4.5,1.60,,1.50,3.50,
12313,9.00,2.5,0.00,0.90,1.40,2.10,2.50
12410,10.50,1.0,0.50,0.00,1.50,0.00,2.50
12332,11.00,2.6,,,0.60,2.10,3.40
12115,7.80,,0.10,1.20,2.00,1.50,4.00
12203,9.40,1.0,0.70,0.00,2.00,2.60,2.40
12179,11.00,0.2,0.00,0.50,1.00,1.90,3.40
12278,9.20,3.6,0.70,0.40,1.00,3.50,2.00
12432,8.70,2.3,1.20,,2.00,3.00,3.00
12068,12.00,4.0,1.10,0.30,1.00,1.80,2.00
12421,11.10,,1.00,0.20,2.40,2.00,3.50
12283,8.60,3.8,,1.00,0.50,2.40,1.40
12038,11.20,2.5,0.70,,0.00,3.10,3.00
12198,10.90,5.0,0.60,0.20,0.60,3.00,3.50
12459,12.00,5.0,0.70,0.90,0.50,1.50,3.80
12100,9.50,2.4,0.00,0.00,1.90,2.90,1.50
12444,11.10,2.0,1.00,0.00,3.00,4.00,1.60
12036,11.90,2.0,0.20,0.00,3.50,2.50,3.20
12026,7.50,4.0,0.30,1.10,2.50,1.50,2.00
12351,10.20,4.7,0.00,,1.10,2.70,2.70
12335,9.50,4.3,1.10,1.30,4.50,4.10,1.50
12211,10.50,2.0,0.50,0.90,1.80,2.00,4.00
12522,9.50,3.5,0.60,1.70,4.40,5.00,0.00
12512,7.50,,2.20,2.00,0.80,2.60,2.00
12415,9.40,3.7,0.40,0.60,1.90,3.00,2.70
12425,7.20,1.1,1.30,2.10,1.50,4.30,3.00
12530,9.20,1.6,0.20,0.20,4.20,2.50,3.80
12297,6.90,3.0,0.60,2.00,2.40,4.60,3.20
12183,8.50,5.0,,,2.30,3.90,0.50
12428,10.30,4.7,0.30,0.40,0.00,4.50,2.10
12292,,5.5,1.00,0.10,1.00,6.00,1.00
12024,9.00,>60,0.40,0.30,2.00,2.00,3.50
12290,10.00,3.6,1.10,0.10,1.50,1.80,3.50
12247,7.40,3.0,0.10,0.00,2.80,1.50,3.00
12483,11.50,0.7,1.10,0.80,3.00,1.50,4.50
12324,9.50,4.5,0.60,0.50,2.50,3.00,3.00
12501,9.30,2.1,0.00,0.50,3.30,2.00,3.50
12113,9.00,5.5,0.70,1.20,2.00,3.50,1.50
12302,8.00,1.5,0.00,0.30,4.20,2.90,2.00
12380,9.70,2.4,1.30,1.10,3.80,2.00,3.10
12169,12.40,1.0,1.10,0.50,4.20,1.00,2.50
12465,7.00,2.9,0.00,,3.90,2.40,4.50
12291,,2.9,1.10,0.20,2.60,,3.00
12233,8.50,1.5,0.50,0.90,3.50,3.00,5.00
12146,7.80,,0.90,0.00,2.00,3.50,2.70
12378,8.60,1.4,0.60,0.60,,0.00,2.80
12281,9.00,,0.70,1.50,0.50,2.00,2.00
12480,9.50,3.0,1.70,0.70,1.50,2.00,3.40
12433,9.50,4.4,0.80,0.30,1.70,3.50,2.10
12241,12.00,3.2,0.90,0.70,3.00,2.10,3.00
12122,11.60,1.5,1.30,0.10,,2.50,4.00
12275,11.10,5.4,0.30,0.10,1.50,4.00,2.50
12448,10.50,1.2,0.60,0.20,5.20,2.50,4.00
12521,9.30,4.1,0.00,0.50,2.20,2.00,1.40
12176,,4.9,0.00,0.50,3.00,2.00,3.50
12015,9.90,0.0,1.20,0.00,,0.40,5.00
12320,8.70,2.5,,0.00,4.90,1.50,2.00
12488,9.50,3.1,0.90,0.30,0.50,1.50,1.90
12268,7.80,3.1,0.90,1.10,4.00,2.00,2.60
12427,9.00,n/a,0.10,0.30,1.30,2.90,2.80
12314,10.90,7.0,0.00,0.40,0.00,1.50,3.60
12272,10.10,2.5,0.80,0.00,1.30,3.00,2.50
12056,8.00,4.0,1.20,0.00,3.00,2.40,
12243,11.70,2.5,0.60,1.40,4.10,2.00,2.50
12400,9.20,3.5,1.10,0.00,1.00,,4.60
12255,7.60,2.3,1.40,0.00,2.90,2.70,2.10
12330,10.00,3.0,1.00,0.40,2.00,1.90,4.00
12368,9.40,1.0,0.80,1.40,3.50,3.50,2.50
12370,10.50,4.0,1.30,0.90,0.60,2.50,3.00
12109,9.00,1.6,1.40,0.60,4.50,2.00,3.80
12018,8.90,2.5,,0.00,2.00,1.50,2.50
12145,8.50,4.0,0.30,0.80,3.50,0.70,3.50
12269,9.20,,0.40,0.70,2.30,4.00,2.50
12181,8.50,2.0,0.30,0.00,4.50,1.00,2.70
12271,9.60,2.9,0.80,0.80,2.70,3.00,3.10
12112,11.50,3.5,1.20,2.20,4.40,2.50,0.20
12096,11.00,0.8,0.90,0.00,3.70,3.50,2.50
12438,9.50,4.0,0.40,0.50,,,1.00
12081,6.60,1.0,1.00,0.30,3.50,1.50,3.50
12300,11.50,,1.70,0.30,5.00,0.00,4.20
12426,10.50,3.0,0.90,0.30,1.90,4.80,3.50
12395,10.60,2.5,0.60,2.30,2.00,2.50,1.80
12042,11.00,1.3,0.60,0.30,1.50,2.10,5.50
12114,10.40,4.0,0.80,1.10,3.00,4.50,1.10
12420,8.00,1.0,0.50,1.80,2.30,2.20,3.10
12105,10.50,3.5,0.60,0.00,3.00,2.50,3.00
12019,9.10,2.0,0.00,1.00,3.00,2.00,3.50
12202,8.40,0.7,1.30,0.10,2.00,3.60,2.90
12418,10.00,3.7,1.00,0.00,2.60,3.00,2.90
12494,11.50,0.7,0.50,0.80,4.00,2.00,2.00
12346,10.00,1.9,1.80,0.80,1.50,2.00,3.30
12529,9.70,2.0,0.40,0.50,2.20,6.00,1.00
12057,9.40,0.6,0.20,0.00,2.70,3.70,3.00
12402,10.00,1.0,1.20,0.90,3.50,,4.00
12289,9.00,2.9,0.00,0.20,3.00,2.50,2.90
12423,9.10,7.5,0.90,,0.00,4.10,1.10
12321,11.40,2.9,0.30,0.30,1.60,2.50,3.90
12442,9.50,4.0,1.40,,2.50,2.20,2.80
12274,9.00,1.8,0.50,0.40,4.00,,2.00
12121,8.10,3.4,0.20,1.70,1.00,,3.10
12217,8.00,4.0,1.30,0.30,4.10,5.00,2.00
12073,9.20,3.1,,,,2.50,3.50
12446,11.00,,0.80,,1.70,1.70,3.70
12054,9.70,1.3,0.20,0.90,2.00,1.50,3.00
12236,8.80,3.0,1.60,0.00,3.00,3.00,2.50
12062,8.50,2.5,0.20,0.40,2.60,4.70,1.80
12052,,2.0,1.40,0.00,1.00,3.90,2.10
3149,11.30,1.5,0.60,0.00,2.30,2.50,2.50
6180,8.00,5.5,0.00,0.50,3.00,3.80,0.80
3058,8.50,4.2,1.10,,2.10,2.60,1.80
707,10.40,,,0.70,4.00,1.50,2.50
8657,10.50,54.0,60.00,78.00,3.00,1.50,5.40
7809,11.00,,30.00,60.00,2.80,2.30,4.90
3157,10.00,6.0,0.80,0.50,1.50,2.50,2.30
8771,10.00,60.0,,12.00,1.50,1.50,
6332,12.90,1.8,0.90,0.00,3.30,0.50,5.00
5270,10.00,2.9,0.30,1.70,6.50,1.60,2.40
1346,10.00,222.0,48.00,0.80,1.30,1.50,
11978,9.00,4.5,0.90,1.90,1.70,3.00,2.80
5487,9.00,1.5,0.60,0.00,4.40,2.10,3.50
7503,9.30,3.0,0.70,0.20,3.20,3.60,1.50
10917,11.00,4.5,0.60,0.00,2.50,3.80,2.00
7578,9.50,4.0,1.60,0.00,0.70,3.50,4.10
8598,9.50,192.0,6.00,0.10,2.50,2.60,2.00
1141,8.50,4.0,1.00,1.10,1.70,5.00,1.50
11191,10.90,6.1,0.20,0.30,1.00,3.50,1.40
9562,10.50,2.0,0.30,0.20,2.80,2.70,2.20
11645,11.30,210.0,30.00,24.00,2.50,2.00,3.50
1796,8.00,4.8,0.60,0.80,3.80,4.50,1.00
461,9.20,2.2,0.60,,5.00,2.10,4.50
11759,9.50,240.0,6.00,6.00,0.50,3.00,2.50
1397,11.50,2.5,0.20,0.60,2.80,3.50,3.00
7415,8.30,198.0,18.00,24.00,0.50,3.50,1.00
11378,9.10,5.0,1.00,0.00,0.50,3.20,2.30
333,10.60,1.5,0.70,1.20,2.50,2.80,0.70
10118,9.50,2.0,,0.60,4.00,1.70,1.50
8526,10.50,120.0,0.00,0.00,1.50,2.80,
10727,10.00,2.5,1.30,0.80,,2.30,4.00
1993,8.50,2.7,0.00,0.70,2.50,1.60,2.50
6748,12.00,126.0,42.00,,0.30,3.00,
1618,9.50,192.0,0.00,0.00,0.80,3.00,1.90
3142,9.00,300.0,54.00,1.10,2.50,3.50,1.60
6386,10.20,2.1,0.70,,1.40,,2.40
4650,10.50,318.0,60.00,54.00,0.50,2.70,2.00
2881,11.00,30.0,54.00,72.00,4.00,1.50,3.70
7027,8.50,3.5,1.60,0.00,2.00,,1.80
7945,10.00,3.2,0.80,0.00,,3.50,0.50
5623,10.00,4.0,,0.90,,2.50,1.10
7725,8.90,222.0,60.00,1.70,0.00,3.00,1.50
10407,8.60,1.5,0.70,0.60,,3.90,3.00
2778,10.60,4.5,0.60,0.50,2.60,3.10,1.10
3394,8.50,1.5,1.10,0.00,1.30,2.00,4.00
4993,9.50,2.9,0.10,0.00,3.50,2.10,4.50
10491,11.00,<1,0.90,0.60,1.60,4.10,0.00
10707,9.50,0.5,1.30,0.00,2.00,2.20,3.70
8913,9.40,2.5,0.50,,2.00,4.00,3.20
844,9.50,5.0,1.10,0.10,1.50,3.70,1.80
3190,10.50,2.8,0.40,0.50,2.20,1.00,
2084,11.50,,0.30,0.00,1.50,2.10,2.50
937,9.20,1.0,1.30,0.20,3.00,3.00,3.50
10889,11.00,270.0,6.00,90.00,1.60,3.90,1.40
7902,10.00,4.5,,0.80,,4.00,1.90
10695,8.80,5.0,0.30,1.40,,5.00,1.00
8949,8.90,5.5,1.50,,0.00,4.70,0.80
5649,10.50,2.6,0.30,0.00,2.20,2.00,2.50
6305,10.80,2.0,1.50,0.90,3.20,1.20,4.00
3890,11.00,60.0,24.00,1.40,4.50,2.00,3.40
10506,10.50,210.0,0.00,0.10,2.50,2.00,3.90
2837,10.50,150.0,12.00,0.00,1.50,3.50,
7200,9.50,3.0,1.40,0.40,3.50,2.50,3.70
9324,10.00,2.5,0.80,0.20,2.20,1.50,3.50
7702,8.70,2.9,,2.00,2.70,3.00,2.30
10602,7.30,5.3,1.30,,1.70,,2.70
8848,9.00,4.2,0.10,1.10,4.00,3.80,1.90
12465,7.00,2.9,0.00,,3.90,2.40,4.50
4386,11.90,,0.70,0.50,2.50,1.20,4.50
9682,9.10,1.3,0.40,0.00,4.00,0.00,4.50
7095,8.00,6.1,0.90,0.00,3.00,4.00,1.40
4940,8.70,372.0,48.00,0.60,2.90,3.50,1.50
5475,9.40,186.0,18.00,1.90,5.00,3.00,2.00
11517,11.50,4.0,,0.70,1.30,1.50,4.00
10157,,180.0,0.00,0.00,5.00,1.30,2.10
2801,8.50,150.0,6.00,72.00,3.50,3.00,2.60
8988,9.60,5.2,1.00,1.30,0.00,,1.40
467,8.90,3.5,0.20,2.30,2.80,2.20,3.00
8592,9.40,0.0,0.00,0.00,3.50,,4.50
10467,11.00,3.4,0.10,0.00,3.00,1.60,4.00
1353,10.00,168.0,54.00,0.80,2.50,1.70,4.50
12162,10.50,6.9,0.00,0.30,0.40,3.20,2.30
10873,9.00,3.5,0.60,0.00,2.90,1.20,4.50
2860,8.50,5.0,0.50,1.30,,3.40,0.40
11455,8.90,<1,30.00,24.00,2.40,5.00,1.10
1222,10.30,3.2,0.40,0.90,1.00,2.90,1.50
832,9.30,210.0,12.00,0.00,1.00,1.40,2.00
10021,10.00,1.9,0.50,0.00,2.70,1.50,4.70
10015,9.50,0.5,0.00,,3.90,1.50,2.00
7718,9.60,1.2,0.80,0.00,1.30,3.70,3.50
5521,7.70,180.0,54.00,54.00,3.00,4.00,3.50
7401,9.00,0.1,0.30,0.10,4.20,2.50,3.00
3250,8.30,198.0,0.00,96.00,3.00,3.50,3.00
4128,9.00,4.0,0.00,1.20,2.50,4.30,1.60
4658,9.30,60.0,60.00,0.50,4.00,1.30,2.20
487,8.30,300.0,0.00,24.00,1.50,3.00,2.20
7469,9.60,1.0,0.00,0.00,2.90,2.50,2.50
4138,11.00,120.0,0.00,36.00,5.50,1.90,4.50
5503,8.60,4.4,0.60,1.40,3.70,2.10,2.20
10856,9.40,2.3,1.20,0.30,2.00,3.00,3.50
11833,,1.5,1.30,1.00,2.50,2.40,4.00
6777,9.90,3.4,0.20,0.80,4.00,3.00,1.50
5688,9.50,1.5,0.80,1.00,2.40,,1.50
147,10.20,,0.70,0.70,2.30,2.50,4.70
5355,9.20,3.0,0.50,1.20,1.00,1.60,1.60
6261,9.00,6.0,0.50,0.50,1.40,4.00,1.80
4863,8.50,30.0,84.00,0.00,4.00,2.00,1.80
6177,8.00,318.0,18.00,30.00,2.00,3.50,1.90
3330,8.10,7.0,0.90,1.70,1.40,4.00,0.60
346,12.00,4.2,1.10,0.50,1.50,2.00,2.50
362,9.90,0.9,0.50,0.30,1.10,3.70,4.40
11337,8.00,3.5,1.00,1.40,2.00,,2.30
9719,10.00,1.0,0.40,0.00,4.50,2.50,4.70
6203,10.10,4.3,0.20,0.30,1.60,3.50,2.50
207,10.20,2.8,0.20,0.00,2.40,2.50,3.10
6885,8.70,84.0,78.00,12.00,5.30,0.00,5.00
3602,8.90,240.0,42.00,0.50,,3.30,1.70
4441,9.90,4.1,0.50,0.00,0.70,1.80,3.10
11101,8.50,5.5,1.20,0.30,1.50,2.80,2.40
9800,9.70,3.3,1.20,0.50,1.50,0.90,3.00
6811,11.70,2.5,0.40,0.00,2.50,1.50,2.00
2261,10.00,246.0,,0.00,1.00,4.00,2.50
4050,9.50,4.0,,0.20,0.80,4.80,3.00
7421,10.00,,1.00,0.00,3.40,1.90,3.50
9949,,210.0,36.00,0.00,2.30,3.10,1.70
6823,10.00,4.5,2.20,1.10,0.10,3.50,2.10
11281,10.50,>60,1.10,0.10,3.40,1.50,3.20
10610,10.50,54.0,24.00,0.70,2.00,2.00,4.50
385,8.50,282.0,42.00,84.00,3.20,4.80,0.90
8206,9.50,150.0,0.00,0.00,3.10,2.50,3.50
6191,9.80,2.5,1.20,1.50,5.20,2.50,2.50
6027,10.00,1.5,0.10,0.20,3.10,2.50,5.10
3200,11.00,>60,0.60,1.20,0.20,3.00,2.60
635,9.10,6.0,1.60,,3.50,0.90,2.80
514,10.00,1.5,0.80,0.00,5.00,1.50,4.50
5671,9.50,162.0,60.00,0.20,2.00,1.00,4.90
6644,9.50,450.0,54.00,84.00,1.00,2.50,0.70
9604,8.60,282.0,,0.20,3.00,2.20,2.50
1085,10.70,2.1,1.00,0.70,0.90,1.30,3.00
6274,10.30,0.0,0.50,0.00,1.40,1.50,4.50
7607,,4.0,0.90,0.00,1.40,3.50,2.20
412,7.50,5.0,0.50,1.00,2.00,4.20,2.90
1328,9.90,1.3,0.70,0.30,2.00,0.50,6.00
2633,,258.0,0.00,108.00,3.00,,1.00
10947,9.10,246.0,48.00,60.00,1.30,1.80,4.00
10438,7.90,390.0,84.00,36.00,,2.50,2.10
7636,8.50,4.8,0.60,,,3.50,1.30
4846,,360.0,48.00,0.00,1.60,1.80,3.00
6088,10.00,3.2,0.10,0.40,1.50,2.50,2.50
4369,7.70,2.9,1.70,1.80,2.90,5.70,1.20
