child_id,fname,lname,age,family_size,num_of_siblings,parents_working_hours,household_income,access_to_technology,number_of_devices,environment_type,school_type
2,Angel,Juarez,14,4,2,47.30,53580.57,1,,Suburban,?
3,Shane,Vargas,11,8,6,59.40,"28,779.45",1,4,  city  ,PUB
4,Elaine,Berg,18,5,3,26.50,8307.71,1,4,Rural,NULL
5,Lacey,Camacho,12,5,3,38.20,,1,1,city,Homeschool
6,Melinda,Choi,10,2,0,,"21,713.92",0,0,  Suburban  ,homeschool
7,Danielle,Ramirez,13,3,1,,45178.8,1,1,urban,  Public  
8,Maurice,Burton,9,7,5,71.50,14912.08,0,,Rural,PUB
9,Claudia,Stevenson,4,3,0,43.80,24774.62,1,-2,Urban,PUB
10,Beverly,Jennings,10,5,3,54.10,31834.77,1,1,SUB,Public
11,Philip,Matthews,10,2,0,36.70,25984.27,1,3,Suburban, PRIVATE 
12,Rebecca,Webb,5,5,3,47.30,20083.96,1,2,Suburban,Governmental
13,Darlene,Frey,10,4,2,32.20,,,,  Suburban  ,  Public  
14,Dylan,Santiago,3,2,0,47.20,43080.43,0,0,SUB,  Priv  
15,Kelli,,9,4,2,26.60,45537.77,1,4,SUB, Public 
16,Mason,jackson,11,3,1,52.00,16618.51,,,URB,Public
17,Carla,Morrison,11,5,3,44.10,,0,0,  Rural  ,Public
18,Kristen,Figueroa,9,4,2,,42908.92,1,1,URBAN,unknown
19,Desiree,Wolfe,10,5,3,34.70,15903.36,,,Urban,public
20,Stephen,Rose,8,5,3,49.20,36346.3,1,2,city,Private
21,Kaitlyn,Lin,11,5,3,58.00,24845.44,1,3,Urban,Public
22,GAIL,Colon,11,4,2,30.90,15226.36,0,0,Urban,Public
23,Darin,Lane,7,4,2,53.60,45594.31,1,2,Rural,  Private  
24,Megan,Jenkins,11,3,1,40.90,21209.64,0,0,Suburban,Public
25,Joy,Carey,11,2,0,58.60,22888.02,1,2,  RURAL  ,Governmental
26,,Mcconnell,10,5,3,31.50,16048.26,0,,Urban,Public
27,Rhonda,Welch,18,5,3,40.90,60101.31,0,0,suburban,Public
28,Danny,Wallace,10,3,1,,,1,7,Urban,PVT
29,Mason,Luna,9,7,5,,13014.27,1,1,Urban,public
30,Douglas,Tran,9,5,3,47.80,27159.76,1,1,Urban,Priv
31,Unknown,Harvey,7,4,2,54.40,53121.6,1,,Suburb,Intl
32,Alyssa,trevino,13,5,3,43.00,19778.73,1,,  SUB  ,PUBLIC
33,Manuel,Nelson,8,4,2,25.20,37239.09,1,2,urban,Private
34,Patty,Frost,8,3,1,45.10,,0,0,Urban,  Governmental  
35,Sharon,Sims,9,3,1,33.30,19272.48,0,0,Urban,PUBLIC
36,Francisco,Warner,7,6,3,,35163.86,0,0,Urban,Public
37,Johnny,Collins,4,6,4,59.40,"18,504.99",1,2,SUB,Public
38,Wesley,Porter,9,2,0,53.80,,0,0, SUB ,public
39,Jenny,Pruitt,14,5,3,22.00,,0,0,Village,Public
40,Latoya,  Montes   ,11,5,3,16.10,24581.18,0,0,RURAL,Public
41,Logan,Austin,16,2,0,36.20,,0,0,Urban,Gov
42,Unknown,Watts,13,8,6,62.90,40029.88,1,5,  rural  ,Priv
43,Marco,Lyons,12,4,2,29.20,17580.04,0,0,Suburban,Home School
44,Isaac,Parsons,17,2,0,40.40,46183.91,0,0,urban,Homeschool
45,Brianna,,10,8,6,30.00,25240.68,0,0,Rural,Private
46,David,Arellano,11,2,0,42.70,14886.45,0,0,Suburban,private 
47,Bridget,Townsend,10,3,1,39.20,18645.0,1,2,Suburban, PUBLIC 
48,Bobby,Aguirre,16,6,4,32.00,19898.68,0,0, Suburban ,Public
49,RAY,Velez,11,6,4,22.30,,0,0,Rural,Public
50,Tami,,8,3,1,40.80,12535.03,,,SUB,home-school
51,Johnny,Vargas,13,8,6,50.90,23008.71,1,2,Rural,Governmental
52,,Conley,8,4,2,34.50,20357.18,1,5,city,PUBLIC
54,Jordan,Gross,12,5,3,44.30,44511.12,1,7,SUBURBAN,unknown
55,Briana,Church,10,2,0,65.80,35048.51,1,5,suburban,private 
56,Monique,Cox,13,4,2,53.00,,0,0,Rural,private
57,Makayla,Garcia,5,4,2,,52707.48,1,3,Urban,PRIVATE
58,Dustin,Patton,11,8,6,45.80,42875.12,1,4,Urban,PRIVATE
59,Dennis,Vincent,9,5,3,,11635.14,0,0, Rural ,public
60,Charles,Bennett,18,7,5,38.40,12929.59,,,Village, Homeschool 
61,Terrance,Ayala,11,3,1,43.90,44368.16,1,3,Suburban,Public
62,Ricardo,Mckinney,8,4,2,24.80,39272.19,0,0,suburban,Public
63,Olivia,Garrison,6,6,4,57.50,,0,0,Urban,public
64,Joanna,Khan,15,4,2,26.10,14719.44,1,1,Suburban,Gov
65,Theodore,Cordova,9,3,1,59.60,43584.57,1,2,  Urban  ,Private
66,Colton,Velazquez,8,5,3,24.00,8992.03,0,0,Rural,PUBLIC
67,Ariana,Bird,12,4,2,39.70,,1,1,Suburban,  private  
68,Marissa,Brown,13,4,2,49.70,,1,-1,Urban,private
69,Ross,Mcpherson,13,6,4,44.30,31423.44,1,3, SUBURBAN , private  
70,Robert,Black,11,4,2,20.30,,0,0,Rural,Public
71,Monica,May,11,2,0,51.90,28200.03,0,0,Suburb,international
72,Reginald,Hansen,11,7,5,39.70,52524.61,0,0,Urban,Int.
73,Brianna,Thomas,12,6,4,48.60,27021.84,1,2,Suburban,Private
74,Megan,Sanders,12,6,3,65.50,,0,0, Urban ,  Public  
75,valerie,Duran,14,10,8,40.10,19155.07,1,3, Urban ,Homeschool
76,Dennis,Jenkins,11,2,0,42.30,17188.25,1,1,Suburban,?
77,Gabriel,Bradford,8,8,6,33.10,48939.07,1,2,city,Gov
78,Tonya,Johnson,10,4,2,,17298.34,,,Suburban,public
80,RILEY,Cohen,4,4,2,40.00,25122.45,0,0,city, International 
81,Donna,Perry,4,6,4,46.70,30418.55,1,7,Suburban,Public
82,Jeffrey,Lin,14,3,1,31.50,45806.48,1,2,Suburban,PRIVATE
84,Unknown,Pace,6,7,4,50.10,31150.48,1,2,Urban,Gov
85,Rodney,Wolfe,11,5,3,41.20,36762.72,1,2,  Suburban  ,Private
86,Brent,Garcia,9,4,2,37.50,18330.92,0,0,Rural,Public
87,Ellen,Carroll,10,3,1,58.80,36124.93,1,2,Urban,  Priv  
88,Levi,Gordon,12,2,0,29.40,26828.69,1,2,city,Public
89,Victor,Short,6,4,2,26.10,21216.68,1,1,  rural  ,Public
90,Mario,Wu,7,3,1,,19901.34,1,,Urban,Governmental
91,Marco,Randolph,9,9,7,69.20,50972.78,1,2,Rural,Private
92,Ariana,Joseph,10,8,6,38.80,,1,,Rural,Public
93,  Francis   ,Black,6,5,3,43.70,40700.17,0,0,Urban,Private
94,bruce,faulkner,13,3,1,46.90,35445.5,1,, Urban ,Gov
95,Kellie,Lee,9,5,2,36.30,21040.51,1,4,countryside,PVT
98,Tanner,Owens,10,6,4,41.00,approx 41.5k,1,1,city,Public
99,Joel,Stokes,14,7,5,63.20,53506.08,1,4,Sub-urban,Private
100,Veronica,Norman,7,2,0,,19363.13,0,0,RURAL,  Public  
101,MIGUEL,Mcdonald,5,6,4,52.70,39850.82,1,3,Suburban,international
102,Diane,Ayala,9,6,4,31.10,23109.99,0,0,Urban,Public
103,krystal,Marquez,11,8,6,35.60,30710.67,1,8,Sub-urban,International
104,Unknown,Andrews,6,4,2,46.00,50217.2,0,0,SUB,Private
105,Calvin,Hopkins,6,6,4,,25022.96,1,1,Urban,Public
106,Francis,Roberts,11,2,0,42.10,49126.06,1,2,Suburban,Private
107,Stacy,Nunez,8,3,1,21.30,,,,SUBURBAN,public
108,Lauren,Gomez,5,6,4,44.70,21223.16,1,3,Urban, Public 
109,Robert,Bell,14,4,2,42.70,23161.67,1,2, Rural ,Public
110,Colton,Gardner,8,2,0,59.90,,1,,Urban,International
111,Yolanda,rodgers,15,2,0,24.20,29966.96,1,3,unknown,Private
112,Clayton,Haley,11,4,2,27.50,,0,0,Urban,Public
113,Sheri,Mcclure,12,7,5,40.60,83620.45,1,5,URB,International
114,Angela,Bray,10,5,3,18.10,27740 EGP,1,2, city ,Governmental
115,Jonathan,Oliver,3,3,1,,42857.18,1,3,city, PVT 
116,Shelly,Ochoa,6,2,0,34.20,21291.57,1,,SUBURBAN,PUBLIC
117,Ethan,Jimenez,10,8,6,36.10,27674 EGP,1,3,NA,PUB
118,Holly,Carroll,12,2,0,,21825.53,1,4,  Urban  ,Public
119,  Bradley   ,COLLINS,4,2,0,35.50,88583.77,1,1,Suburban,Private
120,Gerald,Duncan,10,3,1,41.00,49275.26,1,1,SUBURBAN,Homeschool
121,Emily,Keller,6,5,3,,67674.7,1,8,Suburban,Private
122,Miranda,Hall,11,4,2,18.50,11118 EGP,1,4, Rural ,public
123,Wanda,Buchanan,10,2,0,27.70,,,,  city  ,Public
124,Laura,Chan,13,3,1,45.80,25307.98,0,0, URBAN ,HOMESCHOOL
125,Phyllis,MORGAN,14,3,1,69.80,118664.99,1,3,  urban  ,Homeschool
126,Kelsey,Gonzalez,12,3,1,51.00,24908.63,1,1,Urban,
127,Dana,Dominguez,14,2,0,46.00,45637.43,1,3,suburban, PUBLIC 
128,Mercedes,Ray,9,7,5,58.00,16921.42,0,0,Urban,PUB
129,Lauren,Bowman,18,3,1,29.70,16220.74,0,0,Suburban,public
130,Cody,glover,6,6,4,50.90,16417.68,1,1, Rural ,Unknown
131,Richard,Mccullough,9,7,4,54.00,81660.99,1,3,Suburban,Intl
132,Chelsea,French,14,6,4,,46869.76,1,2,Suburban,Priv
133,Kathleen,Cordova,13,5,2,58.50,"8272,95",0,0,suburban,Governmental
134,Anita,Marquez,12,3,1,,,0,0,NULL,unknown
135,Gloria,Solomon,13,3,1,34.90,,1,, Suburban ,  Public  
136,William,Camacho,3,4,2,,20437.79,1,1,City,Public
137,Dennis,Gaines,25,4,2,57.00,39368.24,1,5,Urban,Priv
138,Roger,Collier,10,4,1,31.30,64160.28,1,3,Urban,private 
139,Terri,Greene,15,8,6,58.30,53749.85,1,7,  SUB  ,Private
140,Peggy,Nicholson,3,4,2,19.00,35680.57,1,2,Urban,  Public  
141,Cheryl,Campos,11,8,6,48.30,35957.38,1,7,Urban,Governmental
142,Cody,Joyce,8,9,7,35.30,62343.62,1,3,Urban,International
143,Jerry,Hicks,13,5,3,33.90,,,,Suburb,Public
144,Dean,Contreras,12,3,1,43.30,81230.44,1,7,City,Private
145,Kelsey,Taylor,12,4,2,43.10,19835.13,0,0,URB,Gov
146,Sylvia,Phelps,7,2,0,45.30,,1,3,NULL,Gov
147,Maureen,Escobar,10,5,3,56.20,22630.66,1,-4,urban,  Public  
148,Breanna,,10,4,2,24.70,,1,1,Suburban,  Public  
149,Sue,Nichols,12,5,2,44.80,38325.65,1,4,City,private 
150,Molly,Barr,14,4,2,,33863.55,1,1,URBAN,INTERNATIONAL
151,Beth,THORNTON,11,6,4,35.40,16188.13,,,Rural,PUBLIC
152,Trevor,Knight,6,5,3,43.00,27338.03,1,4,City,Public
153,Victor,Mcclure,11,4,2,43.70,59235.18,1,1,Suburban,PUBLIC
154,Tanner,Mcgee,18,3,1,65.60,85480.34,1,4,Sub-urban,PRIVATE
155,George,Todd,16,5,3,55.10,59224.85,1,3,Urban, PRIVATE 
156,Joy,Dean,3,2,0,49.60,approx 34.6k,1,,Urban,Gov
157,Glen,Hobbs,11,4,2,62.50,12082.38,0,0,Urban,Public
158,Marcia,Cherry,99,5,3,42.70,41979.46,1,2,n/a,International
159,Spencer,Graves,10,5,3,53.30,43013.3,1,, Urban ,Public
160,Anthony,Buckley,9,5,3,36.80,39113.9,1,5,SUBURBAN, Governmental 
161,,Ellis,10,3,1,38.80,,1,2,city,Public
162,Pamela,Gutierrez,12,5,3,41.80,,1,1,  Urban  ,Private
163,Melissa,Blackburn,6,5,3,47.40,approx 60.4k,1,4,  SUB  ,private 
164,Wesley,Valencia,15,4,2,48.10,17318.97,1,4,URBAN, Public 
165,Tony,Yates,10,2,0,43.70,37293.02,1,1,Suburban,Priv
166,Jonathon,Valentine,7,4,1,44.00,19025.26,1,2, City ,  private   
167,Leslie,Barron,15,7,5,34.60,24164.78,0,0,Suburban,Governmental
168,Vanessa,Medina,5,8,6,24.30,,,,RURAL,Private
169,Rachel,Holden,9,6,4,38.90,21101.69,1,2,Suburban,  Public  
171,Javier,Campos,18,3,1,55.10,37300.1,1,5,URB,Public
172,Marilyn,Gardner,8,2,0,48.60,,1,2,URB,Public
173,Russell,frank,3,3,1,43.00,58040.58,1,7, Urban ,Priv
174,Danny,Monroe,8,5,2,42.60,20773.19,1,1,city,Homeschool
175,Joseph,Humphrey,12,5,3,40.60,,0,0,Rural,Homeschool
176,Shane,Chan,13,3,1,26.30,approx 16.3k,1,-2,City,Public
177,Maxwell,Melton,18,3,1,39.70,27976.54,0,0,urban,Public
178,Meredith,Haynes,16,4,2,38.20,,0,0,RUR,  home-school  
179,Judith,Stark,11,2,0,48.60,17900.87,1,1,  City  ,Public
180,Mathew,Stokes,7,4,2,26.30,34804.72,0,0,Suburban,PUB
181,Anne,Anderson,16,3,1,,27291.62,1,1,Urban,International
182,Morgan,Nixon,9,6,4,52.30,18674.29,,,Rural,  Public  
184,Carly,Reese,9,4,2,50.20,"20,227.08",0,0,SUBURBAN,Public
185,Paige,Hopkins,6,2,0,49.40,40847.83,1,3,  Sub-urban  ,Priv
186,Jeffery,Watson,9,7,5,,"37933,24",1,2,Rural,Private
187,Sonya,Washington,10,7,5,41.20,,1,7,Rural,International
188,marvin,Fisher,13,8,6,25.50,23075.47,1,2,Suburban,Private
189,Scott,Hardy,9,5,3,38.10,17414.11,0,0,Urban,public
190,Audrey,Jennings,6,2,0,46.30,20121.37,0,0,Urban,  Private  
191,Melanie,Hunter,5,7,5,47.50,,,,Rural,Public
192,Curtis,Salazar,11,4,2,34.50,37320.96,1,6,  suburban  ,  Public  
193,Amy,Ortega,11,6,4,38.50,25885.73,1,3,Rural,Governmental
194,April,Evans,9,4,2,,27298.01,1,3,Suburban,Public
195,KELLI,Oconnell,9,2,0,,,,,Urban,public
196,Patty,Mckinney,12,5,3,40.30,"24,320.96",1,1,Urban,Public
197,,Austin,16,4,2,50.30,63522.06,1,1,  URBAN  ,  Int.  
198,Omar,Mendez,8,4,2,,35786.11,1,1,Suburban,PVT
199,Madeline,Moreno,11,4,2,20.00,39366.74,1,2,Suburban,Public
200,Unknown,Estrada,14,4,2,,approx 183.4k,1,8,Urban,International
201,Derek,Sanders,8,3,1,41.50,30651.63,1,2, Suburban ,Gov
202,Stacy,West,19,4,2,24.80,9070.12,,, Urban ,Public
203,Michelle,Pearson,10,2,0,63.20,16226.4,,,Urban,Public
204,Breanna,Gamble,6,7,5,60.10,35173.76,1,1,Urban,Public
205,Kristina,,11,2,0,45.50,25856.22,1,1, Suburban ,Public
206,Tammy,Ross,11,4,2,,27049.04,1,3,Urban,Public
207,Hunter,Cowan,12,4,2,58.30,23507.21,1,1,Suburban,Governmental
208,Karla,Ochoa,6,5,3,49.90,,1,3,Rural,PUB
209,  Kimberly   ,Jenkins,11,5,2,39.90,31432.51,1,,SUB,PUBLIC
210,Olivia,Cook,15,2,0,45.60,36934.39,1,1,RUR, Private 
211,Jody,Yoder,18,3,1,55.20,"77,094.43",1,6,urban,Private
212,Unknown,Bowman,15,5,2,40.50,"$75,901",1,7,URBAN,private 
214,Rebecca,Jones,12,3,1,51.20,25308.7,1,1,Suburban,PVT
215,MARIO,West,9,5,3,37.00,25018.93,0,0,Urban,  International  
216,Brandon,Perkins,12,9,7,90.00,23755.88,0,0,Rural,  Governmental  
217,Angel,Ingram,8,2,0,36.50,24453.22,1,2,Sub-urban,Public
218,Tanya,Conway,4,2,0,,22604.51,0,0,Sub-urban,Public
219,Sandra,Clayton,9,4,2,42.00,,1,6,urban,  PRIVATE  
220,Rose,Webb,13,7,5,37.40,27013.94,1,2,SUB,Public
221,Sarah,decker,12,5,3,48.20,31834.34,1,1,Urban,Governmental
222,Catherine,Valdez,12,2,0,44.90,32121.5,0,-3,Suburban,Private
223,Sara,Powers,11,3,1,44.80,37119.83,1,4, Suburban , Public 
224,Mario,Norman,12,2,0,47.70,43263.98,1,6, Urban ,  home-school  
225,Kendra,,12,6,4,,,0,0,Rural,public
226,Cameron,Gilbert,10,4,2,52.10,12618.4,0,0,Suburban,Public
227,Devon,Frye,11,4,2,,30590.79,1,2,SUB,Gov
228,Latasha,Moore,17,5,3,55.60,28104.68,1,1, Urban ,Public
229,Jean,Wu,11,2,0,39.40,25197.92,0,0,Urban,Gov
230,Lisa,Owen,11,6,4,38.10,45106.4,0,0,Urban,public
231,Gail,Smith,11,6,4,,52213.62,1,3,Suburban, Priv 
232,Leonard,Richards,10,2,0,38.60,21472.59,0,0,URBAN,private
233,Logan,Dennis,9,5,3,36.60,43382.68,1,1,  RUR  ,international
234,Jean,Pierce,11,9,7,21.70,,0,0,countryside,Homeschool
235,Alan,Farmer,9,6,4,42.50,41136.2,1,3, URB ,Priv
236,Kyle,Armstrong,10,9,7,22.80,approx 15.7k,,,  SUB  ,Private
237,Caroline,Owens,8,2,0,48.10,20890 EGP,0,0,Urban,Public
238,Hunter,Collins,11,5,3,29.80,30731.51,1,,Urban,Public
239,Unknown,Snow,13,6,4,51.20,23876.44,1,3,Urban,Intl
240,Kyle,Joyce,10,8,6,46.30,"3,551.76",0,0,Rural,Gov
241,Robert,Wilcox,3,11,9,39.80,24011.98,0,0,Rural,Public
242,Keith,Clayton,19,2,0,23.50,45655.0,0,0,NULL,Public
243,Monica,Liu,11,5,3,62.60,27212.05,1,1,City,PUBLIC
244,Madeline,Cunningham,7,10,8,42.70,"$26,061",1,1,city,Public
245,Gabriella,Byrd,13,5,3,50.30,20845.86,0,0,  Suburban  ,Public
246,Alvin,Becker,5,5,3,23.80,11599.23,0,0,Urban,Public
247,Gavin,Robertson,14,4,2,51.60,6313.79,,,countryside,Public
248,Guy,Woods,10,8,6,18.30,26688.75,0,0,Rural,PUBLIC
249,Rose,Velez,3,7,5,29.50,53401.03,0,0,Urban,
250,Wanda,Stevenson,11,2,0,56.90,23819.41,1,3,countryside,Public
251,Michaela,Bridges,9,4,2,30.90,31526.68,1,2,NULL,Public
252,Lindsey,Sosa,8,2,0,54.30,39359.62,1,1,Suburban,
253,Fred,Barrett,8,2,0,51.10,37943.77,1,5,suburban,PVT
254,Troy,Avila,10,3,1,49.00,19305.88,1,1,Urban,Public
255,tammy,Anderson,9,2,0,,28921.87,1,2,Suburban,PUB
256,Christopher,Parker,4,2,0,30.30,25264.61,1,1,urban,Homeschool
257,Cindy,Fisher,15,2,0,60.80,21904.02,1,1,SUB,public
258,Kent,Charles,10,6,4,45.10,55665.32,1,4,Urban,Int.
259,Brianna,Diaz,8,5,3,56.20,70690.31,1,2,urban,International
260,Tammie,Frank,6,7,5,56.20,8180.53,0,0,Urban,Public
261,Cassandra,Riley,13,3,1,43.60,25840.78,0,0,Urban,Public
263,,Munoz,11,2,0,24.30,56320.25,1,4,Urban,private
264,Laura,Hardin,8,6,4,56.10,,,,N/A,  Homeschool  
265,Chase,Dunn,9,5,3,28.20,,0,-4,Suburb,Public
266,Wendy,Chen,7,3,1,32.20,46700.69,1,4,Urban,Homeschool
267,April,,8,3,1,74.20,29132.62,1,2,Rural,Private
268,Shelia,Miller,11,11,9,20.60,6430.44,0,0,Rural,Public
269,Kelli,Neal,11,2,0,31.80,27766.32,1,1,City,PVT
270,Erik,Montes,8,5,3,58.00,59373.29,1,2,Suburban, PRIVATE 
271,  Brianna   ,Boyd,10,9,7,50.00,16433.48,0,0,Urban,PUB
272,Ryan,Nash,14,4,2,40.00,27053.68,1,2,Suburban,Private
273,Tracey,Sheppard,5,2,0,30.00,33839.34,0,0,Suburban,private 
274,Fred,Deleon,10,3,1,35.60,,1,2,Urban,PUB
275,Margaret,Martinez,7,5,3,37.00,,1,5,  Sub-urban  ,public
276,Cassie,Kirby,7,4,2,25.20,11731.58,0,0,Urban, Public 
277,Caitlyn,Unknown,11,6,4,,23376.99,1,2,Suburb,Private
278,Kimberly,Tyler,9,4,1,54.60,19243.98,0,0,Urban,Public
279,Randy,Daniel,6,3,1,50.10,"$28,688",1,,Suburban,Gov
280,Phillip,Frederick,15,5,2,52.80,36284.79,1,3,-,Public
281,Grant,Glass,14,6,4,42.00,"$63,815",1,5,Urban,International
282,Debra,Maldonado,4,5,2,38.60,92295.85,1,,Suburban,  PVT  
283,Mia,Skinner,5,5,3,62.00,33330.72,1,-4,city, public 
284,Erik,MOSLEY,13,4,2,33.70,21502 EGP,1,1,n/a,Public
285,Nancy,Thompson,9,3,1,27.50,20825.51,1,,  Suburban  , PUB 
286,Donald,Mcgee,16,5,3,43.70,17488.93,1,6,URBAN,PUB
288,Cynthia,Howard,12,4,2,34.00,22647.83,0,0,Urban,Public
289,Anna,Middleton,7,4,2,,34027.65,1,3,Suburb,Public
290,Peggy,Campos,12,4,2,26.70,15318.79,0,0,SUBURBAN,Public
291,Joyce,Durham,6,6,4,45.60,23009.39,0,0,URB,  PUBLIC  
292,Colton,Dodson,15,6,4,34.60,37714.29,1,2,urban,Public
293,Unknown,Rivera,12,6,4,54.90,,0,0, Rural , PUB 
294,Jose,Gray,8,4,1,47.50,10340.5,,,Urban,public
295,Terrance,Mcdaniel,13,6,4,45.10,29485.21,1,2,Urban, Public 
296,Barry,Salinas,18,2,0,40.70,16465.53,1,6,Suburban,Public
297,Kristi,Anderson,10,2,0,63.20,56941.87,1,2,city,International
298,Bradley,Goodwin,12,6,4,58.50,29263.93,1,1,Rural,Public
299,Cesar,,9,5,3,51.60,8470.87,1,2,Urban,public
300,Deborah,Johnson,11,9,7,54.50,26657.46,1,4,Rural,Int.
301,Renee,Bailey,5,5,3,41.10,36831.72,1,2,URB,Public
302,Joyce,Cole,10,4,2,60.80,,,, Urban ,Public
303,RACHEL,West,11,3,1,46.90,48198.25,1,1,  Urban  ,PUBLIC
305,Bonnie,Leon,4,6,4,41.40,48048.1,1,3, Suburban ,  Private  
306,Chris,Humphrey,9,5,3,33.60,20839.31,1,,urban,Public
307,Karen,,15,2,0,37.00,,0,0,Rural, Public 
308,Donna,Rivera,10,4,2,41.30,95455.11,1,3,urban,Private
309,Jared,Good,10,8,6,32.80,12702.06,0,2,URB,Public
310,Caitlin,Collier,8,2,0,55.40,19085.55,0,6,Urban,Public
311,Cristian,Clay,7,7,5,,,1,2,Rural,NULL
312,Dylan,Caldwell,4,6,4,47.90,23141.49,1,1, Urban ,Public
313,Shelley,Newman,8,5,3,29.10,43666.21,1,4,Urban,  PRIVATE  
314,Brittney,Holland,7,5,3,66.70,17709.41,,,Rural, International 
315,Alan,Warner,11,4,2,37.40,44460.95,1,3,Suburban,Governmental
316,Ross,Whitaker,8,9,7,42.70,36481.28,1,1, Urban ,Governmental
317,Kaitlin,Pena,9,2,0,38.20,,,,Suburban,Public
318,STEPHEN,Hobbs,9,7,5,48.40,40232.14,1,2,Urban,Private
319,Joel,Unknown,10,6,4,44.20,,0,0,Suburban,Governmental
320,Jessica,Burke,9,3,1,36.10,21087.89,0,0,urban,Public
321,Victor,Reed,7,2,0,,80061.39,1,2,SUB,Priv
323,Cristina,Molina,14,5,3,,49908.65,1,1,urban,Private
324,Jean,Martinez,11,7,5,,50874.4,1,3,URB,Public
325,Haley,Perkins,8,7,5,69.30,23599.26,1,3,  Urban  ,Gov
326,Marcia,Gilmore,10,4,2,64.40,36256.06,0,0,Suburban,PUBLIC
327,Sherri,Zavala,3,2,0,52.50,30449.19,1,-4,Suburban,Public
328,Michaela,Santos,10,5,3,48.80,18838.09,1,1,Suburban,public
329,Jenny,Williams,9,2,0,40.00,,0,0,Rural,Gov
330,Grace,Cantrell,7,8,6,43.20,17384.38,1,,  Rural  ,Governmental
331,Jesse,Haas,8,3,1,38.60,23690.07,0,0, Rural ,Public
332,Katie,Briggs,9,4,2,,25820.75,1,5, Suburb ,Public
333,Jim,,14,3,1,,26895.89,1,1,Urban,Public
334,Caleb,Jennings,2,2,0,,25979.08,1,2,Suburban,Public
335,,Marshall,7,8,6,40.50,"25,391.29",1,4,City,Private
336,Jeffery,Weber,9,6,4,49.30,69711.85,1,4,Urban,Int.
337,Antonio,Le,9,3,1,49.80,34497.17,1,3,URB,Public
338,Dylan,Golden,13,4,2,44.30,22752.85,1,1,URB,Private
339,Ellen,Mueller,11,2,0,39.10,,,,SUB,Public
340,,Bauer,11,2,0,35.70,26676.42,0,-2,URBAN,  Public  
341,Martin,Rodgers,12,5,3,42.10,21649.7,1,,Urban,Public
342,Jack,Barr,8,7,5,41.80,,,,Village,Governmental
343,Bill,Mccormick,15,2,0,38.40,42977.68,1,1,Suburban,null
344,Earl,Rios,10,2,0,40.00,31065.55,1,2, Urban ,PUBLIC
345,Unknown,Richmond,7,6,4,17.50,11785.85,0,3,Urban,Public
346,Nathan,Turner,10,3,1,67.40,41787.71,1,3,  URBAN  ,Public
347,,Morrison,15,3,1,,,0,0,Rural,PUB
348,Clayton,Unknown,9,6,4,53.40,,1,1,Urban,Public
349,Henry,Unknown,14,4,2,45.80,,0,,countryside,Public
350,Kaitlin,Clayton,8,2,0,34.40,31188.32,1,2,Urban,Public
351,Sheila,Parker,8,6,4,52.60,25242.93,1,,null,Gov
352,Jeff,Burgess,13,2,0,48.10,27406.36,1,4,Urban,Public
353,Laurie,Haley,7,2,0,29.80,28716.82,0,0,Sub-urban,  Private  
354,Felicia,Montoya,13,5,2,39.00,31102.28,1,2,Urban,Public
355,Kiara,Mccormick,12,6,4,,83145.81,1,9,Urban,Private
356,Ruben,Wiggins,7,7,5,46.60,19402.78,1,1,countryside,Public
357,Breanna,Callahan,10,3,1,50.10,29317.87,1,,Suburban,  Public  
358,Alyssa,Allen,9,8,6,34.60,20125.91,1,2,URBAN,PUB
359,Kent,Carroll,12,4,2,49.20,31555.16,0,0,Suburban,Gov
360,Jesse,Hull,17,2,0,37.30,,1,2,City,Public
361,Latasha,Colon,9,5,3,46.30,approx 32.3k,1,1,Rural,PUBLIC
362,Gloria,Duncan,12,9,7,44.50,,0,0,Urban,Gov
363,Angela,Barr,11,4,2,,18694.56,,,Urban,  homeschool  
364,Brandy,Vincent,11,10,8,32.90,12136.55,0,0,N/A,Public
365,Colin,Norris,10,4,2,27.90,37451.58,1,7,Urban,Int.
366,Connor,Frey,7,3,1,36.90,13587.01,1,1,Rural,Public
367,Jeffrey,Gillespie,12,6,4,46.00,43358.59,1,3,  Urban  ,Public
368,Mike,Sloan,9,5,2,18.00,17386.08,1,2,urban,public
369,Penny,Hendrix,7,3,1,,34279.8,0,0,Suburb,Private
370,Sheryl,Garza,14,5,3,37.20,40901.01,1,2,Urban,International
371,Vanessa,Harper,11,4,2,,33405.93,1,1,URBAN,PUBLIC
372,Gina,Turner,10,5,3,32.20,26029.36,1,1,  Suburban  ,PUBLIC
373,,Rocha,15,2,0,,32063.05,1,1,URBAN,Private
374,Casey,Joyce,4,4,2,23.00,,0,0, Rural ,PUB
375,Kathy,Herman,15,9,7,45.00,,0,0,  Sub-urban  ,  Public  
376,  Phyllis   ,Reeves,7,4,2,55.40,40099.93,1,2, city ,  PUB  
377,Robert,Walsh,11,2,0,,24275.43,1,1,Urban,Governmental
378,Maria,Unknown,8,6,4,46.60,38153.23,1,3,Urban, Public 
379,Trevor,Park,7,2,0,,60056.66,1,8,Suburban,International
380,Erica,Martinez,15,3,0,37.10,19901.76,1,1,Suburban,Public
381,Sheri,Armstrong,17,3,0,39.80,18397.14,0,0,SUBURBAN,PUBLIC
382,Jasmine,Pruitt,10,5,3,51.30,24875.64,1,2,urban,Private
383,Grace,Faulkner,12,7,5,43.20,26145.55,0,0,Unknown,PUBLIC
384,Jodi,Rodriguez,11,2,0,,"41,679.99",0,0,urban,Private
385,Kelsey,Livingston,17,2,0,,16888.48,1,,Rural,PUBLIC
386,Rodney,Valentine,3,6,4,57.60,93265.06,1,10,City,Private
387,Rodney,Velez,12,8,5,42.70,21622.01,1,2,countryside,public
388,  Christina   ,Santos,8,10,8,44.50,39318.62,1,2,Suburban,n/a
389,Marc,Frye,3,6,4,,29135.91,1,2,URBAN,PRIVATE
390,Kellie,Joyce,9,5,3,34.60,51870.59,1,4,Urban,Priv
391,John,Boone,17,7,5,43.60,15323 EGP,1,2,Rural,Gov
392,Stephen,ESCOBAR,8,6,4,37.10,12036.24,1,1,Rural,Public
393,Bruce,Mendoza,13,5,3,33.00,42105.75,1,3,Sub-urban,International
394,Raven,Fields,2,3,1,37.30,28810.39,0,0,Urban,  Priv  
395,Robert,Mclaughlin,10,2,0,57.20,29286.9,1,1,  Suburban  ,Public
396,Debbie,Wagner,11,4,1,39.40,51023.19,1,2,Urban,PRIVATE
397,Bill,Shannon,4,3,1,45.20,27624.02,0,2,Suburban,INTL
398,Penny,Simon,8,4,2,51.40,27389.45,1,3,city,PUB
399,Morgan,Gates,14,5,3,32.60,12778.66,,,Rural,Public
400,Kurt,Henry,11,4,1,68.50,45886.42,1,8,SUB,  private  
402,Stephen,Lynch,11,4,2,36.80,24881.87,1,1,Suburban,Public
403,Loretta,Barajas,18,2,0,44.90,34814.85,1,2,City,Public
404,Kyle,Blackburn,9,5,3,,"34736,0",0,6,Urban,Public
405,Stacey,Turner,16,2,0,50.10,51923.92,1,7,Urban,private 
406,Erika,Mason,11,4,2,70.20,"28612,51",0,0,Urban,Public
407,Kent,Unknown,17,4,2,48.50,63386.84,1,5,Urban,International
408,Nichole,Hubbard,1,3,1,35.70,22318.78,1,2,  Suburban  ,Public
409,Peggy,Richardson,11,6,4,47.70,31379.78,1,1,  Sub-urban  ,PRIVATE
410,Zachary,Williams,9,2,0,23.20,"$26,874",1,3, Urban ,Public
411,Desiree,Williamson,11,2,0,60.10,54242.88,0,,Rural,Homeschool
412,Dominique,,15,7,5,36.80,14145.47,,,Rural,Private
413,JONATHAN,Dominguez,12,6,4,,25768.05,0,0,Urban,private
414,Albert,Tucker,15,5,3,,31669.44,0,0,-,Gov
415,Nicholas,Barr,8,5,3,43.30,,0,,Rural,Public
416,Brandy,Flores,8,7,4,53.40,35346.99,1,5,URBAN,International
417,Jasmine,Castillo,11,3,1,46.00,58454.18,1,2,Urban,PRIVATE
418,Stefanie,Baird,10,7,5,47.90,18601.87,,,Rural,PUBLIC
419,Jason,Eaton,10,5,3,47.70,28320.7,0,0,SUB,Gov
420,Misty,Colon,7,5,3,25.70,"$15,123",1,1,RURAL,Public
421,Megan,Stuart,15,5,3,46.90,12993.56,1,1,RUR,Governmental
422,Monique,Massey,9,4,2,47.50,"31353,82",1,2,Urban,PRIVATE
423,Tammie,Daniel,16,4,2,40.00,25698.29,1,1,Suburban,PUBLIC
424,,Sharp,11,4,2,58.40,48790.65,1,8,SUBURBAN,PVT
425,Ebony,Burton,13,5,3,,17544.7,,,city,Private
426,Fred,Barber,13,4,2,54.40,66170.77,1,-2,Urban,Private
427,Andrea,Duran,8,7,5,27.70,27426.14,1,2,URB,public
428,Rita,Delacruz,12,3,1,57.10,27769.51,1,1,SUB,Int.
429,Christine,,17,2,0,,14247.55,1,5,Suburban,Homeschool
430,Dean,Reynolds,11,4,2,28.10,23366.65,1,3,Rural,Public
431,Colin,Warner,14,6,4,27.30,17531.21,,,Urban,Governmental
432,Pamela,Castaneda,13,7,5,45.20,31425.18,1,4,Sub-urban,International
433,Leon,Simon,12,5,3,62.10,34600.89,1,2,-,Private
434,Makayla,Black,11,4,2,50.90,14341.44,0,, Rural ,Public
435,Briana,Matthews,12,2,0,36.10,,0,0,SUB,homeschool
436,Diana,Aguilar,13,6,4,49.40,83980.81,1,3,SUB,International
437,Melinda,,6,4,2,30.60,approx 16.7k,0,, URB ,public
438,Allen,Stark,11,7,5,51.10,34544.75,1,2,Urban,Public
439,Rita,Williams,10,3,1,29.80,19902.62,1,3,Urban,  Gov  
440,Riley,Becker,9,2,0,60.70,45542.53,1,-1,SUBURBAN,Public
441,SONYA,Rhodes,15,3,1,46.30,24131.72,1,1,urban,Public
442,Karen,Carrillo,8,6,4,21.90,11343.66,1,1,RURAL,PUBLIC
443,Robert,Luna,5,2,0,,41247.1,1,3,city,-
444,Cory,ATKINS,13,5,3,38.10,,0,0,Suburb, Public 
445,Andrea,Hood,5,2,0,,23687.36,1,1,Urban,Public
446,Devin,Mack,4,3,1,40.10,43461.68,1,,Urban,  Public  
447,Carolyn,Whitaker,14,6,4,,,1,1,Suburban,Homeschool
448,Jenny,Dillon,11,5,3,45.00,17512.56,,,Urban, PUBLIC 
449,Sharon,Mcdowell,12,5,3,41.60,21240.02,1,3,City,Public
450,Jason,Higgins,9,4,2,41.40,31059.99,1,5,Suburban,Public
451,Leah,Holt,6,3,0,,9911.17,0,0,city,Public
452,Kristy,Bush,19,2,0,43.60,53998 EGP,1,3,Suburb,Private
453,Latoya,Powell,10,4,1,43.60,,0,0,Suburban,Public
454,Devon,Salas,6,2,0,37.50,"23,375.05",1,2,URBAN,PRIVATE
455,Sharon,Davidson,12,2,0,53.10,34319.34,1,3,city,Private
456,Sarah,,9,6,4,31.70,30582.41,0,0,Urban,Private
457,Tyrone,Frey,11,6,4,41.10,17500.96,0,0,Urban,PUBLIC
458,Michael,Shaw,11,3,1,50.60,,1,4,URBAN, Private 
459,Ariana,Austin,12,7,5,45.00,6208.52,,,SUB,Public
460,Tyrone,Rush,12,5,3,46.10,16040.88,,,Urban,  Public  
461,Julia,Conley,9,9,7,29.20,,0,0,  Rural  , Governmental 
462,Colleen,Conrad,11,4,2,49.90,15178.91,,,Suburban, Public 
463,Larry,Garrett,11,5,3,41.70,58148.45,1,1,Urban,Public
464,Jim,Owens,3,2,0,30.10,10279.54,1,3,Suburban,Public
465,Marvin,Vaughn,13,5,2,44.30,70024.79,1,,City,INTERNATIONAL
466,Norman,Downs,11,6,4,42.60,25515.12,1,2,-,Public
467,  Theodore   ,Vincent,13,3,1,49.40,,0,0,Rural,Governmental
468,Christy,Gallegos,6,2,0,,9362.83,,-2, URB ,PUB
469,Suzanne,Baldwin,9,3,1,54.80,26414.76,0,0,Urban,Public
471,Dean,graves,13,2,0,53.20,19537.13,0,0,  Rural  ,PUB
472,Jonathon,Ellis,5,4,2,38.80,19973.97,0,0,Suburban,PVT
473,,Sharp,7,5,3,,43290.63,1,2, Suburban ,international
474,Carl,  Mercado   ,12,3,1,59.60,23662.1,1,3,Suburban,  Priv  
475,Roberta,Schwartz,8,6,3,45.30,20269.05,1,3,SUBURBAN,Public
476,Emma,Lane,7,2,0,57.60,43708.15,1,5,SUBURBAN,Public
477,Matthew,Price,14,4,2,,19447.88,0,0,rural,Public
479,bradley,Coffey,13,3,1,66.70,"55924,81",1,2,URBAN,International
480,Gene,Pineda,14,5,3,64.00,25296.21,0,0, City ,Gov
481,  Alexandria   ,Villanueva,10,3,1,30.10,30364.71,1,1,Urban,Public
482,Luis,Juarez,10,5,3,23.20,"$47,292",1,3,Urban,Public
483,Krystal,Kramer,8,4,2,24.90,7724.4,0,0,URB,Public
484,Krystal,Green,11,4,2,43.60,28114.14,1,3,Urban,Intl
485,Javier,Navarro,9,4,2,46.50,15158.59,0,0,RURAL,Public
486,Catherine,Mann,9,5,3,,36524.14,1,5,Urban,public
487,Helen,Kelly,13,7,5,,19137.2,1,2,City,Public
488,Mercedes,Bailey,15,8,6,39.20,31335.16,1,1,Rural,Public
489,Leonard,Mitchell,12,2,0,39.00,19815.71,0,0,Urban,Public
490,Jean,Keller,17,5,2,39.90,19881.41,1,1,Suburb,  Governmental  
491,Cheryl,Haney,8,9,7,25.30,17757.7,,,Suburban,Public
492,Shawn,Hayes,4,3,1,41.70,approx 50.3k,1,10,  Suburban  ,public
493,Bradley,Schmidt,13,5,3,35.70,9442.09,0,0,  Urban  ,  Public  
494,Stefanie,Hardy,8,4,2,,,1,,Unknown,Priv
495,Suzanne,Frey,10,4,2,39.70,57546.8,1,5,Suburban,PRIVATE
496,Chad,Schultz,4,4,2,,21792.56,1,3,Urban, PUBLIC 
497,Randy,Valdez,7,6,4,27.50,52302.95,1,4,Urban, private 
498,Unknown,Colon,5,4,2,55.10,31937.92,1,3,URB,Public
500,dennis,Sparks,9,7,5,41.70,43168.21,1,3,Suburban, Public 
501,Unknown,Foley,11,9,7,53.70,"85,496.40",1,2,SUBURBAN,Private
502,Maurice,Horne,15,5,3,45.20,,,,SUBURBAN,Public
503,Jonathan,,13,5,3,55.60,33032.26,1,4,urban, Governmental 
504,Jesus,Tanner,5,9,7,34.60,6645.82,0,,Rural,Public
505,Helen,  Reese   ,13,3,1,,"12896,45",1,,Rural,public
506,Devon,Brandt,11,2,0,57.00,102468.33,1,2,Urban,Int.
507,Candice,Vincent,10,3,1,37.00,33107.34,1,4,Suburb,Private
508,Gabrielle,Velazquez,10,2,0,35.80,51097.85,1,3,city,Public
509,Joseph,Pierce,11,6,4,29.70,22757.87,1,2,Rural,Public
510,Joyce,Gamble,8,5,3,,38091.79,1,4,city,Governmental
511,Terri,Schwartz,10,2,0,37.60,22308.18,1,-4,Urban, Governmental 
512,Crystal,Castro,15,9,7,39.60,11617.25,1,1,,Public
513,Brett,Sloan,8,2,0,32.10,18919.78,0,0,Suburb,  PUB  
514,April,Rhodes,7,4,2,27.80,6622.86,0,0,Urban,PUBLIC
515,Maxwell,Lynch,10,2,0,,24462.06,0,0,Suburban,International
516,Molly,Randolph,6,7,5,52.20,29200 EGP,1,2,Suburban,Public
517,Paul,,4,2,0,43.40,21150.71,0,0,urban,Gov
518,Mariah,Boyer,9,4,2,47.10,23816.29,1,1, Suburban ,PUBLIC
519,John,Rivera,16,2,0,39.80,34158.84,1,3,Suburban,Governmental
520,,Weber,10,2,0,41.10,41632.7,1,5,  Suburb  ,public
521,Gregg,Chang,11,2,0,36.40,8876.87,0,0,RUR,Public
522,Javier,Mueller,3,4,2,24.50,,0,0,Suburban,Public
523,  Shannon   ,,12,5,3,44.40,approx 38.7k,1,4,SUB,Public
524,Deborah,Berry,11,4,2,,35381.84,1,4,suburban,n/a
525,Carly,Monroe,8,5,3,31.70,62281.48,1,1,Urban,Homeschool
526,justin,Walton,19,6,4,40.90,60876.89,1,3,Urban,  Private  
527,Matthew,Carney,11,6,4,,64742.96,1,4,Rural,International
528,Jasmine,Roberts,7,3,1,,,0,2,SUB,Gov
529,Cameron,Rush,12,2,0,62.50,,1,4,Urban,Private
530,Judith,Chen,15,4,2,51.60,"$17,926",1,6,URB,Public
531,Kaitlin,Goodwin,10,3,0,47.80,110938.26,1,5,Urban,International
532,Leonard,Burns,7,9,7,48.20,38180.62,1,2,Urban,PUB
533,Miguel,Gordon,10,5,3,40.90,40059 EGP,1,4,city,Public
534,Stacey,Walker,14,2,0,44.40,44110.76,1,4,Sub-urban,PUB
535,Charlene,Coleman,6,5,3,46.80,14108.75,0,0,Urban,International
536,Mathew,Galloway,13,4,2,27.70,,0,0,SUBURBAN,  home-school  
537,Aaron,King,8,5,3,35.10,18281.05,0,0,rural,Public
538,Oscar,Ho,11,5,3,41.60,20746.77,1,1,  Rural  ,public
539,Desiree,Wu,8,7,5,34.60,53927.98,1,3,Rural,Priv
540,Tiffany,Escobar,8,4,2,43.60,17640.28,1,3,Urban,Public
541,Ashley,Valencia,16,4,2,59.30,59701.12,1,,Suburb,PUB
542,,Santos,5,3,1,49.30,22113.11,1,2,Suburban,NA
543,Malik,Church,12,4,2,50.40,,1,3,Urban,public
544,Judith,Ayala,17,2,0,30.70,15676.0,0,0,Village,Public
545,Philip,Harrison,13,2,0,40.80,21635.65,0,0,Suburban,Public
546,  Ray   ,Chambers,6,6,4,54.80,33442.94,1,,Sub-urban, Public 
547,Jeremiah,Clay,6,2,0,29.90,23927.44,1,1,Urban,Public
548,Jim,Fitzgerald,8,7,5,,"13687,64",1,,URB,Governmental
549,Mia,Daniel,11,6,3,39.20,,1,1,RURAL,Public
550,Eddie,Rivera,11,3,1,42.30,38221.42,1,,city,Public
551,Nichole,Skinner,6,2,0,51.90,13748.98,,,Urban,  Public  
552,Leonard,,7,5,3,55.70,"35,242.45",1,6,Suburban,Intl
553,ADRIAN,Ford,8,5,3,46.10,48985.8,1,4,Suburban,International
554,Diana,Higgins,10,3,1,44.80,67101.52,1,6,Urban,Private
555,Nicole,Meyer,18,3,0,40.50,35800.43,0,0,Urban,Private
556,,Knapp,7,3,1,25.20,,,,Suburban,PUBLIC
557,ariel,Glover,7,6,4,35.40,24494.18,1,4,  Rural  ,  Public  
558,CRISTIAN,Proctor,6,3,1,31.80,,1,3,Urban,Gov
560,Nathan,Roberts,10,3,1,36.60,28567.48,0,0,Urban,
561,Candice,Roach,7,4,2,48.90,33389 EGP,1,6,  Suburban  ,Priv
562,David,Unknown,9,7,5,58.10,68390.78,1,,  Suburban  ,Homeschool
563,Tammy,Jacobs,8,6,4,44.20,,0,0,Rural,Public
564,Katie,Christian,12,9,7,49.50,41780.74,0,0,Suburban,Private
565,Maxwell,Roy,18,3,1,53.10,,1,3,Urban,Private
566,Riley,Payne,12,8,6,,33179.42,1,3,Urban,Int.
567,,Munoz,10,2,0,70.30,53197.05,1,3,unknown,Public
568,Russell,Aguilar,8,2,0,47.70,18820.8,1,3,URB,Public
569,Madeline,Yang,6,4,2,37.30,29048.54,1,2,Suburban,home-school
570,Wayne,Hurley,13,8,6,37.30,30180.52,1,3,  City  ,Public
571,Melvin,Phelps,13,2,0,29.50,,1,,Urban,Public
572,Mikayla,Long,9,7,5,46.00,50408.79,1,5,Suburban,Private
575,Christina,Sullivan,13,3,1,13.20,"$25,751",0,0,URBAN,Public
576,Kellie,Briggs,12,3,0,56.80,,0,,Urban,NA
577,Nancy,Mann,10,3,1,43.90,"43,873.00",1,1,Urban,Private
578,Madison,Galvan,7,6,4,70.40,30610.31,0,0,Urban,Public
579,Cathy,LUCAS,10,2,0,,17727.54,,,Suburban,  Public  
580,Sara,Terry,14,2,0,39.80,22372.91,0,0, Urban ,Public
581,Leslie,Daugherty,9,5,3,31.00,"29,535.01",1,2,Urban,Public
582,Julie,Schmitt,12,6,4,34.90,10270.94,0,0,Rural,Private
583,Bill,Farmer,7,12,10,64.90,,0,0,Urban,  Public  
584,Gloria,Swanson,13,5,3,,19222.58,1,2,Urban,Public
585,,Meadows,12,2,0,49.20,,0,0,Rural,Public
586,Keith,Mcguire,6,3,1,52.10,148185.87,1,,Suburban,Homeschool
587,Kimberly,Boyer,10,5,3,65.40,86415.15,1,9,Urban,Private
588,Tracy,Hayes,14,4,2,49.30,18567.53,,,Rural,Public
589,sandra,  Murillo   ,6,2,0,,40866.21,1,3,Suburban,  Public  
590,Jeremy,,7,4,2,52.40,52131.33,1,3,URBAN,INTL
591,Caitlin,Doyle,10,5,3,54.80,28524.14,0,,City,Public
592,Alexandra,Little,18,3,1,17.80,20040.6,1,4, Village ,Public
593,Angela,Kelly,8,2,0,34.70,25740.12,0,0,city,Homeschool
594,Becky,Henderson,12,8,6,27.60,51052.96,1,9,Suburban,PUB
595,Erin,Olson,11,8,6,56.80,59765.76,1,,Urban,Intl
596,Sheri,Torres,8,2,0,54.50,70196.62,1,3,Urban,  Homeschool  
597,Noah,Henderson,11,4,2,39.00,19856.75,1,2,Rural,Public
598,Philip,Hull,9,2,0,,56516.77,1,,RUR,International
599,,Kramer,9,3,1,45.30,"28,509.91",1,7,URBAN,Governmental
600,Austin,Unknown,5,7,4,52.60,91657.29,1,6,URBAN,International
602,Ashley,Leon,14,4,2,35.70,12536.6,1,1,Suburb,PUB
603,Kimberly,Gilbert,11,3,1,50.30,90698.35,1,6,Urban,  PRIVATE  
604,Tyler,Sloan,14,3,1,51.70,42753.55,1,7,Urban,Private
605,Jackson,Castaneda,13,4,2,51.90,22822.85,1,3,Rural,public
606,Curtis,Mcneil,10,7,5,43.30,24385.24,1,1,Urban,Public
607,Laurie,Curry,8,3,1,44.10,18679.24,1,3,  URB  ,Public
608,Luis,Lynn,9,5,3,40.40,19680.07,1,5,  Urban  ,public
609,Lori,Unknown,5,4,2,40.40,32086.83,1,, Urban ,Public
610,Sheryl,Adkins,10,4,2,73.50,23561.98,0,0,  Suburban  ,Public
611,Tammie,Campbell,11,3,0,38.60,10225.92,0,0,Urban,PUBLIC
612,Julie,Patel,17,4,2,64.80,64962.64,1,4,Suburban,Private
613,Kellie,Branch,12,6,3,38.70,23603.7,0,0,URBAN,Public
614,Kim,Blackburn,7,3,1,35.50,58754.63,1,5, Urban ,Public
615,  Dylan   ,LAMBERT,5,2,0,22.60,,1,-1,Rural,public
616,,Romero,10,6,4,39.00,,1,2,SUB,NA
617,Shelby,PRINCE,13,8,6,23.80,50755.29,1,2,urban,Private
618,Earl,Gilbert,10,3,1,60.10,47046.43,1,1,Urban,Private
619,Tyler,Boone,12,4,2,39.30,22084.29,0,0,Suburban,Public
620,Jill,,10,7,5,45.50,33864.13,0,0,Suburban, Public 
621,Paul,Atkinson,13,7,5,33.70,37114.78,1,1, Suburban ,Public
622,Mikayla,May,5,3,1,26.20,approx 23.6k,1,1, Suburban ,  PUB  
623,Stanley,Wood,16,5,3,27.80,16114.18,1,3,urban,Private
624,Peggy,Durham,6,5,3,51.00,12167.07,0,0,rural,Public
625,Oscar,Nichols,13,3,1,,24135.14,0,0,City,  Private  
626,Melinda,Roach,10,3,0,41.80,30161.82,1,,urban, Public 
627,,Riley,10,8,6,33.40,61439.56,1,4,Suburban,international
628,Natasha,,10,3,1,46.70,48977.45,1,3,Urban,Homeschool
629,Alec,Heath,45,3,1,53.70,18980.45,1,3,Urban, Public 
630,Carol,Benitez,12,8,6,69.30,81641.03,1,2,Urban,PRIVATE
631,Francisco,Evans,14,2,0,67.10,,1,3,Suburban,Homeschool
632,Leon,Hodge,16,3,0,,37040.13,1,1,SUB,Private
633,Alicia,WEEKS,12,5,3,30.90,,0,0,  Suburban  ,Governmental
634,Brenda,Allen,17,6,4,44.50,23185.21,1,1,Urban,PUBLIC
635,Michele,Patterson,11,5,3,38.10,52620.77,1,5,city,Private
636,Loretta,Hughes,14,9,7,50.80,10578.94,0,0,NA,Public
637,Marc,Cannon,12,2,0,57.90,26379.55,1,2, SUBURBAN ,PUB
638,Alvin,Barton,9,4,2,41.60,33156.73,1,1,suburban, Priv 
639,Roberta,Parrish,11,3,1,48.00,,,,Urban,Public
640,Kelli,Perry,12,5,3,50.80,,0,0,urban,Gov
641,Cheyenne,Anderson,10,9,7,32.60,48974.81,1,8,  Urban  ,international
642,Darlene,,12,5,2,62.80,123606.75,1,7,null,Private
643,Bill,Cortez,14,4,1,43.50,22078.87,0,0, Village ,Private
645,Stefanie,Hansen,3,3,1,25.50,18283.61,0,3,Urban,Public
646,April,Williams,17,5,3,,66724.07,1,9,urban,Homeschool
647,Duane,,9,4,2,48.50,20801.46,1,1,Suburban,public
648,Ellen,,8,4,2,70.60,,1,3,Urban,International
649,Maureen,Sherman,6,4,2,34.70,35739.57,0,0,suburban,  Private  
650,Felicia,,9,6,4,57.10,36222.41,0,0,Sub-urban,Public
651,Suzanne,Cobb,8,4,2,59.70,41205.14,1,2,Urban,  Home School  
652,Rodney,Montoya,8,5,3,40.50,40489.15,1,2,  City  ,International
653,Elaine,Goodwin,8,6,4,54.90,34747.56,0,0,Urban,International
654,Devon,Wolfe,12,5,3,29.90,43612.31,1,2, Suburban ,International
655,Debbie,,18,3,1,62.80,19943.79,1,2,city,Public
656,Derek,Russell,13,3,1,40.30,26072.82,0,0,URB,private
657,Tiffany,Adkins,15,6,4,,66665.88,1,4,URBAN,Private
658,Shane,Boyer,9,3,1,41.90,28144.25,1,,  Suburban  ,Public
659,Chad,Ho,11,4,2,,,1,1,  Rural  ,Public
660,Kristi,Barnes,12,8,6,33.60,30308.34,1,3,Rural, Public 
661,Cody,Neal,8,5,3,56.70,27189.53,1,4, Rural ,PUB
662,Brittany,Frost,9,6,4,43.10,,1,1,URBAN,Public
663,Savannah,Yoder,14,3,1,,44420.77,1,5,URB,PUB
664,Mathew,Stephens,14,7,5,30.70,27599.03,1,3,  Suburban  ,  Private  
665,Bailey,Stewart,2,2,0,52.90,,1,1,n/a,Public
666,Jody,Roberson,6,2,0,52.70,25742.22,1,2,Suburban,  Governmental  
667,Earl,Joyce,9,3,0,50.20,38382.83,1,4,URB,Public
668,Phyllis,Frost,5,5,3,33.80,,0,0,rural,Governmental
669,Jeffrey,Freeman,11,2,0,35.80,18174.7,1,1,Urban,n/a
670,Ray,Humphrey,11,7,5,47.20,38447.76,1,2,suburban, Public 
671,Kathy,Sweeney,10,7,5,50.00,72532.5,1,5,Village,Private
672,Rodney,LI,11,4,2,53.10,"31,319.66",1,2,Suburban,INTERNATIONAL
673,Darius,Parks,12,7,5,44.90,17482.53,1,1,Suburban,Public
674,Unknown,Knight,11,10,8,23.50,27569.78,1,3,Suburban,Homeschool
675,Lisa,Pearson,6,3,1,44.40,15656.11,0,0,Suburban,Public
676,Matthew,salazar,10,4,2,41.10,approx 50.9k,0,0,SUBURBAN,Gov
677,Yvette,Pineda,12,4,2,30.90,30529.35,1,3,  URBAN  ,Homeschool
678,Monica,Morales,16,7,5,31.10,53064.55,0,0,City,private
679,christie,Rojas,10,3,1,33.60,23519.84,1,5,Sub-urban,Public
680,Guy,Jones,12,4,2,25.80,47957.87,1,4,Suburban,private 
681,Derrick,Shah,14,2,0,34.00,10477.89,0,0,Suburban,Governmental
682,,Ellis,10,6,4,56.10,30135.61,1,1,Urban,Public
683,Judith,Phelps,15,4,2,,40005.56,1,8,Urban,Public
684,Danny,,15,3,0,27.40,25652.77,1,5,Urban,Public
685,Gail,,1,2,0,29.50,20904.73,0,0,Rural, PUBLIC 
686,Jackson,Silva,12,4,2,69.60,35896.65,1,1,urban,Public
687,Steven,Weaver,18,4,2,48.30,52937.03,1,,  Urban  ,International
688,Gloria,Moon,8,2,0,47.50,41849.68,1,4,Urban,  Public  
689,Madison,Dominguez,18,5,3,43.90,31764.69,1,3, Suburban ,Public
690,Jodi,Davenport,13,4,2,25.70,"$48,228",1,5,Urban,PUB
691,Isaac,Arnold,15,4,2,19.10,,0,0,Suburb,Home School
692,Rick,Bolton,9,8,6,28.50,19656.72,1,5,Urban,Public
693,Katelyn,Prince,14,3,0,31.20,13878.66,1,,Urban,Public
694,Judy,  Elliott   ,16,4,2,33.90,40204.37,1,3,Urban, INTL 
695,Gregg,Freeman,7,6,4,,approx 37.3k,1,4, Urban , Public 
696,,Lutz,10,2,0,,54825.59,1,4,Suburban,Private
697,Roger,Schmidt,3,9,7,55.20,20814.73,0,0,Rural,Public
698,Wesley,Hood,10,5,3,34.50,18080.05,0,0,Suburban,Public
699,Mia,Wagner,8,5,3,37.90,18466.26,,,Rural,Public
700,Billy,Chambers,10,4,2,,,,,Urban,Public
701,David,Cummings,18,8,6,41.10,13704.45,1,1,Rural,International
702,Christie,Swanson,17,3,1,36.70,8177.11,0,,-,home-school
703,Richard,Franco,5,4,2,50.10,30659 EGP,0,0,Suburban,PUB
704,Dale,Valentine,13,4,2,49.80,21947.0,0,5,Suburban,Public
705,,Welch,13,6,4,52.60,27646.33,1,,Urban,Public
706,James,Beck,9,5,3,40.70,17812.02,0,0, City ,Homeschool
707,Unknown,Jacobson,11,5,3,50.20,20581.11,0,,URB,Public
708,Susan,Ellis,11,5,3,13.80,43518.4,1,4,urban,public
709,Whitney,Wiggins,6,4,2,39.30,,0,,Suburban,homeschool
710,Corey,Cooper,7,4,2,48.70,approx 22.7k,0,0,RUR,Homeschool
711,Walter,Leon,11,2,0,28.60,19031.06,0,0,Urban,Gov
712,Brandon,Fischer,11,7,5,49.70,10152.23,0,-3,Suburb,Public
713,,Kelley,8,2,0,22.10,,1,2,Suburban,International
714,cassandra,,8,4,1,26.80,61762.36,1,8,Urban,Private
715,Dwayne,Fisher,10,2,0,41.90,22099.11,1,5,Urban,Home School
716,Calvin,MONTES,14,6,4,13.20,21980.23,0,,Urban,Public
717,Sheryl,Hoover,10,2,0,41.70,22292.8,1,1,Sub-urban,public
718,Alexis,Fleming,16,7,5,54.80,19043.18,0,0,Urban,NA
719,Laurie,Norton,8,7,4,,20981.24,1,4,Urban,Homeschool
720,Unknown,Guerrero,11,6,4,36.30,38083.39,1,4,URB,Public
721,Rick,Arellano,9,2,0,57.10,53671.72,1,5, RURAL ,International
722,Zoe,Torres,13,6,4,16.60,21055 EGP,1,3,Suburb,PUBLIC
723,Joanna,Griffin,8,5,3,50.70,52193.19,1,4,N/A,International
724,Connie,Bautista,17,6,4,42.80,31072.88,1,2,Suburb,Public
725,,Harris,4,7,5,17.90,6838.14,0,0,RURAL,Homeschool
726,Lawrence,Guerra,17,5,3,38.10,,0,0,URBAN,Private
727,Colleen,Fitzgerald,11,5,3,42.70,27377.35,1,5,Urban,Private
728,Veronica,Adams,12,4,2,50.20,66535.83,1,6,Urban,Private
729,Bonnie,Ward,99,6,4,67.20,68038.86,1,5,Unknown,Private
730,Gregg,Patton,14,3,1,40.50,31484.16,1,3, Sub-urban ,Public
731,Brittany,Marquez,8,2,0,42.20,49903.31,1,2,suburban,Public
732,Audrey,Fisher,13,3,1,34.90,23611.8,1,3,Suburban,PVT
733,Erik,Pruitt,17,5,3,38.50,,1,3,  URBAN  ,  Private  
734,Gabriel,Parsons,7,7,5,62.70,27043.06,1,1,suburban,  Gov  
735,Alexis,Houston,18,3,1,57.80,54378.33,1,6,Urban,Private
736,Elizabeth,Woods,12,4,2,30.30,57507.79,1,3,Urban,private 
738,Brianna,Peters,7,8,6,32.30,,0,0,RUR,Public
739,Erika,Oconnor,10,3,1,42.70,20306.59,0,0,Suburban,Public
740,Lindsay,Grant,45,2,0,16.50,38705.63,1,5,  SUBURBAN  ,Public
741,Karen,Morse,9,2,0,26.40,41831.43,1,5,-,Governmental
742,Craig,Shah,10,6,4,41.40,32438.93,0,0,Urban,Public
743,Jenna,Bright,7,4,1,49.70,25040.25,1,2,Urban,Gov
744,Stacy,Rose,13,3,1,41.30,28431.81,1,6,Suburban, Private 
745,Kelly,Unknown,10,4,2,,,0,0,countryside,Public
746,Jackie,Hoffman,8,4,2,46.40,22024.23,1,1,Suburban,Private
747,Barbara,Vaughan,9,6,3,45.70,87379.71,1,6,URBAN, INTL 
748,Sharon,Roach,12,2,0,35.30,,1,1,rural,Public
749,Barry,Bryant,11,4,2,34.80,39311.94,0,0,Urban,private
750,Laura,Mcfarland,8,6,4,59.70,32341.56,1,3,Urban,Governmental
751,Justin,Johnson,11,9,7,36.20,,1,1,URB,Public
752,Heather,RANDOLPH,10,9,7,50.90,14860.17,0,,URBAN, Public 
753,Anne,Jordan,6,5,3,38.60,24474.46,0,0,Suburban,Governmental
754,Anna,Anthony,9,3,1,17.00,8743.08,0,0,Suburb,PUBLIC
755,Judy,Pena,13,9,7,,"81366,85",1,-3,  Urban  ,Private
758,Derek,Kim,13,2,0,,58260.82,1,6,Urban,homeschool
759,Bobby,Tucker,7,7,5,,approx 27.5k,1,,Urban,Gov
760,Ross,Gilmore,7,4,1,58.40,42534.63,1,1,  URB  ,Public
761,Maureen,Allen,10,5,3,,12519.95,1,1,Rural,public
762,Kelly,Hamilton,16,6,4,32.30,17588.29,0,0,Rural,Public
763,Beth,Tanner,999,4,2,40.30,50648.4,0,3,Urban,PUBLIC
764,Latasha,Coffey,10,7,5,58.10,15930.69,1,1,Unknown,Public
765,Grant,,16,11,9,50.10,22931.21,1,1,countryside,public
766,Misty,Gillespie,9,3,1,,7870.83,,,Urban,  Public  
767,Zoe,howard,18,5,3,53.60,34407.42,1,2,Rural,Private
768,Mikayla,Nunez,9,5,3,50.60,18844.4,1,3,Suburban,Public
770,Randy,Burns,10,6,4,59.70,24248.88,1,3,Suburban,PUB
771,Andre,Flowers,10,5,3,55.20,17393.1,0,0,Urban,Public
772,Jeff,Boyer,8,10,8,61.60,,,,Sub-urban,  Public  
773,Caitlin,Rios,18,4,2,,34089.32,1,2,,Homeschool
774,Ronald,Jacobson,12,2,0,38.30,40643.11,0,-4,Urban,Gov
775,Brittney,RODGERS,12,3,1,61.80,,0,0, Suburban ,Public
776,Shelia,,9,3,1,45.50,23099.93,1,2,Rural,Public
777,Rachael,Roberson,8,4,2,38.30,23314.76,0,0,Rural,Homeschool
778,Jaclyn,Beltran,14,7,5,,20784.85,0,0,Suburban,Public
779,Deanna,Oconnor,4,3,1,44.30,14597.09,0,0,URBAN,Gov
780,  Chase   ,Unknown,6,7,5,35.30,29124.97,1,1,city,public
781,Jesse,Bennett,10,5,3,34.40,36344.39,1,5,Urban, Private 
782,Latasha,Hansen,15,6,3,41.70,,0,0,Rural,Public
783,Samuel,Cobb,9,2,0,43.00,18474.16,1,4,Suburban, Public 
784,Teresa,Moody,12,6,4,45.20,22177.49,1,2,Rural,Public
785,Kelsey,West,11,2,0,36.90,59630.86,1,-1,Urban,private
786,  Ricky   ,Schmitt,15,5,3,29.90,11229.92,0,0,Rural,Public
787,Kendra,Phelps,5,7,5,49.10,,0,0,Rural,home-school
788,Omar,Turner,13,4,2,50.80,115696.82,1,3,Suburban,Private
790,April,Harper,14,5,3,40.80,"$14,813",,,City,Public
791,Leon,Burton,8,2,0,39.10,22864.24,0,,Urban,Public
792,,Petersen,11,3,1,23.00,19608.01,0,0,URBAN,  Public  
793,Jeremy,Baker,10,6,4,,36651.74,1,5,URBAN,PVT
794,Stanley,Conrad,7,5,3,33.70,35215.79,1,3,URB,Private
795,Gloria,Tran,6,6,4,42.90,,0,0,Suburban,Int.
796,Stefanie,Jones,8,3,1,31.60,,1,5,Urban,unknown
797,Debbie,Branch,11,4,2,44.10,"31157,91",1,1,URB,Private
798,Sierra,Mcdonald,8,5,3,43.50,23140.71,1,1,Urban,Private
799,Martha,Gomez,9,10,8,23.50,13074.03,1,2,SUB,Gov
800,Marco,Shannon,4,8,6,34.60,,0,,Rural,PUBLIC
802,Kelsey,Delacruz,14,10,8,43.50,23044.62,1,1,Suburban,PUB
803,Kiara,Figueroa,13,7,5,33.10,,0,,Village,Governmental
804,Tanner,Mckinney,10,4,2,57.70,39387.0,1,2,Sub-urban,Public
805,Danielle,Glass,11,3,1,17.50,18556.26,0,0,Suburban,PUBLIC
806,Tonya,Hall,8,3,1,,40623.85,1,,SUBURBAN,Gov
807,Michael,Ramsey,16,5,3,24.70,"22,478.33",1,1,Rural,Public
808,Karen,Soto,18,3,1,53.60,42405.32,1,4,city,Private
809,Caroline,FLEMING,11,3,1,,41907.16,1,5,Suburban,-
810,Mariah,Padilla,18,4,2,53.60,88994.33,1,6, city ,Private
811,Carolyn,Pace,25,2,0,50.60,18639.75,,,city,PUB
812,Cesar,Franklin,6,7,4,39.80,40753.61,1,1,Suburban,INTERNATIONAL
813,Linda,Cox,8,7,5,46.50,21353.38,1,1,RUR,Public
814,Chase,Haas,10,6,4,34.80,30785.66,1,1,Rural,INTERNATIONAL
815,Melinda,Durham,18,9,6,52.40,18232.09,1,1,Rural,International
817,Hector,Burgess,7,8,6,,,1,1,Suburban,Priv
818,Ariana,Gates,7,7,5,,9873.7,0,0,RUR,Public
819,Dan,Parrish,15,2,0,,21740.55,1,1,  Urban  ,Private
820,Dennis,Patel,14,5,3,34.50,28535.03,1,3,Urban,PUBLIC
821,Cathy,Mora,9,2,0,40.90,30500.42,1,3,Urban, PVT 
822,Gregg,Sosa,4,2,0,36.00,,1,3,Suburban,Governmental
823,Diane,Blair,999,7,5,51.10,14839.09,1,4,Suburban,Public
824,Jenna,Owens,17,3,1,50.00,17846.99,1,3,Suburban,  Gov  
825,Jonathon,Dixon,13,7,4,27.30,11613.01,0,0,City,public
826,Unknown,,11,3,1,9.10,21840.6,1,1,Suburban,private 
827,Earl,Thornton,17,5,3,23.10,24782.09,1,8,Suburban,public
828,Linda,DAVENPORT,18,7,5,56.40,21863.42,1,2,Rural,Governmental
829,Olivia,Lowe,10,4,2,,32590.61,1,4,URBAN,Public
830,Tracy,Parker,10,4,2,43.00,,1,3,SUB,Private
831,Cristina,Morrison,8,6,4,41.50,40006.82,1,3,suburban,International
832,Jill,Cherry,9,3,1,44.70,38388.85,0,0,  Suburban  ,Unknown
833,Michele,Wilkins,5,8,6,43.90,36336.79,0,0,  Urban  ,private
834,Sheri,,5,5,3,58.10,39920.64,1,1,Urban,  private  
835,Annette,Salinas,4,2,0,,26333.39,0,0,Urban,  Gov  
836,Katherine,Andersen,14,3,1,28.80,27032.41,1,2, Suburban ,Public
837,Scott,Mejia,5,4,2,38.50,73633.58,1,,  Suburban  ,Private
838,Patrick,Hardy,18,4,2,43.20,24623.83,1,3,Suburban, Public 
839,Jason,Clements,8,3,1,59.60,"12301,47",0,0,Suburban,  PUB  
840,Tammie,Mooney,17,2,0,49.80,43618.84,1,5,Urban,Homeschool
841,Amy,Patton,9,6,3,48.00,48115.75,1,8,city,private
842,Erica,Hayes,45,7,5,38.30,27861.13,1,4, SUBURBAN ,Gov
843,Colleen,Crosby,15,3,1,25.10,,0,0,Suburban,Public
844,Rebekah,norton,16,5,3,36.40,51929.04,1,7,  Suburban  ,Private
845,Sonya,Collier,7,5,3,34.00,29040.56,1,3,Suburban, Public 
846,Manuel,Roach,25,7,5,51.30,14463.13,0,0,RUR,Gov
847,Marilyn,MCCLURE,7,4,2,57.00,32972.61,0,0,RURAL, Priv 
848,Cheryl,Li,10,6,4,46.80,8403.88,0,3,Suburban,Governmental
849,Larry,,11,5,3,37.10,"31,619.32",1,6,NA,Public
850,Cory,Duke,9,2,0,40.50,22083.01,1,2,URBAN,Public
851,Nancy,Fowler,4,4,1,78.70,58144.14,1,8, Suburban ,PVT
852,Unknown,Galvan,8,5,3,51.30,,1,6,city,Home School
853,Alisha,Mcgee,13,2,0,36.60,18479.92,0,0,city,Homeschool
854,Terri,Nixon,10,6,4,34.80,55605.04,0,0,Unknown,Priv
855,Dustin,Rogers,9,5,2,,4436.11,0,0,countryside,Governmental
856,Duane,Tanner,7,4,2,,39314.39,1,1,Urban,Intl
857,Roberta,mcintosh,8,3,1,29.70,12774.29,0,0,Suburban,Gov
858,Abigail,Neal,16,8,6,45.20,,,,Rural,Public
859,Colleen,Watts,6,7,5,30.00,22418.18,1,2,Suburban,Public
860,Kurt,Christian,13,3,0,64.60,49048.35,1,,city,  Public  
861,Marc,Zavala,11,2,0,42.90,57634.48,1,,RURAL,INTERNATIONAL
862,Lance,Padilla,11,4,2,45.50,9616.6,0,0,Suburban,PUBLIC
863,Olivia,Cummings,8,7,4,59.10,38004.78,1,3,Urban,Priv
864,Janice,Gordon,9,9,7,41.20,,1,13,Suburban,International
865,Sarah,Martin,10,3,1,46.20,21696.12,1,1,unknown,Public
866,Amy,Powell,9,2,0,63.90,18047.28,1,1,Suburban,N/A
867,Danny,Douglas,12,2,0,57.90,19531 EGP,0,0,Rural,PUB
868,Bradley,Daniel,12,4,2,21.70,40370.69,1,1,Suburban,  International  
869,SAVANNAH,Higgins,18,10,8,,24628.98,1,3,Rural,Public
870,,Peterson,12,6,4,57.90,approx 24.4k,1,1,  Urban  ,Public
871,Janice,Zamora,4,4,2,49.30,,1,3,countryside,Public
872,Miguel,Zavala,15,7,5,52.20,52779.15,1,6, suburban ,  Private  
873,Misty,Douglas,10,6,4,,,1,1, Urban ,Public
874,Dakota,Sanchez,18,6,4,,5979.54,0,,Rural,Public
875,Desiree,Mays,16,5,3,67.30,,0,3,Rural,Public
876,Megan,Cherry,9,6,4,32.10,21657.85,0,0,  Urban  ,Governmental
877,Cassie,Mooney,13,2,0,,58155.63,1,2,Suburban,Private
878,Unknown,Payne,8,5,3,33.60,15466.02,,,Urban,International
879,Madison,Fox,11,2,0,62.40,68669.13,1,3,NA,International
880,Latoya,Meyer,13,5,3,48.30,61007.4,1,6,URBAN,private
881,Cheryl,Logan,15,7,5,,28965.97,1,4,Sub-urban,  PUB  
882,Anna,Chambers,14,9,7,,,,,  Urban  ,  Public  
883,Patty,Long,11,6,4,21.30,,,,Urban,Gov
884,Amy,Franklin,18,6,4,17.70,,0,0,Rural,private 
885,Chris,Branch,9,6,4,55.90,66296.07,1,3,Suburban,PVT
886,Yvonne,Caldwell,5,7,5,32.70,12543.5,0,,Rural,Public
887,Sheena,Sullivan,5,4,2,42.70,19436.1,0,0,URB,Governmental
888,Amanda,Freeman,16,5,3,50.40,32977.01,1,1,Urban,Public
889,Edgar,,10,9,7,20.80,,0,0,Suburb,PUBLIC
890,Philip,Huerta,11,2,0,37.70,29332.7,1,1,Urban,Private
891,Alisha,Porter,9,3,0,65.40,19164.09,1,-1,urban,Public
892,Andre,York,9,4,2,,75226.77,1,8,Rural,private 
893,Colleen,Cunningham,8,5,3,46.90,17949.31,0,0,Urban,Governmental
894,John,Pena,12,4,2,54.10,85945.11,1,5,Urban,PRIVATE
895,Frederick,Ingram,10,4,2,38.30,,1,2,Sub-urban,Public
896,Bruce,Baird,12,6,4,32.60,34355.81,0,3,URBAN,Public
897,Maxwell,Duran,12,6,4,,33697.29,1,,SUB,  PRIVATE  
898,Jean,Jordan,9,6,4,23.90,32143.66,1,5,Urban,PRIVATE
899,Unknown,Hunter,5,5,3,,31076.91,1,1,  Urban  , Public 
900,Mario,Hancock,5,10,8,46.70,"$47,753",1,5, Urban , Private 
901,Sherri,Everett,18,2,0,45.30,37404.73,0,0,City,private 
902,Toni,Walls,16,7,5,58.90,approx 23.3k,1,3,Suburban,PUB
903,Shawn,Massey,15,10,8,15.30,,1,1, Village ,HOMESCHOOL
904,Luis,Martinez,8,2,0,46.60,23361.43,1,6, Suburban ,Public
905,Mathew,Donovan,11,7,5,44.80,"$26,958",1,2,Urban,  public  
906,,Gray,8,5,3,38.70,15386.25,0,0,Village,Public
907,Jared,Wise,6,5,3,26.80,26686.41,1,2,Suburban,  Public  
908,Antonio,Gonzalez,8,5,3,33.70,13696.19,,,Urban,Public
909,Alex,Gilmore,15,2,0,36.80,,,,City,Public
910,Holly,Santiago,14,4,2,72.00,46979.92,1,5, City ,private
911,Jesse,Ayala,7,6,4,43.00,,,,Urban,  PUB  
912,Whitney,Walsh,9,5,3,32.60,49432.71,1,2,Suburban,Private
913,Jeff,Hoover,13,2,0,59.30,21863.93,0,0,Urban,Private
914,Annette,Roy,8,5,3,53.20,42967.94,1,-2,Rural,PRIVATE
915,Mike,Chaney,11,4,2,45.30,,1,4,Urban,?
916,Gina,Castaneda,12,3,1,41.10,24833.03,1,2,URB,Public
917,Linda,Valencia,12,7,5,33.40,,1,,Rural,Public
918,Samantha,Huynh,11,4,2,48.70,61469.32,1,,  Suburban  ,Homeschool
919,Glenn,Knight,8,5,3,52.60,"59890,84",1,3,Urban,Public
920,Glenn,Young,9,7,5,46.80,50767.27,1,3,urban,International
921,Audrey,morton,6,7,5,43.30,48016.75,1,1,  SUB  ,Private
922,jean,Andrews,5,6,4,41.70,,,,Suburban,PUB
923,Krista,Moses,10,6,4,50.10,"28,650.14",1,1,Suburban,PVT
924,Antonio,Stewart,13,4,2,,,1,1,Rural,Public
925,Jackie,Mckinney,6,7,5,46.30,13873.33,,,Suburban,  PUBLIC  
926,Margaret,Logan,11,3,1,30.90,18772.31,1,1,  RURAL  ,Public
927,Tanya,Lara,13,2,0,,20381.57,1,3,Suburban, Governmental 
928,Shelley,Alexander,4,4,2,28.30,23354.91,1,4,Suburban,PUB
929,Laura,Andersen,10,4,2,51.10,22583.63,1,1,Urban,  Public  
930,Charlotte,Huber,16,4,2,20.80,12836.37,,,  Suburban  ,Public
931,Victoria,Arroyo,12,6,4,60.60,75601.86,1,4,City,  Priv  
932,Desiree,Woodward,25,3,0,54.70,27881.11,1,3,  Suburban  ,Private
933,Jared,Landry,13,7,4,42.40,13450.8,1,3,City,public
934,Unknown,Watson,-5,6,4,,28284.92,1,3,Suburb,Public
935,Marcus,Baker,13,4,2,46.50,68649.17,1,1,Urban,Private
936,Jordan,Brandt,8,5,3,55.20,43360.32,1,1,Suburban,Private
937,Unknown,Cooper,10,4,2,48.80,22352.71,1,,Urban,Public
938,Christy,,9,7,4,31.60,,0,0,Village,PUB
939,,Fleming,11,2,0,35.50,17564.03,1,4,Urban,Governmental
940,Kirk,Choi,8,4,2,67.70,17013.47,1,2,Suburban,-
941,,fox,10,2,0,26.00,approx 17.8k,0,0,Suburban,Public
942,Tim,Porter,6,2,0,13.70,,0,,Urban, Gov 
943,Becky,myers,12,2,0,18.10,20046.52,1,3,SUB,Public
944,Casey,Green,11,4,2,40.60,"$20,727",1,1,Rural,International
945,,Marshall,5,5,3,32.90,20379.84,1,3,SUB,Public
946,Shawn,Mack,14,4,2,38.60,19332.53,0,0,countryside,PUBLIC
947,Derrick,Wagner,10,2,0,57.90,72552.32,1,2,  URB  ,INTL
948,grant,Vincent,11,5,3,66.30,47080.58,1,2, Village ,Private
949,Brandon,Unknown,13,6,4,41.60,,1,2,Rural,Governmental
950,Meghan,Unknown,12,3,1,46.30,41527.05,1,7,Suburban,Gov
951,kyle,Barber,15,2,0,59.00,,1,,RURAL,  Public  
952,Grant,Tyler,9,8,6,47.30,19568.36,0,0,  Suburban  ,Gov
953,Lisa,Kemp,14,5,3,44.40,,1,3,NA, PUB 
954,Lori,Cole,11,7,5,57.40,26839.68,1,1,Suburban, PRIVATE 
956,Jeffery,Unknown,12,7,5,,12696.34,0,0,Suburban,Public
957,Gregg,Goodwin,15,2,0,42.30,25389.69,1,1,Urban,public
958,Jeanette,cummings,13,3,1,31.50,21280.83,0,, Sub-urban ,Public
959,Terri,eaton,9,7,5,38.50,29312.91,1,,  Suburban  ,public
960,  Jerry   ,Wood,8,5,3,36.30,34355.63,1,5,Urban, PUB 
961,Carol,Unknown,10,9,7,44.50,39953.82,1,2,URB,Private
962,Darlene,Harding,8,3,1,50.90,84401.48,1,2,Urban,Private
963,,Chaney,7,4,2,23.80,15854.8,,, Suburban ,Homeschool
965,Henry,Mcclure,5,4,2,53.20,34065.86,1,1,Urban,  Governmental  
966,John,Durham,18,2,0,35.40,"$66,105",1,3,City,private
967,Whitney,Dennis,8,2,0,41.70,,1,1,NA,Public
968,Alec,Patel,17,3,1,70.30,35676.76,1,,Urban,PUBLIC
969,Ashlee,Webb,12,3,1,44.20,26615.89,1,5,URBAN,Public
970,Dominique,Christian,10,5,3,44.90,approx 40.9k,1,6,Suburban,  Public  
971,  Roger   ,Willis,5,2,0,28.30,36152.61,0,0,Sub-urban,Homeschool
972,Jade,Miranda,11,6,4,31.50,"$17,618",1,,RUR,Public
973,Jose,Hardin,17,3,1,45.90,,1,4,URB,Private
974,Michael,Bowers,16,4,2,47.70,20701.2,0,0,URBAN,N/A
975,Misty,Goodman,11,4,2,39.20,46171.75,1,2,Urban,Private
976,Makayla,Cruz,6,5,3,47.50,54862.64,1,3,  Suburb  ,PRIVATE
977,Carl,Dunn,7,5,3,60.60,,0,0,Urban,Private
978,Haley,Liu,7,7,5,43.30,23756.85,1,1,  Urban  ,international
979,,Benitez,15,2,0,54.20,,1,2,Suburban,Private
980,Jessica,Morris,16,5,3,43.80,45905.43,1,3, city ,PVT
981,Gloria,Cherry,11,3,1,,25008.57,1,4, Suburban ,PUB
982,Selena,Robles,9,3,1,44.30,,,,Suburb,Public
983,Sabrina,Cantrell,16,4,2,33.90,28959.62,1,4,countryside,Homeschool
984,Jenny,Gordon,7,5,3,28.60,17316.94,,,Urban,Public
985,Adam,Raymond,11,2,0,58.60,37551.62,1,1,Urban,Private
986,Wayne,Hill,12,2,0,,9168.24,0,0,Suburban,n/a
987,Deborah,York,0,2,0,32.40,31554.86,1,2,city,Unknown
988,Marcia,Unknown,8,7,5,42.30,28636.49,1,3,Urban,Gov
989,Cindy,houston,8,4,2,43.60,,,,URB,Public
990,audrey,Gutierrez,16,3,1,22.00,35705.07,1,3,Urban,Governmental
991,Tommy,Pineda,17,9,7,42.10,16224.08,,,URBAN,  Public  
992,Leslie,Hill,11,4,1,49.90,26812.23,1,2,Suburban,  private   
993,Lee,Cowan,10,7,5,41.50,20405.22,1,4, Suburb ,Public
994,Benjamin,guerrero,8,3,1,46.80,,0,0,Urban,Homeschool
995,Katrina,Crawford,11,5,3,27.80,14398.09,,,  Suburban  ,Governmental
996,Keith,Roman,9,4,2,,10085.65,0,0,Rural,Homeschool
997,Gary,Weaver,10,3,1,13.30,51038.07,1,, Urban ,Public
998,Shelia,,12,2,0,27.30,40525.98,1,2,Suburban,Public
999,Peter,Barton,9,6,3,,99406.8,1,7,urban,Priv
1000,Joy,Choi,10,2,0,40.30,,0,0,Rural,PUBLIC
1001,Shelby,Gentry,10,4,2,22.20,22043.29,0,0,urban, Gov 
1002,Joyce,Adkins,9,2,0,56.20,32022.05,1,3,city,PUBLIC
1003,Bruce,Dougherty,9,6,4,,14109.5,1,1,  Village  ,public
1004,Shelly,Reese,13,4,2,47.10,18575.34,0,0, Suburb ,Private
1005,Riley,Snyder,4,3,1,13.40,30636.08,1,2,urban,PUB
1006,Dean,Mcclure,16,2,0,27.00,37683.77,1,4,Suburban,Public
1007,Cheryl,Unknown,11,7,5,43.80,5368.6,0,0,Rural,Public
1008,Sheri,Sawyer,13,4,2,61.80,18681.51,1,4,Suburban,  Public  
1009,Deanna,Sharp,13,4,2,,13745.46,1,3,Urban,Public
1010,Alec,Hamilton,8,5,3,43.80,27320.51,1,1,Urban,PUB
1011,Ashlee,Elliott,7,6,4,24.80,21762.56,1,4,RURAL,Public
1012,Diane,Moss,7,4,2,38.50,54957.64,1,1,urban,private
1013,Alejandro,Vaughan,10,2,0,30.80,23422.21,1,2,URB,PUBLIC
1014,Victor,Buckley,13,8,6,34.90,31522.28,0,,URB, Public 
1015,Cheryl,Hamilton,8,2,0,,11787.93,0,0,Urban,Public
1016,Richard,Paul,13,2,0,,,0,0, SUBURBAN ,  PUBLIC  
1017,Bonnie,Lambert,3,4,2,38.10,"33320,5",1,3,Urban,private
1018,Maxwell,Howe,9,4,2,54.60,,0,2,Urban,private 
1019,Katherine,Unknown,15,2,0,36.20,,1,,URBAN,Private
1020,Marilyn,Yates,10,2,0,42.00,39653.48,0,0,Urban,Private
1021,,Bauer,8,7,5,41.40,18078.53,1,2,Urban,Public
1022,Norman,Warren,8,3,0,32.90,,0,6,URBAN,Governmental
1023,Lindsey,cruz,3,2,0,,17229.64,0,0,Sub-urban,Public
1024,Margaret,,7,3,1,43.10,"18130,92",0,0,city,Gov
1025,Regina,Kane,14,6,4,48.00,15224.35,1,3,Urban,Public
1026,Sheena,Andrews,8,2,0,41.20,11804.72,1,1, Suburban ,-
1027,,Jensen,9,7,5,53.10,22545.26,0,0,Suburban,Private
1028,Alexandria,Davidson,3,5,3,35.90,38282.32,1,7, Suburban ,PVT
1029,Jenna,Watson,5,11,9,62.20,,,,Rural,Public
1030,Alicia,Armstrong,15,2,0,42.20,37975.1,0,0,URB,  Public  
1031,Amy,Ball,13,4,2,40.00,24828.35,1,2, Urban ,Public
1032,,Moon,6,4,2,51.00,41638.24,1,4,urban,Public
1034,Jeffery,Fischer,10,5,3,37.30,20021.17,0,0,RUR,Public
1035,Patrick,Jimenez,6,2,0,56.80,27339.07,0,0,SUBURBAN, Public 
1036,Lance,Woods,3,3,1,48.00,54137.14,1,2,suburban,private 
1037,Ariana,,10,3,0,22.50,"23325,65",1,3,Rural,Public
1038,Lori,Aguilar,13,5,3,43.50,19747.93,1,4,Rural,Public
1039,Adam,Perry,1,5,3,36.80,13247.46,0,0,URBAN,PUBLIC
1040,Edgar,Cannon,14,7,5,55.60,12850.18,1,2,RUR, PUB 
1041,Lori,Landry,5,5,3,29.40,19144.7,0,0,  Urban  ,Gov
1042,Gabriella,Jackson,11,6,4,34.00,18916.45,1,,URB,Public
1043,Cesar,Raymond,10,6,4,29.30,25810.29,0,0,Suburban,Public
1044,Javier,Sims,10,7,5,49.90,19583.68,0,0,rural,Private
1045,Dakota,Mendez,10,3,1,42.60,29850.82,0,0,Suburban,Private
1046,Patty,Fischer,8,5,3,51.10,"59,503.72",1,2,Urban, Private 
1047,Tara,Moon,3,10,8,47.10,22380.65,0,0,  RUR  ,Public
1048,Kristy,Lambert,15,9,7,14.70,15133.74,0,0,Urban,Private
1049,Cindy,Conway,12,7,5,16.50,28606.74,1,1,Suburban,Private
1050,Dorothy,Weber,5,2,0,57.30,41003.29,1,1, URBAN ,  Homeschool  
1051,Emily,Johnson,12,3,1,39.00,,1,4,Urban,Priv
1052,Caitlyn,Ray,9,7,5,49.40,27315.09,1,1,Urban,NULL
1053,Howard,Owens,9,7,5,39.90,,0,0,Rural, Governmental 
1054,Michaela,nash,8,6,4,63.10,31051 EGP,1,-1,  RUR  ,Gov
1055,Cristian,Pena,12,2,0,,32801.22,0,0,Urban,Priv
1056,Raven,Nelson,8,7,5,47.30,,1,,Urban,Public
1057,Chris,Contreras,7,2,0,38.00,"10970,01",0,0,urban,-
1058,Glen,Frank,15,5,3,50.00,70433.71,1,5,Suburban,?
1059,Albert,Chen,10,4,2,32.70,,,,Suburban,Public
1060,Judy,,10,2,0,42.80,23342.56,1,1,Suburban,International
1061,Tyler,Sullivan,13,4,2,40.60,48325.48,1,5,Urban,Public
1062,Whitney,Powers,8,4,2,25.90,11265.12,0,4,URB,Public
1063,Brooke,Kane,9,7,5,31.50,9462.97,0,,Rural,Public
1064,Shannon,Faulkner,12,7,5,34.80,,1,1,Suburban, Gov 
1065,Casey,Bailey,5,2,0,,approx 80.1k,1,2,URBAN,Private
1066,Lisa,Myers,11,4,2,35.00,90218.05,1,4,urban,private
1067,Christopher,Chan,8,3,1,24.80,19854.89,1,1,Urban,Public
1068,Natasha,Massey,14,8,6,50.70,40893.4,1,1,URB,Private
1069,Lacey,Herman,12,3,1,42.80,35222.29,1,1,Unknown,Private
1070,Unknown,Ochoa,12,5,3,,21928.97,1,1, Suburban ,Public
1071,Jack,,5,4,2,,,,,URB,Public
1072,Dorothy,Le,10,4,2,44.50,105778.78,1,4,Urban,Private
1073,Melissa,Obrien,6,3,1,53.20,9425.67,0,0,SUBURBAN,Public
1074,Tanya,Rose,10,2,0,24.50,33411.58,1,,,Public
1075,Alexandra,Mack,3,3,1,46.60,20823.16,1,1,Urban,private 
1076,Lance,Harper,5,3,1,43.40,29864.74,0,,Rural,HS
1077,Melissa,spencer,15,2,0,54.10,47347.57,1,1,Urban,Public
1078,Brent,Ellis,12,6,4,,,0,0,SUBURBAN,Public
1079,Kyle,Rose,9,5,2,29.40,19253.16,1,8,URB,Governmental
1080,Alvin,Castillo,7,3,1,54.50,12675.38,1,2,Urban,Public
1081,Bridget,Matthews,7,7,5,44.90,33095.11,1,,Urban,Gov
1082,,Collier,11,6,4,47.10,37834.72,1,,SUBURBAN,PUBLIC
1083,Kent,Richmond,9,4,2,46.60,"23320,42",1,3,city,N/A
1084,Renee,Eaton,16,2,0,48.80,22367.35,1,4,SUBURBAN,PUB
1085,Todd,Ward,10,2,0,35.20,84907.33,1,6,URB,Home School
1086,Victor,Frey,11,3,1,48.20,42827.29,1,5,SUBURBAN,private 
1087,Glenn,Riley,6,9,7,50.60,62396.88,1,,URBAN, Public 
1088,Gary,Cummings,9,5,3,28.60,8663.51,0,0,City,Public
1089,Taylor,Hernandez,11,4,2,48.50,,1,3,Suburban,Public
1090,Gabrielle,Gamble,9,6,3,45.30,34141.02,1,,Urban,public
1091,Catherine,Robles,9,2,0,24.40,,0,0,City,Governmental
1092,Suzanne,Fisher,12,3,1,43.90,14412.57,1,1,suburban,Public
1093,Nathan,Goodwin,16,4,2,34.70,22694.1,0,0,Suburban,Public
1094,Darius,Ramos,11,2,0,53.90,,,,Suburban,Public
1095,  Amy   ,,15,9,7,41.30,,1,2,urban,Public
1096,Joseph,Roberson,13,5,3,,23066.2,0,0, urban ,Public
1097,Marcus,Woodward,14,9,7,53.80,40759.15,1,1,Urban,Private
1098,Sonya,Carlson,8,4,2,28.50,20155.99,1,1,Urban,PUBLIC
1099,JOANNE,Foster,10,7,4,47.40,23249.05,1,1,urban,Public
1100,Sonia,Miranda,10,5,3,,52228.54,1,7, city ,International
1101,Bryan,Rogers,12,4,2,41.30,11267.27,1,1,urban, PUBLIC 
1102,Catherine,Quinn,13,3,1,22.50,28998.74,1,2,Suburban,Public
1103,Omar,Ho,11,3,1,25.10,36833.83,1,3,Urban,private
1104,Timothy,Randolph,14,10,8,57.00,"$37,394",1,2, URB ,Public
1105,Cristian,Salazar,8,6,4,52.00,22567.25,1,2,city,public
1106,Debbie,Owen,14,8,6,46.50,16553.05,,,URBAN,Governmental
1107,Unknown,Simon,14,7,4,58.40,59025.99,1,3,Suburb,Private
1108,Cindy,Ford,13,5,3,35.10,18563.03,0,0,  urban  ,Public
1109,Maria,Mcbride,11,4,2,,16084.86,0,0,urban,Public
1110,Jesus,,13,3,1,31.90,approx 17.3k,1,,RUR,Homeschool
1111,Gregg,Carr,7,4,1,35.60,19800.9,1,2,City,PUB
1112,  Angelica   ,Branch,11,6,4,59.10,52994.43,1,3, Urban ,  Private  
1113,Amanda,,12,4,2,37.30,22118.15,1,,Suburban,Public
1114,Riley,Howard,6,2,0,36.10,48984.56,1,7,Suburban,Private
1115,Anna,Mccarty,12,3,1,46.80,21956.67,1,2,Rural,Gov
1116,Jimmy,Gonzalez,6,8,6,32.10,13856.15,1,1,Rural,  Gov  
1117,Carlos,Castillo,9,6,4,46.10,approx 47.2k,1,4,SUBURBAN,INTL
1118,Olivia,Jacobs,11,4,1,51.50,20786.1,1,2,Urban,Public
1119,,Gross,8,2,0,40.00,21459.47,1,2,Suburban,INTERNATIONAL
1120,Tara,Velazquez,11,7,5,47.10,39776.74,1,,Urban,Governmental
1121,kathleen,Kent,11,4,2,,28988.19,1,,SUB,Public
1122,,Duarte,8,11,9,46.10,,,,Rural,homeschool
1123,Derrick,Mcintosh,13,3,0,30.50,12771.96,,,City, Gov 
1124,Lorraine,Walls,8,5,3,31.30,16979.23,0,0,Rural, Public 
1126,Tara,Coleman,10,5,3,45.20,30221.39,1,5,Urban,Private
1127,Devin,Mcdonald,6,7,5,36.50,13608.7,,,Rural,Public
1128,Madison,Graves,7,2,0,45.10,17246.04,0,0,SUBURBAN,  Private  
1129,Jerry,Garza,15,3,1,27.50,25655.52,1,4,URBAN,N/A
1130,Anna,Ford,9,3,1,33.90,24578.23,1,1, SUBURBAN ,Public
1131,Christy,Morris,6,6,3,55.30,43575.71,1,3,Urban,-
1132,Phyllis,Figueroa,14,2,0,41.40,37524.67,1,4,Urban,Public
1133,Philip,Ross,9,2,0,46.30,80977.99,1,4,Suburban,INTERNATIONAL
1134,Leon,Garrett,13,7,5,26.00,18541.93,0,0,  Rural  ,Public
1135,,Lowe,14,2,0,49.50,17674.67,0,0,Suburb,  PUBLIC  
1136,Cory,Unknown,11,6,4,48.50,,,,countryside,public
1137,Clayton,Powell,18,5,3,45.10,23448.87,1,2,  RUR  ,Public
1138,Beth,Miller,4,3,1,33.00,51631.34,1,,Urban,Priv
1139,Alicia,Arellano,8,3,1,55.70,53519.88,1,1, Sub-urban ,PUBLIC
1140,Hector,Mooney,10,5,3,17.80,,1,2,Sub-urban, PUBLIC 
1141,Tami,Johnson,18,3,1,46.10,60136.41,1,3,Urban,Private
1142,Gabriella,Unknown,17,2,0,39.60,28989.49,1,3,Urban,Homeschool
1143,Rachel,Haynes,15,5,3,54.30,15370.06,0,0,  suburban  ,Public
1144,Edgar,Spears,0,5,3,50.50,,,,Rural,public
1145,Leslie,Tyler,8,6,4,67.90,33386.78,1,3,rural,Public
1146,Erika,Huerta,8,2,0,31.10,38234.81,1,-3,URB,Governmental
1147,Lorraine,Raymond,8,2,0,47.80,13139.47,,,Suburban,public
1148,Kayla,Nunez,16,5,3,43.30,15328.99,0,, Urban ,Public
1149,Phyllis,Velez,10,3,1,30.40,,1,1,Rural,HS
1150,Kristina,Mejia,10,6,4,35.70,17114.03,0,0,Suburban,PUBLIC
1151,Rachael,Duarte,13,7,5,56.50,17900.74,0,0,Rural,public
1152,Thomas,Lucas,5,6,4,35.60,"$9,234",,,RUR,Public
1153,Sylvia,Case,11,2,0,30.40,23492.13,1,,Urban,Gov
1154,Jesse,Buckley,7,5,3,,"37090,63",1,1,Rural,Gov
1155,Teresa,Santos,9,5,3,55.90,62304.85,1,2,Suburban,International
1156,Antonio,Navarro,8,3,0,50.30,69756.11,1,3, City ,International
1157,Tommy,Beltran,8,3,1,24.70,,,,urban,Gov
1158,Nancy,Alvarez,11,2,0,23.60,64250.66,1,6,Suburban,  Intl  
1159,,Osborne,11,2,0,68.30,"31270,6",1,,URB,  Public  
1160,Dwayne,Wallace,10,3,1,39.80,,0,0,Urban,Private
1161,Brandi,Clay,12,4,2,67.80,45066.6,1,1,  SUBURBAN  ,International
1162,Craig,Mahoney,7,6,4,49.60,"43,778.69",1,8,urban,  international  
1163,Chelsea,Moses,13,10,8,45.10,,0,0,URBAN,Public
1164,Bryan,Huerta,10,4,2,25.90,approx 18.3k,1,1,SUBURBAN,PUBLIC
1165,  Melissa   ,Mcdonald,9,9,7,63.60,24310 EGP,1,2,city,public
1166,Jessica,Mayer,8,5,3,37.60,12312.29,1,2,suburban,Public
1167,,Blackburn,10,6,4,46.70,51453.63,0,0,  Urban  ,Private
1168,Karen,Roth,17,3,1,53.30,,1,3,Rural,Homeschool
1169,Adrienne,,10,8,6,,29560.4,1,3,Urban,Public
1170,Susan,Frye,6,2,0,60.80,30158.62,1,9,SUB,public
1171,Lauren,Young,14,3,1,,25432.79,1,2,SUBURBAN,Public
1172,Sophia,Floyd,9,5,3,,"18,115.70",1,1,Rural,Public
1173,Trevor,Spencer,12,8,6,47.20,47321.74,1,1,suburban, Public 
1174,Darin,Howe,8,4,2,52.80,,0,0,Suburban,  Private  
1175,Danny,Mcconnell,15,5,3,27.10,38845.86,1,-1,URB,  Priv  
1176,Devin,Hopkins,8,8,6,,25758.49,1,,Suburban,Public
1177,Christie,West,16,3,1,,17284.93,1,,Suburban,public
1178,,Richmond,7,2,0,,19402.48,1,2,Suburban,public
1179,Glen,,9,2,0,26.40,approx 81.5k,1,5,URB,Private
1180,Edgar,Parker,16,2,0,,12331.04,0,0,Suburban,Public
1181,Adrienne,Stevenson,11,2,0,,approx 27.1k,1,5,  City  ,  Public  
1182,Dominic,Fox,18,4,2,29.90,62706.33,1,6,Suburban,Private
1183,Carlos,Dickerson,10,3,1,42.50,,0,0,Suburban,Public
1184,,Hicks,11,7,5,50.10,23135.17,1,2,Urban,Public
1185,Unknown,Mueller,17,6,4,24.40,26193.59,1,7,Suburban,Intl
1186,Stefanie,WALLER,5,8,6,53.10,37308.0,1,1,city,Homeschool
1187,Derek,Valencia,5,3,1,,,1,4,SUB,Governmental
1188,Desiree,Reilly,8,5,3,41.90,,0,0, Suburban ,-
1189,Jody,Lamb,13,6,4,60.30,38027.75,1,5,Urban,Public
1190,Grant,,5,5,3,51.60,28132.15,1,1,Urban,Private
1191,Jose,Johns,13,4,2,45.90,36143.99,1,2,Suburban,Private
1192,Patrick,Hardy,12,4,2,44.90,42532.84,1,3,Sub-urban,Private
1193,Diana,Frazier,18,7,5,45.50,13128.86,,,urban,Gov
1194,,Larsen,14,3,1,45.50,"52481,78",1,3,URB,  International  
1195,Norman,Mercado,12,5,3,51.40,25847.11,1,,Urban,Public
1196,Maurice,Solomon,15,3,1,57.10,40290.3,1,6, Suburban ,Private
1197,Judy,Jacobson,12,3,1,48.00,39012.21,1,3, Urban ,Public
1198,Adam,Woods,9,7,5,44.20,70951.03,1,6,Suburban,  Private  
1199,Kathleen,THOMPSON,6,4,2,32.30,25679.28,1,6,Suburb,Public
1200,Ariel,Mcfarland,8,9,7,43.10,13741.51,0,0,Rural,Gov
1201,  Tammy   ,Anderson,10,5,3,,12937.28,1,2,rural,Public
1202,Karen,Ryan,11,4,1,48.30,16807.8,1,2,Urban,Public
1203,Zoe,Gray,3,3,1,23.30,"$39,913",1,2,Suburban,INTL
1204,Dean,Camacho,10,3,1,,,0,0,Suburban,Gov
1205,Briana,CASE,11,6,4,36.60,26625.66,1,2, Rural ,Public
1206,Chelsea,Walls,12,5,3,45.30,,0,0,Suburb,Public
1207,Alexandria,Herring,16,6,4,28.20,,1,2,Urban,PRIVATE
1208,Amy,Atkinson,11,5,3,41.90,38892.21,0,,Rural,  Public  
1209,Gabriel,,7,3,1,,4643.85,0,0, URBAN ,Public
1210,Unknown,Montes,4,5,3,35.90,,1,2,Rural,Gov
1211,Deborah,Graves,13,2,0,32.00,33815.59,1,2,URB,Private
1212,Unknown,Medina,7,8,6,,7198.83,0,0,SUBURBAN,Governmental
1213,Kellie,York,14,7,5,60.70,21866.03,1,2,countryside,Public
1214,Melissa,,16,5,3,36.50,17705.25,1,3, Suburban ,  PUB  
1215,Paul,Hobbs,5,6,4,61.30,22321.7,1,2,  Sub-urban  , Gov 
1216,Felicia,Conrad,12,6,4,44.70,62233.94,1,2,Urban,private 
1217,Timothy,Shah,1,10,8,47.50,32160.56,0,0,Urban,Home School
1218,Jackson,Patton,14,2,0,,24518.67,0,0,Urban,Public
1219,  Makayla   ,Parker,3,6,3,,23300.9,0,0,Suburban,Priv
1220,Eric,Middleton,7,2,0,53.80,78972.65,1,3,City,Private
1221,Sonya,trevino,6,5,3,65.20,37143.25,1,2,Urban,Public
1222,Derrick,Chaney,12,4,2,45.00,18286.72,1,,  City  ,Public
1223,Cristian,Gardner,12,4,2,,,,,Rural,public
1224,Curtis,Hobbs,3,4,2,39.20,,0,0,Rural,Public
1225,Toni,,9,6,4,49.50,23191.92,0,0, Urban , International 
1226,Bailey,Fox,13,3,1,41.10,41537.07,1,4,Village,Public
1227,,Unknown,11,3,1,,27133.28,0,0,urban,Private
1228,Christy,Cordova,11,2,0,35.00,,0,0,Urban,PUB
1229,Kelli,Burton,9,4,2,48.00,37684.72,1,4,city,Public
1230,Dakota,  Butler   ,7,4,2,52.30,13822.9,1,5,Rural,Private
1231,Debbie,Wiggins,10,2,0,45.80,40488.59,1,,Urban, Public 
1232,Jacob,Bauer,11,7,4,48.60,26021.56,0,0,Urban, public 
1233,Jill,Flores,13,5,3,48.60,approx 38.0k,1,2,Rural,Homeschool
1234,Calvin,Kennedy,13,2,0,14.90,,0,0,  Suburban  ,Public
1235,Johnathan,Hayes,11,4,2,35.60,,,,Suburban,public
1236,Brittney,Aguilar,14,2,0,21.50,42859.4,1,4,  Suburban  ,Private
1237,Latasha,Browning,9,3,1,24.80,8501.89,0,0,Suburban,null
1238,,Edwards,5,6,4,,27049.85,1,1,City,Public
1239,Riley,Vaughn,12,8,6,42.70,39748.91,1,3,Suburban,Governmental
1240,Robert,Blair,11,3,1,28.40,8893.55,0,0,  Urban  ,Public
1241,Monica,Roth,12,2,0,44.80,30808.74,1,,Urban,  PUB  
1242,Curtis,May,6,6,4,42.20,7534.35,0,2,  Village  ,Public
1243,Crystal,Escobar,17,3,1,32.40,10778.79,,,Urban,  PUB  
1244,Michelle,Dougherty,13,3,1,32.30,16543.23,,,City,public
1245,Kellie,Patton,9,2,0,42.20,26879.9,1,3,  URB  ,Private
1246,Marcia,Collier,7,4,2,,11634.95,,,RURAL,PUB
1247,Breanna,Matthews,14,6,4,32.40,31536.05,1,4,Rural, international 
1248,Darrell,Buckley,7,4,1,33.10,31110.87,1,7, Urban , Public 
1250,Jonathon,Bauer,8,4,2,46.40,,0,0,Suburban,Public
1251,Randy,Rios,17,2,0,53.90,28948.1,1,1,  Suburban  ,Public
1252,Travis,Garrett,10,2,0,55.50,,1,5,Urban,Private
1253,Cindy,Stevenson,16,3,1,36.20,20199.15,1,2,  urban  ,PUB
1254,Ray,Todd,8,2,0,18.90,,,,Suburban,Public
1255,Andre,Meadows,11,3,0,40.10,16590.86,,,URBAN,PUB
1256,Madison,Cummings,13,4,2,63.90,49084.5,1,5,Suburban, private  
1257,Monique,Randolph,13,5,3,48.30,49506.19,1,4,Urban, PUBLIC 
1258,Kathryn,TREVINO,14,6,4,32.80,13420.66,1,3,Rural,Private
1259,Jennifer,Ho,9,5,2,,18407.73,1,2,Suburb,public
1261,Tony,Daniels,15,3,1,37.50,21826.47,0,0,Suburban,Home School
1262,SHELLY,griffith,8,2,0,44.10,52100.69,1,8,URB,Public
1263,Kurt,Hoffman,13,5,3,,30419.49,1,1,Urban,public
1264,Sue,Robertson,19,5,3,53.50,,0,0,Suburban, Private 
1265,Russell,Wheeler,11,4,2,33.60,17221.46,,,Sub-urban,INTERNATIONAL
1267,Dale,Jennings,8,3,1,61.80,124608.8,1,5,urban, Private 
1268,Darrell,Jacobson,10,2,0,43.90,28796.83,1,-4,Suburban,International
1269,Nathan,Lindsey,11,3,1,,45624.01,1,3,Urban,Public
1271,Jim,Lowe,16,4,2,26.00,,1,1,urban,PUB
1272,Deanna,Murray,14,2,0,25.90,18678.19,,,Rural,Private
1273,Derrick,,12,3,1,36.90,8557.56,,,Suburban,PUB
1274,Madeline,Kennedy,8,3,1,44.70,22095.21,1,1,Suburban,Public
1275,Cassandra,Wright,8,4,2,34.40,44903.51,1,1,Suburb,PUB
1276,Shelley,Wright,18,6,4,37.50,38050.1,1,1,NULL,PUB
1277,Tracey,Watson,7,3,1,39.00,34207.36,1,6,urban,International
1278,Hannah,Jones,11,2,0,41.30,77579.36,1,2,Urban,Private
1279,Colin,Jensen,12,4,2,34.60,36550.06,0,0,URBAN,Public
1280,Catherine,Ortega,9,3,1,,10431.29,1,2,Urban,public
1281,Candice,Dalton,7,10,8,35.40,27392.14,1,,  Urban  ,Public
1282,Marcia,Wilcox,8,3,1,,,1,3,Suburban,Priv
1283,Donna,Robles,9,2,0,36.20,,1,1,countryside,public
1284,Taylor,Ayala,8,8,6,43.40,47822.56,1,2,rural,International
1285,Alec,Simon,15,3,1,38.80,52208.69,1,1,Urban,PVT
1286,Ethan,Bates,10,5,3,22.00,20441.82,1,1,suburban,Public
1287,Amanda,Welch,9,6,4,33.00,16411.33,,,  Urban  , Public 
1288,Alexis,White,11,2,0,40.70,35844.36,1,1,urban,Governmental
1289,Denise,Ingram,13,4,2,42.80,51471.06,1,7,Suburban,private 
1290,JACOB,Parsons,9,2,0,26.90,12478.33,1,6,URB,Public
1291,Catherine,Lara,14,2,0,32.50,27342.93,1,1,N/A,homeschool
1292,,Branch,6,3,1,41.40,5581.63,0,0,  Village  ,PUB
1293,Javier,Moody,45,5,3,26.10,24667.08,1,3,URB,Public
1294,Carlos,Mclean,10,8,6,43.90,6904.28,0,,Village,NULL
1295,Cynthia,Ball,10,2,0,,"40,506.98",1,1, City ,Public
1296,Evelyn,Guzman,8,4,2,,11743.45,1,1,Rural,public
1297,Connie,Glover,6,6,4,46.40,"$48,384",1,7,Suburban,Private
1298,Ariel,Mora,4,2,0,9.70,22086.67,1,3,Urban,public
1299,Patrick,Glenn,8,5,3,62.80,"$21,008",1,2,null,Public
1300,Becky,Weber,13,2,0,,12230.14,,, urban ,Public
1301,Eddie,Fox,7,3,1,26.00,31731.89,1,4,Unknown, Gov 
1302,Kurt,Sullivan,5,3,1,51.30,38974.21,1,3,  Urban  ,Public
1303,Michele,Walsh,7,8,6,,28763.41,1,3,Rural,Private
1304,Jeanette,Padilla,9,6,4,28.70,42632.01,1,2,  Urban  ,Private
1305,Gregory,Gonzalez,9,7,5,28.70,"$21,390",1,1,  Rural  ,Public
1306,JORDAN,Rodriguez,10,2,0,44.60,41262.86,1,5,Urban,Private
1307,Jose,Meza,14,7,5,42.00,,1,5,Suburban,  Public  
1308,Brittney,Terry,15,3,1,51.10,42159.33,1,2,Suburban,Homeschool
1309,Jeff,Newton,18,4,2,43.20,,0,0,Urban,Governmental
1310,Valerie,Harmon,5,2,0,46.60,23063.35,1,5,Urban,  Public  
1311,Christopher,Mcdaniel,7,2,0,50.00,,1,1,  suburban  ,Public
1313,Christian,Rocha,9,2,0,42.60,62722.64,1,3,Suburban,Public
1314,Dalton,Holt,14,2,0,46.80,"$48,678",1,2,Urban, Private 
1315,Craig,Hull,11,2,0,58.60,12284.84,0,0,Rural,Public
1316,  Diane   ,Dalton,16,3,1,42.10,,1,1,Rural,unknown
1317,Tony,Conway,14,2,0,31.60,31005.41,1,3,SUBURBAN,Public
1318,Sonya,Wilkins,14,6,4,38.90,33800 EGP,1,2,Urban,Public
1319,Diamond,Ball,9,3,1,32.80,14518.22,0,5,Urban,Public
1320,Rita,Robinson,10,3,0,53.20,35359.58,0,,Unknown,  Public  
1321,Renee,Gordon,9,3,0,29.10,,0,0,suburban,public
1322,Grace,Gilbert,5,2,0,,20916.45,0,2, Suburban ,Public
1323,Natalie,Graves,16,7,5,48.70,29071.92,1,1,RURAL,Public
1324,Ellen,Woods,13,3,1,55.90,24212.42,1,1,NA,Public
1325,Alexandra,Carr,9,3,1,38.70,26731.98,1,5,Suburban,Homeschool
1326,Haley,Logan,15,3,1,51.60,27331.18,0,0,Sub-urban,Public
1327,Tamara,Mccullough,8,2,0,48.30,17787.52,1,1,rural,PUBLIC
1328,Dylan,Delacruz,4,4,2,28.40,27262.85,1,1,Suburban,Public
1329,Maurice,Barnes,14,4,2,42.20,28786.31,1,1,Suburban,NA
1330,Michelle,Bailey,6,2,0,43.20,30979.67,1,2,URB,Private
1331,  Mike   ,Delacruz,10,5,2,,,0,0,rural,Public
1332,Jimmy,Nixon,11,2,0,,10910.46,,,Suburban,Public
1333,Greg,Bridges,12,7,5,53.10,51481.15,0,0,Urban,Public
1334,Kayla,Bishop,14,2,0,26.80,30457.22,1,1,Village,Gov
1335,Lindsay,Nichols,13,4,2,39.30,35796.68,1,3,urban,  Public  
1336,Craig,Mercado,12,5,3,21.70,35632.65,1,5,Urban,International
1337,,Moreno,8,4,2,15.40,10369.73,1,1,Rural,Public
1338,Marc,Briggs,12,6,4,34.00,,,,Suburban,?
1339,,Thomas,5,4,2,28.60,14961.29,1,,Rural,public
1340,Douglas,Reed,16,4,2,31.10,6041.79,0,0,RURAL, Public 
1341,Kayla,Callahan,5,2,0,,28322.73,1,3, SUB ,Public
1343,Laurie,Unknown,6,9,7,41.50,,,, RUR ,PUBLIC
1344,Charlotte,Charles,8,4,2,45.40,18820.79,1,1,Suburban,Public
1345,Dalton,hicks,11,4,1,43.80,14717.53,0,0,Suburban,Public
1346,,Yang,9,2,0,49.80,26221.6,1,6,Suburban,Public
1347,Kelly,Huff,15,8,6,47.70,29194.14,0,0,city,Public
1348,Courtney,Bryant,11,7,5,41.30,16974.68,1,3,Urban,Public
1349,Alec,Watson,9,5,3,36.30,"42,273.51",1,2,Suburban,  Private  
1350,Lacey,Holland,10,8,6,42.30,113131.19,1,5,Suburban,Private
1351,Deanna,Owen,15,6,4,18.00,,1,2,city,  PVT  
1352,Duane,Cannon,1,2,0,59.10,27977.83,0,0,Urban,Public
1353,Ian,Cross,6,8,6,68.50,27794.73,1,,URBAN,Public
1354,Jason,Burgess,8,2,0,36.00,19293.86,1,1,  Suburban  ,Public
1355,Dawn,Velazquez,12,4,1,41.30,22163.56,1,1,urban,Public
1356,Ryan,Brewer,12,3,1,,43346.71,1,1,Suburban,International
1357,Anita,Silva,7,2,0,47.70,44397.52,1,3,Suburban,Gov
1358,Kiara,Powell,13,2,0,38.10,15627.05,0,0,City,Private
1359,Adrienne,Wood,7,3,1,47.10,31303.13,1,3,SUB,Priv
1360,Virginia,Yu,15,4,2,,31606.53,1,,rural,PUB
1361,Peggy,Johns,12,3,1,41.20,24523.81,1,2,Urban,unknown
1362,Kathy,Parks,6,5,3,46.40,26467.06,1,2,URB, Private 
1363,Jose,  Ingram   ,9,6,4,40.00,43599.04,1,3,city, International 
1364,Michaela,Oliver,9,3,1,,38117.54,1,2,Suburban,Governmental
1365,Albert,Ross,11,9,7,51.30,21719.85,1,,RURAL,Homeschool
1366,Dominic,Riley,10,4,2,42.30,29431.65,1,2,Suburban,Public
1367,Sherri,Simon,6,6,4,31.50,21241.74,1,,Rural,public
1368,Tanner,Lamb,5,8,6,23.00,21966.1,0,0,  Suburban  ,private 
1369,Latoya,Morales,12,2,0,,,,-1,city,public
1370,Rebekah,Solomon,12,6,4,54.50,,0,0,City,Governmental
1371,Jesus,Haney,11,5,3,41.80,35509.62,1,5,suburban,Public
1372,Samantha,Guerra,11,5,3,22.90,27160.21,1,6,NULL,Public
1374,Miranda,Houston,11,6,4,44.50,16221.88,,,Suburban,  PUBLIC  
1375,Bonnie,Trujillo,18,4,2,,,1,3,Urban,Private
1376,Cameron,Crawford,15,5,3,27.60,31046.83,1,5,URBAN,Home School
1377,Juan,Mendoza,9,5,2,49.90,51712.46,1,2,SUB,Private
1378,Vicki,Hale,9,4,2,59.80,40882.82,1,4,Suburban,International
1379,Leon,Mack,3,5,3,48.10,,,,Suburban, HS 
1380,,Meadows,14,2,0,29.00,39242.05,0,3,City,Public
1381,Joseph,Maldonado,13,4,2,,11375.41,,,Rural,Public
1382,Danielle,Cain,9,4,2,48.70,7064.67,0,0,  URB  ,Public
1383,Corey,Sharp,5,2,0,37.10,76824.05,1,8,urban,Private
1384,Unknown,Nunez,6,4,2,45.30,20822.48,1,5, Suburban ,Public
1385,Daniel,Wright,12,7,5,55.60,,0,0,Rural,Unknown
1386,Nichole,Sheppard,10,3,1,46.50,11923.44,1,3,countryside,Public
1387,Colton,Gentry,13,2,0,,19071.65,0,0,City,Public
1388,Dominique,Lee,11,5,3,32.90,22012.68,1,6,URBAN,-
1389,Jesse,Eaton,14,8,5,39.40,,1,,SUB,Public
1390,Alejandro,Clayton,12,4,2,40.60,28194.46,1,4,Suburban,Public
1391,Caroline,Moss,13,7,5,40.40,33648.82,1,4,unknown,PRIVATE
1392,Jimmy,Watson,3,3,1,,22629.22,0,0,  urban  ,PUBLIC
1393,Brenda,Cobb,6,5,3,34.00,26166.49,1,3,Suburban,  Private  
1394,Melissa,Burgess,9,3,1,32.40,"18,699.57",0,0,Urban,Public
1395,Meghan,Higgins,14,4,1,49.10,66710.25,1,7,URBAN,INTL
1396,Dan,Mayer,17,4,2,32.40,12422.94,0,0, Suburban ,Public
1397,Karla,Fry,10,4,2,38.10,18918.89,1,1,Urban,Private
1398,Ricardo,Tanner,8,3,1,,20274.45,1,3,Suburban,Public
1399,Debbie,Osborne,3,3,1,56.70,95216.88,1,3,Suburban,private 
1400,Austin,Daugherty,14,8,6,45.10,45331.49,0,0,Urban,Public
1401,Susan,Williams,9,5,3,45.60,18592.83,,,Urban,Governmental
1402,Jackson,Short,18,11,9,33.70,26962.58,1,2,N/A,Homeschool
1403,Jeanne,Dean,8,4,2,42.70,33986.08,1,1,Sub-urban, Private 
1405,April,Andersen,13,4,2,41.00,43595.0,1,3,City,private 
1406,Lindsay,Strickland,7,3,1,41.80,26421.66,0,0,Suburban,Public
1407,Joy,Jennings,11,3,1,49.20,18843.79,1,1,Rural,Homeschool
1408,Francisco,French,13,6,3,37.40,,,,NULL,Governmental
1409,Tasha,Lopez,10,2,0,56.00,65755.88,1,2,URBAN,Private
1410,Nichole,stone,14,2,0,45.90,,1,2,  Rural  ,PUB
1411,Unknown,,13,10,8,21.50,,,,Urban,Home School
1412,Jimmy,Buchanan,13,4,2,52.90,22530.43,0,0, Urban ,Public
1413,Ricky,Valentine,10,2,0,35.90,,,,Rural,Governmental
1414,Reginald,Cortez,6,9,7,48.10,19135.88,1,3,city, public 
1415,Samuel,Meyers,10,2,0,46.20,39250.03,1,3,suburban,Public
1416,Frank,Everett,11,4,2,35.90,43730.72,1,8,suburban,Public
1417,Ana,Harrison,4,2,0,1.70,,,,Suburban,Public
1418,Leah,Alexander,11,7,5,69.60,22401.28,1,3,City,PUBLIC
1419,Bryan,Thompson,10,4,2,32.70,23301.95,1,3,URBAN,Governmental
1420,Chase,Rodgers,6,6,4,35.10,15604.58,,,RUR,Public
1421,Ariana,Howe,9,5,3,32.50,65412.87,1,3,Suburban,  private  
1422,Cole,  Livingston   ,9,2,0,28.50,19006.41,1,,urban,Gov
1423,Sheila,Flores,17,2,0,44.90,70215.66,1,5,Urban,International
1424,Kelly,Copeland,11,3,1,31.10,23613.76,1,3,Suburban,  PUB  
1425,Emma,Conrad,14,5,3,40.80,70576.34,1,5,Urban, Private 
1426,Cameron,Salazar,10,5,3,36.20,,1,,RUR,Gov
1427,Mary,Sawyer,4,2,0,47.60,13555.6,,,Rural,  home-school  
1428,Richard,Griffin,13,2,0,46.00,29364.73,1,2,city,homeschool
1429,Martha,Unknown,8,7,5,28.40,34917.31,1,2,Rural,PUBLIC
1430,Deanna,  Wright   ,9,3,1,54.70,27919.31,1,3,suburban,PUB
1431,  Katrina   ,nicholson,7,7,5,34.00,28712.53,1,3,  suburban  , Public 
1432,Tracy,Hoover,11,7,4,22.70,approx 24.3k,1,4,Rural,  PUBLIC  
1433,Tammie,,14,4,2,41.50,18327.39,0,0,URBAN,Public
1434,Joyce,  Branch   ,14,3,1,34.40,20643.97,1,4,Rural,Public
1435,Lynn,Mosley,16,3,1,11.60,"21047,11",0,0,Urban,Gov
1436,Sabrina,Delacruz,17,4,2,,66782.47,1,-1,Urban,Private
1437,Erika,Vincent,3,6,4,53.80,32217.47,1,1,SUB,Public
1438,Kaitlin,Downs,6,4,2,45.30,43521.03,1,4,City,Gov
1439,Chad,Espinoza,4,2,0,20.70,,,,Suburban,Public
1440,Lindsay,Spencer,13,2,0,,43857.57,1,3,Urban,INTL
1441,Dean,Yoder,8,4,2,48.40,approx 27.0k,1,,Urban,Public
1442,Hector,Juarez,9,6,4,39.10,11609.31,1,1, suburban ,Public
1443,Bill,Harris,10,2,0,60.90,31327.09,1,3,Urban,Homeschool
1444,Micheal,SANDERS,12,4,2,,12899.47,1,2,URBAN,PUBLIC
1445,Linda,Ochoa,5,6,4,52.40,41608.75,1,2,URBAN,Governmental
1446,Debra,Roth,6,6,4,31.30,37747.86,1,3,RUR,Private
1447,Adrienne,Woodward,11,3,1,41.00,9558.51,0,4,SUBURBAN,PUB
1448,Victor,Trujillo,15,4,2,41.70,25172.57,1,,Suburban,  Public  
1449,Suzanne,Crawford,10,2,0,36.90,23372.38,1,1, Suburban ,  Private  
1450,Peggy,Snow,8,3,1,32.70,,0,2, Suburban ,public
1451,Joe,Payne,3,2,0,15.30,49221.08,1,4,Urban,Homeschool
1452,Tommy,Love,14,3,1,46.50,41946.1,1,1,URBAN,PUB
1453,Kenneth,Floyd,8,2,0,45.70,77990.99,0,0, Suburban , PVT 
1454,Devin,Meyer,6,3,1,,"39061,48",1,4,Urban,Public
1455,Margaret,Meyer,4,5,3,27.50,10578.2,0,0,Rural, Public 
1456,Caleb,Thornton,5,3,1,17.40,39453.77,1,2,  Urban  , Private 
1458,Taylor,Holden,10,2,0,64.20,23024.67,0,0, Urban ,Public
1459,Sonia,Johnson,6,4,2,45.40,40897.64,1,1,Suburban,INTERNATIONAL
1460,Dana,Rivera,11,6,3,33.00,4697.57,1,3,countryside,PUBLIC
1461,Riley,Krause,10,3,1,,66922.26,0,-4,Urban,International
1462,Carrie,Gibson,18,6,4,54.00,46175.9,1,6,City, Public 
1463,Maurice,Clarke,4,3,1,22.00,6314.46,0,0,SUBURBAN,Gov
1464,Lisa,Foster,11,6,4,35.50,36697.39,0,0,city,Private
1465,Tanner,Austin,11,4,2,13.70,,1,2,Urban,Public
1466,Amy,Le,7,3,1,,18286.22,,,Suburban,Public
1467,Caitlin,Woodward,11,4,2,33.90,"43,190.57",1,3,urban,Private
1468,Dalton,Unknown,13,2,0,18.40,27589.36,1,3,city,Public
1469,Collin,Berg,11,4,2,30.80,59345.82,1,5,  Urban  ,  International  
1470,Jared,Buckley,15,5,2,62.50,30793.35,1,,  urban  ,Gov
1471,Tyler,Bautista,3,6,4,49.10,16804.51,0,,Rural,Public
1472,Aaron,Parker,7,5,3,54.90,54402.87,1,6,Urban,Private
1473,Philip,Harrington,16,3,1,18.50,24694.16,0,0,Urban,Public
1474,Jessica,Barry,14,2,0,44.10,25239.32,1,,Suburban, Public 
1475,Barbara,Heath,12,3,1,46.10,"18,190.74",1,,Rural,Public
1476,Jeremy,Peters,15,3,1,51.90,28649.01,1,4,Urban,Public
1477,Frederick,Roy,4,5,3,43.80,48441.87,1,2,Suburban,Private
1478,Kurt,Moses,13,5,3,40.90,"17734,36",1,3,  Suburban  ,Governmental
1479,Roger,Schmitt,14,3,0,42.80,18832.35,1,3,NA,Public
1480,Christine,Glenn,45,5,3,51.50,,0,0,City,Governmental
1481,Jorge,Martin,18,6,4,28.80,7879.28,,,  Suburban  ,Public
1483,Rachael,Barton,3,5,3,,18116.3,,,Urban,Public
1484,Oscar,Haley,12,7,5,,22443.87,1,1,suburban,Governmental
1485,Kirk,Hicks,8,3,1,46.60,70044.94,1,6,  Urban  ,Private
1486,Nicole,Wiggins,15,6,4,63.10,27500.57,1,2, Urban ,  PRIVATE  
1487,Ellen,Clements,12,2,0,44.40,approx 39.5k,1,1,Urban,Private
1488,Cassandra,Perkins,8,7,4,47.80,,1,,Rural,Public
1489,Peter,Sawyer,16,2,0,61.70,55220.8,1,-4,NULL,Private
1490,Caleb,Melton,14,2,0,37.70,27809 EGP,1,1,Urban,PUB
1491,Dean,Pineda,8,2,0,44.20,,,,URBAN,Private
1492,Stephanie,Kelly,10,4,1,35.70,9794.11,1,1,Rural,  Private  
1494,Omar,Mueller,9,5,3,28.20,,,,Suburb,Public
1495,William,Forbes,9,5,3,46.90,17186.39,1,,  Urban  ,
1496,Martha,Lyons,11,4,2,48.40,23430.92,0,,Urban,Public
1497,Brandon,Benson,999,5,3,49.00,30483.93,1,1, urban ,private
1498,Deborah,Lynn,3,3,0,38.90,18648.12,0,,rural,Public
1499,Glenn,jordan,11,7,5,29.70,21903.39,0,0,Rural,Gov
1500,Makayla,Mcclain,3,4,2,66.00,33830.52,1,3,  urban  ,Intl
1501,Cynthia,Navarro,7,2,0,34.60,36531.36,1,2,SUB,
1502,Jeremiah,Higgins,4,7,5,43.40,,0,0,Rural,Public
1503,Alexis,Cole,5,5,3,37.80,53621.14,1,2,Rural,Private
1504,Heidi,,12,2,0,35.70,22728.11,1,6,Urban,Public
1505,Devin,,10,2,0,,,1,3,Urban,Private
1506,Harry,Hess,10,2,0,38.00,12339.28,1,,Unknown,Public
1507,Christy,Ramirez,6,4,2,43.60,,,,Urban, Public 
1508,Maurice,Pierce,8,3,0,46.00,,,, urban ,public
1509,Tiffany,Harrington,12,2,0,27.00,35142.73,1,-4,Urban,PRIVATE
1510,Sean,Deleon,10,5,3,29.00,48488.28,1,4,Suburban,PUB
1511,Chelsea,Romero,13,3,0,33.80,15786.94,0,,city,Homeschool
1512,Barbara,Parks,14,5,3,38.20,15793.88,,,SUB,Public
1513,Austin,Martinez,10,3,1,31.80,21213.02,1,2,countryside, Private 
1514,Monique,Hale,4,3,1,44.80,25555.35,0,0, SUB ,PUBLIC
1515,Laura,Moody,8,6,4,36.20,12430.32,,,Rural,Homeschool
1516,Norman,Anderson,10,4,2,26.30,8487.97,0,0,Rural,Governmental
1517,Sheila,Mccoy,8,7,5,,30333.0,1,,Suburban,private 
1518,Cameron,Prince,1,2,0,48.50,36647.93,1,5,  Suburban  ,Public
1519,Lindsey,Santiago,11,8,6,44.20,22481.82,0,0,Rural,Private
1520,Jennifer,Morton,18,4,2,37.80,25967.02,1,4,Suburban,  Public  
1521,Cesar,Baker,9,2,0,31.50,16636.63,0,0,Urban,PUB
1522,Jonathan,Weber,10,6,4,52.60,20394.18,1,5,Rural,HOMESCHOOL
1523,Kevin,Castro,6,5,3,42.90,29199.46,1,2,Suburban,Private
1524,Douglas,Larsen,15,10,8,22.00,8330.94,0,0,Rural,PUB
1525,Colleen,Wagner,14,6,4,50.00,25177.65,1,1, urban , public 
1526,Anita,Stanley,13,8,6,66.60,"36371,35",1,7,Urban,Public
1527,Amber,Alvarado,15,5,3,32.90,24513.22,1,1, Suburban ,Public
1528,Ashlee,Khan,9,3,1,36.30,,0,0,SUBURBAN,Public
1529,Eddie,Bauer,9,8,6,39.40,20906.29,0,0,URBAN,Homeschool
1530,Suzanne,Wyatt,17,12,10,45.10,"$11,629",0,0, Rural ,Public
1531,Jason,Sanchez,13,6,4,43.10,34808.32,0,0,Suburban,Public
1532,Judith,Higgins,3,2,0,44.20,124133.25,1,6,URBAN,Private
1533,Keith,Simmons,12,5,3,49.60,"27547,88",0,0,SUBURBAN,Public
1534,Omar,Hobbs,8,4,2,43.60,15384.53,1,,Urban,Public
1535,Selena,,120,8,6,56.10,23428.81,1,4,Suburban,Private
1536,Patty,Christian,12,4,1,,,1,1,Urban,Public
1538,Chase,Conway,11,3,1,53.00,33967.76,1,,Rural,Public
1539,Donald,Dalton,11,2,0,55.90,63899.05,1,3,NA,  Private  
1540,,Stanley,12,9,6,,34388.45,1,5,Suburban,Public
1541,Manuel,Charles,13,2,0,,25579.95,1,7, Suburban ,Public
1542,Tammy,Haas,16,3,1,30.00,67229.75,1,4,urban,International
1543,,Mcfarland,12,8,5,26.50,14169.88,,,Rural,Public
1544,Suzanne,Coffey,11,3,1,37.10,30637.0,1,2,Urban,PUB
1545,Makayla,Harding,15,5,3,34.60,22384.18,1,1,suburban,  private   
1546,Stephanie,Cordova,18,4,2,,7925.09,0,0,Suburban,PUBLIC
1547,Luis,Fuller,14,4,2,50.00,51506.66,1,3,Suburban, Homeschool 
1548,Tamara,Harris,120,7,5,47.60,43111.09,1,1,Urban,Public
1549,Alisha,Bennett,12,4,2,34.50,,,,Rural,Public
1550,Alejandro,,11,8,6,36.10,29761.32,1,1,Rural,PUB
1551,Juan,Clay,11,3,1,61.50,25162.49,1,2,Urban,Public
1552,Latoya,Townsend,18,6,4,47.70,"44077,31",1,,Suburban,  Public  
1553,Erik,Jones,8,9,7,44.50,30998.2,1,4,urban,PUBLIC
1554,Kiara,Unknown,15,3,1,38.00,14093 EGP,,,City,unknown
1555,Jody,CARR,10,2,0,28.30,,1,1,Urban,public
1556,Anna,King,5,3,0,53.30,18140 EGP,1,2,Urban,
1557,Raymond,Mcclain,10,2,0,45.70,,1,1,  Suburban  , Gov 
1558,,Campbell,9,4,2,68.40,"47899,77",1,3,Urban,PVT
1559,Audrey,Wagner,13,3,1,52.10,36877.25,1,6,Urban,Homeschool
1560,Madeline,Phelps,11,8,6,55.60,67755.63,1,5,Urban,International
1562,Brianna,Gonzales,16,2,0,42.70,15069.12,0,-3,Suburban,Public
1563,Loretta,Yoder,14,5,3,50.60,36364.29,1,4,  SUB  ,Public
1564,Donna,Herring,16,4,2,19.10,18797.42,1,1,Urban,PUBLIC
1565,Loretta,Johnson,11,2,0,62.00,25069.14,0,0,Urban,Public
1566,Crystal,Conley,10,4,2,50.00,39687.93,1,2,urban, Homeschool 
1567,Tracey,Fitzgerald,13,7,5,55.00,"23878,41",1,7,SUBURBAN,Homeschool
1568,Jared,Graves,8,6,4,53.80,22724.48,1,,City,PUB
1570,Teresa,Unknown,10,5,3,36.60,42842.69,1,3,Suburban,Private
1571,Rose,Lee,5,6,3,,24278.96,1,1,Urban,Governmental
1572,Jared,Larson,11,5,3,41.30,41770.73,1,4,City,Private
1573,Anthony,Carney,9,4,2,47.80,38843.5,1,,  URB  ,Public
1574,Frank,Hubbard,10,3,1,57.00,54187.63,1,7,n/a,Public
1575,Rebecca,Banks,12,6,4,23.70,26119.5,1,1,URB,Public
1576,Bruce,Howard,15,7,5,35.50,14168 EGP,,,Rural,Public
1577,Victor,Dickson,7,3,1,,,,,  URB  ,Public
1578,Unknown,Cain,9,3,1,23.60,22060.46,1,4,URBAN,Public
1579,Cassandra,Lara,8,7,5,47.60,20694.84,1,2, Rural ,Governmental
1580,Caleb,Bauer,8,6,4,49.40,10944.8,0,,Rural,Public
1581,Patty,Conway,8,2,0,33.00,35372.25,1,1,Urban,Private
1582,Christy,Duarte,10,6,4,49.80,57354.73,1,3,Suburban,PRIVATE
1583,Carla,Valentine,13,4,2,49.30,23274.96,1,1,Urban,Public
1584,Gloria,Long,12,7,5,,12420.42,0,,Sub-urban,  Public  
1585,,Liu,7,5,2,49.10,20386.52,1,1,Suburb,Private
1586,phillip,Browning,15,6,4,42.80,,,,city,Public
1587,,Oconnor,14,8,6,50.20,61933.9,1,1,City,International
1588,Logan,Newman,7,3,1,46.20,31153.07,1,2,URB,INTERNATIONAL
1589,Leslie,Graham,2,5,3,51.20,17143.09,0,0,Suburb,Public
1590,Dan,Elliott,12,5,3,35.10,21852.69,1,1,Urban,Homeschool
1591,Aaron,Valentine,10,2,0,46.90,13357.56,1,1,  Sub-urban  ,Public
1592,Yvonne,Shannon,12,5,3,31.80,51850.88,1,1,  urban  ,Private
1593,Janice,Lynch,0,4,2,32.50,70295.14,1,3,Suburban,Private
1594,Erin,,12,6,4,10.30,,1,1,city,Public
1595,Elijah,Pearson,11,11,8,36.90,30448.55,1,2,RUR,Private
1596,Kelsey,Barnes,9,4,2,32.00,25972.2,1,2,Urban,Public
1597,Beverly,Franklin,3,4,2,44.50,59701.93,1,3,Urban,Private
1598,Sophia,Henry,12,2,0,38.80,10844.3,0,0,urban,Public
1599,Connie,Massey,9,3,0,34.60,28968.58,1,1,Suburban,Public
1600,Daniel,Jones,13,4,2,50.40,23757.54,1,2,City,Gov
1601,Jonathon,Houston,12,4,2,,42723.27,1,4,Urban,  Private  
1602,Trevor,Collins,9,6,4,30.20,"$30,749",1,5,Urban,Public
1603,Trevor,Holder,14,6,4,,30098.81,0,0,URBAN,Public
1604,Virginia,Ramos,11,5,3,40.90,24141.98,1,4,Suburban,INTERNATIONAL
1605,Jeremiah,Vargas,11,2,0,36.40,70211.29,1,6,Urban,PRIVATE
1606,,Sandoval,10,10,8,50.50,15580.33,0,0,RURAL,Public
1607,Connie,,17,3,1,48.60,27594.06,1,2,Rural,Public
1608,Brian,Smith,8,5,3,,36159.04,1,2,SUBURBAN,Private
1609,Melanie,Perez,9,4,2,49.70,48477.01,1,6,Urban,NA
1610,Laurie,Terrell,6,4,2,40.80,,1,1,Sub-urban,Governmental
1611,Kayla,Oconnell,-5,3,1,53.30,25310 EGP,1,5, Rural ,Public
1612,Sierra,howard,8,8,6,35.80,35784.79,1,6,Urban,Governmental
1613,Cheyenne,Strickland,9,6,3,68.50,15456.72,,,?,Gov
1614,Antonio,,9,8,5,48.40,26455 EGP,1,,urban,PUBLIC
1615,lauren,  Hoffman   ,11,4,2,51.70,105014.51,1,4,City,Private
1616,ALEC,Curry,6,3,1,47.60,23968.76,1,2,Urban,public
1617,Chad,Holmes,3,3,1,37.00,24289.33,1,1,Urban,Public
1618,Andre,Warren,12,4,2,41.80,32790.38,1,4,Suburban,Governmental
1619,Mike,Finley,19,5,3,30.70,22082.07,1,4,Urban,Public
1620,Larry,Tucker,14,4,2,54.30,32120.48,1,,urban, Public 
1621,Mathew,Woodward,16,5,3,36.30,13401.21,,,  countryside  ,Public
1622,Gregory,Padilla,10,6,4,,37097.78,1,2,City,Public
1623,Misty,Rios,15,4,2,39.70,28737.61,1,,city,Homeschool
1624,Unknown,Norman,10,4,2,,"$86,994",1,8,city,PRIVATE
1625,Monica,Goodwin,16,4,2,34.90,30494.57,0,0,URB,Gov
1626,Courtney,Williamson,9,5,3,39.30,22642.05,1,3,Suburban,Governmental
1627,Courtney,Wyatt,3,4,2,17.40,52375.28,1,1,Urban,Priv
1628,Tony,Owen,10,5,3,49.20,7981.67,0,0, rural ,Public
1629,Kelsey,Chen,17,5,3,42.00,43497.01,1,2,rural,Private
1630,,Ochoa,12,4,2,33.40,17263.26,0,0,Urban,Public
1631,Levi,Good,9,7,5,,49308.23,1,4,Sub-urban,Governmental
1632,Troy,Mcneil,12,2,0,66.20,57018.75,1,,Suburban,Homeschool
1633,Elizabeth,Juarez,14,4,2,23.60,12846.24,0,0,countryside,  PRIVATE  
1634,Juan,Richmond,10,8,6,55.70,23474.22,0,0,URB,  Homeschool  
1635,Kurt,Mills,18,4,1,28.00,24099.64,0,0,Suburban, private 
1636,Sue,  Grant   ,9,6,4,,41850.14,1,2,  Urban  ,Public
1637,  Jody   ,Guerra,14,4,2,,17172.56,,,Urban,Public
1638,Jody,Solis,13,3,1,28.60,,,,Rural,Public
1639,Unknown,Johnston,8,3,1,32.40,25024.64,0,0,Urban,  Gov  
1640,Amber,Fleming,9,7,5,53.50,15784.41,1,1,Urban,public
1642,Diana,Hendrix,11,8,6,55.90,18407.91,0,0,  Rural  ,International
1643,Miranda,Hurst,12,2,0,28.60,31596.1,1,1,Urban,Public
1644,Bill,Velazquez,5,2,0,44.20,"19,532.06",0,-3,Urban,Gov
1645,Brianna,Kennedy,13,2,0,27.40,26731.1,0,0, SUB ,Public
1646,Brian,Lamb,12,5,3,,20830.55,1,2,Urban,PUB
1647,Natasha,Franklin,10,2,0,39.70,61016.53,1,,Urban,Homeschool
1649,Benjamin,Carter,9,6,4,33.40,31371.16,1,,Rural,PUB
1650,Audrey,Hendricks,8,9,7,40.10,10087.18,,,Suburban,Public
1651,Danny,Davis,19,7,5,,,0,0,-,PUB
1652,Vanessa,  Berg   ,9,3,1,51.20,41268.03,0,0,URBAN,private
1653,Mikayla,,18,6,4,44.50,23722.14,0,0,Suburban,Public
1654,Melissa,Valencia,14,2,0,,22106.58,0,-1,?,Private
1655,Derrick,Weeks,7,6,4,46.80,23514.29,0,0,Suburban,Public
1656,Brittney,Horton,18,2,0,45.90,44728.04,1,1,Urban,private 
1657,,Clarke,9,8,6,14.60,,0,5,  Village  ,Public
1658,Nancy,Lamb,11,2,0,49.00,43707.26,0,0,Urban,INTL
1659,Tricia,Larson,14,2,0,35.00,20436.98,1,1,Rural,Private
1660,Johnathan,Hart,3,5,3,31.10,25759.64,1,5,  city  ,Homeschool
1661,Mike,herrera,10,2,0,28.00,22698.76,1,4,suburban,Public
1662,  Alyssa   ,Flores,8,3,1,33.60,30761.62,1,2,Urban,Governmental
1663,Kristi,mahoney,11,2,0,,63719.17,1,8,NA,Private
1664,Mary,Shepard,999,2,0,21.70,36004.58,1,4,Urban,Governmental
1665,Caitlin,conley,10,4,1,,,1,1,Urban,Governmental
1666,Albert,Flowers,10,3,1,26.30,23402.22,1,,Urban,  Public  
1667,Michele,Carter,14,2,0,39.20,15842.98,0,0,Urban,Public
1668,Alec,Alvarez,12,3,1,54.40,,0,0,Rural,Public
1669,Zoe,Graham,11,2,0,42.40,13505.12,1,,suburban,Public
1670,Cesar,Osborne,11,4,2,36.40,27338.25,1,2, Suburb ,Gov
1671,Jim,Wiggins,17,3,1,27.80,59914.67,1,5,Urban,Private
1672,,Khan,11,7,4,48.80,"$51,414",1,5,urban,home-school
1673,Zachary,Garrett,9,11,9,30.40,,,,City,Public
1674,Jonathan,,4,8,6,,"19173,66",1,1,urban,Gov
1675,Martha,Banks,5,4,2,62.80,,1,1,NULL,Public
1676,Gabrielle,Elliott,9,4,1,33.20,6186.44,1,1, Suburban ,public
1677,Daniel,,10,5,2,31.60,27113.78,1,3,  URB  ,  PUBLIC  
1678,Gregg,Reeves,8,2,0,42.00,46248.77,1,1,Urban,Governmental
1679,Kathleen,Knapp,12,3,1,32.00,25878.95,1,3,  Urban  ,private
1680,ANGEL,Thornton,8,7,5,35.70,14804.71,0,0,  Urban  ,Public
1681,Molly,Wiggins,7,9,7,34.10,18679.25,1,5,Urban,Public
1682,Miguel,Leonard,13,11,9,,24813.28,1,,Urban,Public
1683,Tracy,Scott,15,3,1,40.60,45416.06,1,,Urban,Public
1684,Kathryn,Holland,7,7,5,58.20,26888.4,1,1,Urban,International
1685,Raymond,Hoover,11,3,1,55.70,36286.47,1,2,SUB,PVT
1686,Kelsey,  Dean   ,4,8,6,30.20,16403.7,,,Rural,PVT
1687,Gregory,Moses,5,4,2,,33868.27,1,1,URBAN,Public
1688,Johnathan,Weaver,8,3,1,30.10,,,,  Urban  ,Public
1689,Jack,Shaw,15,3,1,41.80,20389.7,0,0, Urban ,NULL
1690,Tricia,Cunningham,8,7,5,46.90,12826.96,1,3,Suburban,PUB
1691,Loretta,Prince,8,4,2,41.40,"35628,83",1,,Suburb,public
1692,Kaitlyn,tyler,11,2,0,56.00,21803.99,1,4,Sub-urban,Public
1693,Marissa,Bailey,11,4,2,,,0,0,Suburban,Gov
1694,Shelia,Mclaughlin,8,4,2,48.80,22351.19,0,0, Rural ,Governmental
1695,Deborah,May,18,4,2,61.00,50806.4,1,2,Urban,Private
1696,Robert,,10,10,8,42.90,"19,025.95",1,,Urban,Public
1697,,Perez,11,2,0,49.20,38721.75,1,6,Urban,Public
1698,Sara,Cobb,9,3,1,45.30,22803.05,1,4,Suburban,Public
1699,Tim,Dickson,12,7,5,35.60,,1,1,Urban,PUB
1700,dorothy,Horton,15,4,2,38.10,50218.17,1,2,countryside,Private
1701,Craig,Gibson,16,7,4,,22878.53,0,0,Suburban, public 
1702,Manuel,Shea,8,8,5,33.90,"19,163.81",1,3,Rural,HOMESCHOOL
1703,Tyler,Payne,14,4,2,36.60,,0,,Rural,n/a
1704,Madison,Salazar,12,3,1,53.70,21751.94,1,,Suburban,Gov
1705,Brittney,Davidson,14,7,5,61.20,18749.35,0,0,rural,Public
1706,Jackie,Wright,10,3,1,58.80,14423.34,1,1,Suburban,Public
1707,Thomas,Nash,10,4,2,,75484.35,1,5,Urban,PVT
1708,Diane,Ray,14,6,4,47.30,40577.98,1,,Suburban,HOMESCHOOL
1709,Denise,Clayton,14,5,3,52.20,22794.07,1,3,rural,Homeschool
1710,Dawn,Massey,16,6,4,34.90,23671.33,0,0,Suburban,Public
1711,Kirk,Stephens,11,3,1,40.10,16836.93,,,Sub-urban,  Governmental  
1712,,Mccormick,10,2,0,65.30,52394.1,1,2,URB,Public
1713,Brett,Miranda,3,10,8,43.50,"$24,002",0,0,  Rural  ,Priv
1714,Haley,Brock,5,4,2,42.50,23868.57,1,2,URBAN,private 
1715,Yvonne,Mcdaniel,9,3,1,,,0,0,Suburban,Public
1716,Abigail,Dunn,45,8,6,,,0,2,SUBURBAN,Public
1717,Melvin,Nixon,13,7,5,45.30,,1,1,Suburban,PUBLIC
1718,Crystal,Hoover,6,5,3,33.20,25928.34,0,0, Urban ,Public
1719,Monica,Wu,9,2,0,,49123.53,1,6,Suburban,Public
1720,Jim,Choi,9,8,6,47.80,51313.67,1,4,null,Private
1721,Sheena,Rush,15,3,1,30.40,30375.51,1,3,City,Public
1722,Steven,House,8,8,6,41.70,28435.23,1,,Urban,Governmental
1723,Reginald,Obrien,12,4,2,32.50,13579.98,,,Suburban,Public
1724,Gene,Oliver,11,2,0,31.00,approx 53.3k,1,4,Urban,Governmental
1725,Duane,Park,14,2,0,45.90,28819.24,0,0,city,?
1726,Ethan,Schmidt,14,5,3,49.90,23930.39,1,2,  Rural  ,  Public  
1727,Jeremy,huber,10,4,2,,56797.2,1,6,Urban,private 
1728,Jacob,Bush,4,8,6,38.00,12568.08,0,0,countryside,Homeschool
1729,Alejandro,Chapman,10,3,1,35.10,,1,1,Suburban, Public 
1730,jane,Bush,10,2,0,48.00,115588.08,1,2,Urban,private 
1731,COLTON,Griffin,12,4,2,62.50,35488.28,1,1,Suburban,Public
1732,Francisco,,8,2,0,32.10,25508.6,1,3,Urban,Public
1733,Frank,Chaney,15,4,1,42.90,33926.19,1,1,RURAL,PUBLIC
1734,Latoya,Russo,11,4,2,,"25095,87",0,0,URB,Public
1735,Tamara,Reyes,7,8,6,51.30,20517.16,1,2, RUR ,Public
1736,Chris,Gordon,9,5,3,,18722.32,0,, SUB ,Public
1737,Gregory,Joseph,17,2,0,21.90,,1,2,  Rural  ,PVT
1738,Sylvia,Wagner,13,2,0,37.00,"25,572.21",0,5,Urban,Public
1739,Sydney,Leonard,14,4,2,41.80,16923.62,,, Sub-urban ,private
1740,Steven,  Leonard   ,7,2,0,53.20,"$33,982",1,3,  Urban  ,Homeschool
1741,Jack,Jacobs,8,6,4,51.90,18011.62,1,5,SUB,Governmental
1742,Bill,Nixon,8,5,3,34.80,40814.51,1,,Urban,private
1743,Destiny,Hansen,11,4,2,37.20,25147.17,1,1,Urban,PUBLIC
1744,,Holden,10,6,4,,9936.25,1,1, SUBURBAN ,Public
1745,Dana,Thornton,2,5,3,43.50,41834.07,1,,URBAN,NA
1746,Kent,Contreras,9,8,6,26.30,36340.16,1,4,Suburban, Public 
1747,Johnny,Fletcher,8,6,4,47.40,88384.65,1,6,Suburban,Private
1748,Kristy,Peterson,10,7,5,34.40,"30023,84",1,4,City,Home School
1749,Jody,Gardner,15,5,3,49.80,28305.94,1,3,Suburban,Private
1750,Whitney,Herman,5,9,7,62.40,38685.67,1,3,urban,Public
1751,Leslie,Smith,12,5,2,51.40,44839.12,1,1,  Suburban  ,Private
1752,Eduardo,Powers,15,5,3,41.20,50335.19,1,4,city,  private  
1753,Virginia,Conway,10,8,6,42.30,35430.63,1,-1,city,Homeschool
1754,Joyce,Carr,9,3,0,59.60,"25131,15",1,,Suburban,  Public  
1755,Marc,Gillespie,14,3,1,24.10,,1,1,Rural,PUBLIC
1756,Nicole,Pena,7,8,6,41.80,16464.64,0,0,Rural,Gov
1757,Stuart,Unknown,10,4,2,,12593.77,1,1,Suburban,public
1758,Wayne,Blair,7,5,3,51.80,,1,2,Urban,Governmental
1759,Ricky,Horne,4,2,0,20.70,25303.66,1,3,Urban,private
1760,JARED,Blanchard,10,4,2,33.70,31760.64,1,4,Urban,Public
1761,Ricardo,Good,6,4,2,,99669.61,1,3,suburban,International
1762,Becky,Benitez,10,3,0,,27833.23,1,, Urban ,  Homeschool  
1763,Molly,Washington,15,4,2,33.80,17599.58,,,Rural,Public
1764,,Chambers,17,5,3,38.10,23804.19,1,1,urban,PUBLIC
1766,Randall,Daugherty,14,11,9,39.40,20014.03,1,1, Rural ,Public
1767,,herman,999,2,0,38.70,20929.5,0,0,Urban,Public
1768,Logan,Duran,9,2,0,45.50,,,,URBAN,public
1769,Dominique,Peterson,4,2,0,53.70,20510.62,0,0,SUB,Public
1770,Unknown,Dickson,16,6,4,,,,,RURAL,Gov
1771,Elaine,Kane,7,8,6,40.20,26182.89,1,, Urban ,Public
1772,Erin,Webb,15,2,0,56.10,32138.63,1,1,City, Governmental 
1773,Abigail,,12,6,3,43.60,22569.25,1,1,City,Public
1774,Fred,Downs,7,6,4,34.20,56952.59,1,1,suburban,private
1775,Andrea,Sheppard,12,4,2,37.60,56255.95,1,1,urban,Public
1776,Danielle,Caldwell,18,3,1,,22555.7,1,,Suburban,  private   
1777,Jaclyn,Branch,16,2,0,49.00,17495.67,0,0,Urban,Public
1778,Erin,Deleon,9,5,3,53.10,16875.42,,,Rural,Homeschool
1779,Wayne,,8,4,2,44.30,"$23,777",1,4, Suburban ,Governmental
1780,Patty,Foster,11,5,3,28.40,24722.52,1,2,Suburban,Public
1781,Cheryl,Mann,10,2,0,60.90,20559.66,0,0,Suburban, Private 
1782,Becky,Yu,15,4,2,40.30,16694.46,0,0,city,PUB
1783,Jacqueline,Mcbride,13,7,5,38.20,30308.67,0,0,Urban,Public
1784,Victoria,Morales,4,3,1,28.10,21099.92,0,0,Suburban,Public
1785,Cesar,lindsey,12,6,4,33.20,25743.45,1,1,City,Private
1786,Stephen,Benjamin,10,5,3,50.10,31309.56,1,,Urban,Governmental
1787,,Long,11,5,3,41.50,28619.77,1,,urban,public
1788,Grant,owen,11,4,1,,30937.4,1,2,Urban,Homeschool
1789,Erik,Hardy,15,2,0,34.30,23897.97,1,2,City,public
1790,  Gabriella   ,Stokes,14,4,2,33.20,31197.08,1,2,Suburban,Private
1791,Guy,Stark,8,2,0,32.20,17243.84,1,1,  Suburban  ,PUBLIC
1792,Andrea,Shea,10,4,2,,16344.26,,,Urban,Public
1793,Kari,Gilmore,9,5,3,20.30,approx 15.7k,1,3,Suburban,  Public  
1794,Anna,LAWRENCE,4,2,0,41.50,,1,2,Urban,Public
1795,Victoria,,10,7,5,62.20,8448.2,0,0,Village,  Public  
1796,Barry,  Lang   ,17,4,2,28.70,,,,Suburban,Private
1797,Shannon,Santos,4,4,1,,39218.49,1,1,Urban,Public
1798,Phyllis,Fitzpatrick,10,3,1,39.90,51577.14,1,2,Sub-urban,Priv
1799,Roberta,Reynolds,10,6,4,30.10,40406.15,1,3,Urban,Public
1800,Kelly,Meyer,12,4,2,14.70,22795.0,1,2,URBAN,public
1801,Kirk,Weeks,7,3,1,49.40,11567.56,0,,Urban,PUBLIC
1802,Sydney,Ochoa,5,5,3,43.70,19064.23,1,1,RUR,  PUBLIC  
1803,Cole,Castillo,6,4,1,,,0,0,Rural,Public
1804,Unknown,Meyers,15,2,0,42.00,,1,1, Suburban ,Public
1805,Melinda,Martinez,7,6,4,20.30,11050.5,0,0, rural ,Public
1806,Brittany,Carrillo,9,7,5,60.20,,,,City,Public
1807,Stephen,Baker,18,11,9,46.20,57773.98,1,8,Suburban,Private
1808,Amanda,daniels,8,5,3,,14902.85,1,,City,PUBLIC
1809,Meredith,Lopez,12,2,0,37.20,24448.27,1,2,Urban,Public
1810,Molly,Pearson,14,2,0,43.30,,0,0,  Rural  ,PUBLIC
1811,Jenny,Morgan,14,5,3,34.00,13243.37,0,0,  RUR  ,Public
1812,  Dana   ,Love,6,5,3,28.90,22148.37,1,4,countryside,public
1813,Laura,Preston,8,3,1,45.40,,0,0,Suburban,Gov
1814,Jeff,Prince,12,4,2,33.80,36682.3,1,1,City,Governmental
1815,Tanner,Lang,17,5,3,52.90,30490.72,1,2,Suburban,Priv
1816,Debra,Douglas,8,7,5,52.60,13936.08,,,  Urban  ,Public
1817,Brenda,Sims,9,4,2,36.50,19530.1,1,2,Rural,PUB
1818,Joseph,Burgess,12,4,2,20.90,,1,1,City,PUB
1819,WAYNE,Vargas,13,3,1,35.10,13479.13,,,Suburban,Public
1820,Gail,Soto,13,3,0,42.40,30025.71,1,,Suburban,Public
1821,Alexander,Proctor,7,7,4,25.90,,1,,Urban, PUBLIC 
1822,Ian,White,9,4,1,21.10,36501.76,1,1, Urban ,Private
1823,Sheri,Carey,11,3,1,21.60,36678.87,1,1,Urban,Public
1824,Bradley,Berry,15,5,3,51.20,,1,1,Urban,PUBLIC
1825,Jeremy,Jimenez,10,5,3,50.90,25779.63,0,0,rural,Public
1826,Melvin,Welch,10,2,0,28.80,34778.65,0,0,URB,PUB
1827,Nancy,Mueller,7,3,1,52.60,21533.16,0,0,Urban,Public
1828,Howard,Lloyd,17,4,2,44.50,27591.67,1,2,Urban,Private
1829,Jacqueline,Fisher,11,4,2,49.10,45389.15,1,4,city,Private
1830,Austin,Cortez,14,6,4,0.00,24939.64,0,0,Urban,Public
1831,Levi,Sullivan,11,2,0,37.80,54906.81,1,4,Rural,Homeschool
1832,Ashley,Soto,11,5,3,58.30,"$58,098",1,5,Sub-urban,Private
1833,Mike,Santos,5,5,3,,18292.22,0,0,Rural,  International  
1834,Jorge,Shaffer,3,8,5,60.10,26228.63,1,2,Urban,  public  
1835,Kathleen,Hoffman,15,2,0,49.70,26860.97,1,3,urban,Gov
1836,Chris,Rocha,11,8,6,38.20,21367.81,0,0,Urban,Public
1837,Karla,Mann,11,2,0,30.90,27415.72,1,5,Suburban,public
1838,Martin,Unknown,6,3,0,53.30,43397.22,1,4,urban,Private
1839,Shelia,Berry,2,6,4,41.90,14154.49,0,3,urban,Gov
1840,Linda,Logan,14,6,4,40.00,36443.87,1,1,SUB,Public
1841,Tom,Scott,17,2,0,51.50,49684.74,1,5,Urban,Gov
1842,Claudia,Mccullough,8,7,5,31.30,35055.83,1,7,Suburb,PUB
1843,Dean,Wilkinson,13,5,3,34.70,23825.94,1,2,Suburban, Public 
1844,Miranda,Holder,11,2,0,39.50,34263.87,1,2,Suburban,Public
1845,Keith,Sanchez,10,6,4,39.70,60754.99,1,4,URB,PVT
1846,Connie,daugherty,17,7,4,42.50,24784.98,1,1,  Suburban  ,PUBLIC
1847,Margaret,Hawkins,9,3,1,40.70,"30,121.23",1,2,Urban,Public
1848,Jessica,Prince,15,4,2,,96076.47,1,3,urban, International 
1849,Wayne,Garza,12,5,3,47.60,35206.43,1,2,Urban,Public
1850,  Gina   ,,10,7,5,51.50,17085.55,,,city,Gov
1851,Mercedes,Briggs,15,3,1,27.40,48056.57,1,3,Urban,  Public  
1852,Shane,York,12,2,0,54.90,31922.55,0,0,Suburban,Private
1854,Brad,Mcguire,15,5,3,30.70,16200.97,,,Urban,Public
1855,Ashlee,Edwards,15,5,3,34.50,33901.98,1,1,Urban,Governmental
1856,Michael,Robertson,15,6,3,32.20,28766 EGP,0,0,Urban,  public  
1857,Levi,Harrison,25,4,2,28.30,8653.01,0,0,Village,Public
1858,Justin,Aguirre,12,8,6,45.90,28320.45,0,0,null,Gov
1859,Katie,Finley,11,3,1,,27356.48,1,,Urban,Public
1860,danny,Cole,10,3,1,46.50,,1,6,Urban,Private
1861,Jon,Hale,13,2,0,,33535.99,1,-2,SUBURBAN,Gov
1862,Nicholas,Barker,11,5,3,22.20,,0,0,Urban,Public
1863,Kirk,Roy,13,2,0,34.70,16128.28,1,,city,Public
1865,Jason,,16,5,3,37.10,"53071,67",1,8,Suburb,public
1866,Lauren,Nash,13,2,0,47.40,109346.83,1,,URB,Private
1867,Kathleen,Spears,12,3,1,36.40,17199.98,1,3,Rural,public
1868,Katherine,Miranda,12,9,7,55.10,17589.37,,,Rural,Public
1869,Barry,Stanley,15,7,5,16.80,,0,,Suburban,NULL
1870,Kaylee,wilkins,14,3,1,42.90,28210.63,1,1,  countryside  ,Homeschool
1871,Todd,Barton,10,3,1,,,1,3,  SUB  ,Priv
1872,Jessica,Khan,14,2,0,48.00,34742.7,1,1, Urban ,International
1873,Tyler,Hodge,11,6,4,42.90,,,,Suburban,Governmental
1875,Tammy,Dunn,14,3,1,45.70,59059.38,1,4,  Suburban  ,Public
1876,Jasmine,Kim,8,5,3,37.90,approx 30.1k,0,0,SUB,  Gov  
1877,GLEN,Case,18,9,7,,44160.99,1,2, SUB ,Public
1878,Kenneth,Short,3,8,6,17.90,17643.28,1,3,Rural,Public
1880,Ethan,Lindsey,8,6,4,41.10,,0,0,Suburban,public
1881,Raymond,Frye,17,7,5,35.90,,0,0,Suburban,Public
1882,Timothy,Shepard,11,7,5,30.70,,,, Rural ,Public
1883,Dwayne,,8,6,4,43.50,approx 19.1k,0,0,Urban,  PUBLIC  
1884,Andrew,Fitzpatrick,10,2,0,43.00,,1,1,urban,  Public  
1885,Jeanne,Herring,8,2,0,,38042.61,1,1,URB,Public
1886,,,9,7,5,,25808.62,0,0,Urban,Gov
1887,Javier,Yu,9,10,8,45.20,29267.55,1,2,Urban,Governmental
1888,  Nicholas   ,Wagner,8,4,2,40.20,15497.97,,,  Urban  ,Public
1889,Dustin,Lynn,11,3,1,34.10,14777.47,1,3,urban,null
1890,Kurt,Crosby,12,2,0,45.30,17546.45,1,3,Rural,Public
1891,Kelly,Williams,7,2,0,62.50,22067.08,0,0,Urban,Private
1892,Isaac,Unknown,5,3,1,,29807.37,1,4,Urban,Private
1893,Makayla,Strickland,12,4,1,38.80,34524.33,1,3,suburban,International
1894,Fred,Lambert,12,6,4,36.20,73256.14,1,5,Urban,Private
1895,Grace,Liu,13,2,0,45.60,25304.85,0,3,Suburban,Public
1897,Tara,Hill,16,7,5,40.80,37177.21,1,2,Urban,Private
1898,Kathryn,Mcintosh,14,2,0,42.80,43443.95,1,4,urban,Public
1899,Ariana,Lynn,18,6,4,41.50,53060.96,1,,Urban,Homeschool
1900,Michael,Yates,18,2,0,68.20,44172.63,1,4,URBAN,NA
1901,Darin,Norris,4,5,3,41.40,16466.14,0,0,Suburban,Public
1902,Kiara,Foster,3,2,0,54.40,53942.84,1,6,Urban,International
1903,TANNER,Wilcox,10,4,2,30.10,24203.55,1,2,Urban,PUB
1904,Dylan,Moore,12,3,1,39.60,30210.02,0,0, Suburban ,PUB
1905,Kayla,Perez,10,2,0,66.60,31986.47,1,3,Urban,Public
1906,Sheila,Austin,13,2,0,45.60,,1,1,urban, Private 
1907,Brandy,Watson,10,7,5,51.00,31767.11,1,3,  Suburban  ,Public
1908,Amanda,Lyons,8,3,1,25.40,13871.78,,,Urban,Gov
1909,Logan,Simon,9,3,0,48.50,80854.88,1,5,Suburban,PRIVATE
1910,Curtis,Hancock,10,2,0,20.20,27152.21,1,1,rural,Public
1911,  Cassie   ,Carroll,14,4,2,34.70,,1,,Sub-urban, Public 
1912,Nancy,Unknown,9,5,3,39.10,15906.54,1,2,Urban,Public
1913,Cesar,,9,4,2,56.80,50116.13,1,2,Urban,PRIVATE
1914,Roger,Schmidt,13,4,2,37.10,14610.76,,, SUB ,Homeschool
1915,Corey,Meza,10,4,2,43.50,39751.16,1,1,  Suburban  ,homeschool
1916,Catherine,  Hunt   ,15,8,6,32.70,30884.06,1,1,Village,Intl
1917,Alex,Vaughan,7,5,3,38.30,17901.29,,,suburban,Public
1918,Casey,Black,6,4,2,48.80,19802.38,1,,  URBAN  ,Public
1919,Jeff,Gibson,12,5,3,12.70,22957.05,1,2,Urban,PVT
1920,Robin,Austin,12,8,6,46.20,9958 EGP,1,1,N/A,Homeschool
1921,Sheena,Holland,7,5,3,38.60,29035.16,1,2,SUBURBAN,Public
1922,Natasha,Proctor,15,3,1,39.00,21052 EGP,1,1,Rural, International 
1923,Marvin,Long,17,6,4,,38182.05,1,1,Sub-urban,public
1924,Andrew,Sandoval,8,7,5,,,1,2,rural,Public
1925,Glenda,Terry,16,4,2,31.10,40618.45,1,2,Suburban,private 
1926,Savannah,Graves,3,5,3,26.90,,,,RURAL, Public 
1927,Stephen,Gonzalez,14,5,3,,27218.87,0,0,Rural,public
1928,Olivia,Carney,7,4,2,42.00,7572.95,0,0,Rural,PUB
1929,Jimmy,Hale,14,3,1,60.70,40629.8,1,1,RURAL,PVT
1930,Logan,Higgins,7,6,4,,19209.61,1,2,NULL,Gov
1931,Margaret,Aguirre,10,2,0,37.50,"35,578.57",1,3,Suburban,Public
1932,Miguel,Logan,8,8,6,42.50,"$37,166",1,1,Suburban,Private
1933,,Sheppard,10,6,4,25.60,12730.5,0,0,Suburban,Public
1934,Jean,Unknown,17,2,0,48.40,40510.77,1,1,Suburban,Gov
1935,  Martin   ,Gomez,10,6,4,38.80,18903.24,0,0,Suburban, Gov 
1936,Ruben,Jennings,18,3,1,18.10,25126.03,1,1,URB,Public
1937,Frederick,Franco,9,9,6,46.10,,0,,Suburb,public
1938,Angel,Delacruz,16,5,3,29.90,approx 41.7k,1,5,Rural,international
1939,Christopher,Salas,5,6,4,35.90,approx 13.4k,0,0,Sub-urban,HS
1940,David,Parsons,9,2,0,,37671.47,0,0, City ,private 
1942,Jason,Unknown,16,7,5,39.60,46634 EGP,1,4,Suburban,private
1943,Phillip,Hernandez,11,3,1,,106590.0,1,4,URB,Private
1944,CHRISTINE,Davenport,999,3,1,52.20,18093.54,0,0,Suburban,Gov
1945,Jane,Ochoa,6,4,2,41.50,27640.36,1,1,Suburban,international
1946,Danny,,7,9,7,63.30,20705.17,1,2,SUBURBAN,Private
1947,Ana,Huerta,14,5,3,41.30,52624.61,1,1,URB,International
1948,Jose,meyer,13,7,5,33.50,25931.51,1,4,Urban,Public
1949,Johnny,DOMINGUEZ,9,6,4,62.50,28227.09,1,3,Rural,PUBLIC
1950,Joy,Mora,9,8,6,47.40,,,,countryside,PUBLIC
1951,Charlene,Maldonado,13,4,2,59.40,102135.5,1,11,Urban,private
1952,Carly,Hurley,6,7,5,41.60,5139.25,,,Village,  Governmental  
1953,Kristina,Grant,12,3,1,52.60,36580.7,1,2,Urban,Public
1954,Tara,Briggs,12,5,3,45.50,29560.74,1,1, URBAN ,Private
1955,Connor,Yates,10,5,3,33.10,24941.69,0,0,Suburban,Public
1956,Yvette,Cruz,12,4,2,27.20,34785.88,1,1,Urban,Public
1957,Stefanie,Peterson,11,9,7,37.80,30703.71,1,,urban,homeschool
1958,Gina,,12,7,4,43.20,19350.45,0,0,Rural,Public
1959,Bethany,Swanson,6,6,4,55.50,32030.87,1,2,Suburb,  Public  
1960,Renee,Barton,13,2,0,43.30,77803.33,1,9,URBAN,international
1961,,Gomez,14,5,3,14.40,5591.1,1,4,SUBURBAN,Public
1962,Peggy,Ellis,12,6,4,62.90,,1,4,Suburban,private 
1963,Mason,Hubbard,13,2,0,63.30,104598.96,1,5,Sub-urban,Private
1964,Toni,Holder,10,6,4,33.40,,0,0,Urban,Public
1965,Alec,Buchanan,14,2,0,46.60,30525.6,1,2,Urban, Public 
1966,Martin,Hawkins,11,3,1,41.60,54404.98,1,5,Suburb,Private
1967,Jon,Matthews,6,6,4,32.30,42412.28,1,4,Suburban,INTL
1968,Anthony,Finley,13,11,9,43.30,43127.46,1,,RUR,  Public  
1969,Darius,Walls,5,3,0,,36481.8,1,1,urban,private
1970,Chris,Bishop,19,5,3,35.80,,0,0, RUR ,Public
1971,Maureen,Pineda,9,2,0,47.60,35155.85,1,5,  Rural  ,Public
1972,Toni,Flowers,9,6,4,35.40,42171.99,1,5,Urban,Private
1973,Kurt,Ortega,11,6,4,56.90,66601.94,1,2,Urban,Int.
1974,Jaclyn,,8,5,3,21.70,,,, Suburban ,  Public  
1975,Dean,Ayala,12,5,3,23.60,,0,,RUR,Public
1976,Helen,  Gallegos   ,11,2,0,51.10,30002.95,1,2,Urban,PUBLIC
1977,Sharon,Hicks,8,4,2,51.30,,1,3,  urban  ,public
1978,Sandra,Matthews,15,4,2,40.90,62092.1,1,3,Suburban,Private
1979,Nicholas,Hall,11,4,2,41.00,17168.64,1,1,Suburban,Public
1980,Jimmy,Bowman,13,4,2,35.80,"23,776.64",0,0,Urban, Public 
1981,Stuart,Kelly,16,7,5,45.20,144289.73,1,9,URBAN,Private
1982,Robert,Rogers,16,6,4,44.10,21937.91,1,2,Urban,Public
1983,Stanley,Christensen,13,8,6,39.20,24870.59,1,1,RUR,Private
1985,Jane,Arnold,5,8,6,40.00,38604.25,1,4,city,private
1986,Richard,Donovan,11,10,8,,10652.15,0,,Rural,Public
1987,Unknown,Davis,14,4,2,47.10,"$16,142",1,1,Suburban, Gov 
1988,april,Garza,12,8,6,32.70,13989.6,0,,RUR, home-school 
1989,jaclyn,BRYANT,3,6,4,30.00,22029.34,0,0,Urban,Private
1991,Marissa,Unknown,14,5,2,25.50,39704.44,1,2,  Urban  ,Priv
1992,Yvonne,lang,9,6,4,62.90,84095.48,1,5,Urban,Private
1993,Ana,Martinez,14,4,1,30.60,,,,Rural,Public
1994,Wendy,Rodriguez,13,3,1,37.90,,,,Suburban,PUB
1995,Philip,,8,4,1,53.20,29888.53,0,0,  URBAN  ,public
1996,Unknown,Bautista,15,3,1,56.40,,1,,Suburban,Governmental
1997,Randall,Barton,6,6,4,30.00,,1,1,unknown,Private
1998,Angelica,,10,3,1,52.60,45951.71,1,1,suburban, private 
1999,Mikayla,Barrett,1,3,1,65.20,31078.72,1,1,City,Gov
2000,  Gregory   ,Adams,8,9,7,23.00,"18923,72",1,4,Rural,Public
2001,Marc,Rose,12,4,1,28.00,,0,0,Suburban,Public
2002,Gloria,Johnson,15,4,2,41.40,12436.37,0,0,Rural,  PUB  
2003,Harry,Ryan,15,3,1,28.20,,0,0,Suburban,PUB
2004,John,Golden,13,4,2,35.90,25304.6,0,-4, SUBURBAN ,Public
2005,Tasha,Hughes,4,5,3,,32012.4,0,,Urban,Public
2006,Cesar,Phelps,6,3,1,57.70,27542.34,0,0,suburban,Gov
2007,Frank,Lee,11,4,2,54.70,20602.75,1,4, Urban ,Public
2008,Morgan,Anderson,10,5,3,,10730.72,,,Rural,PUBLIC
2009,Sharon,Chan,-5,2,0,40.30,26735.06,1,,city,public
2010,Toni,Salinas,17,2,0,32.00,36183.44,0,0,Urban,International
2011,Unknown,Reed,11,4,2,58.30,18609.58,0,0,suburban,Public
2012,Tonya,Kelly,12,4,2,43.90,,,,Suburban,NA
2013,Unknown,York,14,5,3,38.00,15645.02,0,0,Suburban,Public
2014,Lawrence,Riley,11,2,0,40.10,17816.21,,, Suburban ,public
2015,Grant,Bolton,18,2,0,38.90,19951.17,1,3,Suburb,  Public  
2016,Jessica,Harmon,7,5,3,30.70,9376.86,1,1,RUR,Public
2017,Daniel,Hale,8,5,3,38.50,,0,0, Urban ,PRIVATE
2018,Lance,Blackburn,7,3,1,39.60,50507.33,1,-1,SUBURBAN,Public
2019,douglas,Sheppard,16,4,2,44.50,,1,1,Rural,private 
2020,Gregg,Garrett,13,2,0,26.30,,,,City,Gov
2021,Karen,BOWERS,9,8,6,39.10,,,,Urban,Governmental
2022,Audrey,Prince,7,5,3,28.90,81634.94,1,6,Urban,Private
2023,Eddie,Miller,15,4,2,,47888.27,1,1,Suburban,Priv
2024,Unknown,Reeves,12,3,1,31.30,29927.48,1,1,Sub-urban,Public
2025,Jared,Boyd,16,4,2,40.10,56358.41,1,6,Urban,Private
2026,Lynn,Dougherty,10,6,4,41.10,,1,6,Urban,Public
2027,Brent,Gamble,12,2,0,37.80,28520.59,1,1,Urban,Gov
2028,Evelyn,Owen,12,3,1,66.00,,1,2,Suburban,Public
2029,Dean,Franco,25,7,5,39.40,84944.08,1,6,city, PRIVATE 
2030,Brandi,Fitzpatrick,10,2,0,38.80,20123.18,0,,Suburban,  Public  
2031,Kevin,Dawson,6,6,4,24.90,13900.57,,,,public
2032,Lee,Moore,12,4,2,62.40,26123.78,1,3,Suburban,private
2033,Julie,Pratt,13,5,3,38.10,17677.39,,,Rural,unknown
2034,Gene,Harding,14,4,2,27.70,23531.35,1,5,Rural, PUBLIC 
2035,Kaitlyn,Patel,13,3,1,60.20,32950.88,1,2,Sub-urban,International
2036,,Valentine,10,4,2,47.30,18633.66,1,-1,Suburban,Public
2037,Caleb,Peck,16,4,1,41.80,,1,,Suburban,PUB
2038,Deborah,MILLER,14,7,5,43.50,34499.26,1,2,Suburban,Intl
2039,krystal,Heath,15,4,2,41.40,20658.97,1,1,city,public
2040,Earl,Hughes,16,4,1,59.10,65884.61,1,2,city,private
2041,Molly,Hull,10,2,0,55.90,25307.64,0,,Suburb,Public
2042,Hailey,Ramsey,12,5,3,16.80,41322.47,1,3, Rural ,?
2043,Debbie,Lane,13,3,1,,,1,1,Suburban,Public
2044,Melanie,Shepard,6,5,3,,"$42,619",1,,Urban,PUB
2045,Jeremiah,Larson,6,7,5,30.90,15682.44,,,Suburban,Public
2046,Dwayne,Unknown,6,2,0,30.50,18052.52,1,2,Suburban,Public
2047,Yvonne,Fields,10,7,5,50.30,42094.32,1,3,Suburban,PVT
2048,  Jon   ,Schmitt,9,4,2,58.30,22569.11,0,,Suburban,Public
2049,Unknown,Crosby,5,5,3,,124066.94,1,6, City ,Priv
2050,Antonio,Salinas,11,2,0,40.70,39533.96,1,,Urban,Homeschool
2051,Jesse,Figueroa,10,8,6,24.10,"11,699.76",1,3,Rural,Public
2052,Jackson,Malone,15,2,0,60.80,39572.53,1,6,URB,  Private  
2053,Jeremiah,Wolfe,18,9,7,43.30,15056.12,1,1,  RUR  ,  PUBLIC  
2055,Patrick,Wilkins,8,8,6,41.50,,,,RUR,Public
2056,Hector,Hubbard,13,6,4,55.10,37185.42,1,,Urban,PRIVATE
2057,Bradley,Solomon,11,5,3,38.80,28542.17,1,,suburban,Int.
2058,,Jackson,10,6,4,49.40,26719.15,1,2,SUBURBAN,
2059,Melvin,Boyer,7,3,1,41.80,45387.37,1,7,  suburban  ,Public
2060,Joshua,Gates,9,5,3,29.10,9492.06,0,0,suburban,PUBLIC
2063,,Moss,12,3,1,20.40,,1,3,Urban,Homeschool
2064,Dorothy,Blackburn,17,4,2,57.20,16142.42,1,4,  SUB  ,  Public  
2065,Christina,Sims,13,4,2,52.30,18199.24,0,0,Suburb,Public
2066,Lindsey,Delacruz,12,5,3,38.90,26122.82,1,2,city,Public
2067,Elizabeth,Berger,9,2,0,42.90,30808.05,1,,Suburb,Public
2068,Jasmine,Hooper,7,3,1,,40065.12,1,3, Urban ,Private
2069,Donna,Sloan,8,2,0,,23742.27,0,0,Urban,PUBLIC
2070,,Anderson,8,4,2,58.60,71078.69,1,7,Urban,  Homeschool  
2071,Frank,Huerta,3,5,3,47.60,20863.75,0,0,SUB,Public
2072,Melinda,Burns,7,4,2,25.20,,,,URB,Private
2073,Ashlee,BELTRAN,16,4,2,35.10,,0,0,RURAL, Public 
2074,Janet,Christian,12,2,0,37.50,26263.57,1,1,Suburban,Private
2075,Troy,Hoover,9,6,4,0.00,4229.62,,,Suburban,Public
2076,Jordan,Ramos,12,3,1,48.00,"57,759.02",1,10,Urban,NULL
2077,Latasha,Richardson,19,3,1,13.80,24233.9,0,0,SUB,  PUB  
2078,darius,Jenkins,2,4,2,53.50,,0,,Village,Public
2079,Jacqueline,Mclaughlin,15,3,1,22.90,15092.13,,,Suburban,Public
2080,  Tara   ,Preston,10,5,3,44.20,45204.36,1,1,urban,private
2081,Susan,Horne,4,4,2,59.70,48346.86,1,3,Urban, Public 
2082,Louis,Burton,9,2,0,30.30,20809.79,0,2,Urban,  Gov  
2083,Rachel,Edwards,15,3,1,41.70,,0,0,URBAN,Public
2084,Tim,Banks,11,2,0,30.90,,1,2,Sub-urban,Public
2085,Gina,Castaneda,5,6,4,41.00,35345.46,0,0,Urban,Public
2086,Dawn,Kent,18,3,1,33.50,23409.52,0,0,rural,Public
2087,Latoya,Knapp,6,2,0,47.80,21813.4,1,1,Urban,Public
2088,Jack,Blackburn,10,3,1,44.90,23928.98,1,3,Suburb,Public
2089,Connie,Unknown,7,7,5,45.00,17345.33,1,1,RUR,Public
2090,Michelle,Duke,7,2,0,46.30,50602.01,1,3,Urban,International
2091,Dylan,Ballard,9,6,4,39.30,61766.53,1,,City,international
2092,Lacey,Elliott,13,3,0,52.90,61721 EGP,1,5,suburban,Private
2093,Gerald,Krause,15,3,1,49.20,52384.41,1,4,Suburban,Private
2094,Glen,Sharp,9,4,2,33.60,69383 EGP,1,1,Suburban, Private 
2095,Beth,Carney,7,2,0,,29948.62,0,0,Rural, public 
2096,Stephen,Oconnell,12,3,1,48.00,18506.1,0,0,Suburban,Public
2098,Cindy,Lewis,11,4,2,,13946.29,,,URB,Private
2099,Sierra,Mcdonald,11,5,3,39.90,,1,6,Urban,PVT
2100,Allison,Bolton,10,9,7,,17389.48,,,URB,Public
2101,Julie,Graves,11,9,7,29.70,"41697,92",1,1,Suburban,Public
2102,Howard,Nixon,10,10,8,54.10,65797.66,1,5,URB,Public
2103,Wanda,Welch,14,5,3,58.10,38277.19,1,4,  urban  ,Gov
2104,Anne,House,18,6,4,56.30,5554.18,,,Rural,Public
2105,Riley,Moody,11,2,0,35.50,,,,Urban,Public
2106,Henry,Hughes,10,4,2,,36179.48,1,5,City,Homeschool
2107,Patricia,Walter,11,7,5,36.00,approx 42.2k,0,0,City,Private
2108,ALLISON,Nelson,8,4,2,33.70,26948.01,0,0, Urban ,  PRIVATE  
2109,Angel,Barker,13,7,4,36.20,30973.41,1,1,Urban,Public
2110,cameron,Mann,12,9,7,57.50,13254.65,1,2,Urban,Public
2111,Derrick,Fitzpatrick,9,8,6,50.50,78896.63,1,4,Urban,International
2112,Angelica,King,14,3,1,56.40,20788.11,0,0,Suburban,  Public  
2113,Tanner,Lamb,11,3,0,55.40,45881.5,1,2,Urban,Private
2114,,Massey,7,2,0,55.30,55379.19,1,2,Suburban,Gov
2115,Ellen,Tate,12,6,4,,13557.92,0,0,-,Public
2116,Morgan,Dean,11,4,1,37.20,27457.88,1,,  Suburban  ,Public
2117,Bailey,Middleton,14,12,10,46.70,19988.16,0,0,Rural,PUB
2118,Keith,Dodson,13,2,0,64.70,22204.99,1,1,  Suburb  ,PUBLIC
2119,Peggy,Hardin,10,3,1,46.80,49515.71,1,2,null,Homeschool
2120,Chris,Mcguire,2,6,4,44.90,20599.37,1,2,city,Unknown
2121,Stacy,Wheeler,11,6,4,,30645.39,1,3,  Urban  ,PVT
2122,Logan,Gross,12,3,1,35.50,13988.74,0,0, Rural ,Public
2123,Katrina,Simon,12,6,3,,91954.45,1,3,Suburban,International
2124,LORETTA,  Roy   ,12,4,2,59.70,20649.78,0,0,City,PUB
2125,Kelly,Green,10,2,0,43.40,44789.11,1,1,URB,private 
2126,Mathew,,14,4,2,47.90,"46,080.83",1,3,rural,Public
2127,Brandon,Hernandez,8,4,1,,,,,Suburban,Homeschool
2128,Spencer,,18,10,8,51.30,31333.19,1,2,Urban,Public
2129,Alec,Robinson,13,3,1,38.80,9971.37,0,5,  Rural  ,public
2130,Jennifer,Thornton,6,6,4,39.20,,0,0,Suburban,PUBLIC
2131,Xavier,Gentry,11,2,0,42.20,19307.34,1,3,  City  ,  Private  
2132,Becky,Lane,13,2,0,53.30,21726.76,1,6,URB,public
2133,,Murillo,9,5,3,36.10,19321.8,1,1,Suburban,Gov
2134,Sean,House,5,4,2,39.70,25215.05,1,3,Urban,Gov
2135,jean,Dodson,0,2,0,34.70,17212.14,0,0, Rural ,Gov
2136,Alejandro,Barnes,12,5,3,50.90,13250.08,,,Suburban,
2137,Darin,Rodriguez,4,3,1,56.70,31051.15,1,3,Suburban,PUBLIC
2138,Xavier,,5,6,4,,49877.87,1,1,Suburban,private 
2139,Jesus,Camacho,12,9,7,46.90,35662 EGP,1,4,Rural,Private
2140,Cameron,Gallegos,10,5,3,60.10,25768.4,0,0,URBAN,public
2141,Richard,Lutz,8,4,2,52.80,48612.62,1,11,City,PUBLIC
2142,Sarah,gates,9,2,0,31.80,17596.41,0,-2,Sub-urban,PUBLIC
2143,Catherine,Case,5,7,5,,24615.95,1,2,URBAN,Public
2144,Shane,Randolph,12,3,0,46.60,approx 31.9k,1,1,Suburb,INTL
2145,Malik,,8,4,2,57.00,21288.2,1,4,SUB,International
2146,Patrick,Figueroa,9,4,2,45.30,14836.59,0,0,Urban, Public 
2147,HALEY,Bray,12,2,0,39.70,47018 EGP,1,1,Urban,  Private  
2148,Monique,Hampton,10,3,1,53.10,,,,Suburb,Public
2149,Emma,Figueroa,8,2,0,36.10,,1,2,Urban,public
2150,Omar,Benson,3,2,0,46.10,53211.11,0,0,  Urban  ,private 
2151,Unknown,Smith,12,3,1,71.70,39951.4,1,2,Urban, PVT 
2152,Elizabeth,Farrell,11,5,3,,32756.65,0,0,URB,international
2153,Gary,Hardy,9,8,6,39.40,,0,0, Suburban ,Public
2154,Helen,Norman,7,4,1,40.50,9046.97,,,Rural,PUBLIC
2155,Cathy,Beltran,11,6,4,30.30,31841.58,1,2,  Sub-urban  ,Public
2156,Michele,Hunt,12,6,4,55.40,36189.25,1,1,Suburban,Public
2157,Jonathon,Gomez,11,4,2,,34171.96,1,2,city,public
2158,Jenny,Pruitt,16,4,2,42.90,,1,4,Rural,  Gov  
2159,Victoria,Hogan,13,5,3,38.40,,,,rural,PUB
2160,Sharon,Harding,10,5,3,28.30,19316.35,1,1,  Rural  ,Public
2161,Corey,Kirby,13,4,1,48.20,,1,1,Urban,home-school
2163,Amber,Baldwin,11,4,2,27.00,13851.88,,,Urban,PUBLIC
2164,Sheena,,15,5,3,41.20,16665 EGP,0,0,Urban,Public
2165,Lindsay,Salas,7,2,0,55.50,32794.55,1,2,URBAN,Public
2166,Kimberly,Keller,11,6,3,39.10,23641.94,1,3,RUR,?
2167,Connor,Pearson,15,8,6,43.30,35881.96,0,0,Urban,International
2169,Phillip,Griffin,9,3,0,31.60,,0,0,Village,Public
2170,,Valencia,4,2,0,44.30,,,,Rural,Public
2172,Cristina,Robles,18,3,0,49.00,49982.8,1,2,City,International
2173,Jean,Chaney,12,3,1,36.20,,0,0,SUBURBAN,Public
2174,Leonard,Terrell,8,2,0,48.90,58618.4,1,1,Rural,Private
2175,Jane,King,12,2,0,45.00,,,-1,Suburb,Public
2176,Marco,MITCHELL,7,3,1,36.90,38354.4,1,6,Urban,Gov
2177,Kelsey,Meadows,9,2,0,33.70,,1,2,  Suburban  ,Public
2178,Derek,Phelps,7,7,5,,23330.21,1,1,Suburban,Public
2179,KATHLEEN,payne,5,7,5,30.40,32898.6,0,0,N/A,  Public  
2180,Janice,  Nguyen   ,3,6,4,39.90,47722.62,1,6,Urban, PUBLIC 
2181,Brent,Foley,5,4,2,31.90,30053.47,1,5,Rural,Governmental
2182,Carla,Herrera,14,3,1,,38178.41,1,2,Suburb,Public
2183,Colton,Garrison,7,3,1,53.40,52611.88,1,3, Urban ,PUBLIC
2184,Tonya,Matthews,12,2,0,50.90,18235.71,,,suburban,Priv
2185,Andre,Cobb,14,5,3,59.30,36564.67,1,1,Suburban,Private
2186,Howard,Glass,11,2,0,44.00,24649.41,0,0,Urban,Public
2187,lacey,Patton,9,4,2,,51145.26,1,6,Urban,International
2188,Bill,Charles,11,2,0,30.30,31683.96,1,,city,Governmental
2189,Lance,Frederick,9,2,0,46.50,24128.39,1,4, Village ,  Public  
2191,Eric,,17,7,5,32.90,26061.33,1,5,Rural,  Public  
2192,Justin,Castillo,16,5,3,50.00,16412.38,,,  Suburban  ,PUB
2193,Unknown,Morse,3,9,7,52.60,7226.04,0,0,Rural,Public
2194,,Evans,9,5,3,48.10,29552.76,1,2,Rural, Public 
2195,Miranda,  Gallegos   ,11,5,3,54.00,35945.06,1,2,Rural,Homeschool
2196,Samantha,Unknown,12,3,1,34.40,,,,RUR,Gov
2197,Darin,Bowers,4,9,7,40.90,46448.78,1,6,Urban,Private
2198,Tyler,Le,4,3,1,4.90,12135.36,0,0,Urban,PUBLIC
2199,Russell,Roach,15,7,4,53.10,21123.75,0,0,URB,Public
2200,Natalie,Flowers,8,3,1,50.40,26771.02,0,0,SUB,Public
2201,Tyrone,,5,5,3,38.00,11448.37,,,Urban, Public 
2202,  Austin   ,Oliver,7,2,0,52.80,,0,0,Urban,Governmental
2203,Abigail,Higgins,12,5,3,48.50,32431.11,1,,Urban,Governmental
2204,Leon,Edwards,8,2,0,41.30,"$18,341",1,2,Suburban,Public
2205,Jean,Estrada,11,4,2,54.80,24571.15,0,0,  Urban  ,Public
2206,Sheri,Fernandez,7,2,0,36.90,23778.42,1,1,Urban,Private
2207,Ryan,Garcia,4,5,3,33.40,,0,0,Suburban,PUB
2208,Dennis,Finley,16,4,2,36.90,22705.5,1,3,SUBURBAN,Public
2209,Jean,Hall,12,2,0,27.40,17025.42,,,RURAL,public
2210,Lauren,Mitchell,9,5,2,60.60,18574 EGP,1,3,Suburb,  INTERNATIONAL  
2211,Kathy,Hull,120,3,1,30.30,19422.52,0,,Suburban,PUB
2212,Carolyn,Hawkins,16,6,4,39.60,26577.35,1,2,Urban,Homeschool
2213,Maurice,Baker,13,2,0,49.20,,1,3, Urban ,private
2214,Thomas,Unknown,15,4,2,,24295.49,1,1,  Suburb  ,Gov
2215,Jasmine,Huff,8,7,5,44.00,10306.39,1,1,Urban,null
2216,Ashlee,White,11,3,0,19.80,,1,1,countryside,Homeschool
2217,Briana,Unknown,12,5,3,28.50,28638.23,1,2,Village,Public
2218,Valerie,Richardson,9,4,2,45.30,20392.39,0,0,Urban,PUB
2219,Debbie,Richardson,10,2,0,59.10,24375.46,0,, Suburban ,Public
2220,Nancy,Jensen,8,4,2,,85707.02,1,5,URB,  Public  
2221,Kathleen,Joyce,12,2,0,57.60,"42087,19",1,, Urban ,Public
2222,Johnathan,Payne,6,7,5,34.50,9121.79,0,,,Public
2223,Theresa,Frey,13,6,4,41.80,56652.95,1,2, Suburban ,Private
2224,Bruce,Wilkinson,12,6,4,27.60,18625.85,0,5,rural,Governmental
2225,Alex,Owen,10,4,2,,36428.81,1,3,City,Private
2226,logan,Anthony,12,6,4,52.70,30251.27,1,2,Suburban,International
2227,Janice,Hampton,9,7,5,48.60,49135.94,1,3,URBAN,PRIVATE
2228,Dakota,Delgado,8,3,1,54.90,28456.79,0,,  Urban  , Intl 
2229,Aaron,Alexander,12,8,6,45.40,,,,Suburban,Public
2230,Unknown,Perez,13,7,5,48.10,30575.04,1,,Suburban,Public
2231,Kelsey,York,9,5,3,,11968.1,0,0,SUB,Public
2232,Dylan,,8,3,1,27.30,46589.17,1,5,Rural,Private
2233,Jeremy,Bennett,10,6,4,42.00,24363.04,1,4,Urban,Homeschool
2234,Calvin,Hoffman,9,3,1,27.40,24873.11,1,1,SUBURBAN,Public
2235,Isaac,Guzman,16,4,2,40.90,approx 20.5k,1,3, Urban ,Public
2236,Joel,Norman,12,3,1,14.20,30839.21,0,0,Sub-urban,Private
2237,Briana,Lindsey,11,6,4,41.70,38173.66,1,1,urban,International
2238,Brad,Frye,7,5,3,47.20,20469.96,0,0,City,Private
2239,Lorraine,Salazar,2,5,3,26.20,32832.86,1,1,Suburban,Public
2240,Allison,Davidson,8,3,1,49.00,30861.03,1,3,Urban,Public
2241,Kyle,Glenn,8,3,1,32.40,24276.69,0,0,  Suburb  ,  Public  
2242,Dorothy,Blackburn,13,4,2,41.10,11346.38,,,  RUR  , Public 
2243,Joshua,Hayes,12,6,4,47.80,106182.39,1,6,city,Intl
2244,Walter,Lane,3,7,5,43.50,49047.06,1,1,Suburban,PVT
2245,Jose,Hoover,10,6,4,55.60,,1,1,Rural,Homeschool
2246,Melvin,Bowers,11,3,0,53.20,47551.38,1,8,Suburban,Private
2247,Michele,Pineda,9,3,1,23.20,35064.68,1,8,City,Public
2248,Monica,Nash,11,5,2,31.70,21117.71,1,1,Suburban, Public 
2249,Janice,Strickland,4,3,1,28.40,,,,Suburban,Public
2250,Dennis,Gilmore,3,5,3,53.30,13089.39,,, SUBURBAN ,Public
2251,Stacy,Hernandez,7,7,5,,84184.33,1,3,Suburban,Homeschool
2252,Rachel,Woodward,12,5,3,34.30,56280.91,1,7,Urban,HOMESCHOOL
2253,Tanner,Berg,3,3,1,38.90,28603.24,1,1, Suburban ,Private
2255,Kathryn,Lowe,4,11,9,35.40,,1,2,Rural,Public
2256,Carly,Stevens,10,2,0,41.70,21962.15,1,4,SUBURBAN,Public
2257,Unknown,Blanchard,18,7,5,50.10,25181.8,0,0,Rural,Public
2258,Katie,Hardy,10,6,4,,16130.15,1,1,Urban,Public
2259,Cynthia,Frederick,10,5,3,58.40,22709.26,0,0,Urban,Gov
2260,Audrey,Huynh,14,6,4,50.60,48378.56,1,1,Urban,International
2261,Gary,Parsons,11,5,2,54.90,85844.85,1,9,Urban,Intl
2262,Tony,Peters,10,2,0,43.30,20699.36,1,5,Urban,PUB
2263,Vanessa,Wright,14,5,3,32.30,14767.93,,, Suburban ,Public
2264,Russell,Salinas,12,2,0,40.10,"$52,187",1,-2,Urban, Public 
2265,Leonard,Unknown,999,3,1,24.50,,0,0,rural,Public
2266,Desiree,Sullivan,10,2,0,,,,,city,Public
2267,Oscar,Livingston,9,3,1,49.80,34415.58,1,5, urban ,PUBLIC
2268,Tom,Faulkner,14,5,3,,,1,1,Sub-urban,International
2269,Stephen,Pena,9,5,3,27.20,18641.91,0,0, Urban ,public
2270,Marvin,Cooper,15,5,3,44.40,20881.82,1,,Suburban,Public
2271,Sydney,Nicholson,7,2,0,,27206.66,1,5,Suburb,NA
2272,Dorothy,Sloan,16,4,2,48.20,approx 19.7k,1,2,Suburban,Public
2273,Ross,Watson,12,2,0,32.50,approx 9.7k,0,0,SUB,Public
2274,Jon,Fry,7,5,3,36.70,39778.29,1,3,Suburban,Gov
2275,Claudia,Young,12,6,4,33.30,19005.41,1,4,Rural,Gov
2276,Rachael,Lambert,8,5,2,,36380.06,1,1, Urban ,PUBLIC
2277,Craig,Fitzgerald,11,3,1,51.30,23672.35,1,2,NULL,PVT
2278,Omar,Chaney,9,3,1,,58821 EGP,1,2,suburban, Private 
2279,Gail,Vasquez,10,5,2,41.60,22527.76,0,0,urban,Gov
2280,Benjamin,Wolfe,14,6,4,34.70,14152.16,,-3, SUBURBAN ,Public
2281,Unknown,Jennings,12,8,6,40.90,63897.71,1,7,SUBURBAN,  International  
2282,Yvonne,Roman,6,7,5,40.70,,1,3,Urban,PUB
2283,Raymond,Olson,7,6,3,44.00,,1,4,Urban,International
2284,Krystal,Castillo,11,6,4,15.50,24550.09,0,0,Suburban,private 
2285,Valerie,Osborne,12,8,6,44.90,27917.14,1,5,Urban,Public
2286,Natasha,Baldwin,8,3,1,54.30,12667.99,1,3,Urban,Public
2287,Stephen,Snow,16,9,7,38.70,,1,3,Suburban,Governmental
2288,Thomas,Lopez,13,7,5,60.40,approx 43.3k,1,6,Suburban,Private
2289,Deanna,Quinn,8,7,5,,54826.95,1,3,Suburban,PVT
2290,Jason,Parker,8,8,6,,23634.89,1,2,city,Public
2291,Daniel,Ray,10,7,5,62.10,17821.04,0,0,URB,Public
2292,Rebecca,Osborne,9,8,6,58.70,9588.93,1,2,Suburban,HS
2293,Omar,Ryan,15,5,3,,49876.91,1,2,  Urban  ,  Private  
2294,Earl,Unknown,14,12,10,45.50,29726.84,1,3, Rural ,private
2295,Ronald,Carr,11,2,0,,,1,3,Sub-urban,PUB
2296,Jasmine,Mcpherson,13,2,0,20.60,7838.86,,,  Urban  ,Public
2297,Casey,Murray,13,4,2,57.80,"$27,591",0,0, Suburban ,International
2298,Stephanie,,11,12,10,31.30,19858.74,0,0,Unknown,PUBLIC
2299,Brianna,Barton,12,7,5,55.30,,,,Rural,PUBLIC
2300,Gina,Shaw,13,2,0,,25131.52,0,-4,SUBURBAN,Public
2301,Craig,Mejia,12,2,0,19.40,"25,952.38",1,5, Urban ,Private
2302,Benjamin,Buckley,8,4,2,32.70,,1,2,Suburban,PUB
2303,Allison,Norris,8,2,0,23.80,"$15,592",1,2,SUBURBAN,PUB
2304,Madeline,Duarte,9,3,1,58.00,25419.24,1,2,Suburb,Public
2305,Gail,Griffith,8,3,1,37.80,,0,,URBAN,Public
2306,Paula,Ortega,5,5,3,34.20,,1,4,Village,PUB
2307,Katelyn,Hale,13,3,1,30.70,,,,Suburban,Public
2308,Cheryl,Gamble,12,8,6,42.10,"$26,996",1,1,urban,Public
2309,Caitlyn,Baldwin,6,4,2,48.40,46241.62,1,3,  Urban  ,  Public  
2310,Adam,Hendrix,10,3,1,35.70,"24857,84",1,1,Urban,  public  
2311,Omar,Burton,10,4,2,23.90,24479.33,1,1,Urban,  Private  
2312,Sophia,Frye,11,3,1,29.30,,1,5,Urban,Public
2313,Jesse,Osborne,7,2,0,34.70,44969.53,1,3,,public
2314,,Vaughn,6,5,3,31.70,77189.64,1,7, Urban ,HS
2317,Alan,fitzgerald,10,5,3,20.30,15733.66,1,4,URBAN,International
2318,  William   ,Hendrix,9,4,2,45.90,22323.02,0,0,Urban,-
2319,Brandy,Tucker,10,2,0,36.30,40747.56,1,2,urban,  Public  
2320,Tanya,Maxwell,11,6,4,57.30,56503.5,1,,Suburban, PUB 
2321,Brad,,16,3,1,31.30,14373.27,,,Suburban, Public 
2322,Eileen,Santos,5,2,0,38.30,29448.64,1,1,Suburban,PRIVATE
2323,April,Cordova,14,3,1,65.20,19224.22,1,3,city,Public
2324,Debra,  Lane   ,3,4,2,43.50,27428.56,1,2,Urban,n/a
2325,Kelly,GLASS,16,4,2,42.60,27203.82,0,0,Urban,Homeschool
2326,Janet,Valencia,3,3,1,45.40,36667.73,1,6,Urban,Private
2327,Misty,garza,18,4,1,41.10,"$78,259",1,6, Suburban ,International
2328,Dalton,taylor,9,4,2,66.50,approx 33.2k,1,3,Suburban,  Priv  
2329,Penny,Jennings,15,3,1,31.00,20203.11,1,2,Suburb,Private
2330,Alexander,Hampton,14,4,2,54.90,21435.87,1,3,Urban,Gov
2331,Eduardo,Rush,9,5,3,38.30,26769.99,1,1,Urban,Public
2333,Bridget,Mcneil,7,2,0,36.60,32106.28,1,1,Urban,Public
2334,Alex,Bowers,13,5,3,13.20,,0,0,Urban,Public
2335,Bill,Hale,9,3,1,37.70,26472.02,1,2,Urban,public
2336,Sheryl,Cortez,8,8,6,,15952.89,1,,Rural,Public
2337,Bill,Sharp,12,8,6,35.90,"9060,16",,,  countryside  , Public 
2338,Brandy,Frey,7,8,6,29.10,24096.49,1,,Urban,Gov
2339,DEANNA,Mejia,9,8,6,53.00,55047.6,1,1, Urban ,PVT
2340,Andre,Roman,11,2,0,44.40,49297.43,1,4,?,PRIVATE
2341,Lee,Harper,8,3,1,38.20,22176.18,0,0,City,  HS  
2342,Devon,Frank,9,3,1,26.90,39652.8,1,3,city,Private
2343,Kaylee,White,16,3,1,31.40,approx 13.0k,,,Urban,Public
2344,  Marilyn   ,Hardin,10,9,7,,"25,263.42",1,1,Urban,  Public  
2345,Christie,Hess,9,2,0,42.00,33757.0,1,5,Urban,Private
2346,Tricia,Boyer,10,2,0,55.90,approx 59.3k,1,2,SUB,INTL
2347,Kathy,Mcdowell,12,6,4,24.20,49317.87,1,6,Suburban,Public
2348,Patty,Kirby,7,3,1,32.90,"$28,707",1,3,Suburban,Private
2349,Darius,Conway,12,2,0,,18009.65,0,0,urban,Public
2350,Ariana,Ryan,11,5,3,51.80,,1,2,Urban, Private 
2351,Tamara,Petty,4,9,6,39.40,,,,Rural,PUB
2352,Ellen,Morton,17,3,1,41.90,38050.48,1,2,Urban,PUB
2353,Dustin,Payne,16,4,1,53.50,,1,1,  Urban  ,Private
2356,Kendra,Mcpherson,11,3,1,60.70,42359.15,1,,Suburb,PVT
2357,Alan,Wood,5,5,3,62.30,28352.7,1,,Urban,Public
2358,Frank,Evans,15,2,0,37.00,"34996,65",1,6,Suburban,Priv
2359,Brenda,Clarke,9,5,3,49.70,72475.71,1,4,URBAN,Private
2360,Steven,Soto,16,4,2,14.50,,0,0,suburban,Public
2361,Terri,Woods,8,3,1,38.10,24687.09,0,0,  SUBURBAN  ,Unknown
2362,Nichole,Estrada,10,6,4,47.00,18183.4,1,1,city,Public
2363,joanne,Hobbs,15,7,5,39.60,32700.73,1,4,  suburban  ,Gov
2364,Patrick,,9,5,3,,25090.18,0,0,Rural, HOMESCHOOL 
2365,,Spencer,11,5,3,46.90,22953.77,1,,City,  Public  
2366,Gabrielle,Tate,14,7,5,43.60,,1,1,Suburban,public
2367,Ricardo,Haley,8,3,1,45.40,28626.66,1,4,Suburban,Public
2368,Nancy,Campos,6,7,5,41.20,,0,0,Suburban,public
2369,Marc,Garcia,5,4,2,47.90,35712.99,1,4,city,Governmental
2370,Kaitlin,Glover,13,2,0,42.40,18963.28,0,-4,City,Private
2371,Jesse,Fitzpatrick,12,3,1,37.60,44511.66,1,5,Urban,Public
2372,Allison,Melton,14,3,1,26.10,14402.62,,,Urban,Public
2373,Candice,Callahan,10,2,0,41.40,21763.78,1,3, Urban ,  HS  
2374,Kent,Peck,5,6,4,30.40,,0,0,Rural,Public
2375,Selena,Harrison,3,2,0,57.60,,0,0,Urban,Gov
2376,Sophia,Perry,18,4,1,28.60,63385.29,1,3,city,Homeschool
2377,Ruben,Campbell,12,3,1,39.90,47348.11,1,1,Urban,Private
2378,Katrina,WELLS,11,6,4,49.30,22837.83,0,0,city,Private
2379,,palmer,12,2,0,25.50,19647.31,0,6,N/A,  Public  
2380,Christine,Wilson,5,5,3,34.20,27915.08,1,,Rural,Public
2381,Arthur,Houston,8,4,2,35.40,,0,0,Urban,Gov
2382,Kaitlyn,Rose,17,6,4,62.50,30100.89,1,1,Urban,International
2383,,Burke,13,8,6,36.20,21307.84,0,0,  URB  ,PUBLIC
2384,Heidi,,8,5,3,44.20,15608.5,1,3,Rural,Public
2385,Tina,Ward,6,3,1,43.20,46397.89,1,2,Urban,International
2386,Roberta,Graham,9,8,6,36.10,20576.64,0,0,city,PUB
2387,Derrick,wilson,9,4,1,60.30,50806.59,1,4,City,  Private  
2388,Darren,Larsen,18,2,0,37.40,,1,6,n/a,  Private  
2389,Suzanne,Blackburn,10,6,4,45.30,41448.42,1,3, URB ,private
2390,Gabriel,Garcia,6,5,3,41.40,,,,  Rural  ,Public
2391,,Daugherty,10,7,5,60.30,56186.08,1,6,City,International
2392,Peggy,Hoffman,11,6,4,37.20,,,,Urban,Governmental
2393,Lawrence,Mcdonald,6,6,4,31.60,,1,8,Urban,Priv
2394,Destiny,Stone,12,3,1,26.60,19649.62,0,5, Urban ,PUBLIC
2395,Kenneth,Caldwell,15,2,0,35.70,56525.76,1,6,Rural,PRIVATE
2396,Sheri,Buchanan,11,2,0,49.30,17250.28,,,Suburban,Gov
2398,Paige,Sheppard,9,4,2,41.40,,0,0,Rural,Homeschool
2399,Keith,Malone,5,6,4,60.30,,1,1,Suburban,Private
2400,Leon,Morse,10,5,3,47.00,14131.6,0,0, Suburban ,Public
2401,Jodi,Camacho,12,7,5,47.20,,0,-4,Sub-urban,Governmental
2402,Renee,Collier,7,6,4,,49664.0,0,0,SUBURBAN,Private
2403,Vicki,Myers,17,6,4,27.90,,1,,Suburban,Public
2404,Donald,Gillespie,13,3,1,62.30,17080.8,0,0,Suburb,Governmental
2405,Alex,Unknown,4,3,1,,18612.99,1,2, URB ,  Public  
2406,sue,Daugherty,4,7,5,55.60,47897.31,1,,Suburban,Public
2407,Erika,Garrett,7,6,3,56.50,"52032,53",1,1,Urban,Private
2409,Beverly,Frederick,14,3,1,23.30,16604.77,0,4,Suburban,Governmental
2410,Gabrielle,Willis,16,6,4,52.10,,1,2,Suburban,International
2411,Vicki,Bishop,11,2,0,28.70,16527.13,,,Suburban,  Public  
2412,Christie,Stuart,10,6,4,55.20,16897.51,,,Suburban,Homeschool
2413,Stuart,Montgomery,6,6,4,33.70,17425.67,,,Suburban,Public
2414,Riley,Tucker,12,5,3,53.50,20655.34,1,1,urban,Private
2415,  Kaitlin   ,Trujillo,10,5,3,,28284.44,0,0,City,Private
2416,Rebekah,Fisher,10,2,0,43.60,18745.68,1,-1,URBAN,Public
2417,Brad,Watts,16,2,0,42.80,33768.25,1,1,  Urban  ,  Priv  
2418,Micheal,Wise,10,7,4,40.70,7078.6,0,6,Urban,PUBLIC
2419,Wesley,Mueller,15,6,4,40.90,"29,012.45",1,1,null,International
2420,,Mcdaniel,5,3,1,35.70,14054.19,0,-1,Suburban,PUBLIC
2422,Devon,Branch,9,5,3,47.30,approx 12.0k,,,Rural,Governmental
2423,Eduardo,Barber,13,4,2,41.10,49948.35,1,10,  city  , public 
2424,Brandy,Lin,14,2,0,50.20,33776.84,1,2,  suburban  ,Gov
2425,Kristy,,9,2,0,47.90,27145.1,1,1, Urban , Public 
2426,Cindy,Brock,13,5,3,,17268.19,0,0,suburban,Governmental
2427,Unknown,Adkins,14,4,2,49.60,,1,3,URBAN,PUB
2428,Alexis,Hurley,8,2,0,56.00,79784.98,1,1,Urban,International
2429,Stephen,Stone,8,6,4,43.10,29278.33,1,3,Urban,PVT
2430,,Beltran,11,4,2,42.00,,1,,SUBURBAN,Public
2431,Colin,,10,5,2,41.70,,1,3,countryside, Priv 
2432,Unknown,Moreno,16,4,2,,34806.83,1,1,Suburban,private
2433,Kaylee,Donovan,13,7,5,41.70,20060.5,1,1,Suburban, PRIVATE 
2434,Phillip,,10,5,3,51.40,18540.6,0,0,  URB  ,Public
2435,destiny,Byrd,13,3,1,,15580.87,1,4,Suburban,Unknown
2436,Valerie,Davenport,2,7,5,37.20,18041.38,0,0,countryside,-
2437,Unknown,Burton,8,4,2,44.70,,1,, Urban ,public
2438,Jeanette,Welch,12,7,4,39.30,"25,107.92",1,2,Suburban,Priv
2439,Caitlyn,Dennis,15,3,1,49.00,"31215,07",1,1,Urban,  PUBLIC  
2440,Sherri,Hampton,11,4,2,,23219.86,1,,Urban,Governmental
2441,Daniel,Morse,16,2,0,45.40,16754.57,0,0,Urban, private 
2442,Edward,Patel,14,4,2,35.60,44807.1,1,1,suburban,International
2443,Jack,Morgan,9,5,3,,12295.28,1,1,Suburban,Public
2444,Briana,,10,6,4,35.90,"$32,696",1,1,Urban,Public
2445,Bradley,Rivera,12,9,7,38.00,25597.87,0,0,Rural,  Public  
2446,Wesley,Hurst,9,8,6,59.50,18726.68,,,Rural,Public
2447,Joanne,Nixon,16,3,0,55.70,50369.94,1,1,Suburban,Home School
2448,,Quinn,7,3,0,37.20,9186.89,1,1,Rural,Public
2449,Alvin,Meyer,12,5,3,,11103.3,0,0,Rural,Public
2450,Levi,Freeman,13,2,0,50.80,23070.76,1,3,URB,Public
2451,Emma,,9,5,2,62.90,104807.78,1,6,rural,homeschool
2452,Paula,Mcdonald,9,5,3,,39312.27,1,3,Urban,International
2453,Joanna,Carter,10,3,1,57.70,43575.88,1,3,  Urban  ,private
2455,Joe,Parks,9,4,2,48.50,26724.9,0,5,suburban,  Public  
2456,Cody,Russell,7,5,3,36.70,30552.16,1,3,Rural,private 
2457,Darrell,Vincent,15,8,6,,10628.91,1,2,Urban,Public
2458,Unknown,Shaw,12,4,2,,29802.16,1,5,SUBURBAN,Private
2459,Maxwell,Dickson,14,2,0,37.10,37628.6,1,1,City,PUBLIC
2460,Gerald,  Farmer   ,13,8,6,37.10,,1,1,countryside, public 
2461,Darrell,Escobar,18,8,6,38.50,15746.53,0,0,Urban,Public
2462,Lynn,Skinner,15,5,3,34.50,,0,0, Suburban ,  Private  
2463,Patrick,Jennings,2,4,2,17.80,14612.27,0,0,Suburban,Public
2464,Brittany,GRAVES,12,3,1,57.00,"39627,41",1,2,Urban,private 
2465,Jacqueline,Roach,8,9,7,,approx 23.0k,1,1,Rural,NULL
2466,Diamond,Moses,9,6,4,,,,,Rural,public
2467,Brenda,jackson,5,8,6,55.20,85208 EGP,1,1,Urban,PRIVATE
2468,Darrell,Ortega,9,6,4,33.50,29956.58,1,2,Suburban,Private
2469,Unknown,Hughes,12,4,2,,18367.04,0,0,Rural,Public
2470,,Davis,10,4,2,45.00,26524.0,1,4,Urban,Public
2471,Lori,Cohen,7,4,2,50.50,"49,601.26",1,5,Urban,international
2472,Stuart,Stewart,5,5,3,55.40,31704.75,1,1,Suburb,Public
2473,Dale,Hayes,18,4,2,61.70,72360.68,1,4, Suburban ,Private
2474,Andrea,Williams,12,2,0,54.90,,,,Suburban,Public
2475,Paula,Deleon,8,5,3,36.00,10937.36,0,0,Suburban,Public
2476,Maria,Stokes,12,2,0,21.10,,,,unknown,PUB
2477,Allison,Salas,18,5,3,54.50,40309.51,1,2,Urban,International
2478,Noah,Bell,13,10,8,45.40,23495.17,1,2,  urban  ,Public
2479,Raven,Chen,3,3,1,35.10,59818.2,1,2,Urban,Private
2480,Kari,Duke,18,9,7,32.00,23945.68,1,3,Urban,  Public  
2481,Jeff,Lamb,4,7,5,41.00,"46399,76",1,2,Suburban, private  
2482,Teresa,Burton,10,7,5,35.70,"10862,6",0,0,RURAL,Public
2483,Joseph,Tucker,6,2,0,37.80,56992.74,1,3,Urban,Public
2484,Joseph,Haney,8,4,2,54.10,54341.0,1,6,suburban,International
2485,Lorraine,Chang,12,3,1,48.10,21794 EGP,1,3,URBAN,Public
2486,Lindsey,Jimenez,3,4,2,45.90,38919.82,1,1,Urban,Private
2487,Johnny,Griffin,10,3,1,28.90,19875.5,0,0,Rural,Public
2488,,Carter,15,3,1,48.20,39505.25,0,0, urban ,  Private  
2489,Anne,Kirby,19,5,3,42.70,51867.12,1,2,SUBURBAN,  Homeschool  
2490,Carolyn,Richardson,5,4,2,25.00,50780.43,1,2,city,Private
2491,Terri,Burns,10,2,0,,39449 EGP,1,2,Urban,Private
2492,Adrienne,Swanson,9,4,2,34.30,36852.5,1,4,Suburban,PRIVATE
2493,Joel,Bradford,8,4,2,,12732.36,0,0,SUB,Public
2494,Bailey,Becker,6,6,4,39.20,25021.58,1,4,  Suburban  ,Public
2495,Valerie,Lyons,12,2,0,18.20,,0,0,RURAL,Public
2496,Kyle,Velazquez,13,6,4,44.50,16983.75,0,0,Rural,  Homeschool  
2497,Joel,Davenport,7,4,2,45.60,47299.02,1,3,SUB,Private
2498,Candice,murphy,7,5,3,44.30,29617.49,0,0,Urban,PVT
2499,Justin,Cervantes,11,2,0,28.00,,0,,URB,homeschool
2500,Jesse,Floyd,7,2,0,42.00,,,,,Public
2501,Alexis,Boyer,11,3,1,47.40,35228.07,1,1,suburban,Private
2502,Stacey,Crawford,16,6,4,41.00,22103.42,0,0,Urban,private
2503,Connor,Mcneil,10,6,4,51.20,45757.64,1,4,Urban,Governmental
2504,Renee,Christian,6,5,3,38.40,15306.53,,,Urban,PUBLIC
2505,Melinda,Cantrell,12,5,3,26.00,36678.47,1,2,Urban, Public 
2506,Unknown,Barber,10,2,0,38.60,37705.79,1,,Urban,Homeschool
2507,Chris,acosta,10,5,3,37.60,26487.96,1,1,Rural,INTERNATIONAL
2508,Sean,Neal,12,2,0,43.70,17847.78,0,-3,SUB,Private
2509,Kristy,Buchanan,13,7,4,36.50,26341.11,1,1,rural,
2510,Lynn,Owens,11,5,3,43.40,58606.88,1,3,Suburban,Private
2512,Ashley,Heath,18,2,0,,26329.27,1,2,  Suburban  ,International
2513,Debbie,Howe,15,7,5,38.80,,0,0,RURAL,Homeschool
2514,Sonya,,14,5,3,42.20,15944.87,1,2,suburban,Public
2515,Mark,Ford,11,9,7,43.30,,,,Suburban,Public
2516,Stephen,Wise,7,4,2,66.50,24672.68,1,1,Suburb,Homeschool
2517,Destiny,Austin,15,5,3,48.30,36594.29,1,1,Urban,Homeschool
2518,Amanda,Brandt,11,2,0,,48910.18,1,,Urban,INTERNATIONAL
2519,Gabrielle,Gamble,8,7,4,41.80,34379.36,1,7, URB ,Public
2520,Breanna,Acosta,10,5,3,60.30,43066.26,1,7,Urban,  Gov  
2521,,Ballard,7,11,9,,,1,3,Rural,PUBLIC
2522,  Antonio   ,hopkins,14,2,0,45.70,53165.36,1,1,Urban, PRIVATE 
2523,Collin,Randolph,13,6,4,39.70,4852.73,0,0,  Urban  ,Public
2524,Danny,Hobbs,11,6,4,56.10,59259.46,1,,  Suburban  ,public
2525,Lauren,Ballard,10,2,0,24.90,35988.69,1,1,Rural,Priv
2526,Edward,Griffin,8,5,3,47.70,38658.8,1,5,Suburban,international
2527,Kellie,  Harris   ,45,8,6,36.10,101309 EGP,1,5,Urban,Private
2528,Anne,Benson,5,6,4,68.90,11024.77,,,Urban,public
2529,Kellie,Skinner,8,6,4,41.30,39288.42,1,3,  Suburban  ,Private
2530,Dominic,Barry,7,3,1,,18477.49,1,2,Rural,Public
2531,JODI,Pearson,12,6,4,,34004.46,1,,Urban,Public
2532,Sydney,Frye,13,5,3,32.20,9045.63,,,Rural,Public
2533,Kristen,Jensen,10,5,3,34.00,,1,4,Suburban,Public
2534,Madeline,Holden,16,6,3,58.40,30986.37,1,5,Suburban,Priv
2535,Beverly,Stanley,8,2,0,67.40,20347.69,1,1,Urban,Private
2536,Brenda,Allen,10,5,3,39.90,,1,2,  Village  ,Governmental
2537,Grace,Pineda,10,5,3,38.40,12419.5,,,Suburban,Public
2538,Joyce,Kirby,14,10,8,28.80,23921.45,1,2,Urban,Public
2539,Madison,Hampton,11,8,6,62.30,50435.46,1,1,city,private 
2540,Jean,Glass,11,8,5,42.00,50993.01,1,4, URBAN ,  Private  
2541,Lorraine,Cantrell,5,5,2,37.00,,1,2,city, Private 
2542,Kevin,Rhodes,7,7,5,58.40,"50423,52",1,1,urban,Private
2543,Peggy,West,14,2,0,29.60,50787.51,1,1,Urban,Private
2544,Theodore,Eaton,3,4,2,46.60,17962.64,1,1, Suburban ,Public
2545,Randall,Wheeler,15,4,2,19.90,30845.64,1,2,Suburban,Private
2546,Kimberly,Gibson,12,3,1,53.30,46524.24,1,5,Suburb,Private
2547,Darrell,Ballard,8,5,3,37.60,11982.96,0,0,Suburban,Public
2548,Meghan,Fitzpatrick,8,5,3,48.50,,0,0,Urban,Public
2549,Timothy,,17,3,1,24.40,13462.23,1,-3,?,Public
2550,Jim,Larson,16,4,2,35.40,,,,SUBURBAN, Public 
2551,Mary,Bowman,10,5,2,28.00,,,,SUB,Public
2552,Kim,Li,11,3,1,27.00,22269.92,1,,Urban, Public 
2553,Haley,Harper,8,6,4,49.90,39409.73,1,2,rural, HS 
2554,Raven,Scott,11,2,0,50.90,20118.38,1,1,Suburb,Gov
2555,  Shelley   ,Sanchez,8,3,1,8.10,7450.2,1,2,Rural,Public
2556,Katie,Wu,10,2,0,55.10,28040.46,1,,suburban,Public
2557,Stefanie,Solomon,17,3,1,58.50,26797.66,1,2,Urban,Private
2558,Ryan,Barry,10,11,9,60.60,,,,rural,Public
2559,Jane,Malone,7,5,3,16.00,12410.4,,,Rural,public
2560,Mia,Dean,6,5,3,58.40,30850.21,0,0,Rural,public
2561,Megan,Hubbard,11,2,0,37.80,,1,1, Rural ,public
2562,Maxwell,Clarke,8,2,0,,,0,0,Rural, Public 
2563,Nicholas,Le,11,8,6,63.70,33082.5,1,3,Sub-urban,PUBLIC
2564,Tracey,Snyder,5,5,3,40.00,21211.87,1,1,Urban,International
2565,Oscar,Foley,13,3,0,46.90,60096.99,1,5,Suburban,INTERNATIONAL
2566,Logan,Parks,7,3,1,22.80,23508.87,1,2,Suburban,International
2567,Sabrina,White,11,6,4,21.20,24216.64,0,0,Suburban,Public
2568,Lance,Hardin,9,7,5,45.60,39442.67,1,6,Suburban, Public 
2569,Unknown,hamilton,17,6,4,58.90,10202 EGP,1,3,SUB,Gov
2570,Joe,,11,2,0,52.90,20654.17,1,1,countryside,Gov
2571,Frank,Clark,1,6,4,52.40,,1,5,Urban,  International  
2572,Brianna,Preston,13,3,0,30.10,52299.58,1,1,  Urban  ,private 
2573,Roberta,Neal,16,4,2,,17930.75,0,0,Suburban,Public
2574,Tami,Cross,10,4,2,,32769.46,1,1,Urban,PUBLIC
2575,Unknown,Cervantes,12,7,5,46.20,,1,5,,Gov
2576,,Morrison,15,2,0,23.70,32115.52,1,2,Suburban,Home School
2577,Lisa,Ramos,14,7,5,59.40,14941.08,1,6,Rural, Public 
2578,Martin,Velazquez,12,7,5,48.00,34347.03,1,3,Urban,Private
2579,Marissa,Logan,9,4,2,,77985.74,1,3,Urban,  Private  
2580,Stephen,hall,10,2,0,60.60,25405.15,1,,Urban,Public
2581,Jeff,Lewis,15,2,0,,31936.73,1,4,SUB,PUB
2582,Sophia,,15,6,3,57.50,104564.29,1,8,Urban,International
2583,Toni,Boone,8,7,4,37.70,36842.97,1,4,  Urban  ,PVT
2585,Tyler,Hooper,7,9,7,47.30,,0,4,Village,Public
2586,Benjamin,Unknown,13,4,2,24.80,15335.69,,,Urban,Public
2587,Kelsey,Duran,7,4,2,,42492.37,1,2,  SUBURBAN  ,Public
2588,Elaine,Vargas,999,4,1,40.90,24304.08,0,0,SUB,Public
2589,Darin,,12,2,0,46.30,53366.31,1,2,urban,INTL
2590,Madison,Cunningham,9,7,5,43.70,35823.39,0,0,SUB, PUBLIC 
2591,Stephen,Fletcher,16,3,1,50.20,41522.15,1,,Urban,INTERNATIONAL
2592,Unknown,Raymond,5,3,1,29.50,,1,2,Urban,Public
2593,Nathaniel,Harrison,16,6,4,43.70,39249.42,1,2,Urban,Public
2594,Judy,Ramos,12,9,7,69.70,,1,5,Urban,International
2595,Cameron,Morse,3,5,2,46.30,11546.03,1,, Suburban ,Governmental
2596,Vincent,Cummings,16,3,1,36.00,21494.9,1,2,Suburban,Private
2597,Alvin,Barajas,14,8,6,32.90,31098.98,1,1,Suburb,Private
2599,Vanessa,  Lamb   ,7,4,2,,,1,8,Urban,International
2600,Jamie,Marshall,5,3,1,31.60,25608.49,1,1,Rural,Public
2601,Darren,Santiago,18,5,3,51.00,21447.22,1,1,  Rural  ,Governmental
2602,Joy,brandt,7,3,1,46.20,46615.15,1,5,Urban,International
2603,Deborah,Keller,6,4,2,46.40,38962.67,1,2,  Sub-urban  ,Public
2604,ADRIAN,Clements,11,5,3,39.30,26175.73,0,0,Suburban,PRIVATE
2605,Gail,melton,5,4,1,34.00,21054.06,1,, Sub-urban , Public 
2606,Kristina,Welch,7,2,0,37.90,51260.22,1,5,URBAN,International
2607,Manuel,Maldonado,14,4,2,46.00,19757.86,1,-1,city,Governmental
2608,Misty,Oconnor,12,6,4,29.30,,0,0,RUR,Public
2609,Becky,,9,2,0,,13545.32,0,0,Suburban,  home-school  
2610,Catherine,Little,11,3,1,35.10,38270.0,1,2,SUBURBAN,Private
2611,Rachel,Schneider,9,7,5,,,1,1,Rural,Private
2612,Katherine,Cortez,10,2,0,,17773.23,,,URB,PUB
2613,Shelly,Liu,8,9,7,46.20,15761.71,1,1,countryside,Public
2614,Lindsay,Romero,8,5,3,64.00,19652.58,1,3,SUB,Public
2615,Derek,Walker,8,4,2,22.60,46232.09,1,3,suburban,Private
2616,Norman,Becker,8,5,3,,,1,7,urban, private  
2617,Kristy,Stevens,14,10,8,31.70,"22,845.25",1,3,Urban,  Public  
2618,Glen,Matthews,13,2,0,42.80,,0,,Urban,  Gov  
2619,Christian,Richardson,7,4,2,32.60,56052.31,1,1,Urban,homeschool
2620,Cindy,  Downs   ,6,2,0,53.90,30479 EGP,1,1,URBAN,Public
2621,Jean,Cohen,10,4,2,36.70,,1,,  Urban  ,Public
2622,Toni,Davenport,18,4,2,31.20,43479.4,1,3,Suburban,Private
2623,Manuel,Payne,7,5,2,38.00,14041.75,0,2,Rural,  Gov  
2624,Mikayla,Gregory,10,6,4,32.90,21022.5,1,2,City,Public
2625,mason,Heath,11,3,1,15.60,24449.39,1,6,city,Public
2626,Cory,Forbes,10,4,2,29.10,33489.84,1,3,SUBURBAN,Public
2627,Rebekah,Arroyo,9,3,1,60.00,41499.31,1,1,Suburban,PRIVATE
2628,Paige,Cobb,15,4,2,44.40,62832.93,1,6,Suburban,Private
2629,Joseph,  Sampson   ,12,2,0,48.00,21415.41,1,1,Rural,Public
2630,Misty,,14,2,0,31.90,27459.18,0,0,City,PUBLIC
2631,Justin,Valdez,13,5,3,50.80,41664.51,1,3,Suburb,PRIVATE
2632,Guy,Wood,14,5,3,38.50,,,,  Rural  ,
2633,Mia,Woods,16,6,4,61.10,approx 55.9k,1,8,Suburban,Public
2634,Mariah,Marshall,15,2,0,43.70,28746.1,1,1,  SUB  ,PUB
2635,Riley,Quinn,18,6,3,36.70,15126.76,1,1,rural,public
2636,Meghan,james,15,3,1,37.00,17458.57,,,Urban,Public
2637,Brianna,Humphrey,8,3,1,42.70,41974.47,1,5,Urban,Public
2638,Ethan,Young,14,5,3,47.20,25480.3,1,1, URBAN ,Private
2639,Latoya,Gardner,13,6,4,44.70,,1,2,Rural,Public
2640,Casey,Jacobson,17,5,3,21.70,,0,0,Rural,  Public  
2641,Jesse,Holmes,7,4,2,57.00,,1,3,Urban,Home School
2642,Marc,Li,13,9,7,29.00,21749.08,1,3,Urban, Governmental 
2643,,Clarke,8,2,0,40.90,32215.71,1,3, Suburban ,  Private  
2644,Jeremiah,Arnold,12,2,0,40.80,25662.72,1,1, URB ,PRIVATE
2645,Alyssa,Morris,10,4,1,30.00,,0,,Rural,Public
2646,Roger,Petersen,12,3,1,42.70,23664.79,1,4,URBAN,Gov
2647,Caroline,Perez,5,2,0,25.40,"$7,708",,,Rural,Public
2648,Kristin,Hansen,13,7,5,,,1,1,Suburb,  Public  
2650,Dustin,Lara,11,3,1,,10107.76,1,,Suburban,Homeschool
2651,,Boone,18,2,0,40.20,30096.49,1,1,SUBURBAN,Governmental
2652,Kelli,,9,7,4,58.40,22494.56,1,6,urban,private
2653,Anna,Lloyd,12,3,0,,20231.19,1,2,Urban,PUBLIC
2654,Malik,Avila,11,9,7,33.10,,0,0,null,  Public  
2655,Jose,Mckinney,11,3,0,59.50,30507.8,1,,  SUB  ,Public
2656,Allison,Rodgers,18,5,3,62.80,32451.2,0,0,Suburban,public
2657,  Rachel   ,Cox,11,4,2,33.00,11512.26,0,0,urban, Public 
2658,Molly,Pena,8,4,2,47.90,48184 EGP,1,4,Suburban,Private
2659,Theresa,Frey,17,5,3,46.70,13327.1,,,  Suburban  ,Governmental
2660,Reginald,Gibson,9,7,4,45.50,36817.74,0,0,URB,Homeschool
2661,Dale,Robinson,5,4,2,35.50,15529.05,1,,Urban,  Public  
2662,Emma,Rogers,8,5,3,36.90,23098.33,0,0,URBAN,  Gov  
2663,REBECCA,DIXON,6,4,2,54.90,12665.78,0,0,Suburban,Public
2664,Brenda,  Mendez   ,4,4,2,56.80,22229.88,0,-2,Urban,Public
2665,Terri,Unknown,9,7,5,34.50,15359.11,1,1,Village,PVT
2666,MASON,Chang,10,3,0,,,,,Urban,Public
2667,Unknown,trujillo,15,4,2,34.50,20392.91,0,0,Village,Gov
2668,Tim,Harris,13,6,4,61.20,37986.56,1,1,urban,Public
2669,,Ruiz,13,4,2,46.70,,1,8,n/a,Public
2670,hannah,Lutz,7,2,0,,"$42,650",1,3,Suburban,private
2671,janet,Wolfe,14,5,3,58.20,48875 EGP,0,0, suburban ,Private
2672,,Mullen,16,3,1,13.20,6483.67,0,0,Rural,Homeschool
2673,Cameron,Schultz,12,4,2,,10125.82,0,0,city,Public
2674,Brent,Mendoza,12,2,0,,25251.86,0,0,city,PUBLIC
2675,Scott,Mueller,6,2,0,65.90,79439.34,1,5,  Urban  ,private 
2676,Danny,Boone,14,3,1,30.50,99797.61,1,5,SUBURBAN,PVT
2677,Kristy,Rodgers,17,3,1,17.40,17533 EGP,1,1,Suburban,private 
2678,Francisco,Romero,12,4,2,,"21,538.07",1,3,city,Public
2679,Jimmy,Buckley,8,6,4,36.90,"34,514.74",1,3,SUB,Public
2680,Kathleen,Mendez,10,5,3,28.10,26677.15,1,6,URBAN,Public
2681,Erik,Berger,9,9,7,23.10,,0,0,Rural,Gov
2682,Alicia,Gomez,9,2,0,49.10,42158.62,1,4,  Urban  ,PUBLIC
2683,Denise,Roman,13,6,4,51.60,76384.49,1,2,  Village  ,Private
2684,,Stokes,12,7,5,52.40,52444.74,1,7,SUBURBAN,International
2685,Sheila,,14,4,2,43.50,47955.06,1,3,Rural, HOMESCHOOL 
2686,Harry,Ray,12,5,3,58.90,9281.01,1,2,Suburban,public
2687,Unknown,Case,7,4,2,47.50,53697.93,1,3,Urban,Private
2688,Steve,Unknown,9,4,2,36.70,,0,0,  Suburban  ,Public
2689,Alexis,Peterson,8,4,2,34.30,64347.07,1,4,SUBURBAN,Int.
2690,Morgan,Kim,10,3,1,31.00,62725.89,1,8,Urban, private  
2691,Gregory,Holder,17,6,4,68.30,41443.99,1,3,Urban,International
2692,Spencer,Yoder,18,5,3,21.40,11400.46,1,3,RURAL,PUBLIC
2693,Natasha,Burns,14,6,4,27.90,19612.06,1,2,Suburban,Public
2694,Tammie,Lowe,11,5,3,41.60,23822.86,1,3,city,PUBLIC
2695,Scott,Christian,6,5,3,59.60,26089 EGP,0,0,Rural,Public
2696,Anthony,  Herman   ,11,4,2,32.60,"37,128.43",1,2,City,Public
2697,Brad,Decker,8,2,0,45.20,64926.93,1,4,URBAN,International
2698,Jerry,Cooper,16,2,0,,,1,7,URBAN,Priv
2699,Tammy,Jordan,5,2,0,43.00,18677.1,1,5,Urban,Governmental
2700,Ana,Mcgee,12,2,0,58.20,33234.98,1,5,SUBURBAN,International
2701,Krista,Sandoval,7,4,2,50.10,,1,2,  urban  ,International
2702,  Darrell   ,Ross,10,2,0,69.00,28218.61,1,6,Urban,private 
2703,Steve,Lin,13,5,3,52.20,,1,2,Urban,Public
2704,Carol,Richmond,14,11,9,45.80,22472.22,0,0,Rural,Public
2705,Gerald,  Kramer   ,10,6,4,26.40,18657.31,1,3,SUBURBAN,private 
2706,Kari,Harrington,13,5,3,45.80,23666.97,1,1, Suburban ,Public
2707,KELLIE,Padilla,8,2,0,31.70,"21,119.00",1,2,suburban,PUBLIC
2708,Kaylee,Perkins,11,4,2,,19928 EGP,0,0,Urban,Public
2709,Nicholas,Lopez,14,2,0,43.20,16367.83,0,0,Rural,Public
2710,Debra,Alvarado,12,7,5,45.30,14569.59,1,1,Urban,  Public  
2711,Gail,Price,9,6,4,46.20,38585.64,1,,Urban,  INTERNATIONAL  
2712,Cory,Castro,9,4,2,35.60,64361.13,1,5,Urban,International
2713,Ricardo,Unknown,14,2,0,,30569.53,0,,URBAN,International
2714,Mason,Graham,7,2,0,32.70,50037.86,0,0,city,Public
2715,Holly,Forbes,7,3,0,48.80,27873.49,0,0,suburban,PUBLIC
2716,Jorge,Frey,13,4,2,37.80,,1,1,  urban  ,Public
2717,Sean,Baird,9,4,2,52.20,89669.49,1,8,city,International
2719,Abigail,,15,4,2,35.00,25736.59,1,,Suburban, Public 
2720,Savannah,Downs,7,4,2,51.60,11240.69,0,4,countryside,PUBLIC
2721,Nathaniel,Knight,10,4,1,44.00,70964.23,1,2,URBAN,Private
2722,Gail,Herman,8,9,7,58.30,19317.81,1,1,Rural,PUB
2723,,Shaw,9,4,2,57.00,104350.66,1,6,  Sub-urban  ,Private
2724,Loretta,Crawford,7,5,3,37.00,26102.95,1,,Suburban,Public
2725,Tracey,Weeks,13,6,3,53.50,19565.77,0,0,Urban,Public
2726,Cesar,Flores,11,10,8,40.80,11606.87,0,0,  Urban  ,Public
2727,Carlos,Trujillo,14,4,2,34.10,54647.29,1,4,Urban,Private
2728,Clayton,Clements,8,2,0,,,1,2,suburban,Public
2729,Alec,Bird,18,3,1,41.50,20314.81,1,3,Suburban,Public
2730,Carolyn,Mcintosh,4,7,5,38.40,58422.65,1,1,city,Private
2731,Dominique,Erickson,5,6,4,40.40,53069.15,1,4,Urban,  PUB  
2732,Gail,Nash,17,2,0,17.50,,1,5,Rural, Public 
2733,Alexandria,Prince,12,2,0,42.90,23162.63,1,-4,urban,Public
2734,Gregory,Valencia,12,3,1,31.70,9741.62,,,Suburban,Public
2735,Morgan,Haney,12,8,6,27.90,,,,RURAL,Public
2736,Rodney,Powell,13,2,0,53.40,45253.44,1,2,URB,PUBLIC
2737,Eddie,Lloyd,12,2,0,76.80,41387.03,1,5,Suburban,Private
2738,Hannah,Murillo,7,3,1,,31146.76,1,4,Suburban,Public
2739,,Smith,13,7,5,,32957.48,1,4,city,Public
2740,Reginald,Harding,13,5,3,52.40,20163.08,0,5,city,public
2741,Matthew,Mcguire,16,4,2,48.90,38463.81,1,3, Rural ,Public
2742,Raven,SAMPSON,17,2,0,,11145.47,0,,Urban,Public
2743,Wayne,Bray,12,3,1,,,1,3, Urban ,Public
2744,Tricia,Unknown,6,3,1,46.90,32480.19,1,2,Urban,PUBLIC
2745,Chris,Cordova,17,8,6,36.30,,1,1,SUB,Private
2746,Alex,Nixon,7,3,1,,29699.13,0,0,city,PVT
2747,Mitchell,Holt,12,5,3,42.70,"22,346.23",1,2,URBAN,NA
2748,Breanna,Clark,10,6,4,44.20,40034.59,1,, URBAN ,PUBLIC
2750,Jeff,BARR,13,2,0,,"23642,4",1,1,Suburban,Public
2751,  Ronald   ,Unknown,11,4,2,39.70,21753.84,0,0,Rural,Public
2752,Jesse,Landry,12,5,2,,24763.06,1,2,Urban,Governmental
2753,Jodi,Maxwell,8,2,0,33.30,25658.57,1,4,Suburban,Homeschool
2754,Benjamin,Livingston,10,2,0,45.20,,1,1,Suburban,Private
2755,caroline,Sullivan,8,3,1,60.80,9716.19,1,1,Suburban, public 
2756,Hunter,Randolph,10,3,1,35.80,10229.03,0,0,Sub-urban,Public
2757,Ariana,Adams,10,9,7,29.20,32005.43,0,0,URBAN,Public
2758,Cody,Dickerson,17,4,1,48.20,18313.43,0,,suburban,unknown
2759,Larry,Martinez,10,2,0,28.40,18931.6,1,1, Sub-urban ,Public
2760,Michael,Perry,3,4,2,61.70,34994.77,1,3,Suburban, PUBLIC 
2761,Mary,Hart,16,7,5,37.50,17259.86,1,2,Urban,Public
2762,Caitlin,Case,12,2,0,33.60,,0,0,City,  Public  
2763,Allen,Wright,10,6,4,45.80,73966.37,1,5,urban,International
2764,Michelle,Schwartz,9,3,1,41.70,57838.73,1,5,Urban,Private
2765,Andrew,Bryan,7,6,3,44.50,,1,4,Urban,Private
2766,Alexandria,Harrison,17,4,2,36.20,,0,0,Urban,public
2767,April,Ross,11,5,2,41.70,28493.17,1,,Urban,Public
2768,Caitlyn,Escobar,4,9,7,43.60,,1,2,City,Public
2769,Natalie,Chapman,12,6,4,37.00,,0,0,Rural,N/A
2770,Nancy,Harding,15,3,1,74.30,21133.06,1,4,Suburban,?
2771,Harry,French,11,3,1,,16433.37,,,City,Public
2772,Peter,Roman,7,4,2,53.50,"$33,752",0,0,Suburb,Home School
2773,  Dwayne   ,Choi,7,2,0,33.80,25788.69,1,1,URBAN,Gov
2774,Matthew,Murray,7,4,2,46.40,76686.82,1,9,city,Private
2775,Alan,Fernandez,16,7,5,37.80,26827.4,1,1,Suburban,Public
2777,Lindsay,Pratt,4,5,3,40.90,9445.85,0,0,SUB,Public
2778,Derek,Flores,12,4,1,,,1,,Urban,PRIVATE
2779,Ruben,Hayes,11,4,2,,21005.29,0,0,Suburban,INTL
2780,Haley,Donovan,9,2,0,50.70,33928.29,1,1,  Urban  ,Public
2781,Ashlee,Moore,7,3,1,48.40,29892.15,1,5,Urban,Public
2782,Valerie,Todd,7,4,2,59.50,55769.13,1,5,Suburban,Public
2783,Jeff,Schmitt,14,5,3,,,,, Urban ,Public
2784,Kurt,Goodman,11,3,1,50.80,61764.78,1,4,Urban,PVT
2785,Hunter,Brewer,12,5,2,55.40,59468.65,1,2,Urban,International
2786,Devon,Garza,11,8,6,31.80,25677.94,1,3,Suburban,Public
2787,Lawrence,Freeman,12,4,2,56.60,32122.35,1,-4, Suburban ,Private
2788,Holly,Coleman,9,5,3,23.10,20872.17,1,1,Suburban,Public
2789,Annette,Wells,10,6,4,43.00,10128.54,,,?,n/a
2790,Kim,,15,12,10,36.70,23603.67,1,2,  rural  ,Public
2791,Francisco,CAREY,16,2,0,40.80,"34051,14",1,,Urban,Public
2792,Caitlyn,Bird,6,4,2,51.60,29644.97,1,3, Suburban ,Public
2793,Kaylee,Atkinson,10,4,2,59.20,38764.56,1,2,Urban,homeschool
2794,Cynthia,Haynes,14,3,1,44.60,21324.6,1,3,Urban,PUB
2795,Mia,hobbs,17,8,6,44.10,58179.98,1,3,Suburban, PRIVATE 
2796,Judy,Rush,17,9,7,32.60,17231.12,0,0,countryside,Public
2797,Steven,Snow,8,3,1,28.40,34473.32,1,7,suburban,Intl
2798,,Morris,15,3,0,,25599.58,1,1,Urban,Public
2799,Brandy,Carr,11,5,2,51.80,,1,4,SUBURBAN,International
2800,Michelle,Adams,14,4,2,48.20,31482.78,1,3,URBAN, Public 
2801,Stephanie,Galloway,13,5,3,40.00,24420.65,0,0,Suburb,  Gov  
2802,Rodney,Dodson,6,4,2,,57759.69,1,7,  URB  ,  Private  
2803,Bill,Holder,12,5,3,50.30,approx 11.5k,1,4,NA,Public
2804,Kirk,Roach,14,3,1,49.80,25488.7,1,,  Urban  , Public 
2805,Miguel,Decker,10,4,2,42.40,12247.11,1,3,Rural,Public
2806,Maureen,Little,10,2,0,30.40,36520.68,1,1,  Urban  ,
2807,Toni,espinoza,5,8,6,41.20,35372.55,1,1,City,Governmental
2808,Alexander,Butler,13,4,2,59.00,29540.32,0,0,  urban  ,Public
2809,Caroline,Marquez,11,6,4,44.80,17279.89,0,0,Suburb,Public
2810,Todd,Maldonado,7,2,0,22.00,29342.22,1,3,Urban,PUBLIC
2811,Yolanda,Watson,9,2,0,44.60,30572.39,1,1,Suburban,Unknown
2812,Katrina,Garcia,11,5,3,51.50,26953.3,1,2,Urban,Governmental
2813,,Tyler,8,6,4,42.30,,0,0,Urban,Private
2814,Zoe,Crosby,11,7,4,48.80,41631.32,1,2,Urban,  public  
2815,Caitlin,Le,4,8,6,68.80,30045.49,1,7,URB,Private
2816,Makayla,Sullivan,15,3,1,18.40,,0,0,Suburb,Gov
2817,Allison,Vega,11,10,8,28.30,26368.63,1,2,city,Public
2818,Cristina,Harrison,7,6,4,36.40,36190.54,1,1,SUB,Gov
2819,Tina,Chan,3,3,1,,25497.91,1,1,urban,Private
2820,Anne,Ingram,14,5,3,48.50,35129.28,1,3, Urban ,PUB
2821,Mason,Jackson,13,3,1,45.90,26277.88,1,1,Urban,Public
2822,Ronald,Parks,11,4,2,42.20,29081.9,0,0,suburban,Gov
2823,Caroline,Bautista,14,4,2,45.60,64251.13,1,5,Urban,
2824,Kimberly,Shannon,14,5,2,45.40,39446.86,1,1,SUBURBAN,Public
2825,Dana,,11,8,6,38.70,,0,0,Suburban,Public
2826,Sara,Berg,10,3,1,29.10,,0,0,  Urban  ,Public
2827,Cindy,Mccarty,9,2,0,45.60,37926.56,0,0,unknown,public
2828,Rose,,12,3,1,,56518.27,1,3,urban,Private
2829,Juan,Kelley,16,3,1,42.90,,1,2,urban,Governmental
2830,Marvin,Adkins,10,2,0,32.60,26492 EGP,1,2,Urban,Public
2831,Casey,May,16,3,0,49.60,,1,3,Suburb,Private
2832,Brandi,Landry,12,8,5,19.90,approx 22.1k,1,4, Suburban ,Public
2833,Glenn,Vincent,12,5,3,25.00,102664.49,1,2,SUB,private
2834,Morgan,Valentine,18,6,4,38.60,"18901,94",1,8,  URBAN  ,Public
2835,Kim,Gates,-5,2,0,48.30,20831.13,1,3,City,  Public  
2836,Kristin,Pratt,17,5,3,48.20,17385.23,1,1,Suburban,public
2837,Leonard,Salinas,2,4,2,6.50,"$14,712",,,URB,PUB
2838,Jennifer,Unknown,18,6,3,65.30,10094.85,0,3,Suburban,PUB
2839,,Roman,10,9,7,38.00,22659.1,0,0,  Suburban  ,Public
2840,Sydney,Crosby,10,5,3,44.20,32198.52,1,2,urban,Gov
2841,Ricky,,3,3,1,38.20,20045.73,1,2,Urban,PUB
2842,Kent,Perez,12,4,2,48.20,19694.2,0,-4,Suburban,PUB
2843,Lori,Fisher,7,2,0,,56689.34,1,5,Suburban,  Private  
2844,,Lutz,12,2,0,28.60,50739.45,1,1,URB,Priv
2845,Michael,Bishop,6,4,2,67.10,25789.64,0,0,  Urban  ,Public
2846,Shannon,White,17,6,4,46.30,37662.93,1,1,Urban,Gov
2847,Diane,Owens,12,5,3,28.80,,1,2,Suburban,Public
2848,Margaret,Beltran,18,5,3,45.30,34485.52,1,4,Urban,Public
2849,Victor,Mooney,7,3,1,60.60,16575.4,,,RURAL,Public
2851,Alec,golden,4,7,5,50.30,"$17,467",1,,Rural,Public
2852,Paula,Ruiz,11,8,6,31.00,27698.6,0,0,URB,PUBLIC
2853,Dorothy,Bryant,8,5,3,30.30,,1,1,SUBURBAN,Public
2854,Jennifer,Rojas,9,5,3,47.30,43212.07,1,6,Village,Public
2855,Desiree,Schneider,9,2,0,51.50,43172.1,1,5,Suburban,International
2858,Yolanda,Wilkins,9,4,2,38.60,,0,6,Suburban,Public
2859,Jesus,Caldwell,11,5,3,56.80,77079.07,1,,  Suburban  ,Private
2860,Caleb,Welch,15,5,3,41.60,15591.58,1,2,RUR,private
2861,Carl,Mendez,12,7,5,,26098.69,1,2,RURAL,Public
2862,Carl,Fleming,15,2,0,69.60,,1,1, suburban ,Governmental
2863,Dan,Huber,5,4,2,,25108.1,1,1,Urban,NULL
2864,Maurice,Fitzgerald,9,7,5,20.70,22225.98,1,, Suburban ,Governmental
2865,Russell,Khan,13,2,0,,29225.7,0,5,Suburban,International
2866,Unknown,Unknown,12,6,4,54.30,26887.79,1,,Suburb,PUB
2867,Robert,Mcpherson,7,6,4,32.10,17903.54,1,1,City,Public
2868,Alexis,Salinas,14,7,5,41.60,,,,Sub-urban,Public
2869,,Mccoy,9,4,2,31.50,24468.68,0,0,NA, Public 
2870,Louis,Meyer,8,2,0,51.50,6536.31,0,0,rural,Public
2871,Jordan,Pineda,12,6,4,51.30,10908.62,1,1,Rural, Public 
2872,Desiree,Oconnor,11,4,2,39.40,,0,0, Urban , private 
2873,Nathan,Gordon,9,7,5,49.80,31844.65,1,3, Sub-urban ,  Public  
2874,Karla,Ramirez,8,2,0,37.30,58506.28,1,3,SUBURBAN,private 
2875,Jodi,Douglas,7,2,0,21.80,19691.54,1,3,suburban,Public
2877,George,Phillips,14,5,3,21.60,,0,0,Suburban,NA
2878,Tom,Liu,11,3,1,30.60,"$30,765",1,4,  Suburban  ,public
2879,Corey,,14,7,5,37.40,15519.51,1,-4,Suburban,public
2880,Angelica,Robles,12,4,2,33.70,,,,Rural,PUB
2881,Maria,VEGA,8,6,4,17.30,22286.47,0,0,Rural,home-school
2882,Elaine,Solis,5,2,0,39.90,34020.75,0,0,  Suburban  ,Private
2883,Penny,Hendricks,-5,3,1,30.50,7711.27,,,Rural,public
2884,Eileen,Luna,8,6,4,52.90,39778.13,1,1, Suburban ,PUBLIC
2885,Terrance,Unknown,8,5,3,55.80,16791.35,,,RUR,Public
2886,Adrienne,Gutierrez,14,6,4,52.70,34439.12,1,-1,countryside,Public
2887,Veronica,Thornton,14,4,2,36.60,57176.42,1,4,Suburban,Private
2888,Jimmy,Bishop,18,2,0,54.80,71924.48,1,3,Urban,  Priv  
2889,Chase,Moon,8,6,4,47.10,,1,1,Urban, Gov 
2890,Mason,Frazier,16,4,2,41.50,"37,095.72",1,2,Urban, Public 
2891,Javier,Morgan,16,7,5,,,0,0,SUB,PUBLIC
2892,Jeremiah,Downs,10,7,5,30.20,,1,5,Suburban, PUB 
2893,  Breanna   ,Hampton,12,4,2,32.60,56617.54,1,4,Suburban,Private
2894,Sophia,Hendrix,15,4,2,46.00,43823.62,1,5,SUB,Private
2895,Ray,Fitzpatrick,10,2,0,48.60,23540.33,0,0,Urban,PUB
2896,Anne,Benson,10,9,7,47.00,40108.19,1,2,Urban,International
2897,Janet,Mcfarland,8,3,1,50.60,18887.68,0,0,SUBURBAN,International
2898,Austin,Ochoa,3,3,1,36.70,,1,3,Urban,PUBLIC
2899,Yvette,Jimenez,11,5,3,30.20,16305.95,0,0,Rural,Public
2900,Erika,Wiggins,8,4,1,35.40,,,,Rural,Public
2901,Virginia,Holmes,7,3,1,48.90,19049.04,1,2,Urban, Public 
2902,Lorraine,Robinson,12,3,0,43.70,,1,8,Suburban, Private 
2903,Michele,baker,999,6,4,25.10,"16,355.50",,,Rural,Public
2905,Robert,Harper,12,4,2,36.20,25469.35,1,4,SUB,Homeschool
2906,Kendra,,9,6,3,51.30,13687.14,1,1,RUR,Unknown
2907,Keith,Duarte,10,2,0,49.50,26104.39,0,0,Suburban,Public
2908,Dalton,Lang,6,7,5,37.10,23769.17,1,1,URBAN,Governmental
2909,Cassandra,Morton,13,7,4,28.10,7290.87,1,,Suburban,Public
2910,Philip,Atkins,11,8,6,44.40,39435.64,1,5,  Suburban  , Private 
2911,Peggy,Hess,11,4,2,17.70,41650.9,1,3,Rural,Public
2912,Sara,Palmer,12,6,4,58.40,15673.11,1,,Urban,Homeschool
2913,Kelly,Barnes,999,3,1,43.60,23692.95,0,0, Urban ,Public
2914,Tony,Phillips,5,6,3,55.10,58394.37,1,3,Suburban,public
2915,Aaron,Reeves,14,4,2,22.30,11223.09,1,1,Rural,public
2916,  Suzanne   ,Clarke,13,4,1,61.40,31673.78,1,2,Suburban,Private
2917,Sue,Vaughn,9,4,2,50.00,,1,9,URBAN,  Priv  
2918,Penny,Greer,12,8,6,39.40,24288.26,1,,countryside, HS 
2920,Elizabeth,Cox,15,8,6,32.30,27859.82,1,1,Rural,Public
2921,JANICE,Higgins,0,5,3,35.10,26297.02,1,2,Rural,Public
2922,Bethany,Newton,5,3,1,53.20,20655.88,1,1,Urban,PUB
2923,Derrick,Valencia,6,6,4,44.40,,0,0,Village,Governmental
2924,Lindsay,Chaney,9,7,5,47.50,41218.91,1,5,Urban,PRIVATE
2925,Reginald,Everett,16,5,3,30.50,25825.6,0,0,Rural,International
2926,Joanna,Valentine,8,6,4,36.70,"$25,245",0,0,Urban,Public
2927,Ray,Lara,8,5,3,49.60,63250.47,1,3,Suburb,Private
2928,Sabrina,Kramer,8,4,2,50.50,65815.11,0,0,City,International
2929,Sara,BRIGHT,9,6,4,54.10,,1,1,  Urban  ,INTL
2930,wanda,Patel,10,8,6,25.90,,0,0, Rural ,  Home School  
2931,Shawn,Humphrey,6,2,0,38.30,,0,0,city,  Public  
2932,Bradley,Copeland,14,2,0,58.90,27013.85,1,1,Urban,Public
2933,BRANDI,Ramsey,10,7,5,36.30,6248.49,0,0, RURAL ,Public
2934,Grace,Ryan,18,6,4,45.80,8132.3,0,0,Urban,Public
2935,Courtney,Sims,6,6,4,33.40,36531.76,1,3,Suburban,Public
2936,Jackie,Roth,16,5,3,51.50,32688.19,1,1,rural,Homeschool
2937,Jaclyn,Ali,16,2,0,34.70,8753.18,1,1,suburban, Private 
2939,CRISTIAN,miller,9,2,0,70.60,25346.07,0,0,  Suburban  ,private 
2940,Jennifer,Hopkins,7,2,0,45.60,21789.37,0,0,Suburban,Public
2941,Jackson,Velez,7,3,1,54.70,,1,1,urban,Public
2942,,Sawyer,10,5,2,55.40,53213.66,1,3,Sub-urban,Public
2943,Brandy,Haley,11,3,1,,14143.5,,,City,Public
2945,Nathaniel,Waller,18,5,3,39.20,13961.43,0,0,Urban,Public
2946,JULIA,Fletcher,10,10,8,74.60,22353.5,0,0,Rural,Private
2947,Ariana,Bowers,11,5,3,,25668.96,1,2,N/A,Public
2948,Diamond,Brewer,8,7,5,,"$19,465",0,0,Urban,Governmental
2949,Alvin,Stewart,10,7,5,30.90,22930.13,1,2,countryside,  PUBLIC  
2950,Kirk,Gregory,9,4,2,59.70,35701.41,1,2,Urban,Private
2951,Jesse,,10,6,4,28.70,4822.14,0,0,Rural,public
2952,Tina,Castaneda,10,2,0,,22803.34,1,1,rural,-
2953,Kirk,Lawrence,13,5,3,47.20,,0,0,Urban,Public
2954,Jonathan,Montgomery,11,4,2,69.80,27784.96,1,1,Urban,PUBLIC
2955,Barry,Melton,13,5,3,44.20,approx 26.1k,0,0,URBAN,Public
2956,,Gentry,10,7,5,61.90,,1,8,urban,?
2957,,Johnson,11,3,1,,20122.62,1,1,Urban,Home School
2958,Renee,Clements,10,4,2,36.00,27143.33,0,,Urban,?
2959,John,Ruiz,14,3,1,41.10,35669.06,1,3,  city  ,PUBLIC
2960,  Frank   ,Henderson,12,6,4,50.30,26282.07,0,5,suburban,private
2961,Natasha,ray,10,6,4,11.40,25597.34,1,2,Urban, INTERNATIONAL 
2962,Troy,,10,3,1,33.00,,1,1,URBAN,Public
2963,Brianna,Doyle,10,4,1,36.40,70468.45,1,,Urban,Private
2964,Unknown,Barry,11,8,6,51.40,46360.9,1,2,Urban,Private
2965,Stephanie,Kramer,10,2,0,34.60,24560.76,1,4,Suburban,Public
2966,Courtney,Dennis,8,4,2,33.60,,1,1,suburban,Public
2967,Audrey,Howe,13,6,4,43.00,19889.51,0,0,Urban,Public
2968,Karen,Anthony,13,2,0,,43157.84,1,5,suburban,Private
2970,Omar,Yates,25,4,2,56.10,"64,328.26",1,4,countryside,HOMESCHOOL
2971,Sylvia,Monroe,13,2,0,36.40,29217.36,1,3,City,  Public  
2972,Cynthia,Lowe,4,3,1,19.10,,0,0,Suburban,Public
2973,,Erickson,13,2,0,47.50,32862.48,1,,Urban,PUBLIC
2974,Kristina,Jensen,5,4,2,37.40,19141.46,1,1,Urban,International
2975,Kaitlin,Austin,7,3,1,54.80,20323.99,1,1,Sub-urban,public
2976,Catherine,Daniels,12,3,1,42.20,12952.91,0,0, Urban ,Gov
2977,Charlotte,Sweeney,8,3,1,27.70,22443.77,1,3,Suburban,  Public  
2978,CODY,Lutz,8,4,2,29.50,,0,0,  Suburb  ,Public
2979,,Nash,9,4,2,46.70,21377.06,0,0,urban,Private
2980,Jenna,Swanson,13,6,4,44.50,10883.26,0,0,Rural,Public
2981,Cameron,Weeks,7,2,0,51.80,22555.29,0,0,  Urban  ,Public
2982,Patrick,Hubbard,10,3,1,29.80,11267.64,0,0,rural,Homeschool
2983,Madeline,Lucas,9,3,1,50.50,26073.64,1,2,  SUB  ,Public
2984,Harry,Dennis,13,4,1,70.50,48455.59,1,1,city,INTL
2985,Chelsea,Everett,14,6,4,55.10,36255.15,1,1,  Urban  ,Private
2986,Bill,Terry,4,7,5,53.10,,1,4,Suburban,Private
2987,Monique,Parker,14,5,3,36.40,19454.02,1,2,Suburban,PUBLIC
2988,Cory,Walker,8,4,2,53.00,30595.04,1,1,SUB,public
2989,Greg,Bryan,11,6,4,,36325.06,0,0,City,Private
2990,Todd,Lamb,7,5,3,48.20,56016.89,1,1,  Urban  ,Private
2991,Tanner,Meza,12,6,4,29.30,,1,5,Suburb,n/a
2993,Lynn,Cook,11,6,4,48.60,18554.72,,,Urban,Public
2994,Allen,Marquez,99,7,5,,12538.31,,,Rural, Gov 
2995,Chad,Stewart,10,4,2,25.90,21009.69,1,,SUBURBAN,  Gov  
2996,Carrie,Mueller,5,3,1,36.20,32834.84,0,0,Suburban,Private
2997,Sophia,Williamson,16,7,5,9.90,14074.86,0,0,SUB,public
2998,elijah,Rodriguez,12,2,0,41.50,17655.28,,,  URB  , public 
2999,Amy,KHAN,7,7,5,34.50,,1,2,urban,PUBLIC
3000,Molly,Cowan,7,5,3,49.70,26282.11,1,1,Suburban,Public
3002,Savannah,Green,14,3,1,39.80,29589.78,1,,SUB,Public
3003,Stephanie,Hale,6,6,4,32.70,24420.84,1,2,Urban,Private
3004,Miguel,Gilmore,15,2,0,57.90,42695.47,1,3,Urban,Public
3005,Shelley,Mack,10,2,0,49.40,30779.92,0,0,Urban,Private
3006,Bradley,Sanchez,7,2,0,60.00,67082.2,1,4,suburban,  Public  
3007,Nicholas,Gonzalez,9,6,4,40.90,31781.21,0,0,?,Public
3008,Brandy,Young,17,4,2,33.90,,0,0,Urban,Public
3009,Zachary,Kramer,6,2,0,,22764.96,0,0,Suburban,Public
3010,Shawn,Callahan,8,7,5,62.90,30080.34,1,3,urban, Public 
3011,ANA,Mora,14,3,1,60.80,18038 EGP,0,0,URB,Public
3012,Bonnie,Palmer,11,2,0,49.60,,1,3,SUBURBAN,private 
3013,Casey,Shaffer,8,5,3,25.70,25072.68,0,0,URBAN,Governmental
3014,April,,14,3,1,,20856.74,0,0,  URBAN  ,  International  
3015,April,Hunter,14,9,7,47.20,32855 EGP,1,2,Urban, Public 
3016,Ricardo,Hughes,12,4,2,,"18062,37",0,0,Urban,unknown
3017,Guy,Blair,8,6,4,30.10,29187.35,1,1,Village,Int.
3018,Jimmy,Jensen,9,4,2,49.00,38985.45,1,3,SUB,Governmental
3019,Andrew,Wallace,12,5,2,,31947.32,1,2,Urban,Private
3020,Natasha,Bennett,6,6,3,31.00,41165.43,1,2,  urban  ,Int.
3021,  Marc   ,Hood,15,5,3,49.20,22588.16,0,0,URBAN,Gov
3022,Sydney,Henderson,17,5,3,43.50,,1,3,RUR,Public
3023,Miranda,Knapp,10,3,1,28.60,21395.07,0,0,  Suburban  ,Public
3024,Sylvia,Yang,12,5,2,,19422.1,1,1,Suburban,Public
3025,Gina,Fitzpatrick,15,5,2,36.60,,0,0,Urban, public 
3026,Kelli,wise,18,4,2,43.90,9587.17,0,0,countryside,Public
3027,Bradley,Castillo,99,3,1,36.30,"13007,66",,-2,NULL,?
3028,,Brown,4,5,3,43.30,,,, City ,Public
3029,Caleb,Landry,9,4,2,,61902.77,1,3,  Urban  ,Private
3030,Kaitlin,Pena,12,2,0,41.70,39401.78,1,4,URB,private 
3031,GRACE,Lyons,9,2,0,42.30,43509.51,1,3,SUB,Private
3032,Sophia,Roth,45,7,4,43.50,39350.88,1,,Urban,  Public  
3033,Tasha,Sampson,16,2,0,42.10,53941.52,1,3,Urban,Intl
3034,Grace,Johns,8,6,4,38.40,25972.94,1,2,Suburban,public
3036,Marc,powell,8,4,2,31.10,,0,0,Urban,Homeschool
3037,Linda,Glass,10,3,1,,24655.21,0,0, Suburban ,PUB
3038,Colin,,10,5,3,51.30,16921.03,,,  Urban  ,Public
3039,Shannon,  Mcdonald   ,14,5,3,,58861.11,1,7,Urban,NULL
3040,Karen,Roach,7,4,2,48.70,32237.52,1,,Suburban, Public 
3041,Christina,Houston,3,2,0,40.10,49152.47,1,1,suburban,Homeschool
3042,Amy,Lamb,5,9,7,25.70,,,,Rural,Homeschool
3043,Audrey,Gilbert,7,5,3,35.10,18373.39,0,,Suburban,Public
3044,Shelby,,8,5,3,28.30,9593 EGP,,,SUBURBAN,Public
3045,Collin,Church,11,2,0,25.00,36268.41,1,1,Urban, Public 
3046,Misty,Frye,7,6,4,41.20,approx 23.5k,1,,Urban,Public
3047,Johnathan,Bennett,6,3,1,34.90,25992.75,0,0,Rural,Homeschool
3048,Julie,Caldwell,7,8,6,42.60,26040.55,0,,Suburban,Public
3049,Aaron,,6,3,1,22.60,,0,0,RURAL,PUBLIC
3050,Zachary,Gordon,9,4,2,21.80,,0,0,Suburban,PUBLIC
3051,Frederick,Jenkins,8,3,1,42.90,31111.34,1,4,URB,Public
3052,Dylan,Cross,13,2,0,21.20,38412.84,1,4,URB,Private
3053,Rachel,Hunter,7,3,1,48.20,,0,0,city,Public
3054,,Simon,9,4,2,43.00,24443 EGP,1,, SUBURBAN ,Public
3055,Oscar,White,9,3,1,31.80,9802.86,0,0, Rural ,Homeschool
3056,Patty,Greer,13,2,0,,,0,0,RURAL,PUBLIC
3057,Bethany,Logan,10,4,2,54.90,"$17,850",1,2,Suburban,public
3058,Kristy,Foster,14,3,1,,31822.71,1,1,  urban  ,private
3060,Lucas,Owens,10,3,1,28.70,9972.84,0,0,urban,Public
3061,,Ingram,8,2,0,55.50,18280.64,0,2,Rural,HOMESCHOOL
3062,Krista,,6,4,2,45.10,21101.86,1,1,SUB,Private
3063,Becky,Drake,10,3,1,53.50,,,,SUB,Public
3064,Leonard,,17,4,1,16.50,,1,1,Village,Homeschool
3065,Erika,Santiago,7,3,1,29.40,24555.22,0,,Urban,Public
3066,,Rocha,10,7,4,,17574.55,1,3,Rural,PUB
3067,Kyle,Shaw,6,2,0,49.70,22329.42,1,2,suburban,Public
3069,Tammy,Ho,8,7,4,41.80,24916.02,1,2,Suburban,private
3071,Angelica,Elliott,9,3,0,37.40,61181.86,1,6,Suburban, PVT 
3072,Tasha,Bradford,10,7,5,57.80,29486.16,0,0,city,Public
3073,Margaret,Sawyer,5,2,0,47.10,21122.89,1,2,Urban,Public
3074,Alexander,Johns,8,3,1,48.80,,0,,Suburban,Public
3075,Taylor,Roberson,12,6,4,,42424.94,0,0,Urban,  Private  
3076,Johnathan,Welch,6,5,3,6.30,18099.29,1,2,  Urban  ,Gov
3077,Bridget,Park,9,8,5,,62389.4,1,1, Rural ,private 
3078,Gerald,Nunez,12,2,0,37.40,137110.89,1,6, Urban , Private 
3079,Kimberly,,8,5,3,18.00,22761.68,1,2,Suburb, Public 
3080,Ariana,Jenkins,12,5,3,42.10,,1,2,  Suburban  ,Public
3081,Joseph,Cain,5,3,1,32.00,"42,598.79",1,2,urban,International
3082,Lee,Grant,14,5,3,38.60,54411.69,1,8,Village,Private
3083,Karen,Padilla,12,6,4,38.60,14447.09,,, city ,PUBLIC
3084,Dwayne,Brooks,11,5,3,48.40,,1,1,Urban,Private
3085,  Logan   ,Pace,15,3,1,54.00,"10,754.17",0,,Urban,PUB
3086,Janet,Johnston,9,7,5,42.20,11501.0,,,Suburban,public
3087,,Hawkins,8,3,1,,35239.75,1,4,unknown,Public
3088,Tommy,Powers,15,4,2,38.20,52009.92,1,3,city,Private
3089,  Julie   ,browning,17,5,3,32.50,24672.84,1,5,SUB,Private
3090,Mathew,castillo,8,5,3,64.50,32767.12,1,1,Suburban,Priv
3091,Raymond,Hendrix,10,6,4,62.00,54580.23,1,3,Urban,Priv
3092,Meghan,Mcdowell,14,3,1,45.40,,1,5,urban,Private
3093,Trevor,Greer,10,3,1,32.50,21114.92,1,2,Urban,Governmental
3094,Theodore,Clay,13,4,2,44.90,18492.11,0,0,URBAN,Public
3095,Gregory,Bautista,13,3,1,50.50,45682.33,1,1,Suburb, Homeschool 
3096,Darin,Tyler,8,5,3,42.80,,1,2,URBAN,Public
3097,beth,BARAJAS,12,2,0,16.90,41101.64,1,4,city,Governmental
3098,Jeanette,Whitaker,10,2,0,35.40,20668.15,1,2,urban,public
3099,Olivia,Mann,6,4,2,37.50,36349.33,1,2,Suburban,  Public  
3100,  Katie   ,Atkinson,7,4,2,30.90,,0,0,Suburban,Public
3101,Cody,Carney,8,2,0,24.50,34063.54,1,,  Urban  , Homeschool 
3102,Catherine,Nunez,14,2,0,51.60,27213.65,1,4, Suburban ,Public
3103,Loretta,Singh,14,6,4,42.00,27317.24,0,0,Sub-urban, Public 
3104,Miguel,Perkins,13,4,1,37.00,45691.09,1,2,Urban, Gov 
3105,Jaclyn,Villanueva,12,3,1,24.50,,1,1,urban,Public
3106,Melvin,Shah,12,2,0,36.70,"43144,46",1,3,City,  PVT  
3107,Brandon,Ward,11,8,6,42.80,17350.18,1,1,Rural,Public
3108,Samantha,Tate,12,5,3,53.00,19238.07,1,4,Urban,Gov
3109,Unknown,Benjamin,12,3,1,51.70,14371.46,1,1,URBAN,Gov
3110,Molly,Schneider,5,3,1,37.30,,1,1,Suburban,INTL
3111,Deborah,Reeves,8,10,8,69.40,24632.01,1,1,Suburban,Homeschool
3112,Darlene,Unknown,7,8,6,66.40,"21052,36",1,1,Suburban,  Public  
3113,Cassie,Horton,14,4,2,,15850.86,0,0,city,Governmental
3114,Eric,Horne,16,3,1,33.80,54109.21,1,4,  Urban  , Private 
3115,Paul,Patel,3,2,0,43.20,44627.1,1,5,Suburban,HS
3116,Kelsey,Glover,16,6,4,56.90,40141.87,1,2,Sub-urban,Intl
3117,Austin,Roman,0,7,5,54.60,,0,0,rural,Public
3118,Kyle,Horne,14,7,5,49.20,38684.41,1,,Suburban,Private
3119,Felicia,Malone,12,4,2,47.70,16267.07,0,0,SUB,Public
3120,Suzanne,Wiggins,16,7,5,44.80,33512.98,1,4,Urban,  Private  
3122,Carlos,Park,6,2,0,47.80,29639.88,1,2,Suburban,Private
3123,,Mahoney,10,5,3,30.60,,,,Urban,Home School
3124,Patricia,Snow,12,4,2,72.90,83143.94,1,5,NULL,Intl
3125,Sierra,Ortega,10,3,1,59.30,62329.63,1,3,Suburban,PVT
3126,Rick,Mueller,13,6,4,48.80,,0,0,Urban,Gov
3127,Victoria,Nixon,10,7,5,41.10,35155.94,1,4,Suburban,Private
3128,Judith,Barnes,8,5,3,,,0,0,SUBURBAN, Public 
3129,Holly,Sanders,7,5,2,25.10,31136.16,1,4,City,Public
3130,Cristian,Fox,9,11,9,30.20,5127.38,0,0,Rural,Public
3131,Jeremiah,Franklin,11,7,5,41.60,14607.78,1,5,N/A, PUB 
3132,Rachael,Berger,3,8,6,27.90,22736.63,1,1,URB,Gov
3133,Dennis,Diaz,8,2,0,42.00,56173.92,1,2,URB,Private
3134,Kelsey,,3,8,6,40.80,42944.44,1,3,Rural,international
3135,Gary,Curry,8,2,0,56.30,75360.86,1,5,Urban,Public
3136,Glen,Beard,15,6,4,51.00,"$32,437",1,3,Rural,Governmental
3137,Megan,Holmes,6,6,4,,31111.4,0,0, urban ,public
3138,Gregg,Berg,13,2,0,39.20,31683.89,1,2,Suburban,Public
3139,Cindy,Cohen,18,7,5,37.90,31599.31,1,1,Suburban,INTL
3140,James,Powers,16,2,0,28.00,15534.6,0,0,Urban,PUB
3141,Wesley,Owen,11,8,6,39.80,48062.58,1,3,SUBURBAN,International
3142,Joyce,Payne,14,2,0,,"$43,457",1,5,Urban,Governmental
3143,Shelly,Jenkins,6,7,5,,44581.6,0,0,Urban,public
3144,  Alejandro   ,Bird,5,6,4,,8477.67,,,URBAN,Public
3145,Devon,Russell,11,2,0,33.60,38139.74,1,2,Urban,Gov
3146,kristin,Avila,12,2,0,30.30,51694.29,1,5,n/a,Private
3147,Ronald,Bautista,14,6,4,35.50,29484.39,1,4,Urban,Public
3148,Theresa,Cummings,8,2,0,39.40,22574.86,0,0,Urban,  homeschool  
3149,Noah,Harrington,11,6,4,43.60,14054 EGP,0,,  Urban  ,public
3150,Russell,Campbell,11,4,2,31.50,,,,city,Unknown
3151,Bill,Pena,10,4,2,45.30,18673.92,1,7,Rural,Public
3152,Veronica,schwartz,10,4,2,44.10,26131.21,1,3,URB,public
3153,Marcus,Benjamin,7,2,0,54.10,22318.56,0,0,Suburban, Gov 
3154,Noah,Haynes,12,2,0,44.70,approx 68.9k,1,2,URBAN,Private
3155,Unknown,,11,3,1,32.80,,0,0,City,Public
3156,Rebekah,Hull,9,5,3,70.90,24584.32,0,0,City,Public
3157,Jordan,Hendricks,13,6,4,58.80,,1,7,Urban,Private
3158,Vanessa,,14,7,4,32.60,21554.7,1,1,Suburban,Governmental
3159,Monica,Ochoa,13,5,3,53.10,26541.33,1,4,Suburban,Public
3160,Samuel,Gomez,7,3,1,64.60,27002.88,0,0,Urban,International
3161,  Melanie   ,Lara,11,5,3,46.80,43834.72,1,2,Urban,Public
3162,Cristina,Moss,7,5,3,35.40,5539.87,,,Rural, Homeschool 
3163,kathleen,Carter,11,5,3,34.30,26586.4,0,0,Urban,public
3164,Courtney,Patel,7,3,1,54.60,26369.01,0,0,Suburban,Private
3165,Keith,Mayer,15,6,4,44.20,,0,0,Suburban,public
3166,Jim,Chavez,13,5,3,26.60,35917.34,1,1,Urban,Public
3167,Sophia,Trujillo,15,4,2,43.50,45821.48,1,1, Urban ,private 
3168,Gloria,Murray,14,3,1,43.20,38122.72,0,0,Urban,Private
3169,Carla,Case,10,2,0,,68091.2,1,4,suburban,Homeschool
3170,Aaron,Franklin,9,3,1,,,1,2,RUR,Private
3171,Amber,Berry,17,8,6,25.60,39113.27,1,2,city,Public
3172,Lawrence,Jennings,0,6,4,64.60,22288.46,1,2,  Rural  , homeschool 
3173,Connor,Fischer,6,4,2,39.60,26118.81,1,1,URBAN,-
3174,Alisha,Maldonado,14,7,5,63.20,55457.34,1,3,Urban,International
3176,Donna,Waller,16,7,5,20.30,8861.09,0,0,countryside,Public
3177,Elijah,Moss,11,6,4,45.10,38670 EGP,0,0,Sub-urban,Priv
3178,Monica,Miller,10,3,1,51.00,"19444,98",1,2, suburban ,Governmental
3179,Deborah,  Horne   ,16,6,4,34.20,24896.61,0,0,Urban,Homeschool
3180,Alan,Bryan,5,3,1,51.80,14961.27,1,2,Rural,Gov
3181,John,Brown,8,3,0,38.70,38346.18,1,4,Suburb,Private
3182,Gina,Molina,7,4,2,32.10,46325.24,1,3, Suburban ,PVT
3183,Luis,Willis,3,2,0,45.00,23441.94,1,1,Suburban,Public
3184,Mariah,Stevenson,14,6,4,56.80,22714.02,1,1,SUBURBAN,Gov
3185,Austin,Hancock,8,4,1,,,0,0,Village,PUB
3186,George,  Hardin   ,14,2,0,24.50,17320 EGP,,, SUB ,Public
3187,Jenna,Dixon,12,2,0,32.50,17663.91,0,0,Urban,PUBLIC
3188,Misty,Galloway,13,6,3,34.40,20356.52,1,4,Rural,Public
3189,Abigail,Lane,9,6,4,36.60,24127.62,1,4,Suburban,PUBLIC
3190,Kaitlin,Caldwell,45,8,5,41.20,,0,,Suburban,Public
3191,Todd,Ellis,11,3,1,67.10,27833.26,1,6,Suburban, Gov 
3192,Annette,Baird,14,6,4,67.50,28646.58,1,5,urban,Public
3193,Derrick,Caldwell,10,2,0,64.90,,1,3,Urban,PUB
3194,Candice,,8,7,5,,54685.63,1,1,Urban,Priv
3195,Kari,Hunter,6,3,1,,29911.25,1,4, Rural ,Public
3196,Dakota,BAIRD,11,2,0,28.10,"22,452.21",1,2, Suburban ,PUB
3197,Martin,Garrett,9,8,6,18.90,20825.4,1,4, RURAL ,  Private  
3198,Lindsay,Deleon,10,2,0,52.70,24862.12,1,3,City,Public
3199,Joy,Bridges,10,4,2,36.10,,1,1,Rural,Homeschool
3200,,Rios,9,2,0,70.00,97738.24,1,10,Urban,International
3201,Diane,Baird,12,9,7,42.70,44907.98,1,6,Urban,Public
3202,Grace,Oconnor,12,5,2,58.30,28777.0,1,1,RURAL,PUBLIC
3203,Cory,Reyes,18,6,3,,21883.77,1,1,  Suburban  ,Governmental
3204,Hector,Montes,13,8,6,15.00,31865.76,1,3,Rural,Public
3205,Jamie,Newton,16,2,0,41.10,12044.63,1,1,Suburban,Gov
3206,DANNY,Sawyer,8,7,4,40.70,25977.4,1,1,URB,Public
3207,,Mccullough,5,3,1,30.30,44662.83,1,6,Urban,Gov
3208,,Collier,10,7,5,60.70,12152.09,0,0,rural,Public
3209,Felicia,Powers,14,6,4,51.00,42230.24,1,4, Sub-urban ,PVT
3210,  Brittany   ,Collins,13,3,1,,30244.33,1,1,Suburban,PVT
3211,Kendra,Hendricks,15,9,7,46.50,33365.9,1,2,  Urban  ,Public
3212,Thomas,Sosa,3,2,0,44.00,approx 20.0k,1,6,Urban,  Public  
3213,Jared,Brandt,15,2,0,45.00,21427.0,1,1,Rural,PUBLIC
3214,Fred,Dodson,12,6,4,47.80,49657.28,1,1,Rural,Private
3215,Dawn,Meadows,5,4,2,55.10,32741.79,1,2,Urban,Public
3216,Guy,Berger,13,4,2,47.00,,0,0,Urban, Private 
3217,George,Perez,11,3,1,28.00,43780.22,0,,Urban,Public
3218,Bailey,Glass,12,3,1,60.80,,0,0,Urban,  Public  
3219,  George   ,Boone,14,10,8,29.60,,0,0,Village,Public
3220,Dana,Proctor,12,2,0,38.80,,1,2,Urban,  public  
3221,Sean,Matthews,5,4,2,35.60,,0,0,Urban,Public
3222,Ana,Clayton,10,3,1,26.10,39495.22,1,4,Suburban, private  
3223,Richard,Randolph,5,9,7,37.00,15328.93,1,, Suburban ,Public
3224,Eric,Gonzales,13,2,0,38.10,43208.75,1,2,Urban,Private
3225,Raymond,Vaughan,16,8,6,42.30,,1,2,RUR,Public
3226,Kendra,Zavala,6,5,3,61.00,approx 91.4k,1,6,Urban,  International  
3227,Colleen,Mclean,8,4,2,25.20,25509.18,1,4,  Urban  , HOMESCHOOL 
3228,Alexandria,Murray,7,6,4,38.60,49347.31,1,3,Rural, Private 
3229,Timothy,Frank,9,8,6,39.00,27038.29,0,0,Urban,PVT
3230,Makayla,Lara,12,10,8,62.50,16657.1,1,3,rural,PUB
3231,Amy,Frazier,9,3,1,42.50,60574.23,1,3,SUBURBAN,International
3232,Dominic,Alvarez,13,6,4,10.20,,0,0,RUR,homeschool
3233,Tammy,Adkins,14,10,8,43.70,30560.89,1,7,Urban, PUBLIC 
3234,Kathleen,Fields,14,3,1,,40004.42,1,1,Urban, public 
3235,Chase,,6,2,0,31.00,21420.08,0,,  Rural  ,Public
3236,Bruce,Collier,15,4,2,,"$17,565",0,0,Rural,Public
3237,Marilyn,Andersen,16,6,4,36.00,16286.97,0,0,  Rural  ,PUBLIC
3238,,Prince,16,4,2,48.30,"47,360.48",1,5,Urban,  Private  
3239,Sherri,Osborne,10,7,5,37.00,28204.38,1,-3,Suburban,  Public  
3240,Becky,Jenkins,8,5,3,58.40,"$50,590",1,5,Urban,Private
3241,Javier,York,7,2,0,41.30,36884.33,0,3,N/A,private 
3242,Larry,Richards,7,6,4,55.40,36593.02,1,1,SUBURBAN,Private
3244,JULIA,Solomon,14,7,5,53.90,"$21,579",1,4,Suburban,Private
3245,Erik,Hess,15,3,1,33.60,54641.4,1,4,URB,Homeschool
3246,Travis,Olson,9,6,4,47.50,"$23,476",1,2,  Suburban  , Governmental 
3247,Kevin,  Forbes   ,10,3,1,33.60,,,,RUR, Governmental 
3248,Whitney,Sawyer,10,4,2,,24808.49,1,1,Urban, PUBLIC 
3249,,Carter,8,7,5,43.80,11527.76,0,,Rural,Governmental
3250,Kayla,Waters,13,4,2,48.10,21087.46,0,0,RURAL, Public 
3251,Dan,Vincent,12,5,2,,25408.07,0,0,city,private 
3252,Alisha,Morrison,11,5,3,51.80,27455.72,1,,  Suburban  ,Public
3254,Candice,Logan,13,5,3,43.60,57940.72,1,5,Suburban,PVT
3255,Catherine,Oconnor,13,4,2,40.50,34925.96,1,1,City,PRIVATE
3257,Brianna,Ali,14,7,5,33.30,23215.39,1,4,Suburb,PUBLIC
3258,Connor,Cox,11,5,3,63.90,10832.03,,,Suburban,PUBLIC
3259,Judy,Little,9,6,4,,,,,-,Public
3260,Frederick,Fernandez,11,5,3,60.30,26698.43,1,,city,Homeschool
3261,,Mclean,12,3,1,,39639.32,1,4,Suburb,Private
3262,Allen,Russell,14,4,1,30.40,23015.45,1,, Suburban ,Governmental
3263,Andrew,Watkins,7,9,7,52.20,32933.12,0,0,  RURAL  ,private
3264,Rachael,Robinson,15,2,0,,81422.47,1,7,  Urban  ,international
3265,Mia,Byrd,11,5,3,10.30,,1,, Rural ,Governmental
3266,Breanna,Goodwin,9,2,0,60.10,95671.28,1,2,City,Private
3267,Jonathan,Scott,9,7,5,41.40,6980.6,0,0,Rural,PUB
3268,Gerald,Reeves,7,5,3,26.20,47422.82,1,2,rural,  PVT  
3269,Wanda,Rogers,4,5,3,29.30,29189.42,1,1,Urban,Public
3270,Stuart,Sharp,13,4,2,40.80,26158.67,1,1,URB,Public
3271,luis,Neal,18,6,4,,,,,Rural,Homeschool
3272,Harry,Reeves,5,2,0,51.60,,0,0,SUBURBAN,Public
3273,Marc,Garrison,7,7,5,52.50,58445.82,1,5,Suburban,private
3274,Mary,Blackburn,13,6,4,,20320.75,0,0,  Urban  , Public 
3275,Maxwell,King,10,3,1,26.10,,,,Village,  Governmental  
3276,Marco,Rodriguez,14,4,2,22.50,11985.01,1,1, SUBURBAN ,INTERNATIONAL
3277,peter,Meadows,10,7,5,50.40,19893.24,0,0,Urban,Gov
3278,Patrick,,8,4,2,27.50,17411.14,1,1,Suburban,Governmental
3279,Colin,Morton,10,3,1,38.20,19495.72,1,1, URB ,Public
3280,Dennis,Crawford,3,2,0,40.90,23233.77,1,4,Suburban,International
3281,Xavier,Villanueva,6,5,3,21.40,,1,, RURAL ,Public
3282,Ruben,Carlson,14,4,2,50.80,71466.62,1,6,Urban,PVT
3283,VICTOR,Finley,15,5,3,52.70,"27,336.00",0,0, Urban ,Public
3284,Elijah,Roth,16,3,1,43.60,"$36,524",1,2,urban,Public
3285,James,Turner,12,3,1,31.10,47761.98,1,1,URB,Intl
3286,Jackson,Weeks,3,5,3,54.40,52246 EGP,1,4,Rural,homeschool
3287,  Michael   ,Holmes,8,6,4,37.30,42210.98,1,1,SUBURBAN,Public
3288,Robert,Lewis,15,5,3,32.00,25943.93,1,1,Urban,Public
3289,Gloria,Everett,16,6,4,63.40,"16481,52",0,,  URBAN  ,Public
3290,Aaron,Stewart,15,6,4,,35808.91,1,3,City,HOMESCHOOL
3291,Austin,Simmons,10,4,2,32.10,45901.96,1,3,Suburban,Public
3292,Sonya,Little,6,3,1,47.20,32146.62,0,0,URB,PVT
3293,Steven,HARRISON,10,7,5,41.40,30818.45,0,0,Urban,PVT
3294,,Garcia,11,9,7,42.90,19291.44,1,3,rural,Public
3295,Sonya,Salinas,16,3,1,38.60,9150.99,,,Suburban,Public
3296,Unknown,Richards,11,2,0,40.90,27737.98,1,1, Suburban ,PRIVATE
3297,Claudia,Herring,11,7,5,56.90,44478.06,1,7,city,Private
3298,  Derek   ,Arellano,11,6,4,,28994.87,1,4,Urban,Public
3299,Zoe,Edwards,12,3,0,41.00,31822.55,1,6,RUR,PUB
3301,Briana,Farrell,8,3,1,44.00,19396.65,0,0,suburban,Public
3302,Marc,Waters,7,3,1,41.40,32629.89,1,3,Suburban,public
3303,Alvin,Spencer,15,6,4,57.40,,1,5,Urban,Public
3304,Ashlee,  Heath   ,5,3,1,46.60,,0,,Suburban,  Public  
3305,,Zavala,16,6,4,48.30,,1,,Urban,PUBLIC
3306,  Stacy   ,Sosa,4,2,0,55.00,16865.15,1,3,URBAN,Governmental
3307,Roger,Perkins,8,8,6,48.50,27548.25,0,0,Sub-urban,Public
3308,,Byrd,14,4,2,46.60,approx 43.3k,1,4,Urban,private
3309,Unknown,Nunez,11,4,1,42.20,26378.64,0,,URBAN,  PUBLIC  
3310,  Dylan   ,Robertson,6,3,1,42.50,18123.79,0,0,Urban,Priv
3311,Stanley,Patel,12,3,1,60.60,33815.73,1,3,Urban,Private
3312,Tara,Mcdaniel,11,5,3,50.80,65777.82,1,3, RURAL ,Priv
3313,Dawn,Mccullough,10,4,2,,5193.89,0,0,rural,Public
3314,Yolanda,Flowers,8,4,2,36.30,33794.14,1,7,Urban,Intl
3315,Shelia,Holland,10,6,3,52.10,22046.71,1,,URBAN, Gov 
3316,Ricky,Solis,8,4,2,30.70,13570.52,0,0,  countryside  ,Public
3317,Jaclyn,Bradley,18,4,2,45.20,28068.98,1,3,Urban,Gov
3318,Duane,Chaney,10,4,1,47.70,"21,179.07",0,0,Suburb,Homeschool
3319,Judith,Church,9,8,6,46.90,41398.18,1,,Urban,Public
3320,Darin,Fields,9,3,1,40.20,22404.46,1,4,SUB,Homeschool
3321,Allison,Terry,17,6,4,,,,,Urban,PUBLIC
3322,Dominic,West,5,2,0,53.60,"$51,731",1,1,-,Private
3323,Lynn,Christian,12,6,4,34.30,47624.53,1,5, Suburban ,Private
3324,Danny,Washington,10,3,1,,21296.19,1,1,URB,PUBLIC
3325,Tanner,Davidson,5,6,4,20.90,30557.78,1,2,  Urban  ,  PUB  
3326,Barbara,  Tyler   ,8,2,0,37.20,49994.79,1,7,Suburban,Private
3328,Martin,Forbes,7,2,0,45.00,53989.94,1,4, Suburban ,  Private  
3329,Kirk,Franklin,11,2,0,52.10,36532.69,1,3,Urban,Gov
3330,Brenda,Mcpherson,17,2,0,23.90,39075.21,1,2, SUBURBAN ,Priv
3331,Anne,Coffey,11,3,1,38.50,64525.94,1,3,  City  ,Private
3332,Jane,Castro,5,7,5,27.30,14202.78,0,0,RURAL, Private 
3333,Jimmy,Barr,7,7,4,52.70,21858.43,1,5,Rural,PUB
3334,James,,9,2,0,26.70,,,,city, Public 
3335,Ana,Medina,9,8,6,35.10,,0,2,Suburban,PUB
3336,Anita,,11,2,0,45.60,33691.16,1,3,Suburban,public
3337,Kathleen,Wallace,12,2,0,38.40,42572.53,1,3,URBAN,Public
3338,Harry,Roy,17,6,4,46.60,20681.47,1,4,Suburban,  Public  
3339,Danny,Mccullough,10,4,2,34.30,21300.22,1,2,Urban,Public
3340,,Maxwell,6,5,3,21.20,21045.41,1,,Suburb,  Governmental  
3341,Tammy,Clark,15,5,2,31.90,28439.33,1,6,Suburban, Public 
3342,Glenda,Rose,15,2,0,14.70,7168.49,0,0,SUBURBAN,Public
3344,Isaac,Nichols,10,4,2,41.50,30267.34,1,4,Urban,PRIVATE
3345,Javier,Huerta,13,5,3,39.70,29321.79,0,0,SUB,Private
3346,,Olson,10,4,2,47.30,23907.53,0,0,Suburban,Public
3347,Ruben,Unknown,999,3,1,,11959.75,0,,Suburban,Public
3348,Stefanie,Mcdaniel,13,7,5,28.50,16252.35,1,1,Urban,Public
3349,,Meyers,99,2,0,50.10,59155.04,1,,Suburban,Intl
3350,Michael,Gonzalez,16,4,2,29.10,20880.19,1,1,Urban,Public
3351,Jade,Rhodes,8,5,3,27.50,46364.91,1,3,Urban,PVT
3352,,House,11,2,0,52.50,,,,  City  , Public 
3353,,Wagner,11,7,5,40.50,25380.9,1,1, Suburban ,Unknown
3354,Levi,Mcclain,11,2,0,47.00,23333.01,1,3,  Urban  ,  Public  
3355,Theresa,Solis,11,6,4,28.60,25384.04,1,4,URB,Public
3356,Emily,Andrade,11,6,4,45.70,24661.49,1,1,Urban,Private
3357,Kayla,Harrington,11,7,5,43.70,56622.23,0,0,SUB,Public
3358,Marcus,Solis,13,7,5,44.90,49519.29,0,0,Rural,Public
3359,Troy,Unknown,15,2,0,58.40,19549.34,0,0,Rural,Private
3360,Ricardo,Mcbride,8,7,5,17.90,,1,1,Rural,Public
3361,Gregory,Lynch,10,3,1,41.90,,,,  Rural  ,Public
3362,Sue,Snyder,9,2,0,51.50,13781.21,1,3, Urban ,Public
3363,,Jordan,8,8,6,52.70,,1,3,city,Public
3364,LAWRENCE,Stevens,5,2,0,50.00,13257 EGP,,,Urban,Public
3365,,Wilkins,11,3,1,32.80,,1,1,Urban,Public
3366,Michele,Clayton,12,4,2,40.00,18683.93,,,Rural,PUBLIC
3367,Sierra,Glover,10,3,1,41.30,,0,0,Rural,PUB
3368,Troy,Rivera,10,7,4,31.70,12863.81,0,,Suburb,public
3369,Colin,Mckinney,12,9,7,19.70,8216.22,,,RURAL, Public 
3370,Chris,Hicks,16,5,3,65.90,17745.05,0,5,Suburban,Public
3371,Kirk,Bradley,9,3,1,50.90,34278.57,1,4,Urban,Public
3372,,Mooney,6,4,2,54.20,52327.5,1,1,URBAN,Priv
3373,Gabriella,Norman,10,6,4,38.20,,0,,RURAL,Homeschool
3374,,Campos,17,5,2,47.30,19852.54,1,1,Suburb,  Public  
3375,Ryan,Velez,6,4,2,37.20,27840.04,1,,Urban,Gov
3376,Elijah,Russell,13,7,5,41.70,19090.67,0,0,Urban,Governmental
3377,Steven,Ramirez,15,2,0,45.40,32202.37,1,2,suburban,Public
3378,Rose,Kramer,3,2,0,47.80,,1,2,SUBURBAN,Public
3379,Kim,Diaz,12,4,2,29.50,,,,SUBURBAN,PUB
3380,Tricia,Bates,13,7,5,,24384.01,1,2, rural ,Homeschool
3381,Todd,Gilbert,10,5,3,50.70,31887.32,1,1,Urban,Private
3382,Abigail,Houston,8,10,8,44.20,19777.95,1,5,Rural,Homeschool
3383,edgar,Davenport,8,5,3,55.30,"$48,961",1,,SUB,  homeschool  
3384,Zachary,Mcdaniel,9,7,5,23.70,,1,2,Suburban,public
3385,Gregg,Patton,9,3,1,43.20,8599.68,0,0,Rural,Public
3386,Amy,Hood,9,12,10,29.00,,1,1,Rural,Public
3387,Laurie,Stokes,9,3,1,51.70,8293.63,,,Urban,Public
3388,Glenda,Quinn,15,9,7,40.00,,0,0,Rural,unknown
3389,Ricardo,Briggs,6,6,4,44.10,40755.09,1,2,Suburban,Public
3390,Miranda,,4,2,0,46.20,36980.7,1,1,Urban,Public
3391,Marc,Roman,15,7,5,46.50,26727.46,1,,Suburban,-
3392,Maureen,  Crawford   ,10,6,4,51.50,22516.46,1,1,Suburban, PUB 
3394,Logan,Spears,10,6,4,22.60,22765.14,1,,city,Gov
3395,Misty,Chan,11,8,6,41.10,33718.36,1,4,URBAN,Gov
3396,Paul,Fry,9,7,5,,12670.21,1,2,urban,Public
3398,,Phillips,7,3,1,26.70,19817.06,0,0, city ,Private
3399,Ray,Stevens,9,6,4,44.30,34777.41,1,1,SUB,Private
3401,Jeanne,Hendricks,15,6,4,49.90,,0,0,Urban,Gov
3402,Cristian,Hernandez,10,3,1,38.70,60534.31,1,1,Urban,INTERNATIONAL
3403,Anita,Wheeler,13,2,0,50.50,53895.63,1,4,Urban,Private
3404,Austin,Huff,12,7,5,26.60,7231.02,0,0, RURAL ,home-school
3405,Henry,Skinner,12,6,4,30.50,,0,0,  Rural  ,Public
3406,Miguel,Morton,10,6,4,39.20,"33,324.61",1,1,Urban,Private
3407,Roberta,Ross,12,6,4,26.00,9516.33,,,Urban,Governmental
3408,Phyllis,Mendez,7,2,0,47.70,7972.08,1,3,Suburban, Gov 
3409,Nicholas,Evans,6,3,1,43.80,18797.62,1,6, URB ,Public
3410,Thomas,Spencer,10,10,8,46.30,,1,1,Suburban,Public
3411,Elijah,Gonzalez,8,9,7,36.00,16748.47,,,Urban,private 
3412,Darrell,Wilson,16,5,3,49.80,12429.4,,,Suburban,Homeschool
3413,Leon,Boone,12,9,7,48.70,27797.0,1,,Urban,  PUB  
3414,  Sophia   ,Mccarty,8,6,4,27.60,10501.23,0,0,RURAL,Public
3415,Jose,Payne,10,6,4,47.80,,1,5,Urban,PVT
3416,Stefanie,Henry,11,3,1,51.70,32831.66,1,3,Urban,Gov
3417,Amy,Erickson,10,8,6,37.10,26552.32,1,1,rural,private
3418,Candice,Blackburn,11,5,3,45.70,,0,0,Urban,Public
3419,Chad,Hoffman,11,6,4,25.20,21046.24,1,5,Urban,Public
3420,Kristina,Carey,5,3,1,41.80,32045.72,1,4,null,Public
3421,Tanner,Lambert,3,3,1,38.90,32831.32,1,2,Suburban,Public
3422,Harry,Huerta,9,4,2,56.10,17921.69,,,null,Public
3423,Amy,Henderson,13,5,3,30.60,19426.21,0,0,Suburban,Public
3424,Unknown,Wheeler,9,6,4,42.60,23972.28,1,1,Urban,Private
3425,Cesar,Hess,15,8,6,57.30,25239.74,1,,Urban,Public
3426,  Meredith   ,Singh,10,3,1,52.20,97763.69,1,3,Urban,Private
3427,Lynn,Campbell,15,2,0,34.60,35322.79,1,4,Urban,Public
3428,Melinda,Herman,15,8,6,51.30,30391.9,1,1,Urban, Private 
3429,Timothy,Peck,14,4,2,58.80,,1,,SUBURBAN,  Public  
3430,Cesar,Evans,6,2,0,,12972.15,1,3,suburban,Public
3431,Ariel,Unknown,11,5,3,59.50,22759.45,1,2,Suburban,Public
3432,Gene,,15,2,0,51.80,47653.26,0,0,Suburb,Public
3433,Rhonda,Patterson,11,9,7,63.20,22936.23,1,2,Sub-urban,private
3434,Jerry,Hart,12,3,1,48.60,27283.26,1,1,city,private
3435,Billy,Sandoval,6,3,1,63.60,,,,  Suburban  , Public 
3437,Susan,Carpenter,8,4,2,45.50,32542.17,1,8,Suburban,Public
3438,Mathew,Mcintosh,3,2,0,31.50,25851.07,1,1,Urban,PUB
3439,Tony,Garza,9,4,1,52.20,32706.1,0,0,suburban,public
3441,colton,Roy,99,4,2,47.80,17496.3,1,1,Urban,Public
3442,Danielle,Jackson,18,3,1,49.80,33656.97,0,0,Urban,Public
3443,Danielle,Owen,9,5,3,,8433.12,0,0,Rural,  Governmental  
3444,Cynthia,Kelley,5,9,7,53.20,33511.64,1,,Urban,Public
3445,Gary,,11,7,5,53.80,28722.6,1,3,Urban,Public
3446,Javier,Hunter,7,4,2,52.50,69378.31,1,9,URB,  International  
3447,ELAINE,Clayton,14,4,2,,18457.21,1,1,Urban,public
3448,Alexander,Fitzpatrick,7,12,10,29.50,,0,0,Suburban,PUB
3449,Tami,Solomon,11,9,7,50.70,13667.29,0,0,Rural,Public
3450,Sherri,Richardson,6,8,6,34.80,35774.74,1,1,NA,Public
3451,Whitney,Collier,18,4,2,31.80,,0,0,Suburban,Public
3452,Victoria,Guzman,12,6,4,,41420.99,1,2,Suburban,International
3453,Krista,Briggs,10,6,4,25.10,15294.7,0,0,Rural, PUB 
3454,Aaron,Wilkinson,9,5,3,26.10,15866.25,0,0, Urban ,Public
3455,Raymond,Rush,9,2,0,33.10,20903.77,1,2,Suburban, International 
3456,Scott,Gordon,8,3,1,46.40,19779.67,1,1,URBAN,PUBLIC
3457,Brenda,  Roach   ,8,4,2,43.20,15156.61,1,,Urban,Public
3458,Angel,Boone,17,4,2,30.30,8811.1,0,0,suburban,Public
3459,Darrell,Gillespie,9,4,2,59.40,38244.82,1,4,Suburban,Private
3460,Rita,Perez,3,5,3,34.20,,1,1,Rural, Homeschool 
3461,,Griffin,6,8,6,58.10,20633.86,1,3,Suburban,unknown
3462,Douglas,Carr,14,5,3,42.50,47317.13,1,5,urban,Public
3463,Marcia,Sanders,10,4,2,35.90,30660 EGP,1,1,URB,Private
3464,Rebekah,Unknown,10,4,2,67.50,12610.95,0,0,  Urban  ,Public
3465,Tasha,Turner,15,2,0,22.60,43046.59,1,4,URBAN,Public
3466,Carol,Burke,8,3,1,,57878.99,1,5,Suburban,  International  
3467,Kayla,Simmons,13,3,1,35.50,33748.85,1,4,Suburb,PRIVATE
3468,Craig,Decker,8,2,0,27.00,18476.29,,,URB,PUB
3469,Norman,Mann,13,2,0,38.10,13226.39,0,,Urban,  Gov  
3470,Joyce,Leonard,9,5,3,57.90,18110.26,0,0,URB,Public
3471,Roberta,Webb,10,8,6,48.80,27083.18,1,1,SUB,PUB
3472,Johnathan,Buckley,13,5,2,29.80,65149.57,1,5, URB ,private
3473,Veronica,Bradford,13,4,1,27.80,,0,0,Urban,PUBLIC
3474,Joel,Pruitt,10,4,2,35.10,20808.12,1,1,city,Public
3475,Francisco,,9,3,1,35.60,52145.56,1,11,City,PRIVATE
3476,Alyssa,Murphy,16,7,5,57.00,23418.78,0,0,Urban,Public
3477,Victor,Faulkner,13,4,2,51.30,44032.74,1,3,Rural,Int.
3478,,Fuller,9,4,2,37.40,"$27,407",1,2,Urban,unknown
3479,Destiny,Clarke,8,8,6,45.80,56515.69,1,2,Urban,Public
3480,Derek,Unknown,19,7,5,33.90,,1,,  city  ,PUB
3481,Regina,Parrish,11,2,0,39.40,43866.21,1,2,Urban,Int.
3482,Lori,Hardy,10,3,1,26.20,15562.4,0,0,Rural,Public
3483,Vanessa,Randolph,11,6,4,42.90,24066.73,1,2,Suburb,Private
3484,Tammie,Stark,12,6,4,39.80,37436.67,1,4,Urban,Public
3485,,Moss,10,3,1,44.60,39694.85,1,2,Suburb,Gov
3486,Natalie,Boyer,15,6,4,56.30,39709.03,1,2,Urban,PVT
3487,GLENN,Bridges,-5,6,4,36.00,,1,,city,Public
3489,duane,Hoffman,15,8,6,57.30,,,,Rural,Homeschool
3490,Micheal,Dillon,11,7,5,43.00,18953.92,1,4,Suburb,public
3491,Tanner,Santos,13,3,1,30.80,38239.59,1,3, Urban ,PUB
3492,Shelby,Campos,14,8,6,45.50,65111.43,1,2,Suburb,Private
3493,Teresa,Higgins,14,6,4,52.40,26170.08,0,0,city,PVT
3494,DWAYNE,Horne,14,6,4,45.10,87999.32,1,3,  Urban  ,private 
3495,Natalie,Mccarty,13,4,2,38.90,"16,263.05",0,0,Urban,Gov
3496,Jacob,Curry,18,6,4,44.70,58539.59,0,0,Urban,Private
3497,Sheena,Lin,9,10,8,62.20,37679.85,1,3,Urban,Public
3498,Abigail,Sosa,10,2,0,67.40,19239.22,1,,RUR,Public
3499,Andrea,Meyers,10,3,1,57.70,63623.57,1,7,Urban,International
3500,Ian,Escobar,9,8,6,59.80,20950.27,1,1,  URBAN  ,private
3501,Sylvia,Hart,3,3,1,30.50,60033.8,1,3,URB,private
3502,Becky,,15,6,4,38.30,26513.97,1,2,urban, Private 
3503,Barry,Mann,7,4,2,31.80,20886.15,0,0,URB, Public 
3504,CARL,Ward,11,4,2,,14333.26,,,URBAN,  PUB  
3505,Kaitlin,Meyers,5,5,3,61.00,71107.26,1,2,Urban,Private
3506,Eileen,Blanchard,13,4,2,44.10,55697.67,1,5,urban,Private
3507,Frederick,Adams,8,4,2,38.40,"22858,2",1,7,Urban,private
3508,Dwayne,Jackson,6,5,3,44.90,"$34,544",1,4,  Sub-urban  ,  Priv  
3509,Micheal,,11,2,0,32.10,18391.24,1,1,countryside,Public
3510,Gary,Mcintosh,8,4,2,23.50,24487.01,1,4,urban,  PUB  
3511,Theodore,Bryant,8,6,4,55.80,43504.38,1,3,Suburban,  Public  
3512,Glen,BREWER,11,2,0,34.70,18142.65,0,0,Suburb,Public
3513,Shelley,Bauer,13,3,0,32.70,7666.36,0,0,Suburban, PUB 
3514,Chelsea,SHEA,8,3,1,50.40,29522.58,1,1,Suburban,Homeschool
3515,Unknown,Houston,7,8,6,30.60,26548.31,0,0,Unknown,Public
3516,Suzanne,Brewer,11,4,2,58.70,12378.31,1,1,Rural,PUBLIC
3517,Douglas,Ross,12,2,0,45.60,18199.85,1,,Urban,public
3518,Tiffany,Jackson,16,3,1,30.60,12611.08,,,Urban,PUBLIC
3519,Theodore,Rodriguez,7,6,4,,20962.77,0,,Sub-urban,  Gov  
3520,Tina,Morgan,9,5,2,55.20,,,,Rural,PUBLIC
3521,Selena,Drake,15,7,4,25.50,43495.72,1,2, SUBURBAN ,Private
3522,Dean,Boone,18,9,7,,22789.98,0,0,RUR,null
3523,Frank,Woodward,7,5,2,38.40,19604.34,1,3,Suburban,  Public  
3524,Derrick,Watkins,8,5,3,43.90,34115.11,1,1,Suburban,Private
3525,,SALAZAR,12,5,3,44.70,24122.23,1,2,Suburban,Public
3526,Cesar,Gates,8,2,0,58.10,22066.21,1,2,Sub-urban,Gov
3527,Kent,Castro,8,2,0,45.20,24831.16,1,2,Suburban,Governmental
3528,Pamela,Howard,11,8,6,45.00,,1,4,Suburban, Int. 
3529,Valerie,Kent,16,3,1,54.60,42370.61,1,1,URBAN,Private
3530,Mario,goodwin,6,8,6,,14557.11,0,,countryside,Homeschool
3531,Yvette,Skinner,16,5,3,23.60,28046.65,1,1,Rural,Governmental
3532,Joanna,Finley,8,3,1,58.50,41019.15,1,2,suburban,Public
3533,Dan,Benitez,1,2,0,40.20,34298.08,1,1,Urban,Priv
3534,Xavier,Navarro,16,2,0,54.10,24817.06,1,2,Urban,Public
3535,,Martinez,12,3,1,32.60,23931.83,1,1,Urban,Public
3536,Shelly,Beard,9,7,5,30.10,,0,0,  URB  ,Public
3537,Tricia,Farrell,13,5,3,51.30,28261.92,1,1,Suburban,  Public  
3538,  Mario   ,Doyle,10,6,4,,,0,0,Rural,PUBLIC
3539,Elaine,Jones,12,4,2,,20126.74,1,2,SUBURBAN,  Public  
3540,,Atkinson,10,3,1,28.20,41907.07,1,4,URBAN,Governmental
3541,Charlene,Kramer,14,4,2,,43388.53,1,3,Rural,Priv
3542,Rita,price,5,3,1,50.60,21074.32,1,1,Rural, Public 
3543,Evelyn,Haney,7,4,2,24.70,24153.14,1,,Suburban,PUBLIC
3544,Jeff,Dunn,5,8,6,25.20,29427.36,1,4,URBAN,Public
3545,Marissa,Bates,10,3,1,48.80,47852.59,1,1,Suburban,International
3546,Janice,Warren,5,3,1,46.20,36799.39,1,2, Urban ,Gov
3547,Francisco,Delacruz,8,3,1,46.60,,1,2,Urban,Public
3548,Glenda,Berry,7,2,0,38.10,29599.53,1,1,Suburban, Public 
3549,Laura,Stark,16,6,4,31.90,,0,0,Suburban,  Public  
3550,Janice,Mayer,7,3,1,64.70,36855.57,1,1,Urban,Private
3551,,Duran,6,3,1,33.10,10600.21,,,Village,Gov
3552,Carol,Spencer,11,2,0,43.30,21309.95,1,4,RUR, Gov 
3553,Lucas,buchanan,17,2,0,28.00,17079.7,,,  Suburban  ,Governmental
3554,bailey,Mccullough,10,7,5,56.00,41156.75,0,0,city,Public
3555,Joy,Eaton,10,9,7,42.60,27331.91,1,-1,city,Public
3556,Stefanie,  Duke   ,15,3,1,45.00,13630.31,,,Suburban,Unknown
3557,Cindy,,14,9,7,57.70,21810.04,1,1,Suburban,  Public  
3558,Caitlin,Moss,12,4,2,48.40,86097.76,1,4,Suburban,  International  
3559,Todd,Deleon,8,4,2,64.10,8517.0,0,0,Urban,NA
3560,Caitlin,Gentry,12,6,4,59.80,32581.11,1,6,URB,PUBLIC
3561,Debra,  Griffith   ,6,2,0,39.50,17054.83,0,,urban,Unknown
3562,Olivia,Kelly,8,4,2,39.20,54572.32,1,2,Suburban,PUBLIC
3563,Misty,Chavez,16,5,3,,40093.52,1,3,Suburban, Public 
3564,Karla,Burns,15,4,2,36.70,32933.66,0,0,city,public
3565,Isaac,Ferguson,12,2,0,28.80,"$42,387",1,4,Suburban,Public
3566,Danny,Charles,4,8,6,51.50,19624.11,0,0,Rural,Public
3567,ETHAN,Kirby,6,2,0,50.70,29832.86,1,3, Urban ,Governmental
3568,Glenn,Becker,8,3,1,42.20,21388.9,0,0,Urban,Governmental
3569,Judith,Dominguez,10,2,0,50.40,20983.61,0,0,Suburban,Public
3570,Alisha,Stark,6,5,3,,13289.99,1,2,Rural,Public
3571,Jill,Hancock,10,6,4,38.50,29902.27,1,1,city,Home School
3572,Penny,Gordon,17,6,4,45.60,,1,1,City,Gov
3573,Tracey,Herring,12,7,5,40.00,45085.47,1,2,SUBURBAN, private  
3574,Stefanie,Avila,11,10,8,,86749.46,1,6,Urban,  Private  
3575,brandon,Stark,7,7,5,40.60,,0,0,N/A,Gov
3576,Mary,Ross,5,3,1,70.20,48836.03,1,4,Suburban,Private
3577,Colin,Conley,6,2,0,46.40,27618.56,1,5,URB, Public 
3578,Charlene,HOUSTON,4,10,8,,,0,0,Village,  public  
3579,Andrea,Ryan,11,5,3,43.40,20744.13,1,3,Suburban,  Gov  
3580,Unknown,Sweeney,12,2,0,46.40,26826.11,1,5,Suburban,Public
3581,Dennis,Carrillo,7,8,6,39.70,19995.88,1,3,Urban,Public
3582,Janice,Singh,11,5,3,,35717.65,0,0,SUBURBAN,Public
3583,Reginald,Ayala,16,6,4,,,,-4,N/A,Gov
3584,,Mack,18,8,6,42.10,16477.08,0,0,City,Gov
3585,Danielle,Hobbs,13,5,3,53.20,29408.7,0,0,URBAN,Public
3586,Alex,Branch,10,5,3,39.50,11711.61,,,Village,PUBLIC
3587,Janice,Brown,13,2,0,34.80,24834.2,0,0,urban,Governmental
3588,Morgan,Yoder,15,9,6,22.40,28857.64,1,5,Urban,Private
3589,Nichole,Clark,3,4,2,57.40,14230.76,1,1,  Urban  ,Governmental
3590,,Cobb,16,4,1,,57089.52,1,4,Suburban, PVT 
3591,Sheila,Stark,9,7,5,34.60,40012.79,1,4,SUBURBAN,Private
3592,Wanda,,9,9,6,22.70,,1,4,Urban,Public
3593,Adrian,Knapp,9,3,1,39.90,29421.47,1,2,?,  Public  
3594,Diamond,Cole,12,8,6,42.90,36304.03,1,2, suburban ,Private
3595,Ellen,Reyes,6,6,4,30.00,28704.02,0,0,Suburban,Public
3596,Deborah,Bird,9,2,0,44.40,,1,4,URBAN,International
3597,Bethany,Richmond,12,2,0,57.50,26075.08,1,4,Urban,private 
3598,Allison,Petersen,11,5,3,46.90,49214.26,1,2,Suburban,Private
3599,Kaitlyn,Ramirez,12,2,0,30.80,14270.5,1,2,city,Private
3600,Charlotte,Lindsey,999,4,2,44.90,,1,2,  URBAN  ,Private
3601,,Aguirre,13,3,1,41.40,43323.9,1,1,Rural,public
3602,ryan,Wilkins,14,2,0,28.20,"$13,527",0,0,  Rural  ,Public
3603,JOANNA,Medina,14,3,1,21.80,15644.96,,,Urban,Home School
3604,Omar,Unknown,12,3,1,46.70,,1,1,RURAL,Public
3605,Angela,Lindsey,14,2,0,31.00,51286.72,1,8,Suburban,Priv
3606,edgar,Rodriguez,14,4,2,41.20,,0,0,rural,Public
3607,Tyler,Gibson,18,6,4,62.80,,1,2,Rural,Gov
3608,kevin,Welch,15,3,1,45.90,9228.31,0,0,suburban,Homeschool
3609,Tammie,Hogan,10,6,4,43.40,22974.46,1,3,URBAN,Public
3610,Dennis,Mercado,7,7,5,61.70,51454.83,1,6,City,  Priv  
3611,Megan,Hooper,10,3,1,,,0,0,Suburban,Public
3612,Melvin,Gillespie,9,4,2,59.10,,1,1,Urban,Public
3613,,Choi,12,8,5,33.30,,1,3,Suburb,Public
3614,Travis,Downs,8,2,0,30.80,21261.97,0,,Urban,  PUB  
3615,Ian,Patton,15,5,3,26.10,26123.55,1,1,Rural,Public
3616,Zachary,Foster,5,4,2,51.10,21139.06,0,0,NULL,Public
3617,Nicole,Bowers,5,3,0,57.20,40746.19,1,4,urban,Public
3618,Craig,Powers,10,2,0,15.20,"25994,43",1,3,Suburban,PUB
3619,Ashlee,Arellano,7,2,0,53.00,18198.17,1,1,Suburban,PUB
3620,Unknown,Newman,6,2,0,44.50,16697.25,0,5,Suburban,PUBLIC
3621,Casey,Hooper,8,4,2,33.30,21758.95,1,2,Rural,PUB
3622,Joe,Gillespie,8,6,4,58.40,approx 61.3k,1,2,Suburban,Priv
3623,Guy,Payne,11,5,3,,"17,722.60",1,1,Urban,Public
3624,Chase,  Andersen   ,8,5,3,,,0,,Urban,Public
3625,Wesley,Perkins,9,2,0,28.00,,,,Suburban,Public
3626,Aaron,Grant,10,3,1,34.90,46973.57,1,2,Urban,Gov
3627,Derrick,Banks,14,4,2,41.80,25004.76,1,1,SUB,Private
3628,Glen,Frazier,16,3,0,41.10,34733.79,0,0,Sub-urban,PUB
3629,Elizabeth,Schwartz,11,3,1,38.90,22485.31,0,0,Urban, Gov 
3630,Elizabeth,Logan,11,6,4,,41774.01,1,2,city,Public
3631,Kent,Moon,10,4,2,46.60,25382.13,1,1,Urban,PVT
3632,Marilyn,Kent,12,6,4,31.00,"12711,86",0,0,Urban, Public 
3633,Arthur,Weber,12,5,2,46.00,42514.23,1,3,SUB, INTERNATIONAL 
3634,Claudia,Soto,15,7,5,64.30,29146.09,0,0,URB,Governmental
3635,Jon,Sherman,4,7,5,33.80,21575.97,0,0,Suburban,Public
3636,Jonathan,Schmidt,10,2,0,26.30,,1,2,  Rural  ,Public
3637,Kathy,May,12,3,1,35.90,11564.65,0,0, Suburb ,PUBLIC
3638,Ellen,Hardin,10,2,0,36.40,32431.9,1,5,Suburban,  Private  
3639,CURTIS,Cowan,7,9,7,41.50,12361.03,1,2,Rural,Governmental
3640,Brittany,Parsons,6,4,2,41.90,27286.36,1,3,Urban,public
3641,Renee,Snyder,13,3,1,51.50,55637.44,1,3,URB,Private
3642,Candice,Beltran,8,6,4,,42328.13,1,1,City,International
3643,jean,TODD,4,4,2,36.50,26983.75,1,2,urban,Private
3644,Jared,Thompson,14,3,1,42.00,28125 EGP,1,3, Urban , Public 
3645,Emily,Johnston,12,6,4,,,0,0,Suburban,  public  
3646,Colleen,Watson,10,7,5,50.00,18919.71,1,,  City  ,Public
3647,Denise,Strickland,7,2,0,75.10,32595.19,1,1,Urban,Int.
3648,Shane,Montgomery,10,2,0,37.70,19530.04,0,0,Urban, PUB 
3649,Robin,Matthews,15,5,2,55.30,14335.04,0,0,city,Public
3650,Darlene,Roy,5,5,3,57.40,,1,2,Sub-urban, Private 
3651,,Zavala,5,2,0,51.20,60994.83,1,6,Urban,PUBLIC
3652,Anna,Rogers,8,4,2,24.50,19994.88,0,0,Urban, Public 
3653,Kristy,Mccarty,10,4,2,30.50,48110.5,1,6,Urban,Private
3654,Veronica,Hooper,9,5,3,30.90,38125.67,0,0,suburban,Private
3655,Jasmine,Pratt,13,2,0,23.60,17374.35,1,,URBAN,  Public  
3656,Brian,Rose,14,2,0,,17150.32,1,2,Suburban,Public
3657,Sophia,Frost,12,4,2,32.30,approx 69.0k,1,4,Suburban,International
3658,Billy,Huffman,13,7,5,,13844.42,1,1,  Suburban  ,Private
3659,Donna,Bradley,11,5,3,58.90,21269.7,1,2,city,  Governmental  
3660,Bryan,Haas,11,2,0,34.60,,1,5,Suburban,Private
3661,Nicole,Aguilar,6,8,6,36.00,21744.63,1,,Urban,public
3662,Levi,Webb,7,2,0,42.70,53860.09,1,2,SUBURBAN,PVT
3663,Dean,Oliver,6,6,4,32.20,14587.07,1,1,Suburban,Gov
3664,Kent,Hancock,10,2,0,39.10,32081.9,1,3,Urban,Public
3665,  Corey   ,Weaver,11,4,2,53.70,54027.92,1,,Urban,Governmental
3666,Allen,Duarte,5,4,2,33.10,19789.24,1,1,Suburb,  Governmental  
3667,Kendra,Sawyer,11,2,0,33.70,,1,8,SUBURBAN,Private
3668,Derrick,Atkins,7,5,3,48.80,44776.55,1,1,Urban,Public
3669,Nicole,Barton,7,2,0,45.60,15582.5,0,0,SUB,Public
3670,Kaitlin,Shah,8,5,3,52.50,,1,1,City,  private   
3671,Maureen,,6,5,3,35.80,30355.97,1,1,Rural, Public 
3672,Unknown,Rios,13,9,7,22.40,14093.86,,,RUR,Public
3673,Roger,Hall,10,5,3,25.50,26130.21,1,1,Urban,public
3674,Darin,Charles,13,2,0,38.00,85088.44,1,6,city,International
3675,Fred,Rowe,9,5,3,47.30,24461.41,1,2,n/a,PUB
3676,Caitlin,Jacobs,9,7,5,47.40,19738.23,1,,SUB,home-school
3677,Jenna,Unknown,17,5,3,48.40,55848.11,0,0,URBAN,Private
3679,Erik,Atkinson,15,3,1,33.30,24511.98,0,0,Suburban,Governmental
3680,Peggy,,16,2,0,31.90,31141.22,1,3,Urban,Public
3681,Harry,Gray,13,3,1,38.90,20190.3,1,,Urban,  Public  
3682,Holly,Cortez,9,4,2,38.20,10817.5,0,0,SUB,Public
3683,Anita,Mcpherson,16,5,3,43.50,26582.42,0,0, SUB ,Public
3684,,Downs,9,5,3,38.60,,1,1,Suburb,private 
3685,Raymond,,8,3,1,37.70,20465.98,1,2,Urban,Public
3686,Tammy,,9,7,5,40.30,,,,suburban,homeschool
3687,Claudia,Harrison,8,2,0,46.60,51064.5,1,3,Suburban, Private 
3688,Joseph,Cherry,7,5,3,40.10,39754.18,1,4,Urban,Public
3689,Gabriella,Kemp,14,2,0,38.60,14058.86,1,1,Rural,Private
3690,JIMMY,VAUGHN,8,5,3,65.20,49338.99,1,4,Urban,public
3691,Dana,Webb,10,3,1,27.90,33960.62,1,1,Urban,Public
3692,Eileen,Vargas,5,5,3,,approx 45.9k,1,4,Rural,Private
3693,Krystal,Wilkins,11,5,3,46.40,42842.81,1,2,  Urban  ,Public
3694,Ryan,Drake,6,6,4,32.70,7987.03,,, Rural ,Public
3695,Jonathan,Wood,6,2,0,40.20,20695.95,1,2,URBAN,Public
3696,Alicia,Bush,10,3,0,25.60,21247.66,1,3,City,Public
3697,Sean,,14,3,1,29.70,35251.31,1,,Urban,Private
3698,Adrian,Foley,12,7,5,41.00,"25161,77",0,0,URBAN,Private
3699,David,Arroyo,12,6,4,57.20,9227.95,0,0,rural,NA
3700,Danielle,Mahoney,10,3,1,32.00,23718.89,1,1,  Rural  ,Priv
3701,Barry,Burns,9,6,4,43.60,44358.71,1,2,Suburban,public
3702,Sonya,King,13,7,5,52.40,28099.19,0,3,Urban,Private
3703,Walter,Dominguez,8,9,6,31.20,33362.98,0,0,URBAN,Private
3704,Katrina,Pace,14,2,0,33.70,17463.07,0,0,Urban,  PUBLIC  
3705,Grant,Strickland,15,3,1,40.20,22305.85,0,0, city ,  Public  
3706,Jamie,Sharp,7,6,4,38.10,22813.37,1,5,urban,Public
3707,Robert,  Davidson   ,8,2,0,53.20,40425.76,1,1,city,Public
3708,Cameron,Horton,9,5,3,60.40,34228.52,1,-4,urban,Private
3709,Bethany,Valentine,5,4,1,29.90,"21,347.06",0,0,SUBURBAN,Public
3710,Michaela,Galvan,9,4,2,38.50,24266.2,1,,Urban,Public
3711,Rose,Montgomery,15,2,0,,,,,Urban,public
3712,Barbara,Contreras,7,3,1,71.60,71914.34,1,4,Urban,Private
3713,Sheena,Wallace,15,6,4,46.80,8127.47,,,Suburban,Governmental
3714,Danielle,Miles,9,2,0,43.70,32274.55,1,,  Suburban  ,  Homeschool  
3715,Leonard,Mays,18,2,0,52.70,30355.72,0,0, Urban ,private
3716,Jackson,Hood,8,4,2,37.20,14822.1,,,  RURAL  ,International
3717,Sylvia,Preston,10,3,1,,25476.05,1,2,Suburban,  Governmental  
3718,Jeff,Berry,7,4,2,39.90,20647.7,1,,Urban, PUBLIC 
3719,,,8,7,5,40.80,42576.11,1,2,Urban,Private
3720,  Marilyn   ,Blanchard,15,8,6,40.90,8329.32,0,0,Rural,PUB
3721,Ricky,Young,12,2,0,38.40,35607.02,1,3,Urban,PRIVATE
3722,Natasha,Sparks,25,4,1,,"20480,53",1,1,Urban,PUBLIC
3723,Isaac,Moses,6,2,0,55.10,20235.42,0,0,Suburban,Gov
3724,Barry,Rose,13,8,6,45.10,23862.21,1,,Urban,PUB
3725,Maureen,Harding,7,4,2,48.30,23366.4,1,5,Suburban,Public
3726,Xavier,Park,6,7,4,47.10,33731.4,1,4,suburban,Public
3727,Dalton,Austin,11,8,6,27.60,25092.2,1,,Suburban,Public
3728,Katherine,Unknown,11,3,1,54.10,42750.61,1,1,suburban,Private
3729,Kelli,Spears,11,6,4,26.30,45464.78,1,4,Suburban,PVT
3730,Tiffany,Salas,13,2,0,57.10,35235.96,1,6,  Urban  ,unknown
3731,Unknown,Meadows,14,8,6,39.70,approx 25.0k,1,1,RUR,Home School
3732,Sherri,Christian,16,4,2,,90554.93,1,5,URB,NA
3733,Victor,Cannon,6,3,1,39.10,13666.04,,,URB,PUB
3734,,Waller,16,4,2,53.40,31004.11,1,5,countryside,Public
3735,Madeline,Rowe,17,5,3,,40121.41,1,6,Rural,?
3736,Anthony,Stuart,9,4,2,55.60,32484.52,0,0,SUBURBAN,Public
3737,Andre,Dougherty,4,7,5,39.50,72927.8,1,,SUB,Private
3738,Claudia,Miller,6,3,1,37.50,78870.73,1,1,Urban,Private
3739,Sandra,Hendrix,9,7,4,37.80,21261.03,1,1,Suburban,  public  
3740,Daniel,Castillo,18,2,0,40.90,,0,0,Urban,  Public  
3741,Denise,Ryan,11,5,3,44.20,39808.43,1,5,Urban,International
3742,Shelly,Glenn,8,2,0,25.60,21093.86,1,4,city,Gov
3743,Bailey,Hardin,8,7,5,48.10,76204.17,1,4,Village,Private
3744,Raymond,Campbell,6,4,2,49.30,"26,472.44",1,1,RURAL,  public  
3745,Gary,Roberson,14,4,2,35.00,17598.98,1,1,Rural, homeschool 
3746,Brittany,Roy,10,2,0,38.20,,0,0,Suburban,Public
3747,Arthur,,18,7,5,55.80,34151.28,1,3,Urban,  private   
3748,Sheena,Wilcox,13,5,3,,,1,4,  city  ,Public
3750,Erika,Russell,10,4,2,,7508.51,0,0,Urban,Governmental
3751,Brian,Bates,7,2,0,32.70,54778.26,1,10,SUBURBAN,Private
3752,Amanda,Herring,7,4,2,60.30,23546.21,1,2,city,Private
3753,Kathleen,Hardy,6,8,5,26.70,6765.24,0,0,Rural,Public
3754,Glen,Mcintosh,14,3,1,,29465.79,1,5,Urban,International
3755,Jacob,Conway,9,2,0,,30009.0,1,2,Urban,PUBLIC
3756,  Reginald   ,Charles,14,4,2,38.60,24701.65,1,4,Suburban,Public
3757,Angelica,Cain,99,5,3,50.60,54658 EGP,1,5,  Suburban  ,International
3758,Catherine,Martinez,9,4,2,51.80,36661.54,1,3,city,Public
3759,Brittney,Ford,6,3,1,,39650.1,1,1,Suburban, private  
3760,Katie,Delgado,12,9,7,39.20,22319.16,1,2,Suburban,Public
3761,Amy,Black,10,6,4,,37603.39,1,5,Urban,Public
3762,Jennifer,Schmidt,14,2,0,41.50,,,,City,Public
3763,Lucas,campos,8,4,2,22.60,19770.7,1,2,Rural,Home School
3764,April,Malone,13,2,0,37.90,19594.13,0,0,URB,Private
3765,Micheal,Terrell,16,6,4,35.60,61439.0,1,6, Urban ,Intl
3766,Jim,Pearson,11,4,2,31.40,30993.35,1,,urban,Priv
3767,Paul,Horne,13,5,3,43.90,36848.77,1,2,Suburban,Private
3768,Nicholas,Baker,13,4,2,,19816.64,1,1,countryside,PUBLIC
3769,Linda,Hughes,17,6,4,54.10,80295.26,1,8,Urban,PVT
3770,Jesse,Frank,12,9,6,42.30,,0,0, Rural ,PUB
3771,Kathy,Roman,13,6,4,,16113.48,1,1,Rural,Public
3772,Bonnie,Stevens,10,7,5,51.10,17534.96,,,Urban,Public
3773,Zachary,Cohen,8,6,4,35.50,,,,SUB, PUB 
3774,Janice,Navarro,6,2,0,41.80,9761.82,0,0, Rural ,PUBLIC
3775,Darren,Randolph,15,2,0,54.00,32683.3,1,2,Rural,Private
3776,Melvin,Peterson,7,4,2,28.80,25169.89,0,0,Suburban,Private
3777,Deanna,Santiago,13,5,3,42.50,26347.43,1,3,Urban,Gov
3778,April,Leonard,12,3,1,,45498.09,0,,URBAN,Public
3779,Brittney,Haynes,14,7,5,44.40,,1,3,Urban,Public
3780,Charlotte,Cummings,9,4,2,61.70,35858.4,1,,Suburban,Public
3781,Frank,,8,2,0,34.70,35509.81,0,0,Urban,Public
3782,,Gallegos,12,3,1,44.00,34492 EGP,1,2,Sub-urban,private
3783,Bill,Rodriguez,9,5,3,40.40,19983.7,1,2,Suburban,Public
3784,  Johnny   ,Lee,25,4,2,64.70,,1,3,urban,private 
3785,Anita,Holden,17,7,5,41.10,8807.22,0,,  countryside  ,  Governmental  
3786,Unknown,Ellis,8,5,3,42.90,28359.32,1,1,Urban,International
3787,LORRAINE,Lucas,7,5,3,69.80,54355.81,1,3,  Urban  ,Private
3788,Brad,Perez,10,5,3,51.00,approx 23.5k,1,1,Sub-urban, Private 
3789,Thomas,Bell,15,5,3,,23459.49,0,,Urban,Public
3790,Kelsey,Kirby,3,6,4,48.90,104677.81,1,4,URBAN,Private
3791,Unknown,Roberson,15,5,3,53.70,37429.91,1,3,Rural,  Public  
3792,Lynn,Coleman,7,9,7,31.40,18543.94,0,0,Rural,PUB
3794,,Mcclain,8,10,8,50.90,"$9,708",0,0,Urban,Governmental
3795,Christie,Guerra,18,2,0,51.70,43904.14,1,2,Urban, International 
3796,Riley,Sims,11,4,2,40.60,59648.7,1,3,URB,Private
3797,Joanna,Holt,8,2,0,40.70,36963.04,0,0,urban,Governmental
3798,Darin,Porter,9,2,0,42.20,,0,0,rural,Public
3799,Sara,Gibson,11,6,4,48.20,32473.37,1,5,URBAN, Public 
3800,Carolyn,Salazar,11,2,0,67.60,,1,4,Suburban, Gov 
3801,Janet,Miller,12,3,1,35.00,,1,4,Urban,International
3802,Joanna,Dawson,10,6,4,55.20,74524.65,1,6,SUBURBAN,Private
3803,Marissa,,6,6,4,42.70,45897.73,1,4,City,Private
3804,Marvin,Bridges,9,3,1,19.00,40816.47,1,,Urban,
3805,Wanda,Crawford,13,2,0,,29000.27,1,1,Urban,PUBLIC
3806,Stacy,Herring,8,9,6,38.80,21546.34,1,1,RURAL,Public
3807,Dustin,Bauer,13,2,0,,,1,,Suburban,Gov
3808,Whitney,Peterson,11,5,3,53.30,34724.98,1,2,Suburban,Private
3809,Rebecca,Larson,25,8,6,51.60,26732.82,1,4,Urban, Private 
3810,Marcus,Andrews,15,5,2,36.10,"$16,281",1,3,Suburban,Public
3811,Dustin,Conway,4,6,4,38.90,40064.7,1,1,Sub-urban,Gov
3812,Collin,Baker,8,4,2,60.10,,,,urban,Unknown
3813,Erin,shaw,15,3,1,45.10,18967.01,0,0,Suburban,Public
3814,Meghan,Hubbard,17,4,2,65.30,,1,4,Rural,PUB
3815,Tricia,Boyer,18,2,0,44.50,33641.7,1,2,Rural,Private
3816,Christian,Simon,11,4,1,47.00,22235.31,1,,Rural,home-school
3817,Malik,Cannon,12,3,1,47.60,17682.88,1,3,SUB,NULL
3818,Clayton,Mccormick,13,4,2,56.20,,0,0,city,Governmental
3819,Lance,,15,5,3,19.60,34898.57,1,5,NA,Intl
3820,Loretta,Logan,12,5,2,43.80,70143.18,1,2,urban,Priv
3821,  Tanya   ,Le,14,3,1,52.80,49332.03,1,7,Urban,PUB
3822,Grant,Rojas,12,2,0,63.40,approx 49.5k,0,4, city ,Private
3823,,Duke,12,2,0,53.30,,1,,Sub-urban,Public
3824,Nathan,Cortez,7,4,2,35.30,,0,0,Sub-urban,Public
3825,Jennifer,Burke,9,5,2,43.70,11809.71,0,0,Suburban, private  
3826,Louis,Porter,9,4,2,,14534.84,,,rural,Public
3827,Tiffany,Harrison,6,2,0,48.60,43681.8,1,2,City,Public
3828,Mitchell,Wallace,5,6,4,40.00,22560.65,0,,URBAN,Public
3829,Paige,BENITEZ,9,6,4,53.40,35055.79,1,3,Suburban,Priv
3830,Alec,Nguyen,10,2,0,38.90,,0,0, Suburban ,Public
3831,Virginia,Cohen,11,5,3,44.30,17993.55,1,1,Suburban, Public 
3832,Tom,Bridges,13,11,9,,37212.7,0,0,RURAL,PUB
3833,Janet,Nicholson,11,4,2,40.10,45332.51,1,5,URB,  Private  
3834,Derek,Lamb,10,5,2,36.10,21621.23,1,,Suburban,Public
3835,Kurt,  Parker   ,7,3,1,59.60,10863.86,1,2,Rural,unknown
3836,Megan,,14,6,3,34.90,50106.36,1,,urban,Public
3837,Jared,Roberts,10,2,0,34.80,41442.12,1,1,Suburban,Homeschool
3838,Shawn,Finley,9,6,4,47.20,42258.4,0,0,Urban,Private
3839,Henry,Trevino,10,5,3,33.40,26962.29,1,5,City,Priv
3840,Mason,Sherman,8,2,0,,16284.59,1,5,  urban  ,Public
3841,Katrina,,9,5,3,46.20,25383.13,0,0,Suburb,Public
3842,Reginald,Stephens,8,3,1,55.70,55502.31,1,3,Suburban,Public
3843,Makayla,Medina,9,6,4,51.10,,0,0, Rural ,public
3844,Jade,Carter,13,2,0,47.90,26267.81,0,0,suburban,PUBLIC
3845,Jackie,Roman,12,2,0,,73107.46,1,5,Urban,Private
3846,Stephen,Ball,16,5,3,,,1,1,?,Homeschool
3847,Kim,Roberts,15,8,6,43.30,27719.32,1,2, Urban ,Homeschool
3848,Alexander,Chang,18,2,0,,,0,0,  Sub-urban  ,  Private  
3849,Craig,Watts,13,6,4,49.40,41888.24,0,0,Urban,Public
3850,Judith,Elliott,12,5,3,55.70,,1,1,Suburban,Public
3851,Olivia,Gregory,9,2,0,22.00,,,,Rural,  Governmental  
3852,Annette,Kelly,13,4,2,19.60,17598.04,1,2,City,Public
3853,Leah,,8,8,6,35.80,28699.8,1,1,SUB,Public
3854,Sue,Rose,5,5,3,47.20,10731.54,0,0, Suburban ,Public
3855,Jeffrey,Cruz,16,3,0,41.80,13874.41,0,-4,Urban,Public
3856,Sierra,Delacruz,6,3,1,39.20,"40441,28",1,2,Urban,Public
3857,Michele,Duarte,12,4,2,45.10,24592.3,0,,Suburban,Public
3858,Frank,Gibson,7,2,0,24.50,17985.22,,,city, Public 
3859,Timothy,Paul,15,7,5,44.70,24916.94,1,,city,  Public  
3860,Elaine,Escobar,15,5,3,40.30,,1,5,suburban,International
3861,pamela,knight,12,4,2,55.70,51790.0,1,2, SUBURBAN ,PUBLIC
3862,Jose,Kelly,15,6,4,27.60,28026.66,0,0,Urban,Public
3863,Cory,Norman,11,8,6,44.00,26873.62,1,1, Rural ,Homeschool
3864,Cesar,Downs,18,3,1,37.60,18334.72,,, Rural ,  Homeschool  
3865,Gregg,Martin,13,6,4,46.80,6465.23,,,RURAL,PUB
3866,Stacey,Jennings,7,4,2,28.40,"8740,86",0,3,Suburban,Public
3867,Meghan,Murphy,11,8,6,18.70,18031.35,1,2,  Urban  ,Public
3868,Bobby,Stevens,10,6,4,45.60,,,,  Urban  ,Public
3869,Kristi,Le,10,8,6,27.40,19917.65,0,0,Rural,home-school
3870,Dennis,Unknown,5,7,5,37.30,,1,1,rural, Governmental 
3871,Mercedes,Roberts,12,5,3,,32335.82,1,,Suburban,Gov
3872,Jennifer,Fox,6,2,0,19.10,32610.28,1,,Suburb,Gov
3873,Melvin,Hawkins,3,5,3,33.00,43456.47,0,0,Urban,private 
3874,Tom,perkins,9,7,5,51.60,,1,7,Sub-urban, PUBLIC 
3875,Katie,Gaines,8,5,3,,39482.76,1,1,city,Public
3876,Holly,Schneider,7,2,0,,,0,,Suburban,Gov
3877,Harry,Shaffer,3,4,1,32.70,37844.35,1,3,Suburban,Private
3878,Gail,Marsh,7,6,4,75.10,50134.26,1,,Suburban,  Public  
3879,Claudia,Ingram,10,2,0,49.10,44255.48,1,4,Urban,Public
3880,Jerry,Duran,8,3,1,51.40,23216.24,0,0,Suburban,  Public  
3881,Pamela,Gillespie,12,4,2,37.90,40608.09,1,4,urban,Public
3882,Ebony,Carlson,16,8,6,26.90,,0,0,Urban,Public
3883,Shelby,Murphy,12,3,1,49.50,,1,1,Urban,PUB
3884,johnny,Charles,14,4,2,42.50,38435.54,1,2,  Urban  ,PUB
3885,Hannah,Buckley,14,3,0,49.70,61038.12,1,5,  Urban  , Priv 
3886,Justin,Jenkins,7,5,3,37.60,15103.82,1,4,URBAN,Public
3887,Sydney,French,12,7,5,59.30,29981.97,1,3,URBAN,Public
3888,Ryan,Gillespie,14,8,6,42.40,"37849,57",1,4,Urban,  Private  
3889,Sheryl,Fletcher,9,3,1,,18251.39,,,suburban,Private
3890,Unknown,Morse,8,5,3,43.10,21233.59,0,0,Suburban,Public
3891,Katherine,navarro,12,3,1,29.00,41659.46,1,6,Urban,Int.
3892,Chase,Eaton,5,5,3,34.30,31555.48,0,,Urban,Private
3893,Sierra,Ruiz,45,2,0,,31631.43,0,6, city ,Public
3894,Erik,Chang,8,4,2,35.60,17322.06,0,0,Urban, Public 
3895,Jane,Preston,12,5,3,,25156.41,1,,Suburban,PUB
3896,Adrienne,Everett,11,3,1,,,1,1,Rural,Public
3897,Chelsea,Lynn,14,10,8,38.60,,0,0,City,Private
3898,Jon,Harrison,7,5,3,65.40,22075.59,1,1,Urban,homeschool
3899,Kim,Valdez,7,5,3,40.40,29290 EGP,1,2,URBAN,  Gov  
3900,Joyce,Donovan,12,2,0,33.90,18443.13,0,0,Urban,Public
3901,heather,Wells,8,6,4,57.00,17268.67,,,Rural,  Public  
3902,Walter,  Bird   ,8,4,2,44.40,20936.15,0,0,Suburban,Homeschool
3903,Alyssa,Mooney,4,2,0,,15326.65,1,2,Suburban,Public
3904,Lawrence,Monroe,12,7,5,21.20,5873.9,0,0,RURAL,Public
3905,,Arnold,16,4,2,,43092.59,1,, SUB ,Homeschool
3906,Xavier,  Tate   ,7,4,2,16.40,44822.72,1,3,urban,Private
3907,Sharon,,14,6,4,23.80,16437.66,1,1,Suburban,PUB
3908,April,Adams,10,7,5,,37231.76,1,4,Suburban,Public
3909,  Felicia   ,Boyd,4,5,3,45.90,,1,2,Urban,  PUBLIC  
3910,Kelsey,Eaton,7,2,0,39.00,21613.62,1,1,Suburb,private
3911,Lauren,Bolton,7,2,0,36.90,19117.25,1,1,Suburb,Private
3912,,Reeves,9,3,0,27.70,25522.74,0,0,Urban,public
3913,Ebony,Mejia,12,5,3,53.80,approx 36.5k,1,1,suburban,Priv
3914,Gina,Wallace,17,3,1,49.40,23836.4,1,2,Urban,Public
3915,Joy,Johnson,5,4,2,24.20,24666.43,1,3,Urban,HS
3916,Dana,Estrada,9,3,1,41.00,,1,,Urban,Private
3917,Duane,Rhodes,7,4,2,33.30,26474.56,0,0, SUBURBAN ,Public
3918,Latasha,Vega,6,2,0,57.40,,1,,Rural,Public
3919,Erika,Christensen,11,3,1,45.20,29212.53,1,2,SUBURBAN,Public
3920,Tim,Haney,11,6,4,,44177.2,1,3,suburban,International
3921,Cristina,  Wilson   ,4,3,1,48.40,53143.66,1,3,-,Private
3922,Brianna,Kelly,11,3,1,40.20,,,,Suburban,Public
3923,Monique,Ramsey,6,6,4,42.00,,0,0,  URBAN  ,Public
3924,Terrance,Haney,11,5,3,22.50,51508.2,1,7,Urban,Private
3925,Marissa,Meadows,15,4,2,41.20,21847.99,1,4,Suburban,Gov
3926,Jade,Robertson,12,2,0,68.50,,,,urban,Public
3927,Jeff,Hogan,11,12,10,27.10,,,,Rural,PUB
3928,Ana,Byrd,9,11,9,51.80,23354.08,0,0,Urban,Public
3929,Joy,Duncan,11,2,0,47.80,"21,549.05",1,2,Suburban,PUBLIC
3930,Xavier,Pena,13,4,2,44.10,45284.07,1,1,city,international
3931,Derek,Bautista,12,4,2,,,,, Suburban ,PRIVATE
3932,Dylan,Mccullough,10,3,1,50.80,"42810,68",1,6,Sub-urban,Priv
3933,Dennis,Dalton,11,4,2,39.50,34781 EGP,1,2,Urban,Public
3934,Sue,Stewart,6,2,0,34.90,8454.06,,,Rural,  Public  
3935,Sherri,Gutierrez,8,4,2,45.90,21467.37,1,3,Suburban,private 
3936,Mia,Petty,13,2,0,33.90,39029.26,1,2, Urban ,Private
3937,Luis,Wilkins,14,2,0,38.10,26154.05,1,6,Suburban, Gov 
3938,Sandra,Molina,11,3,1,,36623.13,1,2,Urban,Public
3939,Nathaniel,Tyler,16,2,0,39.90,"18,525.83",1,,  Suburban  ,Public
3940,Gene,Lutz,12,2,0,24.40,40340.95,1,6,Urban,Private
3941,Keith,Silva,10,8,6,45.20,20554.72,1,,Suburban, HOMESCHOOL 
3942,Renee,Vincent,0,6,4,,120618.88,1,8,unknown,Private
3943,Steven,Ramirez,16,4,2,45.60,12385.74,0,0,Suburban,  PUBLIC  
3944,Mia,White,13,6,4,45.70,75650.02,1,6,RUR,International
3945,Glenn,Williamson,17,8,5,26.50,,,,Rural,public
3946,Felicia,Buckley,18,4,2,32.40,51491.58,1,7,Suburban,Gov
3947,,Roberts,6,2,0,40.20,40339.74,1,1,Suburban,public
3948,Jackson,Jackson,6,4,2,47.30,15517.74,0,0,Suburb,PUB
3949,Elaine,Smith,3,6,4,36.90,41345.1,1,5,URBAN,Governmental
3950,Guy,Rodriguez,14,3,1,60.40,19483.14,1,1,SUBURBAN,PVT
3951,Meghan,MCLAUGHLIN,13,10,8,36.40,29767.35,1,2,SUB,Private
3952,Bethany,Lynch,11,2,0,58.70,32251.73,1,5,?,Private
3953,Richard,Cordova,6,4,1,,21117.97,1,3,  Suburban  ,Public
3954,Nathaniel,Brewer,10,5,3,,23439.16,1,3,Urban,Public
3955,Leonard,Reynolds,11,3,1,30.20,"30868,14",1,5, Suburban ,Private
3956,Derrick,Shah,13,3,1,45.70,18086.08,1,1,Urban,Public
3957,Omar,Santiago,11,3,1,35.80,,0,0, Rural ,Gov
3958,Tiffany,garrison,13,7,5,37.50,50273.68,1,1,City,Public
3959,Johnathan,Meadows,10,2,0,44.70,37632.09,1,1,city,Governmental
3960,Gregg,Richmond,15,3,1,40.70,,0,6,Sub-urban,Public
3961,Wanda,Mcguire,13,3,1,30.10,17123.31,1,6,Urban,  Gov  
3962,Jennifer,Reeves,6,2,0,37.60,9181.25,0,4,Urban,Public
3963,Janice,House,16,3,1,,42206.5,0,0,Suburban,International
3965,Stefanie,Franco,12,4,1,48.80,,1,,  Suburban  ,Public
3966,Roger,Sawyer,12,3,1,40.50,42502.07,1,3,urban,Private
3967,Bryan,Herrera,16,8,6,56.00,"88612,27",1,2,URBAN,Private
3968,Jason,Khan,5,2,0,,,,,Suburban,Private
3969,Eddie,Obrien,15,4,2,50.70,18245.88,1,,Suburb,PUBLIC
3970,Jasmine,Sampson,9,5,3,42.50,,1,1,Rural,Public
3971,Chris,Trevino,14,6,4,55.20,,1,1,Urban,Public
3972,Angel,Watkins,11,7,5,25.30,24274.17,1,3,Sub-urban,Public
3973,Phillip,Clements,6,9,7,56.50,13780.95,,,countryside,Governmental
3974,ROGER,Flores,9,4,2,50.00,33694.16,1,1,Urban,Public
3975,Walter,Cobb,14,4,2,65.50,,,,Rural,Public
3976,Erik,Mercado,10,2,0,,23839.57,0,0,urban,PUBLIC
3977,Glenn,Roach,8,4,2,33.40,29765.92,0,0,Suburban,Private
3978,,Castillo,8,6,4,53.40,,1,1,Urban,Governmental
3979,CATHERINE,Callahan,13,8,6,47.70,13254.04,,,Rural,PUB
3980,Sheryl,Collins,17,5,3,20.40,,0,0,RUR,Public
3981,Lindsay,Roy,3,2,0,42.20,31264.46,1,4,Urban,PUBLIC
3982,MELVIN,,18,5,3,36.90,35628.62,1,1,SUB,Public
3983,William,Cannon,99,4,2,38.90,40977.37,1,1,Urban,Private
3984,,  Foley   ,13,5,3,39.10,,,,  Urban  ,Private
3985,Antonio,Campos,9,3,1,36.10,,1,5,Suburban,Private
3986,Brian,Bradford,10,5,3,54.10,26436.85,0,0,null,PUB
3987,Terrance,Dillon,11,6,4,33.00,24774.9,0,0,urban,Public
3988,Shelby,Goodman,7,5,3,31.30,18088.88,1,1,City,PRIVATE
3989,Dan,Osborne,8,6,3,34.80,88791.12,1,3,Urban,Private
3990,Earl,Dickerson,15,2,0,53.20,108871.63,1,4,urban,NULL
3991,Hailey,Ramirez,5,2,0,35.50,,1,6,Urban,International
3992,Anita,Harper,12,5,2,49.40,31785.92,1,5,Urban,Public
3993,Teresa,Glass,9,11,9,53.10,20728 EGP,1,1,Rural,PVT
3994,Pamela,holder,7,8,6,41.70,67512.63,1,1,URBAN,Priv
3995,Paula,Carter,18,5,3,55.00,15026.75,,,countryside,Public
3996,Brooke,Bradford,7,5,2,41.40,40043.29,1,3,Urban,Public
3997,Randy,Chavez,6,7,5,55.40,28997.66,1,3,Suburban, Homeschool 
3998,Janice,Richmond,10,4,1,57.70,85418.87,1,3,Urban,Private
3999,,Andrade,8,3,1,40.10,65511.45,1,5,Urban,  private   
4000,  Angela   ,Patel,11,7,5,42.80,23720.99,0,0,Suburban,Private
4001,Benjamin,Alvarado,11,5,3,49.90,68787.54,1,4,Urban,Private
4002,Gavin,Hogan,11,4,2,33.10,29669.85,1,5,URBAN,Public
4003,Russell,Mills,10,6,4,29.00,22022.55,1,1,Urban,unknown
4004,Connie,Gordon,8,3,1,34.80,21874.24,0,4,Suburban,Gov
4005,Calvin,Wise,13,5,3,,32243.64,1,2, city ,International
4006,Jonathon,Bates,10,6,4,13.30,19306.99,1,3, Urban ,null
4007,Dennis,Gallegos,9,4,2,65.10,"22366,28",1,6,Urban,Public
4008,Michele,Lindsey,16,3,1,32.40,,1,4,Sub-urban,PUB
4009,Cheyenne,Wu,10,6,4,51.60,,0,0,RUR,Public
4010,Cristina,Valdez,14,6,4,50.00,33826.53,1,5,City,Home School
4012,Trevor,Hughes,15,2,0,53.90,42307.41,1,4,SUB,Public
4013,Tricia,Bray,13,4,2,31.70,21729.19,1,1,RURAL,PUBLIC
4014,Martha,Navarro,10,6,4,59.50,12821.76,0,3,Urban,public
4015,Melinda,Palmer,10,6,4,32.20,15937.79,,,Suburban,Public
4016,Marcus,,10,7,5,33.10,22957.65,1,3,suburban, Public 
4017,Calvin,Reyes,3,5,3,59.00,50491.4,1,3,City,  Homeschool  
4018,Xavier,Strickland,13,4,2,39.70,18839.86,1,2,SUBURBAN,Public
4019,Tamara,Kennedy,11,3,1,56.00,13083.86,1,,SUB,Homeschool
4020,Shane,Bray,13,2,0,37.50,"65,943.82",1,6,Urban,Private
4021,Robin,Dalton,10,5,3,63.60,19846.58,1,1,URB,  Public  
4022,Janet,Durham,13,7,5,,,,,city, Public 
4023,Debbie,Harrington,6,9,7,49.40,33692.63,1,4,Urban,Private
4024,Manuel,Hayes,6,3,1,34.20,24895.91,1,2,SUB,  Public  
4025,Hector,,3,4,2,40.00,19436.94,1,4,Suburban,Public
4026,Ronald,Wells,10,4,2,56.20,25596.28,1,3,SUB, Priv 
4027,Tasha,Liu,8,2,0,30.60,15378.61,0,0,SUB,Governmental
4028,Rachel,Bird,7,3,1,,22440.68,0,0, Urban ,PUBLIC
4029,Stacy,Singh,12,2,0,51.00,29147.63,1,2,City,private
4030,Jorge,Unknown,9,7,5,15.30,,0,0,SUBURBAN,  Homeschool  
4031,Rita,Ball,5,6,4,,50276.15,1,,urban, Private 
4032,Joy,Harper,18,5,3,40.10,13973.29,0,0,Urban,public
4033,Madison,Spears,10,4,2,41.30,,,,Sub-urban, public 
4034,Arthur,Preston,7,6,4,34.10,44359.6,1,4,  Suburban  ,Private
4035,Taylor,Park,8,4,1,37.80,40664.93,0,0,urban,Public
4036,Melvin,farrell,10,4,2,,26850.18,1,2,NA,Private
4037,Kaylee,Mays,10,5,3,54.60,,0,0,Urban,Governmental
4038,Ethan,Mercado,15,2,0,20.90,18340.66,1,2, Suburban ,Public
4039,Ryan,Russo,10,4,2,22.30,22722.56,0,0,SUBURBAN,NULL
4040,Brandy,Keller,17,2,0,,23648.75,1,1,Suburban,Public
4041,Erin,,9,4,2,39.90,55702.5,1,3,city,Private
4042,Todd,Chapman,12,2,0,,,1,2,Suburban,Private
4043,Kristen,Dodson,14,10,8,42.10,41696 EGP,1,3,URBAN, Governmental 
4044,Tim,Adams,15,5,3,53.00,19074.06,1,4,Suburban,Gov
4045,Melvin,Robinson,15,2,0,,33454.02,1,4,RURAL,Private
4046,Sabrina,Reese,10,4,2,34.50,21498.46,1,3,Urban,  Homeschool  
4047,Hector,Parks,99,7,4,41.70,6044.89,1,4,suburban, Public 
4048,Gabriella,Landry,3,4,2,56.60,,,,Urban,Public
4049,Monique,Lawrence,10,3,1,43.70,,0,0,SUB,home-school
4050,Stanley,Ingram,14,3,1,,20720.81,0,0,Suburban,Private
4051,Phyllis,Harris,14,6,4,43.10,26955.54,1,5,Unknown,Public
4052,Dominique,Schneider,10,2,0,51.60,,0,0, Suburban , PUBLIC 
4053,Anna,Sampson,17,8,6,14.80,,1,3,RUR,Homeschool
4054,Victoria,Shaffer,9,3,1,37.90,11678.49,1,4,SUBURBAN,Public
4055,Lacey,Velez,8,4,2,36.00,15996.87,0,0,rural,  Home School  
4056,Javier,Sweeney,9,2,0,,"$18,594",1,5,Urban,Public
4057,Annette,Townsend,6,2,0,46.80,29895.6,1,1,Village,PUB
4058,Gary,Alvarado,13,3,1,49.80,32641.07,1,1,URBAN,Gov
4059,Colin,Morton,12,5,3,,"71871,35",1,2,Urban,Priv
4061,Jeff,Colon,9,5,3,55.50,96703.17,1,4,Urban,private 
4063,Rodney,Hogan,3,4,2,28.90,22233.25,1,,City,HOMESCHOOL
4064,Evelyn,Fitzgerald,12,2,0,44.70,,1,4,Sub-urban,  Private  
4065,Brooke,Nicholson,11,3,1,34.80,10876 EGP,0,0,URB,  Gov  
4066,Teresa,Schmitt,7,6,4,44.80,21939.12,1,1,Urban,PRIVATE
4067,MIA,Schmidt,10,9,6,44.40,,,,RUR,Homeschool
4068,Vanessa,Krause,10,6,4,53.30,9310.97,0,0,Suburban,Public
4069,Vanessa,Hoffman,17,2,0,28.00,9538.34,1,3,-,PUBLIC
4070,Connor,Daugherty,7,2,0,43.60,35926.0,1,,Suburban,public
4071,Maria,Drake,12,5,3,,8258.69,,,countryside,Public
4072,Terri,Carney,7,2,0,,"25,845.03",1,1,city,Private
4073,  Martha   ,Christensen,8,8,6,50.20,48559.92,1,3,Urban,n/a
4074,Xavier,White,11,6,4,49.70,22133.33,1,, rural ,  PUB  
4075,Gene,Unknown,10,3,1,74.00,37333.86,0,0,Urban,Private
4076,Kaitlyn,Tran,10,2,0,44.10,57965 EGP,1,3,urban,  PRIVATE  
4077,Katrina,Little,12,6,4,38.80,,1,2,Urban,International
4078,Rodney,Berg,9,2,0,37.70,14936.24,1,1,Urban,Public
4079,Jane,Phillips,14,4,2,39.00,,1,6,RUR,PUBLIC
4080,Collin,Bradley,9,5,3,27.50,,,,Rural,Gov
4081,KAYLA,Phillips,10,2,0,46.80,approx 23.6k,1,4,Suburban,Priv
4082,Raymond,Peck,12,4,2,,,1,2,  SUB  ,Gov
4083,Robert,Robertson,11,4,1,43.40,12802.92,1,,rural,PUB
4084,Olivia,Burgess,13,2,0,42.40,,0,0,Suburban,Gov
4085,Ana,Forbes,12,5,3,49.80,56198.18,1,1,Suburban,Private
4086,Denise,Simmons,12,6,4,,9086.85,0,0,Rural,PUB
4087,Hailey,Vasquez,9,2,0,52.20,,0,,urban,Gov
4088,Maria,West,7,2,0,43.50,29633.03,1,1,URB,Public
4089,Charlotte,Navarro,5,2,0,38.80,12820.22,0,,suburban,Governmental
4090,Caleb,Gutierrez,4,4,2,45.40,23700.06,1,2,Suburban,Public
4091,Tammie,Miranda,17,6,4,41.10,"$42,762",1,4,URBAN,Private
4092,Christie,Hess,3,5,3,55.40,28144.34,1,4,  Urban  ,PUBLIC
4093,Stacey,Frank,15,3,1,26.10,20187.43,1,3,  suburban  ,Public
4094,Joy,Harmon,8,2,0,46.40,23479.7,0,0,SUBURBAN,Public
4095,Jeffery,Keller,15,8,6,39.30,,1,2,Rural, Public 
4096,Tom,Todd,3,5,3,42.90,,1,2,Rural, PUBLIC 
4097,Shane,Hill,10,2,0,,38202.84,1,,Suburban,Private
4098,Lance,Atkinson,16,5,3,63.10,14729 EGP,1,1,Suburban,Governmental
4099,Gary,Singh,13,4,1,,35636.97,1,4,Suburb,Private
4100,Chase,Frederick,9,2,0,35.10,,0,,Urban,Public
4101,Tyler,Berger,4,4,2,47.00,"$40,070",1,1, Urban ,  Public  
4102,Gene,Salas,6,10,8,44.10,28112.53,1,2,Urban,public
4104,Dylan,Church,9,4,2,43.20,29068.75,1,1,rural,Public
4105,FELICIA,Mcintosh,10,2,0,53.30,18928.01,1,1,Urban,Public
4106,Albert,Everett,12,6,4,9.50,16919.5,0,0,Rural,Public
4107,Michelle,Newton,6,6,4,35.90,30236.81,1,3,  Suburban  ,Public
4108,Miguel,Dickerson,12,2,0,42.70,25223.81,0,6,  Urban  ,Public
4109,Kirk,Murillo,9,4,2,29.60,44100.84,1,8,Urban,  Priv  
4110,Carrie,Mcgee,12,3,1,,20566.15,1,4,RURAL, Private 
4111,Jeffrey,Unknown,8,3,1,51.20,21612.76,1,1,Urban,Gov
4112,Julia,Wells,5,2,0,67.00,51195.27,1,5,Suburban,Public
4113,Stefanie,Unknown,9,6,4,54.30,"$34,858",1,2, Suburb ,PVT
4114,,Vincent,13,7,5,45.10,,0,,n/a,Gov
4115,,Clarke,12,4,2,46.60,,0,0,Suburban,PUB
4116,Wendy,Bray,11,4,2,36.90,22680.66,0,0,suburban,Private
4117,Marie,Glenn,14,8,6,35.20,21941.02,1,1,Rural,unknown
4118,Madeline,Greer,10,8,5,37.00,8800.89,0,5,City,Public
4119,Clayton,Mills,11,5,2,47.30,19143.53,0,0,Urban,Public
4120,Cassie,Mendez,9,3,1,31.70,21641.91,0,0,Urban,Private
4121,Alexis,Bennett,14,5,3,48.20,,0,0,Suburban,Public
4122,Cindy,Cole,12,3,1,44.00,,1,2,Urban,Public
4123,,Hall,8,5,3,,27598.47,1,5,SUBURBAN,Governmental
4124,Alex,Reed,5,7,5,33.30,22722.21,1,1,urban,Private
4125,Andrea,Griffith,14,5,3,43.60,,1,5, Suburban ,Public
4127,Mark,Haynes,11,10,8,52.60,22755.58,1,3, SUB ,Public
4128,Lindsey,Gillespie,18,10,8,41.80,11189.88,1,1,Suburban,PUB
4129,Sophia,Garza,13,3,1,39.10,57094.69,1,5,Suburban,Public
4130,Francisco,Morgan,16,5,2,,,1,2,Suburb,International
4131,Brett,Olson,9,6,4,41.60,22919.86,1,1,Urban,PUB
4132,Kristen,Griffin,14,6,4,35.30,13803.23,,,SUB, Public 
4133,Jenna,Willis,11,4,2,55.50,47573.51,1,1,Urban,Priv
4134,Brenda,Hart,12,2,0,25.50,41183.79,1,2, Urban ,Public
4135,Thomas,Watts,18,3,1,40.10,83375.51,1,6,URBAN,Private
4136,Dale,Richmond,1,5,3,51.40,96528.42,1,12,unknown,Private
4137,Kelly,Chan,11,2,0,25.70,,,,Urban,Public
4138,Dakota,BRYAN,7,5,3,34.20,48400.37,1,2,SUB,Private
4139,Travis,Williamson,14,3,0,49.60,,0,4,Suburban,Public
4140,Jose,,8,5,3,,40215.13,1,4,Urban,Private
4141,Jenny,Frey,14,4,1,32.90,45607.0,1,4,N/A,private 
4142,Maurice,Gutierrez,5,5,3,38.00,38359.33,1,2,SUBURBAN,PUB
4143,Shelly,Richards,12,5,3,37.80,44364.87,1,4,Suburban,Private
4144,Ryan,Unknown,8,3,1,58.50,18804.5,0,0,Suburb,Public
4145,Kathleen,Everett,13,4,2,26.00,,,, SUB ,PUB
4146,Stanley,Nicholson,10,6,3,50.10,32951.83,1,3,Rural,Private
4147,Jennifer,Washington,9,5,3,53.00,18408.17,0,0,?,Public
4148,Gavin,Watkins,9,6,4,45.80,,1,12,Sub-urban,International
4149,Lori,Roberson,7,4,2,26.20,19527.78,1,1, Urban ,Public
4150,Kaitlin,Baird,14,2,0,55.90,24113.82,0,0,Urban,Public
4151,Megan,  Hampton   ,7,2,0,39.70,15448.61,0,,rural, Public 
4152,Alexandria,,10,6,4,37.10,,0,,RURAL,Public
4153,Eduardo,Gibson,12,6,4,27.10,12759.14,,,Urban,Public
4154,Andre,Long,16,5,3,45.60,49100.23,1,4,Urban,PVT
4155,Shelby,May,10,2,0,24.70,,1,2,Rural,PUB
4156,Ronald,Reynolds,10,3,1,26.10,118873.43,1,8,Urban,private 
4158,Paige,Cain,1,5,3,19.90,approx 16.9k,0,0,Urban,private
4159,Lawrence,Bowman,6,4,2,46.10,37463.41,1,3,urban,  home-school  
4160,Jesus,Morris,9,2,0,,7676.74,0,0,Urban,Public
4161,Jaclyn,Wallace,8,4,2,56.80,21301.6,0,0,Suburban,Public
4162,Zachary,Hood,5,4,1,,26557 EGP,1,1,city,private 
4163,Jean,Mckinney,14,2,0,42.10,,1,2,city,Public
4164,Diana,Hudson,11,4,2,56.90,,0,-1,Rural,Public
4165,Jacob,Eaton,11,5,3,31.40,68824.34,1,2,Urban,Private
4166,Sandra,mays,8,7,5,66.20,28304.83,1,,SUBURBAN,Public
4168,Dorothy,Foster,12,4,2,53.60,,0,0,null,  Public  
4170,Darrell,Collins,99,6,4,43.80,22413.46,1,,SUB,  public  
4171,,Fowler,8,4,2,49.90,,0,0,Suburban,Public
4172,Gregory,Cervantes,11,6,4,42.90,9383.92,1,3,Rural,Public
4173,Christy,Sims,15,6,4,37.10,8613.84,0,0,Rural,Governmental
4174,Madison,Dillon,15,8,6,,9688.34,0,0,URB,Governmental
4175,Peter,Choi,15,8,6,31.60,42491.94,1,,Urban,  International  
4176,JOEL,Li,12,5,3,43.20,27673.25,1,4,Urban,PUB
4177,Rose,Hopkins,11,3,1,26.90,18200.08,,, SUBURBAN ,
4178,marie,Parker,45,3,1,43.60,43004.45,1,1,Urban,International
4179,Rachel,Carpenter,4,5,3,26.80,,1,2,Suburban,Gov
4180,Caroline,Vaughn,6,6,4,34.30,8192.97,,,Rural,Public
4181,Dennis,Vargas,10,3,1,37.60,"54,969.24",1,4,  Urban  ,PVT
4182,Stacey,FRANK,10,5,3,42.00,104273.64,1,1,  city  ,international
4183,Candice,Livingston,16,4,2,,37284.19,1,1,Suburban,Governmental
4184,Elizabeth,Lynn,15,3,1,50.60,38536.63,1,2,Urban,Public
4185,Jeffery,Harris,8,2,0,35.70,21589.83,0,0, city ,Public
4186,Brittany,Ball,13,3,1,36.10,21864.61,0,0, Urban ,  Homeschool  
4187,  Brandon   ,Ferguson,9,8,5,32.90,19438.25,1,2,Rural,HOMESCHOOL
4188,,Payne,13,9,7,43.50,54453.04,1,3, Suburban ,Homeschool
4189,,James,13,5,3,18.30,"$37,594",1,4,URB, Homeschool 
4190,Luis,Ingram,15,9,7,39.50,50356.19,1,3,City,private
4191,Cameron,avila,9,4,2,44.40,,1,2,Suburban,Public
4192,Zoe,Austin,14,2,0,26.90,41743.91,0,0,unknown,public
4193,Judith,Hurley,4,5,3,40.70,"11858,03",,,Rural,Public
4194,Eric,Rivera,15,5,3,58.00,27641.77,1,3,null,Public
4195,Javier,Lowe,10,5,3,43.30,24069.52,1,3, Rural ,n/a
4196,,Wells,10,4,2,38.90,19107.22,0,0,Suburban,Gov
4198,Mikayla,Livingston,9,6,4,44.80,31239.16,1,,suburban, Public 
4199,Jeffrey,Cunningham,15,3,0,54.70,23762.77,0,0,Suburban,Public
4200,Diane,Allen,9,3,1,37.70,32044.21,1,3,city,n/a
4201,Meredith,Rojas,13,3,1,61.90,approx 36.7k,1,3,Suburban,PVT
4202,Sophia,  Reese   ,11,3,1,45.60,52523.05,1,,unknown,PUB
4203,Norman,Johnson,14,2,0,52.60,42821.51,1,2,URBAN,PRIVATE
4204,Chase,Castillo,11,5,3,45.30,34288.57,0,0,Suburban,Public
4205,Kari,Tanner,7,2,0,53.50,22579.38,1,1,urban,Public
4206,Kari,Bowman,11,3,1,,24568.93,1,,Urban,Gov
4207,Wesley,Gray,16,5,3,,approx 38.2k,1,1,Urban,HS
4208,,Luna,12,4,1,32.60,24348.2,0,0,Urban,Priv
4209,Cathy,Murray,10,3,1,23.30,,1,, URBAN ,Public
4210,Unknown,,18,6,4,38.10,10953.46,0,0,Rural,public
4211,Tommy,Anthony,15,8,6,48.10,73949.84,1,3,Suburban, private  
4212,Alejandro,Terry,13,4,2,56.60,19082.42,1,1,Rural,Public
4213,Dwayne,Gamble,12,4,2,45.00,18405.46,1,1,Rural,-
4214,Jeff,Perry,13,5,3,19.90,22801.17,1,-3,  city  ,Public
4215,Ross,Anderson,13,3,1,41.80,73288.68,1,4,null,Private
4216,Joanna,Parker,3,8,6,35.40,14923.47,0,0,Urban,  Public  
4217,Jerry,Mcneil,12,5,3,37.10,11653.25,0,0,Rural,Public
4218,Heather,,10,3,1,50.90,40924.14,1,5,  Suburban  ,Governmental
4219,Justin,Chapman,9,4,1,37.90,33921.73,1,4,urban,Gov
4220,Noah,Fleming,10,4,2,50.40,21650.37,1,2,Urban,Gov
4221,Cassandra,Kelley,5,5,3,56.30,18930.92,0,0,Suburban,Public
4222,Steve,Phillips,4,2,0,,25336.72,0,0,URBAN,Public
4223,Stanley,Tanner,15,6,4,70.80,31450.71,1,3,Urban,public
4224,Becky,Lambert,19,6,4,53.40,40315.73,1,2,  Rural  ,PUB
4225,Allison,Mora,3,5,3,40.10,41474.71,0,0,Urban,Private
4226,Ana,Coleman,8,4,2,37.00,44928.8,1,1,Suburban,PUB
4227,Alexander,Gilmore,14,3,1,50.10,,0,0,Suburban,Public
4228,Lori,Watkins,9,2,0,60.00,39484.02,1,-2,Urban,Private
4229,travis,Castaneda,15,5,3,40.30,,0,0,Urban,  Public  
4230,Tom,Tran,14,3,1,57.70,32865.39,1,2,Urban,Gov
4231,Kristi,Grant,6,5,3,59.50,18304.06,1,1,RURAL,  Public  
4232,Penny,Parrish,10,2,0,,69687.71,1,7,SUBURBAN,Private
4233,Oscar,,9,3,1,63.30,70029.49,1,3,URB,private
4234,Sharon,Thompson,5,7,5,37.80,14881.26,0,0,Rural,Public
4235,Maria,French,5,2,0,36.30,,0,0,Urban,Public
4236,Desiree,Atkins,8,2,0,36.30,19257.76,1,2,URB,Public
4237,Brent,  Forbes   ,8,6,4,,25284.46,0,0,URB,Public
4238,Penny,Garrison,12,5,3,,52363.11,1,5,Sub-urban,International
4239,Daniel,LAWRENCE,14,4,2,,37354.14,1,2,Urban,  Public  
4240,  Kimberly   ,Valentine,12,6,4,,34026.83,1,8,Suburban,Gov
4241,Rodney,,13,2,0,,46451.49,1,1,,Private
4242,Walter,Castillo,10,5,2,36.40,,,, Suburban ,  public  
4243,Courtney,Baker,13,4,2,39.20,17326.93,1,5,Suburb,Public
4244,Mary,Mccarty,10,2,0,43.30,39581.93,1,3,Urban,private
4245,Gail,Boyer,9,5,3,37.50,19372.17,0,,Urban,Gov
4246,Vincent,Hicks,17,4,2,41.90,11053.2,0,0,Suburban,Homeschool
4247,Evelyn,Ho,3,2,0,43.80,16392.51,1,4,urban, PUB 
4248,Yvette,Roberson,4,7,5,50.60,53098.22,1,8,city,Public
4249,Sandra,Nicholson,12,4,2,35.30,20832.21,1,,  Sub-urban  ,PUBLIC
4250,SHEENA,Schwartz,10,5,3,36.60,28976 EGP,1,2,Sub-urban,PUBLIC
4251,Natasha,Medina,5,4,2,54.40,,0,0,Suburban,Public
4252,Kaitlin,Miller,7,5,3,50.70,"36,631.79",1,7,URBAN,Public
4253,Regina,Eaton,7,4,2,,approx 25.6k,0,0,  URB  ,  Public  
4254,Leon,Fitzgerald,14,4,2,,32709.11,1,2,suburban,International
4255,Heather,Holt,15,6,3,36.80,19676.2,0,,Suburb,-
4256,Rachel,Ingram,16,5,3,60.20,39236 EGP,1,8,Urban, Private 
4258,Unknown,Fry,6,3,1,59.70,"28,447.70",1,2,URB,Public
4259,Kevin,Petty,5,4,2,35.40,25605.85,1,3,Urban,  PUBLIC  
4260,Judy,Ferguson,15,7,5,43.30,17403.57,0,0, Rural ,HS
4261,Unknown,Landry,12,3,1,46.70,34664.99,1,,  Urban  ,Public
4262,Bailey,SMITH,11,5,3,43.00,19492.85,1,1,Suburban,Public
4263,Audrey,Vega,11,6,4,55.10,27839.47,1,-4,City, Governmental 
4264,Debbie,Cox,10,5,3,27.30,32944.1,1,3,Urban, PVT 
4265,Juan,melton,6,5,3,15.60,33834.22,1,4,suburban, Public 
4266,Stacy,Dixon,12,5,3,54.10,24542.29,1,2,  suburban  ,Public
4267,Erica,Thornton,10,4,2,40.70,18253.66,1,4,URB,Governmental
4268,Shelby,Joyce,6,4,2,,31180.55,1,5,city,  Public  
4269,Kellie,Wiggins,13,5,2,44.10,,1,6,City,PVT
4270,,Maxwell,9,7,5,27.30,14282.32,1,4,Urban,Public
4271,Jerry,  Spencer   ,11,10,8,37.70,,1,2,Suburban,Public
4272,Morgan,Herrera,10,7,5,38.60,20656.47,0,0, URB ,Public
4273,Tanya,Molina,14,5,3,38.00,26748.09,1,1,Urban,Public
4274,Jeff,Mullen,11,9,7,54.30,7644.16,1,,Suburban,PUB
4275,Pamela,Mora,7,10,8,48.00,23523.37,1,1,Rural,Public
4276,Tommy,Mcintosh,12,4,1,34.90,26892.63,1,3,Urban,PVT
4277,Oscar,Walter,12,3,1,31.00,,0,0,Unknown,PUBLIC
4278,Laurie,  Fuller   ,12,3,1,52.10,,0,0,Urban,Public
4279,Brittany,Fry,14,5,3,38.80,25202.0,1,2,Urban,international
4280,Ebony,Roman,8,6,4,42.20,11216.09,1,1,urban,PUB
4281,Jared,Hernandez,13,6,4,57.00,43641.06,1,7,Suburban,Public
4282,Joy,Malone,4,3,1,66.90,32950.38,1,2,Urban,Public
4283,Jon,Finley,10,6,4,,24909.49,1,3,  Rural  ,Public
4284,Sara,Copeland,10,5,3,50.50,,0,,Urban,Public
4285,Molly,Ruiz,16,6,4,42.30,21509.61,1,1,?,Public
4286,Gabriel,Baker,10,3,1,43.60,20674.29,0,2,Urban,Governmental
4287,Heather,Mcconnell,13,4,2,45.30,26746.05,0,0,URBAN,Private
4288,Marcus,Galvan,4,4,2,49.00,31071.82,0,-1,Suburb,public
4289,Jeanette,Pearson,9,3,1,65.00,28608.64,1,3,URBAN,PRIVATE
4290,Zachary,Brewer,7,2,0,47.10,39919.92,0,,Suburban,Gov
4291,Samuel,Randolph,18,4,2,55.00,27625.45,0,0,Suburban,PUB
4292,Corey,Chang,8,2,0,36.80,19836.53,0,0,Suburban,Private
4293,Megan,Freeman,11,6,3,45.60,27271.14,1,5,Village,private
4294,Emma,Mcguire,11,3,1,24.60,53077.54,1,3, Urban ,Public
4295,Keith,Atkinson,5,3,1,16.00,26854.21,0,0,Suburban,public
4296,Nathan,Strickland,9,5,3,72.90,53362.26,1,4,Suburban,Private
4297,Diane,Lowe,12,4,2,53.60,22482.83,0,0, Suburban ,Public
4298,Benjamin,Howe,11,5,3,33.70,23852.29,1,1,Suburban,-
4299,Andrew,Wilson,3,5,3,47.80,25652.81,0,0,Suburban,Public
4300,Alan,Oconnell,8,5,2,48.90,,0,,Rural,Public
4301,Javier,Stevenson,14,6,4,,25064.33,1,, urban ,Public
4302,Nichole,  Duncan   ,13,3,1,14.50,20066.92,0,0,Urban,public
4303,sonia,Mcdonald,15,4,1,26.80,17209.78,,,Urban,Public
4305,Jenna,Roy,15,4,2,36.40,49468.3,1,3,Suburban,INTERNATIONAL
4306,Kent,Barker,10,6,4,40.90,46528.06,1,4,urban,PUBLIC
4307,Kelli,Cooper,16,2,0,,36807.12,1,8,Urban,Public
4308,Paige,Preston,11,4,2,52.80,34099.67,1,4,Rural,PUBLIC
4309,Christine,Santos,3,6,4,41.90,17336.79,1,4,Rural,homeschool
4310,Kendra,Ramirez,14,6,4,31.10,,0,0,Suburban,Public
4311,Courtney,Wilson,9,3,1,38.60,24533.74,1,1,Urban,Homeschool
4312,Cody,Hudson,9,4,2,44.10,28757.0,1,2,NULL,Public
4313,Andrew,Holden,5,2,0,57.90,22430.29,0,,Urban,Private
4314,Alex,Tanner,16,2,0,39.00,41586.75,1,3,Urban,Gov
4315,Unknown,Graves,9,4,2,49.70,49739.11,1,4,Urban,Private
4316,Valerie,Johnston,16,8,6,27.40,9870.76,0,0,Suburban,?
4317,Lance,Yang,9,4,2,26.80,27446.58,0,,Urban,Public
4318,Kaylee,Ballard,7,4,2,54.90,6022.65,1,1,Urban,Gov
4319,Sheena,Trujillo,15,3,1,33.20,24334.11,1,3,Suburban,PRIVATE
4320,Cristina,Christensen,10,4,2,,28098.92,1,1,city,Governmental
4321,Brett,Preston,10,3,1,51.20,78977.27,1,5,Urban,NA
4322,Kaylee,Carroll,6,5,3,37.30,"66,966.07",1,2,city,private
4323,Kiara,Perkins,9,3,1,49.80,49651.94,1,5,Urban,Private
4324,Sheila,Sampson,12,3,0,,15095.37,0,0,SUBURBAN,Public
4325,Kimberly,Bautista,6,2,0,,16989.84,,,Urban,Public
4326,Bradley,Unknown,9,3,1,34.80,16271.5,1,,city,  Public  
4327,Linda,Ortiz,9,4,1,44.20,59257.02,1,,SUBURBAN,Governmental
4328,Joel,Floyd,11,4,2,50.90,,,,Suburban,  Public  
4329,Tara,Salazar,16,4,2,50.40,"20700,98",1,4, Sub-urban ,PUBLIC
4330,Darius,Knapp,9,6,4,,10458.05,1,1,Rural,Public
4331,Lawrence,Mcintosh,8,3,1,57.90,12810.3,0,0,SUBURBAN,PUB
4332,Lorraine,Alexander,18,2,0,48.40,35701.18,1,3,Urban,Public
4333,Steve,Fleming,9,2,0,24.30,27843.05,0,0,Suburban,  Homeschool  
4334,Alexis,Carr,10,5,3,36.40,"$8,747",0,-2,City,Governmental
4335,Alisha,Richardson,9,4,2,38.20,14529.49,0,0,Urban,Gov
4336,Adrienne,Keller,10,8,6,26.40,19739.04,1,2,Rural,Private
4337,Riley,Benitez,11,2,0,50.00,,1,2,Urban,Private
4338,,Beck,14,2,0,26.40,23848.76,1,,Urban,Public
4339,Alejandro,DELEON,12,4,2,41.90,41486.48,1,4,Urban,PUB
4340,Chad,Bird,14,7,5,25.40,7756.85,0,0,Rural,Private
4341,Andrea,Espinoza,14,2,0,50.60,21434.45,1,,city,home-school
4342,Grant,Kane,11,2,0,23.30,22809.23,1,1,  RUR  ,International
4343,Deborah,Drake,12,2,0,44.40,20803.73,1,1,city,PUB
4344,Unknown,Scott,14,2,0,57.10,30390.97,1,2,SUB, Public 
4345,Lacey,Le,6,2,0,27.60,15828.6,1,3, Urban ,  Public  
4346,Paul,Sherman,18,2,0,42.60,18899.35,0,,Urban,PUBLIC
4347,Terrance,Banks,9,2,0,,,1,3,urban,Public
4348,Roger,Garrett,9,4,2,,9591.0,0,0,URB,Public
4349,Marilyn,York,6,5,3,30.60,"$22,885",0,0,Urban,Homeschool
4350,  Grace   ,Owen,6,5,3,,,1,5,urban,Governmental
4351,,Wu,14,4,2,31.80,"24025,25",1,4,Suburban,Governmental
4352,Jeffrey,Parrish,18,7,5,37.60,48443.66,0,0,  Suburban  ,NULL
4353,Patricia,Nicholson,8,2,0,43.70,23955.67,1,2,Urban, Homeschool 
4354,Isaac,Lang,-5,5,3,28.40,,0,0,Suburban,Private
4355,Michelle,TRAN,11,7,4,54.60,30924.59,1,5,Suburban,Public
4356,Daniel,Ferguson,14,10,8,,9478.77,0,2,Rural,Public
4357,Erin,Young,18,3,1,41.10,31864.07,0,0,Urban,International
4358,Craig,Becker,16,9,7,32.30,8458.99,0,0,city,PUB
4359,Nathan,Richards,10,6,4,27.10,14745.94,,,rural,  Governmental  
4360,Gerald,Cooper,12,2,0,55.20,"25247,45",0,0,Rural,Private
4361,Katie,Robinson,13,3,1,48.50,,1,1,  Rural  ,Governmental
4362,Catherine,Decker,10,3,1,61.40,22294.43,1,1,Suburban,Public
4363,Kathleen,Watts,7,2,0,52.80,24878.71,1,2,  SUB  ,Public
4364,Tammie,Joseph,8,7,5,,13050.05,0,0,Village,PUB
4365,Bethany,Fuller,15,6,4,35.80,25233.7,0,0,Urban,Private
4366,Darlene,Greer,15,9,7,62.80,41971 EGP,1,,city,PUB
4367,Timothy,Mcfarland,10,6,4,35.80,,0,0,Rural,NA
4368,Mark,Reeves,11,12,10,38.20,11985.54,,,Village,  Public  
4369,Karen,Ferguson,15,2,0,35.60,,,,Urban, Public 
4370,Leah,Chapman,4,3,1,44.50,42433.09,1,1,urban,Private
4371,,Galvan,9,4,2,41.90,,0,0,  Rural  ,PUBLIC
4372,Marcus,Schwartz,18,4,2,53.50,,0,,URBAN,Public
4373,Melanie,,12,4,2,74.80,40226.94,0,0,Suburban,Private
4374,Sheryl,Pearson,6,2,0,41.00,28125.33,0,0,URB,  Public  
4376,Shelia,Perkins,14,3,1,44.90,40577.22,0,0,Suburban,PUB
4378,Ellen,Mcdowell,11,7,5,,"10476,29",1,1,Suburban,Public
4379,Jennifer,Wood,9,5,3,,48883.86,1,2,Urban,PRIVATE
4380,Nancy,Austin,5,5,3,23.40,,,, Urban ,Public
4381,Alexandra,Reyes,11,4,2,69.50,,1,8,City,Private
4382,Jane,Stuart,10,8,6,32.20,,,,Rural, Homeschool 
4383,Brett,Chambers,10,4,2,25.70,,,,City,home-school
4384,Jeremy,Stewart,9,4,2,71.00,43693.37,1,2,Rural,Gov
4385,Dana,Adkins,7,2,0,46.20,16140.35,1,6,rural, International 
4386,Emily,Obrien,5,5,3,,33217.01,1,1,urban,PUBLIC
4387,Theodore,Patel,8,2,0,30.50,35598.36,1,4,city,Public
4388,Jodi,  Holt   ,14,3,1,50.50,7877.2,1,1,RURAL,Public
4389,,Quinn,11,7,5,21.00,8763.98,0,,Urban,Public
4390,Craig,Herring,10,6,4,29.90,48759.53,1,8,RUR,Private
4391,Jade,Nixon,7,6,3,42.50,,1,1,Urban,Public
4392,Destiny,Higgins,9,8,6,34.50,,1,4,urban,Private
4393,Courtney,Cruz,13,4,2,31.60,38548.27,1,1,,Public
4394,Jackson,Davis,12,2,0,48.10,31776.41,1,2, Urban ,Public
4395,Selena,Cummings,9,7,5,44.30,,0,0,Suburban, Public 
4396,Keith,Espinoza,3,6,4,31.20,88436.1,1,6,Suburban,Private
4397,Raymond,Gamble,8,7,5,47.20,19715.35,1,3,city,Public
4398,Travis,Henderson,9,5,3,20.60,17231.91,1,3,Suburban,PVT
4399,Gavin,Foster,7,2,0,46.70,41787.99,1,7,Urban,Private
4400,Cynthia,Palmer,9,2,0,23.70,,0,0,countryside,Public
4401,Bethany,Stevens,13,3,1,41.50,,0,0,RURAL,Public
4402,Shawn,Carroll,10,6,4,42.20,24071.17,1,1,Sub-urban,Public
4403,Yvette,Payne,14,5,3,35.40,24317.88,1,3,RUR,Public
4405,Karla,Rose,9,5,3,,90829.86,1,3,Urban,Private
4406,Unknown,Faulkner,4,3,1,30.40,10785.76,0,0,urban, Public 
4407,Terri,Moses,9,3,1,33.80,29565.69,1,1,Rural,Public
4408,Bryan,,7,9,7,36.70,,,,Urban, Gov 
4409,Makayla,Logan,15,8,6,44.90,,,,countryside,  PUB  
4410,Erica,Huynh,12,5,3,25.50,21469.45,1,1,Urban,Public
4411,Cesar,Barber,14,6,4,33.70,20730.51,1,5,URB,Public
4412,Zachary,Rodriguez,9,5,2,51.80,13805.71,0,0,Suburban,  Public  
4414,Sharon,,7,3,0,73.60,64032.0,1,2,Urban,INTERNATIONAL
4415,Claudia,Carroll,11,5,3,55.50,27330.89,1,2,Rural, Private 
4416,Mason,Contreras,17,6,4,35.30,24654.24,1,,Suburban,PUB
4417,Sarah,Barker,12,3,1,29.60,,1,4,urban,private 
4418,Aaron,Carroll,9,3,1,,49078.8,1,2,Sub-urban,PUB
4419,Stefanie,Bailey,10,4,2,66.30,27915.52,1,3,  urban  ,Gov
4420,Adrian,Bray,10,4,2,27.20,12155.69,,-3, Rural ,Public
4421,Alec,Hayes,18,3,1,55.30,,0,,Urban,PUB
4422,Walter,Hill,15,2,0,54.70,33454.94,1,3,Suburban,Public
4423,Latasha,King,11,7,4,31.40,24053.41,1,-1,Urban,Governmental
4424,Natalie,Farrell,11,4,2,60.00,33376.24,1,7,Urban,Governmental
4425,Unknown,Woodward,12,2,0,42.50,"27,302.15",1,-1,SUB,private 
4426,Rita,Robinson,12,2,0,,,1,1,city,Private
4427,Jenna,Eaton,9,3,1,42.30,28047.23,1,2,SUBURBAN,Public
4428,Marcia,Walls,7,3,0,22.00,21045.71,1,1,SUBURBAN,private
4429,Francisco,Franklin,-5,7,4,35.20,39232.7,1,6,Urban,Public
4430,Kathryn,Bradford,11,2,0,51.50,48787.39,0,0,Urban,homeschool
4431,JANICE,Foster,14,4,2,59.20,58266.93,1,4,Suburban,Private
4432,Melvin,Larsen,16,4,2,34.30,15615.3,,,urban,Public
4433,Jeanette,Barron,12,4,2,39.90,53317.58,1,4,Urban,Private
4434,Denise,Pearson,12,2,0,52.40,12076.39,0,0,urban,Governmental
4435,April,Lynch,18,4,2,68.80,50532.62,1,2,URBAN,International
4436,Megan,Dalton,11,3,1,49.30,17991.19,1,,Suburban,Public
4437,Carolyn,Buckley,7,6,4,40.40,26511.41,1,1,Rural,Intl
4438,Bruce,  Owen   ,9,4,2,53.70,56582.21,1,3,Suburban,Private
4440,Francis,Bowman,6,2,0,50.10,,1,5,City,Public
4441,Frederick,Camacho,8,5,3,,24242.94,1,,Suburban, Public 
4442,Caitlyn,Melton,14,3,0,,19755.34,1,2,Suburban,Public
4443,Cathy,Mayer,10,3,1,67.90,55183.88,1,2,  URBAN  ,Public
4444,Unknown,Huffman,10,8,6,45.20,24118.19,1,1,Sub-urban,Public
4445,Lindsay,Vincent,14,4,2,28.70,8987.71,,,Urban,PUBLIC
4446,Angel,Callahan,8,6,4,56.50,48353.34,1,8,urban,Priv
4447,Brad,Waters,5,6,4,46.50,46976.49,1,2,city,Public
4448,JADE,Finley,6,4,2,48.70,approx 30.4k,1,2,URBAN,PUBLIC
4449,Vicki,Flores,13,2,0,49.80,19273.35,1,1,Urban,Public
4450,Sylvia,Mcclure,11,4,2,51.30,15707.33,,, Urban ,HS
4451,Michele,Wilson,8,2,0,22.00,19303.77,1,,Urban,Public
4452,Zoe,,6,4,2,,33168.23,1,2,Urban,Public
4453,Molly,Landry,10,3,0,30.70,,0,0,Urban,Public
4454,Cassie,Proctor,15,4,2,43.80,37549.99,1,2, Urban ,International
4455,Evelyn,Mosley,7,5,3,15.60,17852.69,1,4,Rural,public
4456,Thomas,Acosta,8,7,5,54.80,51948.08,1,3,Suburban,Homeschool
4457,Donald,Galloway,6,2,0,54.10,43725.46,0,0,unknown,  Private  
4460,Kayla,RAMIREZ,25,6,4,,18926.64,0,0,Urban,PUBLIC
4461,Alexandria,Carr,11,8,5,28.60,63556.18,1,9,Urban,International
4462,Darren,Clayton,10,12,10,,34957.89,1,,Urban,Gov
4463,Marco,Garza,14,6,4,53.00,35544.33,1,1,Suburban,Priv
4464,Olivia,Unknown,13,5,3,40.80,18105.09,,,SUB,Homeschool
4465,Francisco,Holt,8,10,8,43.40,38817.24,1,4,Urban,Public
4466,Madeline,Oconnor,18,4,2,49.40,,0,,Urban, Public 
4467,Karen,Landry,10,3,1,32.40,49729.89,1,1,Urban,public
4468,Unknown,Stevenson,11,3,0,32.00,,0,0,  Rural  ,public
4469,  Meghan   ,Case,12,7,5,51.30,,0,0,Suburb,PUB
4470,Sarah,Hudson,12,3,1,,,0,0,Suburban,Int.
4471,Brad,Atkinson,16,5,3,49.20,18475.26,1,1,Rural,Public
4472,Breanna,Montoya,8,6,4,31.80,27145.44,1,6,suburban,public
4473,Amanda,Hoover,13,7,5,31.20,10630.94,0,0,city,Public
4474,Elijah,Powers,11,2,0,42.00,36040.85,1,3,Suburban,Public
4475,Jessica,,14,2,0,,48402.7,1,6,URBAN,Public
4476,Joy,Perkins,10,5,3,42.30,22934.27,0,0,Suburban,Public
4477,Omar,Brooks,0,7,5,51.10,48506.32,0,0,urban,public
4478,Jesse,Andersen,13,4,2,54.00,,1,2,Urban,private 
4479,Jeff,Frederick,12,5,3,34.80,39701.63,0,0,urban,Private
4480,Megan,Peters,8,2,0,33.30,9032.44,,, Urban ,Home School
4481,Bethany,Arroyo,15,5,3,35.70,13583.55,0,0, Sub-urban ,Governmental
4482,Emma,Velez,13,2,0,59.00,approx 75.2k,1,3,city,International
4483,Gregory,Juarez,10,6,4,39.50,31110.84,1,1,Urban,Private
4484,Dana,Evans,9,7,5,29.00,31187.86,0,0,URB,INTERNATIONAL
4485,,barry,12,4,2,34.50,,1,5,Suburban,public
4486,Christine,Haas,13,5,3,51.60,18022.73,,,SUB,Governmental
4487,Danny,Aguirre,5,2,0,49.80,49313.71,1,2,Suburban,private
4488,Mitchell,Moon,12,5,3,52.70,67789.3,0,0,Urban,Priv
4489,Xavier,Dixon,13,2,0,,,1,3,N/A,Homeschool
4490,Brittney,Ortiz,3,6,4,59.80,40270.1,1,3,  Urban  , Private 
4491,,Garrett,11,4,2,50.70,"41,967.13",1,2,Urban,International
4492,Kaylee,Willis,13,6,4,47.10,28603.79,0,0,Urban,public
4493,Mathew,Cook,13,5,3,32.50,,0,0,Rural,Governmental
4494,,Cannon,13,4,2,54.10,11720.69,0,0,Suburban,PUBLIC
4495,Jonathan,Pace,9,5,3,30.90,61274.66,1,1,URB,  Private  
4496,Barry,Marquez,7,7,5,24.70,25131.86,0,6,Suburban,Private
4497,Kristen,Carlson,4,3,1,37.60,38653.33,0,0,Urban, PRIVATE 
4498,Joshua,Foley,19,7,5,,"$33,387",1,,Urban,PUB
4499,Ronald,Gonzales,13,2,0,42.90,29549.44,1,2,SUBURBAN,PUBLIC
4501,Rhonda,Salas,8,3,1,55.50,37555.35,1,5,Suburban,private 
4502,Dominique,Watson,13,6,4,38.10,,0,0,RURAL,Public
4503,,Gilmore,5,6,4,41.40,56972.52,1,1,city,Private
4504,Howard,Kane,7,5,3,37.30,17055.82,0,0,Suburban,NULL
4505,Lindsay,Barrett,11,4,2,,,1,2, Rural ,public
4506,Gabriella,Moody,13,3,1,33.50,,1,2,Urban,Public
4507,Vanessa,Hurley,17,5,2,40.60,23350.02,1,3, Suburban ,public
4508,Brett,Rios,10,10,8,,11933.36,1,,Rural,Unknown
4509,Denise,Knight,7,6,4,48.50,25934.21,1,1,Sub-urban, Public 
4510,Rick,Peck,7,5,3,51.90,44554.6,1,4, Urban ,International
4511,Ronald,Peters,8,2,0,54.00,31002.69,1,3,Urban,INTL
4512,Stanley,Haley,18,5,3,46.70,75242.56,1,1,Suburban,PVT
4513,Denise,Lindsey,13,2,0,41.90,26575.78,0,0,RURAL,Priv
4514,Mark,Lucas,15,5,3,30.20,26221.91,1,2,City,  International  
4515,Anita,Yang,10,3,1,25.10,28357.36,1,1,  Urban  ,Gov
4516,Raven,French,10,3,1,39.90,"36598,75",1,4,Urban,public
4517,Casey,Richardson,13,2,0,42.50,43799.51,1,3,urban,Gov
4518,Walter,Cooper,9,4,2,36.50,,0,0,Suburban,Public
4519,Carla,Harris,9,2,0,55.20,36321.3,1,7,Sub-urban,Private
4520,Jenny,Farmer,8,3,1,24.50,13168.06,0,0,Suburban,Public
4521,Marco,Shepherd,9,3,1,26.30,34438.05,1,3,suburban,  Public  
4522,Stephanie,  Dixon   ,11,7,4,26.50,46866.26,0,0,Suburban,PVT
4523,Krystal,Coleman,8,3,1,38.50,30177.52,1,1,Suburban,  PVT  
4524,,Livingston,12,3,0,53.30,,1,1, URB ,Public
4525,Cathy,Schultz,12,9,7,50.90,,1,1,Urban, Public 
4526,Jaclyn,Zavala,10,7,5,53.10,23376.68,1,3,rural,Public
4527,Tasha,Bautista,8,4,2,29.40,7711.22,0,0,city,  PUB  
4528,Debra,Grant,11,2,0,31.80,41582 EGP,1,2,Urban,Private
4529,Devon,Montgomery,9,2,0,50.90,51105.86,1,8, City ,Private
4530,Karla,Keller,11,5,2,64.30,47779 EGP,1,3,SUB,Gov
4531,Ronald,Stevens,14,5,3,40.20,26034.78,1,1,urban,Public
4532,Antonio,Owens,6,9,7,34.20,32571.01,1,4,Suburban,HOMESCHOOL
4533,Teresa,Rodgers,18,2,0,38.10,33352.58,0,,URB,Int.
4534,Sara,Shepherd,10,2,0,31.20,7630.76,0,4,Rural,Public
4535,Stefanie,ESCOBAR,12,7,5,63.80,38552 EGP,1,,Suburb,Public
4536,Martha,Mcgee,8,2,0,45.20,54982.06,1,,Suburban,Gov
4537,Walter,Burgess,15,7,5,56.80,37390.44,1,2,suburban,Governmental
4538,Howard,Gonzalez,10,3,1,47.90,19408.37,1,1,SUB,Public
4539,Katrina,Thornton,9,2,0,51.60,44666.2,1,5, Urban ,private 
4540,Mike,Moss,8,5,3,60.10,60699.9,1,5,URBAN,Public
4541,Shelley,,10,7,5,57.60,32579.24,1,3,RUR,Public
4542,Manuel,Glover,12,8,6,40.30,30175.31,1,1,Rural,  private   
4543,Denise,Osborne,11,8,6,22.90,7147.21,0,0,RURAL,PUBLIC
4544,James,Chen,10,5,3,38.60,21354.51,0,0,rural,Public
4545,Marilyn,West,8,5,3,39.50,36501.37,1,2,suburban,Private
4546,Joanne,,8,2,0,60.30,"$45,309",1,3,  Suburban  ,Public
4547,Miranda,Bowman,9,2,0,48.50,33982.23,1,1,Suburban,Private
4548,Randall,,12,3,1,29.40,69812.84,1,1,Urban,public
4549,Kaitlyn,Marshall,13,3,1,28.00,9364.54,1,,Suburban, Public 
4550,Madeline,Hoffman,13,5,3,38.10,34790.25,1,1,SUB,  Gov  
4551,Ariana,Smith,19,2,0,52.50,33304.52,1,1,Suburban,Private
4552,Alexander,Hardin,12,2,0,39.90,48849 EGP,1,2,URB,Public
4553,Latoya,Wilson,10,8,6,58.60,,1,2,  Suburban  ,International
4554,Tanya,Guerrero,4,5,3,24.60,10524.33,,,RUR,Homeschool
4555,Tanner,Quinn,10,2,0,26.00,68165.72,1,9,city,Private
4556,  Hannah   ,Evans,9,6,4,47.30,46545.84,1,3,urban,Public
4557,Latasha,Roy,7,5,3,21.50,23087.79,0,0,Suburban,Public
4558,Elijah,Clements,8,2,0,34.40,,,,countryside,Homeschool
4559,Lynn,Fisher,11,5,2,44.80,28508.93,1,1,Suburban,Public
4560,Evelyn,Barr,6,5,2,,29945.14,0,0,suburban,Gov
4561,Bruce,Howe,8,3,1,52.40,35869.87,1,,URB,Public
4562,Henry,Atkinson,16,8,6,28.00,21060.99,1,1,City,Gov
4563,Samuel,Reeves,5,3,1,30.20,23983.86,1,5,Rural,  Public  
4564,Jim,Ortega,10,6,4,27.70,23788.39,1,1,Urban,Public
4565,Tonya,Solomon,6,3,1,40.10,58053.28,1,4,Urban,Private
4567,Tracey,Wise,10,5,3,72.80,19016.66,1,3,  Urban  ,PUBLIC
4568,Frederick,Barry,7,3,1,45.90,30728.31,0,-2,urban,PUBLIC
4569,Matthew,Carlson,13,4,2,43.30,43681.94,1,,suburban,PUB
4570,Deborah,Bowman,15,2,0,40.20,34604.32,1,1,City,Private
4572,Melanie,,14,7,5,24.00,47841.03,1,7,urban,Private
4573,Carla,Wolfe,6,5,3,52.30,12293.49,0,0,Rural,Public
4574,Adrian,Marshall,10,5,3,48.70,33198.44,0,0,Urban,  Private  
4575,Marc,Watkins,12,4,2,36.60,17210.52,1,2,City,  Governmental  
4577,Makayla,Pearson,17,2,0,42.70,13608.19,0,0,Rural,
4578,  Chase   ,Duarte,14,4,2,56.30,41992.03,1,3,Sub-urban,  Public  
4579,Sheila,Franco,14,5,3,45.10,"$22,739",0,0,Suburban,Private
4580,Candice,Farrell,18,2,0,39.90,22818.38,0,,Urban,  Gov  
4581,Devon,Kim,11,5,3,44.90,37299.29,1,3,City,PUBLIC
4582,Theodore,Strickland,9,2,0,28.00,9500.45,1,2,Rural,Public
4583,Renee,Dickson,11,5,3,37.30,approx 79.9k,1,2,URBAN,PRIVATE
4584,Joel,Reyes,7,4,2,51.60,28341.73,0,0,Suburban, Gov 
4585,Alex,Gonzalez,11,4,2,61.40,18742.65,1,5,Sub-urban,Public
4586,Elaine,Watson,4,5,3,30.90,20544.79,1,1,Suburban,  Governmental  
4587,Jennifer,Griffin,9,4,2,,30021 EGP,1,2,Urban,NULL
4588,Wendy,Haney,10,7,5,,51416.03,1,3, Urban ,Private
4589,Thomas,Vargas,14,7,5,34.20,18178.87,1,4,Urban,Public
4590,Catherine,Frederick,14,3,1,30.80,,1,2,RUR,Homeschool
4591,Michaela,,7,5,3,49.50,,1,3,rural,Public
4592,Jonathon,Castaneda,18,3,1,,69449.8,1,2, Urban ,HOMESCHOOL
4593,William,,11,2,0,61.70,29718.62,1,1,Rural,Public
4594,Justin,,11,4,2,62.80,,1,7,urban,International
4595,Stephanie,Mendez,5,2,0,49.40,30244.49,1,3,Urban,Private
4596,Rebecca,Peters,8,6,4,35.50,65382.84,1,3,Urban,Intl
4597,Karen,Scott,14,5,3,46.70,34440.97,1,2,RURAL,Private
4598,Diamond,Berg,11,3,1,37.50,43617.73,1,4,Urban,Public
4599,Krista,Duke,11,8,6,20.80,45585.7,1,4,URB,  PRIVATE  
4600,April,Romero,11,6,4,40.80,21439.38,1,6,Urban,Public
4601,Zachary,  Johns   ,5,3,1,42.60,81272.84,1,6,Urban,private
4602,Margaret,Greene,10,2,0,28.10,22363.13,0,0,Suburban,Public
4603,Katie,White,16,8,6,39.00,40450.55,1,2,Urban,private
4604,Tanner,Petty,14,2,0,65.20,37130.13,1,1,  SUB  ,Private
4605,Kim,  Barnes   ,10,2,0,46.90,,,,Rural, Public 
4606,Chase,Clements,16,4,2,63.20,28908.65,1,4,urban,Public
4607,Luis,Duran,6,8,6,42.00,19184.47,0,0,Rural,PUBLIC
4608,Jorge,Bauer,7,5,3,23.50,24043.95,0,0,Suburban,Public
4609,Adam,Kramer,17,6,4,20.00,16788.02,1,2,countryside,  Gov  
4610,Debbie,Ochoa,13,5,3,32.90,67573.87,1,8,Urban,Private
4611,Devon,Gates,9,9,7,,,0,0,Rural,Gov
4612,Maurice,Moss,10,3,1,40.30,"$12,736",,,suburban,Public
4613,Jean,Estrada,8,2,0,44.40,21534.89,1,1,Urban,PUBLIC
4614,Scott,Copeland,11,6,3,44.20,38535.52,1,5, Suburban ,private
4615,,Oconnor,11,4,2,50.10,47237 EGP,1,3,URBAN,international
4616,Devin,Lucas,11,6,4,31.20,35714.22,1,2,suburban,Public
4617,Tony,Lang,6,7,4,40.70,42255.78,1,4,Suburb,public
4618,Dan,Morton,11,4,2,21.90,29460.97,1,2,  Suburb  ,Public
4619,Lisa,Pineda,9,6,4,,,1,1,Urban, Public 
4620,,Stewart,7,8,6,,10200.21,1,2,RURAL, Gov 
4621,Sophia,Bradford,15,4,2,30.70,,0,0,City,Public
4622,Kirk,Finley,18,6,4,16.60,15139.4,1,1,Rural,Gov
4623,Justin,Beltran,17,6,4,40.70,39481.56,0,0,SUBURBAN,PRIVATE
4624,Catherine,  Pratt   ,13,6,4,53.70,,0,0,City,N/A
4625,Gavin,Franklin,10,8,6,27.60,25916.13,1,,SUBURBAN,Public
4626,Tony,,999,6,4,25.90,,0,0,Rural,  Public  
4627,Lauren,Beltran,12,5,2,46.60,70869.65,1,7,  Rural  , Priv 
4628,Kenneth,Nelson,9,8,6,41.10,18882.63,1,3,Urban,public
4629,Mikayla,Terrell,15,4,2,49.10,31771.88,0,0,URBAN,  Gov  
4630,Kaitlin,Garrett,3,5,3,62.00,51619.75,1,2,Urban,Private
4631,Kathryn,freeman,9,5,3,32.70,26193.91,1,3,suburban,private 
4632,Kurt,,13,3,1,27.80,19075.95,0,0,Urban,Public
4633,Hunter,Dominguez,7,3,1,39.80,46386.48,1,3,Urban,PRIVATE
4634,Courtney,perry,10,5,2,26.80,"14,231.95",0,0,Urban,  public  
4635,Mason,Beck,13,3,1,35.20,44717.78,1,2,countryside,Governmental
4636,Helen,Aguilar,16,5,3,42.10,34725.48,1,7,Urban,Public
4637,Henry,Boone,6,5,3,33.80,22261.74,1,1,Suburban,Governmental
4638,Marco,Shepard,6,4,1,50.60,,,,Urban,Governmental
4639,Emma,Barr,7,6,4,24.70,,0,0,Suburb,Public
4640,Ebony,Rush,5,3,0,,24868.29,0,0,Suburban,Public
4642,Kayla,Spears,7,3,1,45.90,29089.62,0,0,  Suburban  ,  Public  
4643,Maurice,Castaneda,15,6,4,46.90,35985.91,1,2,URBAN,Private
4644,Albert,Harmon,9,4,2,65.50,36767.1,1,1,Urban,Public
4645,Benjamin,Martinez,11,4,2,61.00,,1,5,Urban,Private
4646,Gerald,Velazquez,7,4,2,23.50,23324 EGP,0,0,Urban,Governmental
4647,Christian,Salinas,13,2,0,50.30,,1,1,Rural,public
4648,Tracy,Meadows,17,3,1,39.50,23879.64,1,,City,PUB
4649,Latasha,Pineda,7,8,6,43.80,"11,649.43",1,1,Rural,PUBLIC
4650,Carly,Armstrong,17,6,3,34.10,28458.84,1,4,Urban,Public
4651,Rachel,Townsend,12,5,3,,,,-2,Rural,Priv
4652,Tamara,Holmes,11,4,1,41.00,23367.64,1,3,countryside,Public
4653,Johnathan,Delacruz,12,8,6,,7128.16,1,1,Suburb,Public
4654,Todd,Shah,12,6,4,31.60,32251.6,0,0,URB,Public
4655,chad,Torres,17,5,3,23.70,12341.08,0,0,Rural,PUB
4656,Jose,Kelley,12,3,1,,11519.84,,,Rural, PUBLIC 
4657,Cory,Hurst,12,2,0,34.30,,0,0,City,Public
4658,Hunter,Mclean,9,4,1,48.60,14035.68,0,0,Rural,public
4659,Deanna,Huff,14,6,4,52.10,,,,Rural,Public
4660,Wanda,Beard,7,3,1,29.00,"$23,514",1,1,City,Public
4661,Kayla,Haney,11,2,0,32.50,,1,1,Urban,Public
4662,Diane,Lamb,18,5,3,32.80,"31381,77",1,4,URB,PUBLIC
4663,Destiny,Ruiz,3,3,1,23.80,,0,0,Suburban,Public
4664,Gloria,,11,7,5,36.40,,0,0,unknown,Homeschool
4665,Ariel,ESCOBAR,11,7,5,50.10,,1,,RUR,  Public  
4666,Christine,Mcdonald,10,8,6,49.50,19423.88,0,0,URB,Public
4667,,Clarke,10,4,2,43.50,26176.71,0,0,  Suburban  ,
4668,Laura,Hardy,11,7,4,42.90,18791.68,0,0,Suburb,Private
4669,Curtis,Neal,10,4,2,,,0,0,Urban,Priv
4670,Devon,Newman,11,2,0,40.00,approx 15.7k,1,3,Suburban,Gov
4671,Loretta,Villanueva,2,4,2,,approx 9.9k,,,Suburban,Governmental
4672,Anthony,Murphy,18,5,3,64.60,55571.2,1,2,Urban,private 
4673,,Frederick,10,5,3,63.90,60707.58,1,5,  Urban  ,home-school
4674,,Harmon,13,3,1,36.80,37436.56,0,0,  Rural  ,Private
4675,Leslie,Davenport,8,2,0,47.90,21495.18,1,, Urban ,Gov
4676,  Carol   ,Clements,14,4,2,50.10,approx 60.7k,1,4,urban,PVT
4677,Judy,Elliott,13,5,3,46.70,21457.91,1,2,RURAL,  Private  
4678,Allison,Luna,12,6,4,30.70,,0,0,Rural,HOMESCHOOL
4679,Shelby,Howe,7,5,3,23.40,18111.72,0,0,Suburban,Gov
4680,Frank,Sullivan,8,2,0,55.30,27049.14,1,2, city ,Priv
4681,Tonya,Alvarez,17,8,5,54.60,27074.52,1,1,Suburban,Homeschool
4682,Janet,Barajas,8,4,2,40.30,31244.47,0,0,Suburban,Public
4683,Roberta,,13,2,0,22.40,,1,,Urban,Public
4684,Wendy,Osborne,7,4,2,28.70,24546.23,1,3,Urban,  Private  
4685,Mia,Ayala,25,6,3,53.20,62545.52,1,3,Urban, private  
4686,Brenda,Unknown,8,6,4,41.00,24038.68,1,2,  Suburban  ,Homeschool
4687,Heather,Duarte,7,3,1,31.60,15614.18,1,,Rural,Public
4688,Sydney,Colon,8,3,1,,"22708,65",1,2,suburban,Public
4689,Brianna,Bryan,9,3,1,36.50,27937.91,1,3, Urban ,PUB
4690,Craig,Nicholson,12,7,5,56.20,14054.07,0,0,Urban,Public
4691,Cheryl,Unknown,11,8,6,17.60,,,,SUB,Public
4692,Sydney,Shannon,7,4,2,58.10,114152.76,1,9,URB,Private
4693,Antonio,,10,6,3,,11995.29,0,0,Urban,Public
4694,Lisa,Kramer,6,3,1,45.50,19919.95,1,1,Rural,Public
4695,Kaitlyn,Browning,13,6,4,40.10,20710.34,1,2,Rural,Public
4696,Melanie,Carter,13,5,3,,29941.42,1,,Rural,NA
4697,Ariel,Drake,10,6,4,51.90,36378.36,1,4,  city  ,public
4698,Mariah,Cortez,11,7,5,30.70,48531.9,0,0,Rural,Private
4699,Jaclyn,Velazquez,17,5,2,44.90,29196.53,1,6,Suburban,Public
4700,Patrick,Frye,10,11,9,37.40,53708.15,1,, Suburban ,Homeschool
4701,Oscar,Buchanan,7,2,0,26.00,52679.67,0,0, Urban ,private 
4702,Troy,Chan,13,2,0,58.40,69431.41,1,,City, Home School 
4703,Alvin,Mitchell,6,5,3,62.70,30141.57,1,3,City,Public
4704,Kendra,House,10,3,1,39.10,21350.74,0,0, rural ,Private
4705,Michele,Rodriguez,8,4,2,28.60,20888.48,1,4,Suburban,
4706,Unknown,Finley,8,8,6,51.40,18729.68,1,3,Rural,Priv
4707,Renee,Rush,10,5,3,31.60,"$28,803",1,4,  Suburban  ,Public
4708,Rick,Brock,14,3,1,17.80,,0,0,Urban,Public
4709,Alexandria,Murray,14,5,3,29.20,27481.58,1,3,URB,Public
4710,Howard,Frederick,14,7,5,69.00,48505 EGP,1,5,City,private 
4711,Morgan,Walton,12,2,0,49.30,,0,0,countryside,Public
4712,Cory,Powell,10,2,0,49.40,17283.58,0,,Urban, Public 
4713,Jonathon,Long,3,3,1,41.60,56140.12,1,6,city,Homeschool
4714,Nichole,Phillips,12,3,1,30.90,53568.71,1,,Suburban,  Private  
4715,Thomas,Fleming,3,5,3,33.90,18189.09,1,4,-,Governmental
4716,Rita,Powell,4,8,6,44.60,28160.95,1,,Suburban,Governmental
4717,Jade,Anthony,10,9,7,60.30,28483.24,1,1,URBAN,public
4718,Charlene,Padilla,11,5,3,43.80,48890.42,1,2,Suburban,private
4719,Melinda,Ward,9,7,4,42.30,22173.64,0,0,City,Public
4720,  Dustin   ,Patterson,16,3,1,,20779.96,0,0,Suburban,Public
4721,Tara,Holder,12,3,0,32.60,"$53,499",1,2,Suburban,Private
4722,Yvette,Murillo,10,5,3,21.20,,1,4, URBAN ,PUB
4723,  Elaine   ,Beard,15,4,2,12.10,22609.44,1,3,urban,INTL
4724,Chase,Rhodes,16,3,1,,31987.3,1,,Urban,unknown
4725,Gerald,Fry,12,4,2,,68739.1,1,4,urban,Private
4726,Tammy,,8,5,3,,13274.44,0,0,suburban,  Public  
4727,Jessica,Patton,9,7,5,46.60,20114.11,1,3,Urban,Public
4728,Elijah,Moon,5,2,0,54.60,41188 EGP,1,6,Urban,  PUB  
4729,Alejandro,Juarez,10,6,4,45.60,38592.86,1,3,Suburban,public
4730,William,Bowman,7,2,0,49.10,28748.92,0,0, Suburban ,Public
4731,  Micheal   ,Mclean,9,4,2,48.80,16087.59,,,Rural,Public
4732,Janice,Love,11,2,0,40.80,"18,422.15",,, Rural ,Public
4733,Sherri,,3,5,3,,11170.17,0,5,Suburban,Gov
4734,Ray,Clements,6,7,5,54.20,31438.3,1,1,Urban,Private
4735,Oscar,Barr,9,9,7,38.10,,1,4,Suburban,Public
4736,Melissa,Mora,10,5,3,29.40,,,,Suburban,Public
4737,Todd,Brock,9,3,1,37.40,19317.6,1,1,Urban,International
4738,Taylor,,10,6,4,,"$13,790",1,1,Rural,Public
4739,Carol,Shaffer,8,4,2,51.00,21297.4,1,1,Suburban,  INTERNATIONAL  
4740,,Everett,5,4,2,63.00,81858.77,1,4,urban,Private
4741,Edgar,Morse,9,6,4,43.50,,1,6,Suburban,Public
4742,Marco,Donovan,10,8,6,48.90,15955.5,1,2,Urban,Public
4743,Holly,Patel,9,4,2,42.60,26215.06,1,,rural,homeschool
4744,Hunter,Lucas,11,5,3,29.90,20831.65,0,0, Urban ,Private
4745,Joshua,holder,12,2,0,60.70,39467.04,0,0,Suburban,Private
4747,Jane,Nixon,8,2,0,30.50,38271.51,1,2, urban ,Priv
4748,Marilyn,Gonzalez,5,8,6,36.50,10803.96,0,0,Suburban,  Public  
4749,Carol,Vaughan,15,4,2,42.50,38200.77,1,1,Urban,PRIVATE
4750,Travis,Garcia,12,7,5,44.90,33516.33,1,1,Urban,private
4751,Kathryn,Sheppard,7,4,2,61.10,25836.43,0,,City,Public
4752,Ariana,  Mayer   ,11,5,2,35.50,,,,Suburban,Governmental
4753,Shawn,Burke,14,2,0,29.60,19327.02,0,0,Rural,public
4754,Kristen,Skinner,17,7,5,,44277.21,1,2,URB,Governmental
4755,Ariel,Erickson,11,6,4,59.70,19108.06,0,0,suburban,Private
4756,Wanda,Landry,14,5,3,48.70,,,,Village,Public
4757,evelyn,Huerta,6,2,0,46.70,,1,2,Urban,Priv
4758,Darin,Mccoy,10,5,3,,"43,941.81",1,4,Rural,Public
4759,Jorge,Wilkins,9,6,4,55.90,49850.83,1,7,City,Public
4760,,Mcintosh,12,5,3,26.30,"19,461.72",0,0,RUR,NA
4761,Oscar,Johnson,16,4,2,36.40,22386.78,1,2,Suburban,Public
4762,HENRY,Alvarez,11,7,5,29.20,,1,1,Rural,?
4763,Shane,Briggs,7,3,1,57.50,14342.46,,,Urban,Gov
4764,Mason,Good,6,2,0,66.30,27312.18,1,1, Urban ,public
4765,Sylvia,Hubbard,16,3,1,59.00,31759.16,1,,  Rural  ,Public
4766,,Brown,12,6,4,,26155.09,1,1,SUB, Public 
4767,Jordan,Ortiz,12,2,0,22.50,18141.82,0,0,N/A,PUBLIC
4768,Chelsea,Tran,9,3,1,41.70,17241.95,1,1,Suburban,Public
4769,Gabriella,,11,4,2,34.90,25147.87,1,1,SUBURBAN,PUB
4770,Jeanette,Jensen,7,6,4,39.00,15077.36,1,1,Urban,  International  
4771,,Parrish,12,4,2,41.60,18039.06,0,0,Urban,  Public  
4772,Gabrielle,Beltran,6,2,0,63.00,69082.01,1,6,URBAN,Homeschool
4773,Brittney,brandt,9,8,6,,16816.99,,,URB,PUB
4774,,Hendricks,8,6,4,41.50,,1,3,Rural,Gov
4775,Diana,Hudson,3,2,0,59.10,"34899,78",1,1,Urban,Private
4776,GENE,Kramer,9,6,4,44.40,20070.97,0,6,SUB,Private
4777,Gabriel,House,7,4,2,37.20,31217.95,1,3,Urban,Private
4778,Judy,Castaneda,10,8,6,30.00,27572.71,0,0,Rural,Public
4779,,Sheppard,11,3,1,43.10,,1,2,Urban,NULL
4780,Matthew,Alexander,17,5,3,53.90,45018.8,1,5,Urban,Private
4781,Johnathan,Barron,999,4,1,45.00,18577.11,,,Suburban, Public 
4783,Unknown,Phillips,12,5,3,68.20,73655.24,1,3,Suburban, Private 
4784,Gregory,Vaughan,14,4,2,41.10,,0,0,City,Governmental
4785,Glen,Montes,12,3,1,42.50,35414.85,1,4, Suburb ,Public
4786,Monica,Johnston,12,2,0,60.70,55293.81,1,8, Urban ,Private
4787,Alex,Horne,13,3,1,41.20,approx 20.4k,1,2,Urban,Home School
4788,Stuart,Browning,3,7,5,38.10,17725.32,0,0,SUBURBAN,Public
4789,Greg,Joyce,18,5,2,50.00,20894.32,1,2,Suburban,Gov
4790,Patrick,MACK,16,9,7,28.70,,0,0,Village,Public
4791,Kristen,Shepherd,11,10,8,25.10,30839.73,1,3,Urban,Governmental
4792,Brett,Keller,5,3,1,54.50,41811.78,1,4,SUB,Gov
4793,Jean,Murray,999,2,0,62.70,24348.4,1,1,  URBAN  ,Public
4794,Charlotte,Kelly,8,3,1,67.00,42646.69,1,1,Suburban,  Public  
4795,  Xavier   ,Peters,12,6,4,37.00,37069.72,1,2,Rural,PUB
4796,Monique,Rodgers,6,4,2,,37687.46,1,2,urban,Private
4797,Jessica,Coleman,18,4,2,24.00,39696.41,1,1,Urban,public
4798,Mario,Frank,5,6,4,38.20,18459.33,1,4,  SUB  ,Public
4799,Carla,Hendricks,11,2,0,,4053.63,,,Rural,Public
4800,Jon,Pena,3,3,1,37.90,35317.63,1,4, Suburban , international 
4801,levi,Tanner,10,2,0,67.20,46076.66,1,,URBAN,  Public  
4802,Alexis,Duarte,9,2,0,27.60,29241.5,1,,Suburb,Public
4803,Collin,DIXON,15,2,0,48.20,,1,-2,city,International
4804,Katelyn,Gallegos,9,7,4,40.00,,1,3,  RUR  ,Public
4805,Colin,,15,8,6,52.80,22815.23,1,2,RUR,HOMESCHOOL
4806,Anne,Atkins,7,4,2,39.80,38548.76,1,1,Rural,Public
4807,Robin,Benjamin,9,4,2,21.10,24738.53,1,4,  countryside  ,Homeschool
4808,,Avila,10,5,3,61.00,35900.83,1,3,Rural,home-school
4809,Jackson,Barker,12,6,4,36.70,62444.67,1,2,urban,  Private  
4810,Sherri,DUARTE,12,3,1,25.10,8762.52,0,0,countryside,Public
4811,Cody,Dean,13,5,3,38.40,"44,158.89",1,3,Urban,Public
4812,Phyllis,Carr,11,11,9,27.80,21003.09,0,0,City,Public
4813,  Vicki   ,Krause,13,6,4,28.80,16169.53,,,Urban, Governmental 
4814,Calvin,Nunez,7,5,3,41.00,25409.8,0,0,URBAN,Public
4815,Joanna,Foley,12,3,1,,78025.23,1,4,Urban,International
4816,Ashlee,Mcconnell,16,2,0,37.70,18975.61,0,,Suburban,Homeschool
4817,Connor,Bush,4,4,2,23.70,11304.78,1,2,  Urban  ,PUBLIC
4818,kirk,Sweeney,120,3,1,22.10,,0,0, Urban ,Public
4819,Adam,Keller,13,9,7,,38681.19,1,4,Urban,Private
4820,Terrance,Mack,16,4,2,29.30,16859.1,,,  Suburban  ,Priv
4821,Misty,Fox,13,5,3,41.60,,0,,Suburban,Public
4822,Angel,Unknown,11,2,0,33.70,,,,Sub-urban,Governmental
4823,,Unknown,12,2,0,47.80,28051.72,0,0,Suburban,Public
4824,Peggy,Lynch,8,2,0,52.00,39289.68,1,4,Suburban,Private
4825,Lorraine,Phelps,9,3,1,45.60,23268.51,0,0,Unknown,Public
4826,Crystal,,6,2,0,38.20,36568.35,1,4,Suburban,Homeschool
4827,,Nixon,16,2,0,,49178.48,1,2,Urban,Private
4828,Makayla,Bridges,12,3,0,36.00,19321.22,1,1,Urban,Public
4829,Duane,Roth,7,8,6,52.00,16047.84,0,0,Rural,Public
4830,Sydney,Bauer,11,5,3,46.90,21369.82,1,6,Urban,Public
4831,Tommy,Dalton,15,7,5,23.60,23072.21,0,0,RURAL,HOMESCHOOL
4832,Adrienne,Choi,14,5,3,50.70,21232.14,0,0,  City  ,public
4833,Alex,Johns,7,6,4,42.50,13131.28,0,0,Sub-urban, Public 
4834,,Donovan,3,5,3,18.60,30605.12,0,,  Urban  ,PUB
4835,Stephen,Blackburn,12,7,5,35.10,31592.96,1,,rural,Public
4836,Diamond,Caldwell,7,6,3,53.60,22715.78,1,1,Rural,homeschool
4837,DOMINIC,Walls,13,8,6,48.60,51728.25,1,6,n/a,Private
4838,Albert,,14,7,4,60.00,49289.27,1,3,Urban,Private
4839,Yvette,Mosley,15,4,2,48.50,26191.28,1,1, Suburban ,Public
4840,Philip,Carey,17,6,4,44.70,,1,1,Urban,private
4841,Devon,Gregory,15,5,2,46.60,18428.41,,,Urban, Public 
4842,Steven,Beck,17,5,2,30.90,7167.88,1,1,Rural,Public
4843,Kaitlin,Baird,15,6,4,57.10,49229.69,1,,suburban,public
4844,Joseph,Wilson,16,2,0,43.30,24789.3,0,0,,Homeschool
4845,Christie,  Garza   ,10,7,5,39.50,"10,020.38",0,0,Suburban,PUBLIC
4846,Richard,Lewis,6,5,3,61.60,,1,2,Urban,Private
4847,Anna,Stokes,1,2,0,52.30,approx 27.0k,1,1,Suburban,PUB
4848,Unknown,James,11,3,1,50.90,50628.66,1,2,Urban,Private
4849,Tanya,Pierce,15,3,1,,25749.03,1,,Urban,  Gov  
4850,David,Eaton,9,4,2,35.90,19219.86,1,,City,Public
4851,Nancy,Haas,14,2,0,41.30,21920.16,1,-4,Rural,Private
4852,Caitlin,Sawyer,19,5,3,25.50,39765.27,1,4,urban,PRIVATE
4853,Scott,Fisher,9,3,1,48.60,"21,939.73",1,1,Suburban,PUB
4854,Laura,Love,10,4,1,42.70,61232.93,1,6,  URB  ,International
4855,Natasha,Barry,12,3,1,48.60,43045.29,1,4,Suburban,private 
4856,Tyrone,Kelly,14,2,0,37.70,"40,563.35",1,1,Urban,Public
4857,Catherine,Good,7,3,1,53.60,,1,,Rural,public
4858,Shelby,Harmon,13,6,4,21.30,,0,,countryside,Gov
4859,,Goodwin,15,3,1,18.70,57495.37,1,6, Urban , International 
4860,Darlene,Griffin,18,6,4,47.50,8923.21,0,0,Urban,  Public  
4861,  Vanessa   ,Arellano,13,5,3,22.50,16316.98,1,,Rural,HS
4862,Helen,Drake,9,3,1,32.50,32230.05,1,5,Urban,Public
4863,Elijah,Roy,6,6,4,16.30,,1,1,Rural,Public
4864,Derek,Frye,17,5,3,,"16824,2",,,Rural,Private
4865,Sonia,Mclean,13,6,4,52.90,37465.04,1,6, Urban ,Public
4866,Maurice,Washington,10,5,3,,21526.25,1,3,Urban,Public
4867,john,Villanueva,5,6,4,59.00,48280.14,1,1,city, PVT 
4868,Jasmine,Hayes,7,2,0,,35254.96,1,,Suburban,Public
4869,Julia,Fitzpatrick,13,3,1,37.50,23179.48,0,0,Suburban,Public
4870,  Derek   ,Murray,12,4,2,41.60,,0,0, Suburban ,?
4871,Lori,Reynolds,3,3,1,50.60,24346.33,1,1,suburban,Public
4872,Francisco,Holder,13,5,3,52.80,81704.85,1,4,  Sub-urban  ,Private
4873,Nichole,Herman,5,2,0,32.60,19602.54,1,3,Urban,unknown
4874,Chris,Waters,15,3,1,48.00,69004.67,1,5,Urban,private 
4875,Cheyenne,,11,4,2,39.10,,,,URBAN,Public
4876,Toni,Hall,9,5,2,,"18,519.28",1,4,Urban,  Public  
4877,Leslie,Lynch,14,4,2,44.00,22060.71,0,0,Urban,private
4878,Lisa,Ball,12,2,0,45.70,28911.62,1,3, Rural ,PUB
4879,Shelby,Oliver,15,2,0,34.70,30651.79,1,1,city,Public
4880,Carrie,Wilcox,11,6,4,51.50,61116.63,1,4,Urban,Private
4881,Alexandria,Cross,11,2,0,36.80,21312.45,1,1, Sub-urban ,Public
4882,Victor,Delacruz,9,6,4,48.10,24844.14,1,2,Suburb,International
4883,Shelby,Frey,11,4,2,39.50,21358.93,1,3,Suburban,Public
4884,Kristina,Jenkins,17,2,0,40.10,90628.2,1,3,NA,Private
4885,Martha,Frye,9,7,5,37.00,,1,1,City,  Private  
4886,Lauren,,13,4,2,35.30,,1,2,City,Public
4887,Mitchell,Waters,7,5,2,35.40,17363.42,0,0,URBAN,PUBLIC
4888,Karla,Ramsey,3,4,2,43.50,40755 EGP,1,1,city,  Private  
4889,Kellie,Hopkins,11,5,3,38.20,,1,2,Suburban,Governmental
4890,Jamie,Benson,12,8,5,28.60,46731.82,1,3,Rural,Priv
4891,Marissa,randolph,10,6,4,56.90,31081.68,1,2,URBAN, Private 
4892,Regina,Bolton,5,6,4,38.60,37302.25,1,3,Urban,PRIVATE
4893,Dakota,Villanueva,12,7,5,58.80,22130.37,0,0,Rural,public
4894,Alec,Parks,11,2,0,47.40,,1,1,Suburban,Governmental
4895,Cindy,Mccullough,7,2,0,30.00,27362.13,0,0,Suburb,private
4896,Bradley,Sparks,6,4,2,30.40,17972.57,0,0,null,Public
4897,Randy,hudson,10,9,7,47.10,34049.95,1,2,SUBURBAN,international
4898,Edgar,Mosley,13,4,2,28.80,16280.07,1,3, Suburban ,Public
4899,Sue,Rocha,12,2,0,,17229.13,1,2,Urban,public
4900,Peter,Wiggins,7,6,4,48.60,26944.45,1,2,Rural,public
4901,Tyler,Wood,11,6,3,67.00,"25564,12",1,2,Suburban,Public
4902,Benjamin,Reilly,14,6,4,,,0,,  Urban  , Homeschool 
4903,Rose,Collier,6,7,5,30.40,19705.35,1,,Suburban,  Public  
4904,Alejandro,Curry,11,2,0,55.50,68974.07,1,6,City,Private
4905,Andrea,Church,15,3,0,42.60,23430.47,0,0,Sub-urban, private 
4906,Mariah,Sweeney,6,7,5,41.60,22202.38,1,2,Urban,N/A
4907,Jesus,Stokes,15,4,2,43.10,11247.08,1,2,Suburban,PUB
4908,Ellen,Forbes,16,4,1,31.90,21757.05,0,0,URBAN,Public
4909,Eddie,Ward,10,4,2,44.10,,,,Suburban,PUB
4910,Paige,Soto,9,5,3,50.00,32404.82,1,1, Suburban ,PRIVATE
4911,Edgar,Donovan,14,4,1,46.60,30549.73,0,0,Urban,Public
4912,Yvonne,Kelly,10,5,3,20.50,24345.33,1,4,Urban,PUBLIC
4913,Oscar,Mora,3,2,0,40.90,,1,3,  Suburban  ,Public
4914,Corey,Castillo,10,3,1,31.00,59251.26,1,1,Suburb,Private
4915,Tammy,Benitez,12,3,1,23.40,11638.52,1,3,RURAL,Private
4917,Ryan,Cross,7,3,1,39.00,22389.95,1,2,Suburban,Public
4918,Emma,Branch,10,4,2,36.50,16208.4,0,2,rural,Priv
4919,Annette,Frey,14,5,3,60.40,33360.42,1,2,SUBURBAN,Public
4920,Christian,Santos,10,2,0,55.30,49599.93,1,3,URBAN,Homeschool
4921,Monica,Hurst,5,7,5,59.00,47598.92,1,2,City,PUB
4922,Harry,Porter,15,4,2,56.90,65280.06,1,5,countryside,Private
4923,Kathryn,Mccarty,10,3,0,24.80,,,,  urban  ,Public
4924,Selena,Brooks,14,7,5,35.60,"33757,85",1,2,Urban,public
4925,Levi,Oconnell,5,3,1,11.40,19220.28,1,2,Suburban,Gov
4926,  Lorraine   ,Sharp,10,7,5,48.80,89802.49,1,,Urban,public
4927,jennifer,Joyce,12,5,3,58.90,28186.03,1,3,SUBURBAN, Public 
4928,Kathleen,Livingston,10,2,0,34.40,,0,0,Unknown,Public
4929,Melanie,Jones,6,6,4,28.70,21781.53,1,3,Rural,Private
4930,George,Collier,3,5,3,33.90,29636.38,1,4,Suburban,Public
4931,,Murray,16,3,1,47.40,26023.63,1,1,RURAL,PUBLIC
4932,Penny,ramirez,11,8,6,34.60,17189.57,1,1,Suburban,PUBLIC
4933,Vanessa,Frey,15,6,4,51.40,20543.61,0,0,Rural,PUB
4934,Unknown,Brown,14,6,4,48.00,,1,2,Rural,Public
4935,Desiree,Reyes,13,5,3,35.10,,0,2,Rural, Public 
4936,Mark,Warner,9,4,2,31.60,35900.2,1,5,  Urban  ,Gov
4937,Cristina,Freeman,12,3,1,49.50,"32,339.08",0,0,  Urban  ,Public
4939,Joy,Zamora,11,6,4,47.70,25973.81,1,4,Suburban,PVT
4940,Sue,Livingston,17,4,2,48.50,23912 EGP,1,,countryside,Public
4941,Cesar,Gibson,5,8,6,30.40,8830.01,0,0,,NA
4943,Margaret,Mosley,14,4,2,34.60,11187.36,,-1,Rural,Public
4944,Shannon,Leonard,8,3,1,55.40,42049.88,1,1,Suburban,International
4945,Audrey,Navarro,18,4,2,52.50,34362.3,1,1,urban,Public
4946,Rachael,Schwartz,15,6,4,39.30,,1,1,Suburban,Private
4947,Joy,Lin,16,2,0,32.30,45170.07,0,0,Urban,PRIVATE
4949,Eduardo,Landry,7,2,0,49.10,18667.92,,,SUB, Public 
4950,Dennis,Carrillo,5,5,3,43.00,44818.28,1,1,Urban,Public
4951,Corey,Singh,16,4,2,44.00,73655.29,1,,SUBURBAN,private
4952,Jimmy,Richardson,5,2,0,47.10,"25250,54",0,0,Suburban,Public
4953,Austin,Ortega,16,6,4,37.70,6696.26,0,0,  Suburban  ,public
4954,Earl,Ayala,13,5,3,30.60,14407.87,,,Rural,NULL
4955,Madeline,Chan,10,3,1,26.90,"$28,765",1,6,URB,PUB
4956,Tanner,Pace,12,2,0,52.00,47108.21,1,4,Suburban,Private
4957,Jeff,Velez,12,2,0,34.70,30533.77,1,3,Urban, Gov 
4958,Kim,Buchanan,10,4,2,33.80,14732.35,,,Urban,Public
4959,Melinda,Sharp,16,6,4,56.70,43474.21,1,4,Suburban,Private
4960,,Norton,16,4,2,72.80,34981.49,0,,Suburban,PRIVATE
4961,Kendra,Collier,11,3,0,60.40,11678.43,1,2,Rural,Public
4962,Jeanette,Armstrong,8,5,3,45.30,44175.69,1,1,city,Governmental
4963,Sydney,Church,15,5,3,,18946 EGP,0,0,Suburban,Public
4964,Jimmy,Swanson,3,4,2,23.60,14559.3,1,1,countryside,Homeschool
4965,Earl,Ramsey,12,5,3,35.50,12818.84,,-1,countryside,PUBLIC
4966,Suzanne,Church,13,4,2,37.40,25072.64,1,,URBAN,Gov
4967,,Unknown,8,2,0,39.10,48958.0,1,1,Urban,Public
4968,Ruben,Goodman,14,2,0,38.90,9583.69,,,Sub-urban,N/A
4969,Janet,Ayala,10,3,0,47.50,31485.15,0,0,Rural,public
4970,Jade,Evans,9,2,0,39.50,32760.5,1,2,URBAN,Public
4972,Tim,Park,7,2,0,29.80,17351.25,0,0,Rural,Public
4973,Alexander,Weber,14,2,0,9.50,18034.89,1,3,unknown,Public
4974,Kaylee,Golden,3,8,6,,,1,2,Suburban,  Public  
4975,,Oconnor,12,10,7,41.90,,0,0, Rural ,Public
4976,Selena,Howard,11,6,4,47.40,,1,2,URB,  Public  
4977,Brad,Alvarez,9,5,3,,14129.88,1,2,Urban,public
4978,Clayton,Mills,12,4,2,22.40,12179.22,0,0,Urban,Public
4980,Caitlin,Boyd,14,4,2,43.00,14671.82,0,0,Urban,Public
4981,Valerie,Chan,13,6,3,34.50,29065.71,0,0,City,private 
4982,,Parker,12,5,3,39.00,54951.44,1,4,Urban,  PRIVATE  
4983,Marilyn,,12,6,4,51.10,40845.37,1,2, suburban ,  Public  
4984,Tonya,Daniel,9,2,0,,14583.92,0,0,Rural,Public
4985,Benjamin,Hendricks,9,6,4,35.50,21811.29,1,2,Suburban,Public
4986,Mary,Douglas,11,2,0,52.00,28256.62,1,5,Suburban,Public
4987,Ana,Jensen,10,5,3,51.60,54815.35,1,3,RURAL, Private 
4988,Ricardo,Stevens,15,7,5,60.00,32118.13,1,1,Suburb,INTL
4989,Kim,Allen,11,5,3,48.10,36957.39,0,0,  Suburban  ,Priv
4990,Isaac,Drake,12,2,0,42.30,,1,6,Urban,International
4991,Monique,Fisher,5,2,0,,34641.39,1,2,Urban,HS
4992,Mary,Spears,14,3,1,62.90,55900.15,1,4,urban,  Private  
4993,Michaela,Shea,8,5,3,64.90,"33281,23",1,1,Suburban,PRIVATE
4994,Trevor,Mendoza,7,5,3,31.30,22131.05,1,3,RUR,Public
4995,Unknown,HOOPER,16,6,4,20.00,17503.63,,,,PUB
4996,Unknown,Montgomery,13,2,0,44.00,15977.97,0,6,Urban,Public
4997,Darius,Green,14,2,0,25.00,12941.91,,,Rural,Public
4998,Sierra,Sosa,12,10,8,28.60,27863.26,1,3,Rural,Public
4999,LANCE,Richardson,10,2,0,35.40,40495.92,1,5,Sub-urban,  Public  
5000,Jean,Kent,9,5,3,40.50,61898.58,1,-4,city,International
5001,Martha,Mcfarland,13,2,0,24.00,25435.29,1,4,  Suburban  ,Public
5002,Grant,Everett,15,5,3,53.00,39964.95,1,,city,Public
5003,Hannah,Sullivan,10,2,0,41.00,34478.72,1,,Suburban, Public 
5004,Danny,Spears,18,5,3,46.70,24121.97,1,3,suburban,PUBLIC
5005,Connor,Dixon,10,6,4,33.60,21443.05,0,0,  Suburban  ,PUBLIC
5006,Ricardo,Mosley,5,3,1,39.80,13137.83,1,1,Urban,  PRIVATE  
5008,Marilyn,Torres,4,4,2,48.10,28079.63,0,0,City,Private
5009,Michaela,Lara,9,4,2,33.80,55487.5,1,4,Urban,public
5010,Robert,Stevens,10,2,0,53.30,33797.62,1,1,Rural,PUB
5011,Loretta,Obrien,19,5,3,42.70,"32,213.55",1,2,urban,PRIVATE
5012,Shawn,Morrison,10,4,2,40.20,,1,1,suburban,PVT
5013,Virginia,Lowe,14,2,0,45.50,,1,3,Urban,PUBLIC
5014,Casey,Padilla,11,5,3,58.30,52475.74,1,9,  Urban  ,Private
5015,Cristina,Ray,11,4,2,50.80,28140.33,1,2,city,Public
5016,Ariel,Bennett,8,2,0,,13669.43,0,0,Suburban,Private
5017,Vincent,Heath,16,2,0,42.20,23532.3,0,0,city,Public
5018,Arthur,Mcclure,5,2,0,34.70,38589.21,1,2,Rural,Public
5019,Calvin,Peck,12,6,4,39.30,22129.99,0,0,Suburban,private 
5020,Kimberly,Montes,19,4,2,38.90,13272.19,,,Rural,Home School
5021,,Holmes,13,3,1,51.40,,,,rural,public
5022,Krista,Chaney,10,4,2,32.00,20656.32,1,2,Suburban,PUB
5023,Cindy,Cruz,11,10,8,58.60,57329.32,1,8,Urban,Private
5024,Patty,Benitez,10,6,4,56.40,48387.66,1,,Village,Homeschool
5025,Margaret,Sampson,16,4,2,57.40,29829.83,0,0,URBAN,Public
5026,Zachary,Fisher,11,2,0,53.10,40024.64,1,1,URB,public
5027,,Duke,18,4,2,44.60,43675.01,1,4, Suburban ,Public
5028,Patty,Gonzalez,11,8,6,37.00,31561.76,1,1,Urban,Private
5029,,Fox,11,3,1,54.80,15790.26,1,2,Suburban,Public
5030,Calvin,kirby,10,5,3,44.40,,0,0,rural,Governmental
5031,Jean,Mccarty,13,3,1,26.60,32100.04,1,,Suburban,  Priv  
5032,Helen,Singh,8,4,2,,36923.25,1,4,city,Priv
5033,,Schultz,11,4,2,37.90,11095.52,0,0,City,Public
5034,Darin,Garza,11,2,0,45.40,23385.2,0,0,  URBAN  ,PUB
5035,,Gallegos,12,5,3,61.40,19823.95,0,,Urban,PUB
5036,Audrey,martin,12,2,0,42.80,41575.26,1,4,Suburban,PUB
5037,Stephen,Frederick,12,2,0,18.60,17430.34,0,0,Suburban,public
5038,Destiny,Wu,999,5,3,,19858.14,1,4,Suburban,Public
5039,Omar,Cummings,16,2,0,34.80,19480.12,1,1,suburban,Public
5040,Billy,Mcpherson,12,4,2,42.20,45946.48,1,3,Urban,PRIVATE
5041,Joe,Sawyer,18,3,1,,50658.6,1,,N/A,PUB
5042,Jose,Stuart,11,6,4,25.60,,1,4, SUB ,INTL
5043,Ariana,Palmer,14,8,6,53.50,54640.2,1,2,  URB  ,Public
5044,Unknown,Salazar,8,3,1,63.20,58657.95,1,3,Urban,Private
5045,Kathy,Chang,16,3,0,42.00,,0,0,Suburban,Public
5046,Kristin,Ramsey,8,4,2,35.70,"$41,174",1,,Urban,Homeschool
5048,Judith,Trujillo,10,3,1,66.70,12820.34,0,0,suburban,  Public  
5049,Danielle,Bryant,12,3,1,49.50,24937.95,1,3,City,PRIVATE
5050,LINDSAY,Haley,10,4,2,45.00,38252.85,1,3,  suburban  ,public
5051,Madison,FOX,8,4,2,34.00,,1,2,Urban, Private 
5052,Angel,Tucker,10,7,4,37.10,8186.12,0,0,RUR,Public
5053,Wesley,Pace,16,3,0,40.20,41778.15,1,3, urban ,PUBLIC
5054,Tami,Snyder,12,5,3,,87649.04,1,11,Urban,PRIVATE
5055,Shelby,Gibson,6,2,0,47.60,,1,8,Urban,Governmental
5057,Cheyenne,Greene,7,2,0,64.00,84828.26,1,5,Sub-urban,PUB
5058,Hunter,Sheppard,13,11,9,26.00,,1,2,Suburb,PUBLIC
5059,Jean,Dawson,12,6,3,37.90,,,,RURAL,Public
5060,Noah,Webb,13,2,0,57.10,19513.98,0,0,City,Public
5061,Kristi,WALKER,17,2,0,57.60,51111.78,0,0,Suburb,  Private  
5062,Sylvia,Moore,8,3,1,18.30,31199.49,1,2,SUB,  Priv  
5063,Unknown,Vargas,13,8,6,,,1,1,Rural,  HS  
5064,Tammy,Barnes,15,5,3,27.10,30839.59,0,0,Urban,International
5065,Monica,Heath,8,8,5,21.80,23161.7,1,1,Village,  Public  
5066,Kent,Christian,8,2,0,21.60,18609.03,,,Suburban,PUBLIC
5067,Christy,Huynh,45,5,3,45.70,15995.86,0,0,RURAL,Gov
5068,Chris,Franklin,12,7,5,35.00,48693.67,1,2,urban, Public 
5069,Marc,Kramer,5,3,1,32.20,20222.47,0,0,Urban,Public
5070,Kim,Elliott,12,5,2,32.50,14096.14,,,Urban,  Public  
5071,Phyllis,Holden,5,6,4,51.00,,0,0,RUR,public
5072,Bonnie,Jenkins,15,2,0,48.00,18235.0,1,1,Urban,Public
5073,Michele,Pena,12,2,0,25.70,,1,2,SUBURBAN,PUB
5074,Lawrence,Frazier,17,2,0,29.20,11497.65,0,0,City,Public
5076,Rita,Nash,9,5,3,37.50,47914.85,1,2,Urban,Intl
5077,Nicholas,Lawrence,8,2,0,44.20,approx 16.4k,0,0,SUBURBAN,Gov
5078,Zoe,Snyder,11,5,3,,,1,1,  Urban  ,public
5079,Kiara,Warner,10,5,2,28.70,23084.98,0,0,SUB,Public
5080,Arthur,Vaughan,15,4,2,49.00,,0,0,SUBURBAN,Homeschool
5081,Vanessa,Gross,7,5,3,43.20,29468.6,1,1,n/a,Public
5082,Jade,Dougherty,18,3,1,,15697.18,,,Suburban,Gov
5084,Collin,Jennings,10,4,2,43.40,,1,1,Suburban,public
5085,Steven,Case,17,7,5,45.20,51746.52,1,1,URB,Private
5086,philip,glenn,8,5,3,,22536.84,1,4,suburban,public
5087,PAIGE,Lloyd,11,9,7,29.80,"$51,339",1,3,countryside,private
5088,Martin,Castro,6,6,4,27.40,36118.86,1,4,Urban,Private
5090,Glenn,WELLS,5,2,0,50.60,approx 21.4k,1,1,  Suburban  ,Public
5091,Brittany,Mccoy,5,2,0,30.00,,0,0,,Gov
5092,,Porter,8,7,4,38.40,29195.26,1,1,urban,PUBLIC
5093,Ana,LLOYD,15,6,4,59.70,,1,1,  Rural  ,Homeschool
5094,Julia,Garza,14,3,1,18.90,,0,0,  URBAN  ,null
5095,Greg,Tanner,11,5,3,55.60,51918.78,1,2,Urban,INTERNATIONAL
5096,Audrey,Peterson,14,6,4,27.00,17465.95,0,0,Rural,PUB
5097,Kiara,Browning,10,5,3,51.10,20228.21,1,2,city,PVT
5098,Angel,Boone,12,6,4,34.80,31475.02,1,5,Suburban,Private
5100,Juan,Sawyer,10,2,0,,64562.23,1,4,Urban,INTERNATIONAL
5101,Steve,Matthews,8,5,3,28.80,37723.9,1,3,Urban,private
5102,Lori,Nash,12,2,0,27.10,,,,Rural,International
5103,Francisco,Mahoney,13,4,2,42.30,,1,1,Suburb,PVT
5104,Bruce,Maldonado,11,6,4,33.80,,1,2,Village,Homeschool
5105,ebony,Mora,14,3,1,27.20,18979.37,1,2,Rural,Public
5106,Phyllis,Raymond,10,4,2,,"$50,231",1,5,  SUB  ,PUBLIC
5107,Kurt,Mcdonald,11,6,4,18.00,15635.28,1,2, City ,Public
5108,Hannah,Rios,12,6,4,41.00,15917.9,0,0,Sub-urban,Public
5109,Adrian,Gardner,12,3,1,35.70,23608.3,1,2,Urban,  Public  
5110,Unknown,Chambers,16,6,3,47.80,25586.86,1,1,URB,public
5111,Felicia,Mason,12,4,2,58.60,32405.92,1,,Rural,Public
5112,Stacy,Hampton,9,4,1,28.90,,0,4, countryside , HOMESCHOOL 
5113,Chad,Mason,12,5,2,35.70,,1,4,Rural,PUBLIC
5114,Alicia,Shaffer,14,3,1,44.10,,0,0,countryside,Public
5115,Brooke,Chan,13,4,1,48.40,75755.43,1,7,Urban,Private
5116,Christie,Kemp,13,4,2,52.90,41610.85,1,4,Sub-urban,International
5117,Sandra,Kemp,5,5,3,34.60,33903.74,1,,Urban,public
5118,Selena,Duncan,3,2,0,50.80,43602.23,1,1,SUB,private
5119,Lawrence,Pratt,15,8,6,37.40,,0,0,rural,Homeschool
5120,Sandra,Coleman,12,5,3,49.50,52319.66,1,5,Rural,International
5121,RILEY,Jennings,10,9,7,32.20,10796.53,0,,Rural,Public
5122,Latasha,Choi,13,4,2,42.70,59356.83,1,6,Urban,Private
5123,Jose,Fitzgerald,17,6,4,,34662.31,1,3,unknown,Int.
5124,Morgan,Blanchard,16,3,1,49.50,34385.1,1,1,Urban,Gov
5125,Louis,Li,14,8,6,46.00,49929.81,1,,Suburban,PVT
5126,Dana,Marsh,7,7,4,46.20,51437.36,1,2,Urban,PRIVATE
5127,Chris,Diaz,8,2,0,32.00,27148.04,0,4,Suburban,PUB
5128,Loretta,Cain,3,3,1,46.90,23579 EGP,1,3,City,Governmental
5129,Julie,Li,13,4,2,29.30,27382.68,1,1,Suburban,Public
5130,Michaela,Terry,14,3,1,46.30,,1,1,Rural,Public
5131,Cesar,Sanders,15,8,6,26.10,36123.37,0,0,URBAN,Public
5132,Sean,Sosa,13,4,2,65.80,44861.01,1,4,Suburban,public
5133,Gina,Yoder,10,9,7,71.90,22197.01,1,5,Rural,Governmental
5134,Sabrina,Powers,8,5,3,50.10,18990.2,0,,Village, Home School 
5135,Mia,Franklin,8,2,0,,20750.35,0,0,Urban,HOMESCHOOL
5136,Benjamin,Ruiz,10,8,6,34.20,30594.06,1,5,Suburban,Private
5137,Lawrence,Gonzalez,7,4,2,27.70,,1,,Urban,public
5138,EBONY,Rogers,17,2,0,37.70,19175 EGP,0,0,Urban,PUBLIC
5139,Katie,Williamson,6,5,3,51.90,41499.36,0,0,Urban,Public
5140,Kim,Woods,10,4,2,44.20,41641.52,1,5,Suburban,private
5141,Renee,Hendricks,4,2,0,77.20,29396.62,1,3,Urban, INTL 
5142,,,12,3,1,38.10,28582.35,1,6,unknown,Public
5143,Jose,Vaughan,10,2,0,40.10,36448.06,1,3,Urban,private 
5144,Devon,Willis,9,6,4,43.30,43251.61,1,,urban,International
5145,Holly,Stewart,7,8,6,44.40,22907.62,0,,Suburban,PUBLIC
5146,Gabriel,Wilkinson,45,4,2,32.00,17315.75,1,3,Urban,public
5147,Valerie,Chaney,9,3,0,53.40,36788.7,1,4,Urban,International
5148,George,Gutierrez,10,2,0,30.40,87296.69,1,3,urban,Homeschool
5149,Heidi,Lane,18,5,3,55.30,17901.7,0,,Urban,Public
5150,Miranda,Gaines,11,7,5,,23865.7,1,3, Suburban ,International
5151,Glenda,Mercado,12,2,0,35.90,,1,2,Suburban,Private
5152,Marie,Meza,25,3,1,63.30,"$96,496",1,9,Suburban,Private
5153,Madison,Miles,8,6,4,,17528.81,1,1,Urban,  Intl  
5154,Jesus,Ray,10,4,2,33.10,27221.11,1,2,Urban,Public
5155,MICHELE,Roach,18,5,3,32.10,,1,,  Rural  ,Homeschool
5156,Joe,Unknown,9,2,0,32.70,14914.8,0,0,Urban,Gov
5157,Valerie,Yu,12,6,4,44.50,,1,1,URBAN,PUBLIC
5158,Brandon,Cruz,8,2,0,50.60,40644.18,1,6,Urban,Homeschool
5159,Yvette,Mueller,3,2,0,39.90,37788.46,1,2,Sub-urban,PUBLIC
5161,Gregory,Branch,18,2,0,82.30,64534.03,1,2,Urban,Private
5162,Laurie,Mccormick,13,4,2,24.50,,1,,City,Public
5163,Stacey,Stark,16,4,2,35.50,,,,Suburban,International
5164,Cameron,Meza,9,5,3,46.80,18890.3,1,3,Urban,PUB
5165,Stanley,Chen,3,4,2,57.60,29586.57,1,3,Urban,Public
5166,Melinda,Foster,7,8,6,37.50,13386.49,0,,RURAL,  Public  
5167,Unknown,Berry,12,5,3,22.40,26620.16,0,0,  URB  ,Public
5168,Kristi,Lindsey,11,4,2,60.80,38823 EGP,1,1,  Urban  ,Public
5169,Jeffery,Fleming,10,2,0,59.50,57033.16,1,5,suburban,private
5170,Katie,Austin,9,2,0,41.90,39788.65,1,3,null,Public
5171,Dustin,  Tanner   ,14,3,0,48.00,30665.22,0,0,Urban,Public
5172,Sherri,Hawkins,9,5,3,61.60,28450.53,1,5,  City  ,PUBLIC
5173,Adrienne,Herrera,12,3,1,47.30,54490.21,0,0,Urban,private 
5174,  Whitney   ,Perez,11,4,2,52.00,72137.49,1,5,Suburban,  Private  
5175,Mathew,Huber,9,2,0,47.90,"42237,39",1,2,  city  ,Public
5176,Beth,Pace,7,4,2,32.60,22707.32,1,2,Urban,Governmental
5177,Jorge,Jackson,9,3,1,,34288.85,1,, City ,private 
5178,Lawrence,Hoffman,17,6,4,57.10,40911.71,1,3,city,PUBLIC
5179,Marilyn,Browning,15,3,1,34.70,"21,909.37",0,0,Urban,International
5180,Stephanie,Wheeler,14,7,4,55.50,41198.82,1,1,Suburb,  Public  
5181,Lori,West,8,6,4,41.20,29590.92,1,,Sub-urban,PUB
5182,Felicia,Jones,999,2,0,39.60,32550.95,1,1,RURAL,Private
5184,Alejandro,Shepherd,14,3,1,37.20,,,,suburban,Public
5185,Danny,Dougherty,11,2,0,26.50,23956.27,1,3,n/a,Public
5186,Antonio,Unknown,9,8,6,43.50,"$25,927",1,6,Suburban,International
5187,Ashley,Mejia,5,5,3,15.30,9504.34,0,0,Suburban,Public
5188,Elizabeth,Lloyd,14,4,2,50.00,,,,Rural,PUBLIC
5189,Jackson,Boyd,15,6,4,25.80,,1,3,Rural, Priv 
5190,Collin,Stephens,8,4,2,36.40,"39,867.07",1,,City,Public
5191,Gene,,8,4,2,60.20,18509.24,1,4,countryside,Homeschool
5192,Mikayla,Farrell,15,2,0,36.30,14318.66,1,4,  Suburban  ,private
5193,Bruce,Chen,8,2,0,54.30,50901.88,1,3,Suburban,Private
5194,Alvin,Hawkins,17,7,5,38.00,23634.43,1,2,urban,?
5195,Tanya,Bolton,10,4,2,48.50,31327.35,1,,Urban,Private
5196,hector,Galvan,9,4,2,33.70,32018.56,1,5,Suburban,Gov
5197,Elijah,Branch,11,2,0,41.00,32669.21,0,0,Urban,public
5198,Julia,Gaines,9,3,1,31.40,58132.37,1,1,Sub-urban,PVT
5199,,Rowe,15,3,1,47.00,40794.91,1,5,URBAN,Private
5200,Brandy,Stanley,14,3,1,52.90,35813.79,1,4,Urban,Public
5201,Natasha,  Terry   ,14,5,3,42.80,24403.06,0,0,Suburban,Private
5202,Gary,Frank,11,5,3,46.30,32453.01,1,1,Suburban, PUB 
5203,Sandra,Holder,9,6,3,27.30,,,,Rural,Public
5204,Misty,Cole,10,3,1,54.10,28400.4,1,2,suburban,Public
5205,Lee,Barber,9,7,4,50.80,21206.37,1,2,Sub-urban, Public 
5206,  Shelby   ,Unknown,16,9,7,45.60,13033.94,0,0,Rural,Public
5207,Rodney,Trujillo,14,4,2,25.60,15462.41,1,1,suburban,  PUB  
5208,eric,Ball,10,6,4,,22045.08,1,7,Suburban,Governmental
5209,Erica,Colon,7,5,3,44.30,14253.57,1,1,rural,private 
5210,Cathy,Frederick,16,3,0,43.90,69993.44,1,5,Suburban,PRIVATE
5211,Shawn,Rocha,11,4,2,45.70,44163.68,1,2,Sub-urban,PVT
5212,Fred,,10,7,5,34.70,23772.53,1,4,SUBURBAN,Home School
5213,Annette,Hood,16,7,5,41.10,20275.71,1,2,suburban,Homeschool
5214,Jaclyn,Blackburn,9,4,2,49.00,35892.38,1,1,SUB,Public
5215,Russell,Buchanan,9,2,0,49.70,"74477,6",1,3,SUBURBAN,private
5216,Bridget,Burgess,10,6,4,67.20,39660.39,1,4,Suburban,private
5217,Dean,Carpenter,6,4,2,35.60,,0,0,Urban,Gov
5218,Lindsey,Andrews,12,5,3,44.70,47798.07,1,5,Urban,Public
5219,Jaclyn,Vaughan,8,4,2,30.90,45350.47,1,1,suburban, Private 
5220,Alexis,Buckley,8,3,1,50.60,99666.15,1,7,Urban,Priv
5221,Judith,Cannon,8,7,5,37.90,25937 EGP,1,1,Urban,PUB
5222,Alisha,Hurley,8,6,4,34.30,32087.21,1,2,urban,  Public  
5224,Glenn,Jacobs,11,5,3,47.80,"$11,269",,,Rural,Public
5225,Tina,Butler,-5,3,1,41.90,"15,994.24",0,0,Suburban,Public
5226,Daniel,Mora,11,2,0,40.40,31877.21,1,3,SUBURBAN,International
5227,Roberta,Carlson,99,3,1,44.70,,0,-1,Urban,?
5228,Jonathan,Parsons,10,3,1,53.60,,1,2,Urban,Public
5229,Peter,Duran,13,2,0,57.80,46565.84,1,2,Urban,  Governmental  
5230,Alan,Reese,13,2,0,43.80,39097.41,1,3,Urban,Private
5232,Brenda,Trujillo,11,6,4,50.50,33017.01,1,3,suburban,Homeschool
5233,STEFANIE,Barker,99,6,4,61.90,"29903,55",1,4,Urban,Public
5234,Robin,Tyler,11,2,0,66.50,51999.43,1,4,SUB,Private
5235,Jose,Huff,8,6,4,37.60,20280.62,0,0,  Sub-urban  , Public 
5236,,Kent,9,3,1,50.60,"$24,752",1,1, URB ,International
5237,Richard,Landry,11,6,4,28.70,16556.18,1,4,RURAL,Public
5238,Mia,,3,7,5,,32785.97,1,1,Suburban,Public
5239,Tasha,Becker,16,5,3,45.80,28662.87,1,3,URB,private
5240,Michael,Hall,18,4,2,37.70,11307.53,1,1,SUB,Public
5241,Susan,Browning,11,5,3,49.50,22100.92,0,0,Suburban,Public
5242,Ruben,Peters,13,8,6,42.60,25150.77,1,,Suburban,Public
5243,Dan,Brock,14,7,5,38.80,18272.48,1,2,Rural,Homeschool
5244,Amber,Tucker,6,5,3,28.80,23221.41,1,2,city,Public
5245,Ashlee,Ali,14,3,1,36.60,39265.0,1,,URB,Priv
5246,Francis,Shaw,9,4,2,43.60,,0,0,  Rural  ,Public
5247,Alexander,Hardy,18,3,1,36.10,32166.08,0,0,Suburban, Public 
5248,Gloria,Mann,10,4,1,49.60,45985.11,1,2,  Rural  ,Private
5249,Tracy,,99,5,2,44.00,18329.29,,,SUB,Governmental
5250,Suzanne,Stuart,10,4,1,30.80,26414.96,1,4,Suburban,Public
5251,Troy,,18,4,2,55.70,,1,1, Suburban ,Public
5252,Erik,,9,6,4,47.30,26197.16,1,3,Urban,  PUBLIC  
5253,Karla,Watson,120,4,2,40.20,16887.72,0,0,URBAN,Gov
5254,Kathy,Trevino,13,2,0,,88907.98,1,4,URB,private
5255,Miranda,Santiago,12,4,2,26.20,36760.6,0,0, urban ,PVT
5256,Eddie,Huerta,11,6,3,21.40,17695.43,1,,suburban,Public
5257,Rebekah,Valdez,8,8,6,52.50,16621.37,,,Suburban,Public
5258,Calvin,Acosta,3,5,2,32.60,17744.41,,,countryside,Governmental
5259,Danielle,Cowan,14,2,0,28.70,,0,,URBAN,Public
5260,Micheal,Graham,9,2,0,26.90,53053.29,0,0,Urban,Public
5261,Unknown,Herman,15,2,0,49.60,22412.68,0,0,City,PUB
5262,Evelyn,Swanson,12,3,1,44.30,31692.53,1,4,Suburban,Governmental
5263,Angelica,Thomas,15,5,3,46.80,37781.65,1,1,Urban,Intl
5264,Unknown,Barton,13,4,2,48.90,43517.33,1,3,suburban,Private
5265,Sheryl,Shepard,3,9,7,48.20,33555.1,1,1,Suburban,International
5266,Gabrielle,Bush,13,6,4,44.00,44745.51,1,3, City ,Public
5267,Victoria,Foley,9,5,3,43.50,44823.42,1,2, Suburban ,PRIVATE
5268,,Phillips,15,2,0,37.80,24794.19,0,0,city,public
5269,Glen,hamilton,13,3,1,32.00,97077.32,1,2,urban,Private
5271,Ellen,Cunningham,10,7,5,62.30,29278.53,1,1,Urban,PUB
5272,,Grant,7,4,2,57.80,18720.84,0,0,Urban,PUBLIC
5273,Terrance,Stuart,9,7,5,13.80,,1,1,?,Public
5274,francis,Gonzalez,4,6,4,48.80,37086.96,1,2,Urban,public
5275,Ariel,Brewer,8,6,4,29.90,31332.22,1,4,URBAN,Public
5276,Brianna,Montgomery,5,3,0,73.60,81234.58,1,1,Urban,PVT
5277,Holly,Li,5,7,5,28.80,20650.78,1,1,  SUBURBAN  ,Public
5278,Tony,Wilkins,11,2,0,49.60,37183.5,0,0,Suburban,Private
5279,Richard,Warren,12,5,3,39.00,13779.65,0,0,Suburban,Public
5280,Bradley,Ryan,10,5,3,,56997.61,1,,Rural,INTERNATIONAL
5281,Whitney,Stevenson,9,3,1,51.00,15421.22,,,URBAN, Governmental 
5282,Henry,Johnston,7,2,0,36.90,80086.01,1,6,SUBURBAN,Private
5283,Dan,Reynolds,9,4,2,56.00,,,,Village,Public
5284,Mathew,Duncan,8,8,5,,,0,0,Urban,PUBLIC
5285,Jason,Roberson,10,11,9,24.90,"$36,085",1,7,Rural,N/A
5286,Brent,Skinner,5,5,3,34.90,17948.8,0,0,  Village  ,  Public  
5287,Darren,Swanson,13,5,3,36.80,13367.85,,,,Public
5288,Katherine,Acosta,8,4,2,57.80,42316.18,1,, City ,PUB
5289,Xavier,Barton,12,4,2,,36879.99,1,1,SUB,home-school
5291,Chad,Wolfe,12,2,0,38.40,55507.38,1,3,  urban  ,Private
5292,Yvonne,Barron,13,5,3,,29404.48,1,5,Suburb,Public
5293,Suzanne,Cunningham,3,2,0,49.80,42503.78,1,3,Urban, Private 
5294,Lee,Stone,9,2,0,47.10,22315.34,1,2,Urban,PVT
5295,Gerald,Bowman,14,8,6,,26135.77,0,4,RUR,Governmental
5296,Kristin,STEPHENS,12,7,4,32.90,12905.76,0,,Rural,Homeschool
5298,Kelli,Todd,17,5,3,49.50,26543.91,0,0,Urban,Public
5299,Bill,Arroyo,12,7,5,51.50,"$21,990",1,3,Suburban,  Priv  
5300,Frederick,Copeland,10,3,1,48.90,49526.48,1,5,  URBAN  ,Private
5301,Chris,James,7,4,2,34.10,,1,2,Suburban,Governmental
5302,Ashlee,Aguilar,9,5,2,70.20,46699.95,1,4,Suburban,International
5303,Stuart,Larsen,9,4,2,40.70,21107.08,1,2,city,PVT
5304,Wanda,Heath,8,4,2,27.30,,0,0, SUBURBAN ,Home School
5305,Joyce,Clarke,7,6,3,28.70,15305.02,,,city,Public
5306,Unknown,Mcguire,12,3,1,62.60,25105.84,1,2,Urban,PUBLIC
5307,Joshua,Durham,17,3,1,51.30,32673.65,1,2, SUB ,Public
5308,Leah,Moreno,14,7,5,29.20,27630.77,1,,Urban,public
5310,Hunter,Mejia,14,3,1,38.90,approx 16.7k,0,0,suburban,N/A
5311,Cole,Cain,12,3,1,31.30,15427.81,1,1,URB,  PUB  
5312,Colleen,,10,3,1,50.80,29505.03,1,4,Suburban,Private
5313,Derek,Peters,10,3,1,38.20,,1,4,Rural,public
5314,Jasmine,Li,10,2,0,45.20,41671.58,1,,Urban,Public
5315,,French,13,3,1,25.80,11230.53,0,0,city,Public
5316,Jeremiah,Hubbard,11,6,4,35.20,22165.88,1,2,Urban,null
5317,Becky,Clarke,8,4,1,37.20,78107.31,1,-4,Suburban,Private
5318,Unknown,Kramer,8,4,2,74.30,42301.12,1,2,Urban, Public 
5319,Denise,Rush,12,2,0,10.20,14576 EGP,,,  rural  ,Governmental
5320,Natasha,Unknown,12,4,2,32.80,17273.96,1,1,Urban,Public
5321,Unknown,Conley,9,5,3,45.40,47063.88,1,2,suburban,Public
5322,Yolanda,Gutierrez,6,2,0,41.20,59454.65,1,,Suburb,Private
5323,Andrea,Morse,15,2,0,41.50,13605.55,1,2,Suburban,Public
5324,Raven,AGUIRRE,14,4,1,29.70,14332.17,1,2,SUBURBAN,Private
5325,Joshua,Wilkins,3,2,0,47.30,34659.96,0,0,Urban,Priv
5326,Suzanne,Velazquez,15,5,3,57.90,36488.63,1,2,Urban,  Public  
5327,Joshua,Burgess,10,6,4,22.40,38774.89,1,3,Urban,public
5328,corey,Ruiz,11,2,0,42.60,81949.08,1,5,Urban,PVT
5329,Jeremiah,Rush,15,7,5,34.20,,0,0, Sub-urban ,Public
5330,,Howard,16,6,4,,26158.31,1,2,suburban,null
5331,Darlene,GALLOWAY,14,3,1,48.30,44207.81,1,7,City,PRIVATE
5332,Laura,Unknown,11,5,3,32.50,25354.99,1,1,RURAL,Public
5333,Stanley,Sawyer,6,5,3,41.40,17920.52,,,Suburban,Public
5334,Edward,Foley,3,2,0,,21277.85,1,-2,Urban,Public
5335,Alisha,,14,4,1,58.70,23096.3,1,1,  urban  ,Governmental
5336,Terrance,Hawkins,15,3,1,51.60,65310.07,1,2,suburban,Priv
5337,Dominique,Gonzales,8,7,4,39.00,,,,Urban,Public
5338,Nichole,Flores,10,5,3,45.40,24875.28,1,1,URBAN,Gov
5339,Larry,,8,3,0,41.40,approx 39.2k,1,1,-,Private
5340,Carla,,8,4,2,27.70,14060.9,0,0,Sub-urban,null
5341,Tracy,Cruz,14,6,4,38.30,34266.04,1,,  Urban  ,PRIVATE
5342,Leon,Singh,11,5,3,49.10,10459.41,0,0,city,Public
5343,  Sonia   ,Mccullough,10,4,2,43.70,33055.09,0,5,Urban,  Private  
5344,Jorge,Kent,18,3,1,46.90,30601.56,1,1,Urban,  Private  
5345,Philip,Ballard,5,5,3,55.80,"$32,532",0,0,Urban,Public
5346,,Howard,12,5,2,48.60,15868.43,0,0,SUBURBAN,Public
5347,Madeline,Moreno,7,2,0,36.90,29005.72,1,4,Suburb,  Homeschool  
5349,Jerry,Byrd,11,4,2,45.60,35049.49,1,3,RURAL,Public
5350,Tamara,Campos,14,2,0,34.40,36345.03,1,2, suburban ,Homeschool
5351,,Rowe,10,3,1,46.30,13400.67,1,2,urban,Public
5352,Beverly,Kane,9,5,3,,10851.71,,, rural ,Gov
5353,,Benitez,9,3,1,22.60,18233 EGP,0,0,Suburban,Public
5354,Yolanda,Stone,7,4,1,31.40,28260.27,1,,  SUB  , PUBLIC 
5355,joanna,Marquez,13,4,2,32.40,27091.78,1,,URBAN,Public
5356,Mason,Weeks,12,7,5,63.50,23265.1,1,2,Suburban, Private 
5357,Krystal,Robles,12,2,0,42.90,,1,7,URB,Private
5358,Diana,Stewart,0,4,2,21.30,22424.44,1,3,Urban,Public
5359,Leonard,,10,3,1,32.80,54993.83,1,, Suburban ,  Homeschool  
5360,Derrick,  Preston   ,15,8,6,50.30,23598.81,1,4,Suburban, public 
5361,Leah,Little,14,2,0,28.30,,0,0,SUBURBAN,Private
5362,Michele,Vargas,16,2,0,34.10,33031.9,1,3,Urban,Intl
5363,Allison,Osborne,12,4,2,27.50,,1,4,URB,Private
5364,Curtis,Randolph,15,6,4,51.50,24303.99,1,2,null,Public
5365,Brandon,Terry,9,7,5,,29462.77,1,2, Suburban ,Governmental
5366,Gary,Stanley,10,7,5,44.60,25927.24,1,1,SUB,International
5367,Derrick,Young,15,2,0,31.10,22650.51,1,1,Urban,public
5368,Derrick,Unknown,14,6,4,36.20,28083.28,0,0,RURAL, PUB 
5369,Alexis,Montes,9,2,0,35.00,23416.31,1,3,Urban,Governmental
5370,Megan,Allen,7,3,1,38.10,,1,1,Urban,Public
5371,Brittany,Lindsey,10,6,4,32.50,21500.85,1,1,Rural,PUBLIC
5372,Philip,Heath,8,4,2,,25209.07,1,,URBAN, PUB 
5373,Peggy,Rose,17,3,1,45.60,51765.31,1,3,Suburban,private 
5374,Zoe,Blair,13,6,4,59.30,33090.59,1,5,Suburban,Private
5375,Lori,Humphrey,8,2,0,24.90,11182.63,1,,Rural,Public
5376,Jesse,Pratt,7,6,4,41.60,,0,0,Urban,  Public  
5377,Tina,Palmer,8,4,2,,21688.22,1,4, Urban ,Public
5378,Luis,Crawford,8,3,1,50.70,92584.41,1,6,Suburban,PRIVATE
5379,Gregory,Rios,10,4,2,40.60,15053.04,0,0,Rural, Gov 
5380,Shelley,Stuart,15,4,2,33.20,26031.25,1,4,Rural,PUBLIC
5381,,Martin,7,6,4,47.80,14499.86,1,,Urban,public
5382,,Mccoy,18,2,0,50.50,14105.29,1,2,Sub-urban,Public
5383,Shelly,Santos,7,4,2,57.00,26805.51,1,,  Urban  , public 
5384,Meredith,Arroyo,5,4,2,54.60,75781.08,1,3,Urban,  PVT  
5385,Yolanda,Snyder,19,2,0,34.80,,0,0,city,Public
5387,Vanessa,Vargas,10,5,3,35.30,,0,0,city,Private
5388,Brandy,Keller,12,4,2,49.40,71390.76,1,4,Urban,Private
5389,Deanna,Berg,12,2,0,47.60,37819.19,1,5,URB,Public
5390,Unknown,Morales,11,5,3,46.90,24877.71,0,0,Rural,Private
5391,Unknown,Waller,6,5,3,54.80,18154.85,0,0,city, Gov 
5392,Jerry,Acosta,3,5,3,38.70,,0,0,NULL,Governmental
5393,David,Benson,7,8,6,28.40,9134.35,0,0, Rural , Public 
5394,Kirk,Burns,17,6,4,38.40,18391.67,,,URB,PUBLIC
5395,Thomas,Gibson,17,2,0,46.20,28971.89,1,1,Suburban,Public
5396,Alicia,Cooper,10,2,0,47.60,,,,  Urban  , Public 
5397,Madeline,Ramsey,7,4,1,39.40,34122.79,1,2,URBAN,Priv
5398,Tara,Ayala,12,8,6,36.60,21518.05,1,2,Suburban,public
5399,Crystal,Garcia,12,6,4,,18781.26,0,0,  Sub-urban  ,Private
5400,Stephanie,Woods,13,4,2,36.80,48376.56,1,2,n/a,public
5401,Anne,Thompson,3,7,5,42.00,10122.67,,,Rural,Public
5402,Dylan,French,18,3,1,56.10,56366.9,1,1,Sub-urban,  INTL  
5403,Rodney,Strickland,15,3,1,45.50,46955.88,1,5,URBAN,Public
5404,Carol,Murray,10,3,1,47.20,17247.87,0,0, URB ,PUBLIC
5405,Ana,Schwartz,8,5,3,31.90,33230.72,1,1,countryside,Public
5406,Erik,Young,14,8,6,33.80,9325.14,0,0,Rural,  PUB  
5407,Lacey,Garcia,12,2,0,36.10,52114.26,1,,Suburban,International
5408,Paul,Clayton,11,3,0,48.90,30733.65,1,2,Suburban,Gov
5409,samuel,Morrison,12,4,2,10.00,10737.34,,,Suburban, Public 
5410,Frederick,Chen,10,10,8,47.80,14581.98,,,Urban,Public
5411,Austin,Deleon,12,4,2,31.40,13728.98,1,1,Rural,Public
5412,Ariana,Wolfe,13,4,2,36.00,41245.1,1,4,Suburban,Public
5413,Ruben,Clay,12,6,4,55.20,23297.95,1,4,Sub-urban,Public
5414,Barbara,Velazquez,12,4,2,,,0,,SUBURBAN,Public
5415,Tonya,Hudson,16,4,2,37.10,26162.78,1,1, Suburban ,Public
5416,Holly,Spears,5,2,0,40.10,9923.92,0,,Urban,Public
5417,Steve,Hansen,8,2,0,46.40,40268.46,1,3,Suburban,Private
5418,Darrell,Roman,11,4,2,45.40,62119.3,1,6,null,  International  
5419,Justin,Case,8,4,1,56.90,45896.71,1,,-,HOMESCHOOL
5420,Anthony,Peck,9,2,0,16.80,23554.74,1,5,URB,Public
5421,Kenneth,,15,6,4,28.50,18273.87,0,0,Urban,Public
5423,Dominic,Valentine,4,9,7,,,1,3,URBAN,Public
5424,Kevin,Roberson,9,2,0,64.70,103312.08,1,2,Urban,Private
5425,Ian,Yu,11,5,3,43.30,24505.37,1,1,SUBURBAN,Priv
5426,Becky,Cherry,11,4,2,,28214.1,0,,Rural,Public
5427,Andrea,Burton,13,4,2,,40835.25,1,,Suburban,Public
5428,Zachary,Castillo,12,4,2,51.70,18553.91,0,0,RURAL,Public
5429,Duane,Banks,10,3,1,26.10,15330.35,1,2,Suburb,PUBLIC
5430,Adrienne,Schwartz,6,3,1,53.40,34039.66,1,4,Suburban,Public
5431,Carolyn,Cain,9,5,3,57.70,16393.04,,,Urban,Homeschool
5432,Darren,Glass,8,3,1,47.00,41409.59,1,6,Urban,Gov
5433,Sara,Newman,9,6,4,43.00,16810 EGP,0,,city,public
5434,Vicki,Bolton,13,4,2,42.50,20132.93,0,,Suburban,Public
5435,CODY,Briggs,12,3,1,36.20,20114.4,1,1,Sub-urban,PUBLIC
5436,Larry,Sharp,13,3,1,28.30,55238.94,1,,Suburban,Public
5437,Dorothy,Lynch,9,3,0,36.40,6709.28,0,0,  Suburban  ,Public
5438,Diane,Greene,16,2,0,42.10,92219.99,1,2,  Suburban  ,private
5439,Crystal,Bright,13,3,1,30.70,19086.8,1,2,Urban,Public
5440,Debbie,Arnold,11,2,0,40.20,27782.21,0,0,Urban,PUBLIC
5441,Raven,Eaton,13,2,0,,32122.72,1,5,Suburban,PRIVATE
5442,Jesse,Hendrix,8,3,1,48.50,35603.12,0,0,Urban,  Public  
5443,Jenna,Gonzales,3,4,2,46.40,27282.38,1,5,Rural,PUB
5444,Kellie,Peck,8,5,3,52.00,41593.74,0,0,city,Gov
5445,Alexandra,Hess,13,6,4,53.30,91157.79,1,-3,Urban,?
5446,Jenny,Garrison,11,3,1,54.00,38268.32,1,3,SUBURBAN,PUB
5447,  Teresa   ,  Holland   ,10,7,5,54.40,27874.04,1,3,Urban,Gov
5448,Ryan,Downs,7,7,5,50.20,18879.7,1,4,suburban,Public
5449,Tyrone,Hobbs,3,7,5,33.40,"21625,54",1,2,URBAN,public
5450,Mikayla,Glass,16,4,2,55.80,60553.59,1,7,URB,Private
5451,Lori,Mueller,10,3,1,42.40,approx 67.2k,1,2,  Suburban  , Private 
5452,Briana,Blair,9,4,2,35.30,51650.52,1,1,City,Public
5453,Adrian,Bailey,8,2,0,25.60,,,,Suburban,PUBLIC
5454,Ronald,Stark,15,4,2,26.20,8639.22,,,city,Private
5455,Haley,Sloan,14,6,4,51.50,25484.89,1,1,Suburban,Private
5456,Tony,Hodge,7,4,2,45.20,27127.93,1,1,city,PUBLIC
5457,Audrey,Valentine,15,4,2,54.70,30059.97,1,2,city,Public
5458,Valerie,Rocha,10,3,1,57.70,50942.78,1,1,Suburb,  International  
5459,Stacey,Durham,8,10,8,44.20,49564.96,1,1,Sub-urban,Private
5460,Kari,Jensen,9,9,7,47.90,"18886,49",0,0,rural,Public
5461,Evelyn,Payne,8,5,3,22.00,11068.58,0,0,SUB,Public
5462,Kellie,Jacobson,999,3,1,,13016.04,,,Suburb,Public
5463,Kiara,Payne,13,2,0,27.00,30856 EGP,0,,Urban,Public
5464,Jose,Villanueva,10,6,4,33.30,32184.89,1,1,Suburban,
5465,BRIAN,Carter,13,3,0,29.80,,,,  Suburban  ,PUBLIC
5466,Joe,Obrien,12,6,4,36.00,24668.61,1,2,Rural,Public
5467,,Peck,12,4,2,,,,,suburban,Public
5468,Joseph,  Norris   ,3,4,2,27.00,6872.35,,,Urban,PUBLIC
5469,Thomas,Unknown,7,6,4,27.40,15814.46,0,0,Suburban,Public
5470,Javier,Cortez,13,3,1,,54457.99,1,2,Suburban,PVT
5471,Toni,Valentine,6,6,4,45.70,,1,5,Urban,INTL
5472,Kelly,Carey,12,3,1,43.20,,0,0,Suburban,Gov
5473,Ariel,Montoya,5,3,1,,11101.46,0,0,Suburban,Public
5474,Adam,Mccarty,11,4,2,32.80,38890.85,1,2,Suburban,PUBLIC
5475,Carrie,House,16,8,6,49.80,,0,0,Rural,Gov
5476,Renee,Good,13,4,2,59.80,"$63,039",1,5,  Urban  ,PRIVATE
5477,tracy,Decker,4,12,10,47.80,44782.1,0,0,Urban, Private 
5478,Judith,  Rivera   ,14,2,0,44.50,49218.09,0,0,City,Priv
5479,Latoya,Howe,17,6,4,55.00,,1,2,Rural,Governmental
5480,Michael,Sparks,18,7,5,56.20,"37,952.71",1,,Urban,?
5481,Bruce,Foster,12,2,0,,77575.82,1,3,Sub-urban,PRIVATE
5482,Linda,Rivera,6,6,4,31.70,27673.67,1,3,Suburb,N/A
5483,Evelyn,Mcpherson,12,3,1,57.70,"24965,47",1,1,Suburb,International
5484,Stephanie,Murillo,16,6,4,,,1,2,Urban,PUBLIC
5485,Monique,Hart,10,2,0,37.00,,0,0,Urban,Public
5486,Joe,Garrison,14,8,6,31.50,9372.92,0,,Rural,Public
5487,Chelsea,,7,5,3,31.80,,0,0,Suburban, Public 
5488,CINDY,,12,10,8,29.00,12035.73,0,0, URBAN ,Public
5489,Cristina,Sullivan,3,6,4,37.00,12721.96,0,5,Urban,PUBLIC
5490,Tyler,Humphrey,7,3,1,46.40,6657.49,0,0,Suburban,PUBLIC
5491,Ariel,Mclaughlin,10,6,4,28.30,,0,0,Rural,Public
5492,Leah,,9,3,1,61.00,37100.52,1,2, Suburban ,Public
5493,Philip,Higgins,6,2,0,38.40,,1,1,Urban,Public
5494,Tyler,Bush,9,3,1,,21555.96,1,2,suburban,International
5495,Glen,Mcclure,12,3,1,36.30,45330.17,1,-4,Urban,  private  
5497,Alec,Valentine,11,5,3,44.10,103811.46,1,3,City,Private
5498,Brett,Sheppard,13,4,2,31.20,32192.25,0,0,-,PUBLIC
5499,Alvin,Burke,9,5,3,48.80,25463.7,0,0, Urban ,Governmental
5500,Marcia,Figueroa,15,3,0,48.20,23689.96,0,0,Urban,Public
5501,Jeanne,Unknown,7,6,4,,41157.47,1,2,Urban,private 
5502,  Angelica   ,Chavez,17,3,1,29.00,23482.99,1,2,Sub-urban,Public
5503,Sydney,Branch,15,4,2,,23529.23,0,,  Sub-urban  ,  Public  
5504,Janet,Gentry,9,3,1,,approx 24.4k,1,4,Suburban,Public
5505,Dominique,Nash,9,3,1,25.50,,1,2,Urban,public
5506,Unknown,Alvarado,11,5,3,21.50,8244.42,0,5,  Urban  ,Public
5507,Mario,Alexander,13,4,2,36.60,17710.62,,,Suburban,  public  
5508,Tyrone,Dickson,14,3,1,29.30,"57046,02",1,1,Suburban,Private
5509,Natasha,Humphrey,6,2,0,54.40,64586.58,1,3,Urban,Public
5510,Mary,Cole,12,4,2,46.30,42910.87,1,4,Suburban,public
5511,Robert,Mays,3,4,2,55.90,22662.1,1,1,Urban,Public
5512,Logan,Yu,10,2,0,26.60,19249.06,0,0,city,Public
5513,Dwayne,Carpenter,16,2,0,,72658.67,1,,City,International
5514,John,Mooney,5,3,1,47.20,,,,  Suburban  ,home-school
5515,Leslie,Reese,5,4,2,51.30,30383.92,1,3,Urban,Public
5516,Suzanne,Johnson,11,3,1,30.30,75298.95,1,3,Urban,International
5517,Mike,Zamora,15,4,2,,31830.19,1,1, urban ,Public
5518,Rita,Cervantes,12,3,1,,25300.69,0,0,urban,  Private  
5519,Javier,James,4,6,4,61.60,56270 EGP,1,3,City,Private
5520,Zachary,Gutierrez,4,2,0,39.50,26625 EGP,0,,  Suburban  ,Gov
5521,Rose,Bryant,11,3,1,,28506.69,1,4,SUBURBAN,Public
5522,Frederick,Mcdowell,6,6,4,,68397.53,1,3,Urban,private 
5523,Reginald,Morales,11,4,2,79.00,,1,3,URB,Public
5525,Lawrence,Cortez,9,8,6,52.00,11254.51,,,RURAL,public
5526,Martin,Farmer,17,2,0,42.30,22834.49,1,1,Suburban,homeschool
5527,Mark,BURKE,13,2,0,47.30,,0,,urban, Public 
5528,Kristy,Kemp,15,2,0,,11831.15,1,,Rural,  Public  
5529,Rachael,Jimenez,14,5,3,62.80,33714.63,1,1,URB,Private
5530,Sheryl,Kramer,10,4,2,,36752.1,1,2,Urban,Gov
5531,Crystal,Gillespie,10,5,3,58.10,19185.32,1,2,,Public
5532,,Bryan,9,2,0,42.70,27208.32,1,2,Suburban,Public
5533,Jaclyn,Doyle,13,3,1,48.40,23988.26,0,0,Suburban,Public
5534,Miranda,Higgins,8,2,0,44.30,24249.15,1,1,Suburban,PUBLIC
5535,Meredith,Huynh,17,8,6,42.40,,,,rural,Gov
5536,Rick,,8,6,4,37.70,17706.22,0,0,Urban,public
5537,Colleen,Nunez,11,3,1,43.20,"59,788.23",1,1,Urban,Private
5538,Patty,Edwards,10,4,2,40.80,28279.37,1,3,URBAN,Private
5539,Unknown,Kim,9,10,8,49.30,,0,0, Rural ,public
5540,  Danny   ,escobar,18,4,2,57.30,36964.53,1,2,Urban,Public
5541,Dylan,Shepard,9,4,2,20.70,27915.03,1,1,Urban,Private
5542,Carl,Jacobson,9,5,3,42.10,58890.98,1,5,URBAN,Private
5543,Sophia,Bowers,8,2,0,,48633.88,1,3,Urban,Public
5544,Kellie,Huff,11,4,2,44.40,26933.26,1,1,Suburban,PUBLIC
5545,Lindsay,Gonzales,10,8,6,31.40,49831.53,1,6,Urban,Private
5546,Sydney,Jones,6,6,3,27.00,19523.96,0,0,RUR,PUB
5547,Grace,Mayer,9,6,4,35.00,13564.87,1,2,Suburban,Gov
5548,Kiara,Howe,13,6,4,28.80,48505.24,1,4,  urban  , PRIVATE 
5549,Francisco,Woods,14,6,4,40.30,6031.52,0,0,Village,PUBLIC
5550,Tasha,Greer,11,3,0,34.50,4297.25,,,  City  ,PUB
5551,Billy,Lin,11,5,3,36.10,37567.62,1,4,Suburban,Priv
5552,Christina,Mendoza,9,2,0,48.50,32661.73,1,3,Suburban,Public
5554,Rita,Knight,7,5,3,47.90,63847.72,1,2,Urban,Home School
5555,Sheena,CARROLL,5,4,2,70.70,,1,1,  Suburban  ,Public
5556,Sylvia,Atkins,8,6,3,38.10,20784.49,1,,  suburban  ,Public
5557,Marvin,Cantrell,14,4,2,45.50,39662.12,1,2,suburban,INTERNATIONAL
5558,Leslie,Sullivan,9,2,0,48.90,20078.67,1,1,city,public
5559,ANTHONY,Zavala,19,3,1,,26083.02,1,3,city,Public
5560,Miranda,Alvarez,9,4,2,33.80,19710.66,1,2,Rural,Homeschool
5561,Gene,  Sims   ,15,3,1,39.50,35699.71,1,2, Urban ,Public
5562,Janice,Middleton,7,4,2,45.00,,,,Rural,PUB
5563,Eduardo,Norton,11,2,0,35.50,19540.34,1,3,Sub-urban,Public
5564,Tanya,Henry,10,2,0,41.40,13822.38,0,0,unknown,Public
5565,Rachael,Dean,11,6,4,62.00,19284.44,1,4, Urban ,?
5566,Adrian,Paul,11,11,9,42.60,46653.29,1,4,Rural,Private
5567,TIMOTHY,Crawford,11,6,4,34.10,,1,,Rural,Public
5569,Dennis,Chen,10,4,2,32.40,11268.84,0,0,Suburban, Public 
5570,Nicole,Morgan,17,4,2,53.10,approx 104.8k,1,3,Suburban,Private
5571,Chase,Mays,11,4,1,19.30,18512.37,1,4,URBAN,  private   
5572,Logan,,4,9,7,43.50,,,,Rural,Homeschool
5573,Devon,Reyes,13,6,4,45.50,28748.75,1,3,City,home-school
5574,Kristy,Sharp,12,4,2,23.00,,1,3,Suburban,Public
5575,,Woods,11,5,3,,36342.38,1,1,Urban,public
5576,Selena,MITCHELL,10,6,4,48.00,11143.33,0,0,Suburb,Public
5577,Kathryn,Welch,3,4,1,39.40,47828.5,1,3,Suburban,Intl
5578,Tracey,Gallegos,3,6,4,39.10,42912.68,1,4,SUB,Private
5579,Ariel,Howe,16,4,2,55.30,"$27,854",1,4,URBAN,Private
5580,Lindsay,Galvan,8,2,0,,,0,0,Urban,Gov
5581,Joanna,Powers,14,4,2,,,1,2,Unknown,Gov
5582,Colleen,Moreno,5,4,1,,17754.41,,,Rural,Public
5583,Ariel,Marquez,7,2,0,29.90,15278.76,,,Urban,Public
5584,Bill,Hudson,13,8,6,27.90,approx 9.6k,0,0,Village,PUBLIC
5585,Kristen,Patton,10,3,1,50.00,52950.59,1,1,Urban,Private
5586,Jesse,Brooks,12,7,5,31.50,18679.92,,,RURAL,Public
5587,Bridget,Frey,10,3,1,42.30,27387.22,0,0,Suburban,Public
5588,Dustin,Wilson,10,4,2,,"22,927.74",1,1,Rural,  PUB  
5589,ERIN,Ho,8,3,1,49.80,23386.11,1,4, Suburban ,Public
5590,Helen,BRIDGES,6,5,3,38.40,24767.11,1,6,  Suburban  , Private 
5591,Anne,,16,5,3,62.90,32885.66,1,1,Suburb,Homeschool
5592,Lance,Bennett,16,6,4,74.00,46394.71,1,6,Urban,Public
5593,Marvin,,7,10,8,,"22,560.52",1,1,Rural, Gov 
5594,Judith,Herrera,7,4,2,75.90,57137.36,1,2,SUB,Private
5595,Ashley,Barron,9,6,4,36.60,30138.14,1,,urban,Public
5596,Christian,Harris,12,2,0,22.50,"$14,172",0,0,Urban,Public
5597,Stacey,Case,10,7,5,46.30,,1,2,Suburban,Private
5598,Patty,Harper,12,8,6,44.50,,,,Rural,Public
5599,Ray,Ruiz,2,3,0,33.70,,0,,Suburban,Public
5600,Caitlin,Hansen,10,4,2,,43993.28,1,1,Urban,HOMESCHOOL
5601,Gerald,Powers,18,4,2,51.20,31379.95,1,-4,Suburban,Governmental
5602,Tracy,HOLMES,9,4,1,20.10,,,,Urban,Private
5603,Rachael,Riley,16,3,1,43.60,42995.32,1,5,  URBAN  ,Public
5604,Cameron,Cantrell,16,6,4,,48092.15,1,4,Rural,Private
5605,Dominique,Montoya,12,4,1,38.40,35524.93,1,2,  Urban  ,PUBLIC
5606,Alexander,,4,2,0,59.80,25825.02,1,5,Urban,PUB
5607,Justin,Unknown,11,4,2,,11871.66,0,-2,URBAN, Public 
5608,Darius,,9,3,1,75.10,91873.7,1,5,urban,Private
5609,Molly,Flores,11,6,4,35.50,22374.38,1,1,Urban,Public
5610,Edgar,Carter,7,2,0,52.20,,,,  Urban  ,Public
5611,Benjamin,Marshall,13,4,2,52.40,27199.79,1,4,SUBURBAN,Public
5613,Cheryl,Parks,15,2,0,,58674.07,1,3,city,  Private  
5614,Carol,Waller,9,6,4,,,1,,Rural,Public
5615,Jesse,Ward,7,7,5,46.60,24241.25,0,0,Suburban,PUB
5616,Stephanie,Bennett,12,5,3,34.20,29739.37,0,0,  Urban  ,PUBLIC
5617,Sean,,17,4,2,27.50,50873.98,1,8,Urban,Int.
5618,Becky,Huynh,11,5,3,23.70,41194.45,1,5,Urban,Public
5619,Mercedes,Roach,12,7,5,,29698.25,1,8,Suburb,Private
5620,Joanne,Kane,10,2,0,32.10,42325.9,1,5,Sub-urban,PUB
5621,Dennis,Perry,9,3,1,56.90,14056.82,0,0,city,Priv
5622,Savannah,Cross,13,5,2,55.20,37476.94,1,3,Urban,Public
5624,Wesley,  Gentry   ,12,3,1,47.00,,1,3,Suburban,Private
5625,Leslie,Barnes,12,4,1,,25917.64,1,2,Urban,Governmental
5626,Carol,Barajas,12,7,5,41.00,27550.67,1,1,SUB,  Gov  
5627,Cody,Fletcher,13,2,0,41.30,18702.2,,,Suburban,NULL
5628,Janet,Fuller,7,4,2,47.60,114692.56,1,7,Suburban,private
5629,Antonio,Graham,7,2,0,50.70,62782.76,1,1,Urban, Private 
5630,Mary,Cervantes,10,6,3,32.60,54236.02,1,3,URBAN,PRIVATE
5631,Pamela,Walsh,10,5,2,50.70,22218.43,1,2,City,  Gov  
5632,Gene,Davis,9,4,2,19.30,10132.91,0,0,  Rural  ,public
5633,Donna,Case,11,4,2,38.70,26460.98,1,1,Urban,n/a
5634,Corey,Hicks,999,6,4,39.70,31659.32,1,,city,Public
5635,Adam,Tanner,19,2,0,55.10,13405.03,0,0,urban, Public 
5636,Leonard,,16,5,3,31.20,33322.47,0,0,Suburban,Public
5637,Richard,Little,6,2,0,49.00,46405.92,1,3,Suburban,Public
5638,bethany,Frye,6,4,2,43.30,7482.91,0,0,Suburb,Public
5639,Patrick,Jennings,9,6,4,47.70,15596.43,0,0,SUB,Public
5640,Gerald,Burke,11,7,5,40.50,33701.87,1,4,-,International
5641,Troy,Dominguez,10,7,5,47.30,,1,,Rural,Public
5642,Marcia,Torres,9,6,4,55.90,,1,6,URBAN,Public
5643,Clayton,Chan,9,4,2,,44553.64,1,2,URBAN,Public
5644,Suzanne,Kirby,12,4,2,34.10,12371.89,,,Rural,Public
5645,Jody,Weber,6,5,3,42.00,22474.42,1,2, Suburban ,Homeschool
5646,Molly,Hernandez,18,4,2,27.20,9169.31,,,Rural,Public
5647,Kaylee,James,11,6,4,59.60,25830.29,1,1,Suburban,International
5648,Ross,Coleman,14,5,2,40.20,,1,1,RUR,Homeschool
5649,Jeanette,Gonzalez,8,5,3,39.00,22865.22,0,,Urban,Gov
5650,Gina,,13,6,4,32.90,,0,0, Suburban ,  Public  
5651,Mike,Hooper,11,7,5,47.00,24898.17,1,4,Suburb,  Public  
5652,Jeffery,Coffey,14,3,0,54.20,53822.88,1,3,Urban,Private
5653,Jose,Mullen,10,2,0,28.10,23047.89,1,,Urban,Public
5654,,Larsen,16,5,3,54.60,69930.76,1,4,Urban,Priv
5655,Samuel,  Grant   ,5,4,2,54.10,"$43,255",1,4,City,international
5656,Gabriel,sanders,14,6,3,43.90,19618.09,0,0,rural,N/A
5657,Joshua,Evans,11,5,2,30.70,20015.84,0,2,Rural,HS
5658,Gregory,Bennett,7,4,2,35.00,13283.23,,, Rural ,PUBLIC
5659,Melvin,Miller,18,7,5,20.60,,0,,Rural,PUBLIC
5660,Heather,Ellis,17,2,0,25.30,19815.22,0,0,rural,Public
5661,Curtis,Durham,45,4,2,45.30,,1,,Village,Public
5662,Michelle,Galloway,11,3,0,56.80,21355.6,0,-3,Urban,Public
5663,Jeffrey,Gardner,13,3,1,,approx 17.8k,0,0,  Urban  ,PUBLIC
5664,Erica,Mills,12,2,0,,approx 23.5k,1,2,Village,Public
5665,Gregg,Daugherty,16,8,6,38.10,41063.09,1,3,  Urban  ,Private
5666,Jesus,Landry,15,3,1,44.80,51395.31,1,3,suburban,International
5667,Elijah,Yu,11,7,5,45.60,21288.89,1,2,Sub-urban,International
5668,  Tracy   ,Lynn,18,2,0,46.10,19067.25,1,2,Urban,Public
5669,Carrie,Chen,14,4,2,33.60,,,,Urban,Public
5670,Judith,Liu,9,7,5,51.80,"29703,57",0,0,Suburban,Public
5671,Ricky,Nixon,9,8,6,33.00,,1,6,Suburb, PVT 
5672,Kimberly,KNIGHT,15,6,3,58.90,28537.18,1,4,Urban, PRIVATE 
5673,Tammy,Heath,8,4,2,32.50,25968.7,1,, Suburban ,Homeschool
5674,Jim,Richmond,9,4,2,49.00,29631.17,1,3,City,International
5675,Ricardo,Jackson,10,3,1,26.90,34190.59,1,3,urban,Public
5676,Jane,  Hunt   ,12,2,0,31.90,"44,283.93",0,0,Suburban,  Private  
5678,Margaret,Snow,6,3,1,26.80,22563.04,0,0,Rural,public
5679,,Williamson,15,3,0,56.70,34903.73,1,,Suburban,null
5680,Audrey,Morales,9,6,4,35.40,,0,0,Rural,public
5681,Theresa,Mcdaniel,18,2,0,46.20,,0,0,countryside,International
5682,VIRGINIA,Swanson,12,8,6,45.70,,0,0,Rural,Public
5683,Adrian,Everett,15,2,0,47.90,,0,0,SUBURBAN,Private
5684,Julie,,13,2,0,55.50,27450.49,1,1,  Suburban  ,Public
5685,Timothy,Owens,15,3,1,41.40,36086.75,1,1,Suburban,PVT
5686,Karla,Joseph,13,3,1,37.70,26501.49,0,5,Suburban,Homeschool
5687,,Mcclure,11,7,5,25.80,25481.65,0,0, URBAN ,Public
5689,Derrick,Baird,18,2,0,39.40,17537 EGP,1,,URBAN,Gov
5690,Veronica,Mack,10,5,3,33.10,39808.56,1,8,Suburban,Public
5691,Brad,Preston,13,2,0,,23688.92,0,0,Urban,Public
5693,Stefanie,Hernandez,12,3,1,30.20,38328.91,1,1,City,Public
5694,Charlotte,Petty,11,8,6,61.20,approx 39.4k,0,0,Urban,public
5695,Desiree,Murphy,3,2,0,,15947.18,0,0,Suburban,Public
5696,Jackson,Keller,10,6,4,58.70,24172.31,1,2,Rural,PUBLIC
5697,James,Myers,14,6,4,54.60,42135.45,1,4,Urban,international
5698,Ryan,Hoffman,8,5,3,58.10,50827.07,1,1,Rural,Gov
5699,Lindsay,Spencer,14,4,2,22.90,26127.3,0,0,URBAN,  Public  
5701,Ryan,Williamson,10,3,1,53.80,21295.73,1,1,Urban,Public
5702,Edward,Brandt,14,3,1,53.70,39007.98,1,3, urban ,PUBLIC
5703,Rebecca,Stokes,13,3,1,52.50,29657.42,0,0,  Urban  ,PUBLIC
5704,Ariel,Lindsey,12,4,2,35.40,51193.15,1,8,Urban, PRIVATE 
5705,Krista,,14,6,4,47.30,20157.41,1,3,Suburban,International
5706,tami,Dunn,11,5,3,29.60,33173.97,1,3,Sub-urban,private 
5707,,Rhodes,5,2,0,40.60,26086.82,1,2,  Urban  ,Public
5708,Amy,Simon,9,2,0,40.00,,0,0,Rural,  public  
5709,Bill,Molina,4,6,4,32.80,36149.64,0,0,Suburban,private
5710,Christie,Townsend,13,10,8,38.70,,1,2,Unknown,Public
5711,Christian,Reeves,14,7,5,,27235.69,1,4,Urban,public
5712,Kevin,Decker,14,6,4,39.50,27470.64,0,0, urban ,  International  
5713,Eduardo,BURGESS,12,3,1,35.50,17075.45,,,RUR,PRIVATE
5714,Desiree,Cook,120,7,5,30.80,26265.75,1,2,Suburban, PUBLIC 
5715,Riley,Fields,5,2,0,33.40,"$30,352",1,3,URB, Gov 
5716,Eddie,Spencer,10,5,3,47.00,36304.25,1,7,Urban,Public
5717,Jeanne,Oconnor,5,4,1,28.30,28006.67,1,1,city,Private
5718,Cristian,Wallace,9,2,0,,,1,-3,URB,Private
5719,Maria,Norman,16,3,1,44.10,21198.46,0,0, Suburban ,Private
5720,Carla,Mcgee,14,6,3,,8756.62,0,0,Village,Public
5721,Breanna,Lin,13,3,1,30.30,,,,Urban,Gov
5722,Tony,Bryant,10,7,5,50.00,42703.72,1,3,city,public
5723,Joe,Deleon,7,4,1,43.90,12389.45,0,0,Urban,Public
5724,  Dana   ,King,11,2,0,47.60,15285.18,,,  Urban  ,Public
5725,Sherri,Valentine,14,3,1,36.20,12154.23,,,Suburban,PUBLIC
5726,Candice,Schmitt,12,6,4,54.50,22057.95,0,, countryside ,Public
5727,Brad,Branch,5,3,1,41.30,53204.01,1,3,SUBURBAN,Priv
5728,Miguel,,11,3,1,25.40,17691.32,1,2,URB,Public
5729,Courtney,Franklin,4,4,2,28.60,21636.19,1,3,Rural,Governmental
5730,Lynn,Rojas,13,6,4,,4022.58,,,  Rural  , Governmental 
5731,,Allen,8,2,0,28.20,19739.76,0,0,Urban, Homeschool 
5732,Nancy,Clay,6,4,2,51.90,23893.49,1,2,Rural,Private
5733,Rodney,Stevenson,13,5,2,51.10,approx 21.6k,1,,Suburb,Public
5734,Hunter,Yang,13,5,3,61.40,44210.42,0,0,Suburban,  home-school  
5735,Marvin,Gilmore,11,6,4,41.70,8705.81,0,0,Urban,PUBLIC
5736,karen,Swanson,18,3,1,,,1,6,Urban,Public
5737,Lucas,James,45,3,1,42.40,"$32,827",1,,Suburban,Gov
5738,Tammy,Castillo,8,7,5,42.70,37877.3,1,3,Urban,Public
5739,Sean,harvey,12,4,2,46.30,22795.41,0,0,null,Private
5740,Darlene,Heath,9,8,6,42.40,33327.27,1,3,Urban,INTL
5741,Jeffrey,Huynh,15,6,4,50.70,,1,1,Urban,  Public  
5742,Bethany,NICHOLS,12,3,1,36.70,,0,0,Suburban,  Public  
5743,Pamela,Matthews,12,3,1,,91492.44,1,2,SUB,PVT
5744,Mikayla,  Barr   ,5,2,0,,14873.59,1,2, Urban ,Public
5745,Jon,Hurst,11,4,2,,approx 11.7k,0,,Suburban,Public
5746,Michaela,Barnes,10,2,0,44.30,37195.4,1,1,suburban,Homeschool
5747,Alexander,Ramos,7,3,1,35.00,,0,0,Suburban,Public
5748,Caitlin,Davis,10,6,4,48.80,79675.51,1,5,city, Private 
5749,Theodore,Morris,12,4,2,,115144.78,1,8,Suburban,INTL
5750,Tommy,Valdez,10,5,3,,22414.95,1,4,Suburban, PUB 
5751,Nancy,Cunningham,5,4,2,34.10,approx 30.3k,1,2,  Suburban  ,International
5752,Kevin,Sweeney,10,3,0,,,1,4,SUB,Homeschool
5754,Brian,Reed,11,5,3,18.20,8679.77,,,Urban,Governmental
5755,Latasha,Cruz,11,2,0,54.70,,,,Urban,
5756,Allison,Bates,9,7,5,38.40,31736.6,0,0,Urban,Private
5757,April,Harrison,9,6,4,36.80,34586.25,0,0,n/a,International
5758,Jasmine,Callahan,11,5,3,30.20,11314.68,1,1,suburban,Public
5759,Carlos,Simmons,14,8,6,30.70,,0,0,RURAL,Public
5760,Rachel,Powers,12,4,2,29.80,,,,SUB,  Public  
5761,Scott,Reeves,16,4,2,34.90,21496.28,1,4,Suburban,Public
5762,Allen,Brandt,15,6,4,48.50,,,,Suburb,Priv
5763,Kent,Miles,16,6,4,37.60,20959.9,0,0,urban,Public
5764,Kelly,Trujillo,15,2,0,55.60,36613.38,1,,Suburban, PUBLIC 
5765,Cassandra,Cross,16,8,6,54.90,34712.77,1,1,Urban,Private
5766,George,Trevino,6,2,0,22.00,40483.62,0,0,  urban  ,  Governmental  
5767,Melissa,  Smith   ,13,7,5,45.00,,1,1, Rural ,PUBLIC
5768,Rebecca,Jenkins,15,4,2,33.40,37961 EGP,1,2,Suburban,Private
5769,Aaron,Unknown,16,5,3,55.30,29164.2,1,4,N/A, Public 
5770,Sherri,Gibson,8,3,0,35.10,19530.6,1,1,Suburban,Priv
5771,Leslie,Meza,13,9,7,36.40,23477.87,1,2,Rural,Homeschool
5772,Austin,Garza,11,6,4,41.10,23555.58,0,,City, Gov 
5773,Peggy,Huff,17,5,3,45.40,14310.96,1,,Rural,Public
5774,Tracey,,6,4,1,28.50,30870.26,1,3,RUR,Gov
5775,Jonathon,Hobbs,8,3,1,47.30,43728.19,1,,Suburban, private 
5776,Kathy,Lloyd,4,5,3,55.40,25249.81,1,1,URBAN,Public
5777,Darius,carr,11,7,5,47.70,48053.56,1,6,City,Public
5778,Gregg,Hull,18,5,2,39.80,14720.63,1,1,URBAN,Public
5779,curtis,Crawford,10,3,1,,"25,330.48",1,,Urban,Public
5780,Shelly,Lin,11,6,4,41.40,16924.36,0,2,Suburban,Public
5781,Kelsey,Washington,12,5,3,46.60,17137.72,1,5,Rural,Public
5782,Cheryl,Livingston,10,2,0,46.80,44534.63,1,4,Unknown, Intl 
5783,  Kaylee   ,Unknown,12,5,3,45.80,34739.15,1,3,, Private 
5784,Jorge,May,12,6,4,50.80,32234.62,1,2,Sub-urban,Private
5785,Jaclyn,,7,4,2,45.30,32068.21,0,0,Urban,Public
5786,Joel,Hancock,10,5,3,34.30,"$23,443",1,1,SUB,n/a
5787,Christine,Dillon,13,8,6,47.10,33211.55,0,0,Village,Public
5788,Marie,Solis,14,2,0,29.00,,1,1,Urban,Governmental
5789,Rita,Carroll,15,4,1,,"$20,605",0,0,Urban,  Private  
5790,Jackie,Stevens,12,4,2,35.30,32086.96,0,0,Suburban,null
5791,Mike,Sheppard,12,6,4,,68894.72,1,6,Urban,  Private  
5792,Tasha,Andrews,13,10,8,54.30,14182.86,0,0,Village,Private
5794,Becky,Watkins,8,2,0,43.00,14625.83,1,3,URBAN,Public
5795,Connor,Carter,10,6,4,40.50,18999.44,0,0,SUBURBAN,PVT
5796,Dan,Cox,6,5,3,26.50,37779.69,1,2,SUBURBAN,Public
5798,Christopher,Shaffer,14,3,1,31.30,25303.37,0,0,Urban,Public
5799,Shawn,Castaneda,8,2,0,32.00,11054.18,1,1,Rural,Gov
5800,Frederick,Schultz,12,4,2,30.60,approx 30.9k,1,-2,Urban,Public
5801,Kim,Herring,8,3,0,13.20,10529.39,1,1,suburban,PUBLIC
5802,Terri,Spencer,7,3,1,37.10,58663.33,1,5,  Urban  ,Public
5803,Tammy,Carney,18,3,1,40.00,15109.77,0,0, Urban ,Public
5804,Johnathan,Mcdowell,7,3,1,,20385.63,1,,Village,Governmental
5805,Tricia,Wilkins,6,5,3,43.20,30165.28,0,0,Suburban, Gov 
5806,Cory,Carrillo,11,2,0,64.60,,1,,SUBURBAN,Public
5807,Helen,Kane,11,3,1,38.40,34220.35,1,4,city,Priv
5808,Erica,Young,13,8,6,48.90,17179.84,,,  RUR  ,  Public  
5809,Jaclyn,Branch,18,8,6,35.40,37636.49,1,2,city,Private
5810,Melinda,Molina,8,3,1,74.80,40500.89,1,3,  Suburban  ,public
5811,Jesse,Larsen,8,5,3,51.90,79861.65,1,8,city,Private
5812,Sean,Payne,16,3,1,37.80,13955.29,0,0,Suburban,Public
5813,Yvonne,Howard,14,3,1,,,,,Sub-urban,Public
5814,Dean,Hopkins,13,2,0,,,1,2,  urban  , PUBLIC 
5815,Unknown,Elliott,19,2,0,34.40,,1,1,SUBURBAN,Homeschool
5816,Paul,Garrett,15,3,1,35.70,15370.03,,,URBAN,Public
5817,Felicia,Brock,13,2,0,22.00,,1,1,Sub-urban,Public
5819,Carolyn,Wells,8,8,5,,27455.38,0,0,  Rural  ,international
5820,,James,11,3,1,35.90,41963.98,1,4,URB,PUB
5821,Cristina,Fisher,16,2,0,60.10,21115.71,0,0,Urban,Public
5822,Phillip,Berger,7,4,2,59.90,22143.02,1,2,urban,-
5823,Cesar,Herman,8,2,0,36.80,89852.7,1,4, Urban ,Priv
5824,Stefanie,Moore,8,2,0,31.60,35494 EGP,1,6,Suburban,Public
5825,Brad,Todd,9,2,0,19.40,32695.38,1,1,URBAN,-
5826,Paula,Sawyer,10,3,1,,31787.42,1,3,Urban,Public
5827,Bill,Hood,14,4,2,40.70,25359.64,1,4,  Urban  ,Public
5828,Yvonne,Sawyer,12,9,6,45.10,77012.72,1,3,suburban,Priv
5829,Lisa,Graham,11,4,2,40.80,23053.76,0,2,Suburban,Public
5830,Bryan,,11,5,3,49.00,32277.08,1,1,Urban,Public
5831,Jennifer,Hopkins,13,6,4,15.50,6926.78,0,0,RURAL,Public
5832,ROSS,Stokes,4,3,1,47.30,20952.2,1,3,URB,Public
5833,Logan,,14,4,1,54.20,18903.55,1,2,SUBURBAN,Governmental
5834,Brad,Vargas,8,4,2,47.10,38849.93,0,0,NULL,Public
5835,Patrick,Sherman,9,5,3,42.30,,,,suburban,  Private  
5836,Melvin,Aguilar,12,8,6,31.50,30533.25,1,3,urban,Private
5837,Greg,Meza,10,6,4,,,0,0,RUR,PUB
5838,Cristina,Fry,12,7,5,,13969.72,,,suburban,Private
5839,Todd,Duran,11,2,0,,,0,0,Suburb,Public
5840,,Rhodes,9,2,0,46.30,,1,2,  suburban  ,PUBLIC
5841,Unknown,Perez,16,5,3,,31466.69,0,6,URBAN,private
5842,Anne,Vincent,13,4,2,26.70,26727.58,1,1,Urban,Intl
5843,Mathew,Blanchard,12,5,3,51.40,10850.05,0,6,Rural,Governmental
5844,Victor,Raymond,-5,3,1,41.70,23723.8,1,2,SUBURBAN,Public
5845,Christie,Unknown,8,2,0,45.40,24897.15,1,1,Urban,Private
5846,Erica,Harris,18,2,0,29.80,16763.73,,,Urban,Public
5847,Kathleen,White,7,2,0,20.10,"31122,81",1,2,URB,private
5848,James,LOPEZ,11,4,1,,,1,3,Suburban,Private
5849,Cindy,Mays,19,3,1,29.30,23569.98,1,-4,SUB,International
5850,Whitney,Drake,9,3,1,,,0,0,Suburban,Public
5851,Alan,Pineda,9,7,5,35.60,,1,5,URB,International
5852,Samuel,Baird,8,2,0,53.40,34249.14,1,7,null,Private
5853,Dwayne,Lamb,15,2,0,59.70,65374.66,1,8,Urban, INTERNATIONAL 
5854,Dawn,Ellis,6,3,1,58.50,"$29,050",1,2, urban ,Governmental
5855,Abigail,,14,7,5,51.20,,0,0,RUR,public
5856,,Berg,13,4,2,30.50,,1,1,Suburban,Public
5857,Ariana,,9,2,0,33.50,47938.46,1,2,Sub-urban,  HS  
5859,Jody,Meadows,10,5,3,45.50,17922.19,0,0,Urban,Public
5860,Riley,Unknown,7,4,2,44.70,,,,urban,  public  
5861,Marvin,Benitez,7,7,5,51.00,29443.18,1,4,Urban,Private
5862,Ariel,King,13,4,2,40.70,18081.74,1,2,URB,Gov
5863,William,Skinner,13,6,4,51.80,"17344,03",1,3,suburban, Public 
5864,Dwayne,Palmer,11,3,1,42.90,22448.51,1,2,suburban,Governmental
5865,Francis,Gonzalez,9,5,2,58.10,37250.87,1,4,City,Public
5866,Gene,Harvey,10,7,5,31.30,approx 16.7k,1,1, Sub-urban ,Homeschool
5867,Desiree,Copeland,9,6,4,,approx 32.0k,1,3,Urban,PRIVATE
5868,Ashlee,Owens,4,2,0,40.50,"27,739.57",1,3,City,Public
5869,Glen,Pratt,11,3,1,34.30,8367.07,0,0,URB,Public
5870,Barry,Patton,12,6,4,39.10,34535.27,1,3,Suburban,Private
5871,Brian,Aguirre,11,3,1,28.20,23200.92,1,2,URBAN,Priv
5872,Greg,Black,17,7,5,33.70,,0,,Rural,Homeschool
5873,Erica,Gentry,7,2,0,27.00,,0,0,rural,Gov
5874,Joe,Cain,8,4,2,32.70,28613.42,1,,Suburb,Public
5875,Kristin,Reed,11,2,0,,26250.18,1,2,suburban,Public
5876,jasmine,Sullivan,11,2,0,23.00,36477.03,1,3,Suburban,Public
5877,Jenny,Snow,4,7,5,38.50,21809.94,0,0,countryside, International 
5878,Hannah,Sanchez,13,5,3,43.90,,,,suburban, Homeschool 
5879,Colleen,Tyler,11,2,0,22.00,,,,city,Public
5880,Frank,Fowler,3,2,0,56.90,"$31,777",1,2,  URBAN  ,Governmental
5881,,Alvarez,10,2,0,34.80,,1,3,Suburban,  Private  
5882,Samuel,Mcdonald,8,5,3,41.80,26599.71,0,0,  Urban  ,Public
5883,Scott,Trevino,9,5,2,35.90,"$36,803",1,1,Sub-urban,Private
5884,Samuel,Lynch,6,5,3,21.80,9888.19,0,0,rural,?
5885,Joanne,Perez,12,4,2,36.10,24580.03,1,1, Urban ,Gov
5886,Dean,Parker,17,7,5,32.20,17920.18,1,3,City, Public 
5887,Amber,Dominguez,11,3,1,43.70,43630.59,1,5,Urban,Priv
5888,Denise,NGUYEN,3,6,4,43.40,18020.76,1,1,Urban,Governmental
5889,Kayla,Allen,12,2,0,69.90,79452.69,1,5,SUB,Private
5890,Justin,Cole,10,4,2,44.90,22559.31,1,5,Urban, PUBLIC 
5891,Nathaniel,Kramer,7,2,0,46.00,,1,7,Suburban,Homeschool
5892,Nicole,Padilla,12,5,3,,19554.68,0,0,Suburban,Gov
5893,Caleb,Solomon,14,4,2,31.20,62049.75,1,4,City,  Private  
5894,Bill,FOWLER,8,4,2,50.40,60762.62,1,,N/A,Public
5895,Randall,Hardy,5,5,3,34.40,24882.72,1,4,URB,PUB
5896,Kendra,Chavez,3,6,4,43.00,29764.89,1,4,Suburban,Gov
5897,Duane,Salas,8,3,1,42.40,59914.67,1,1,city,Private
5898,Diamond,Donovan,10,3,1,13.40,35150.05,0,,City,Public
5899,,Fisher,9,4,2,36.80,,0,0,urban,Private
5900,,Andersen,8,7,5,38.00,26596.54,1,4,  Suburban  ,Public
5901,Margaret,Houston,13,3,1,47.00,,1,3,Suburban,Public
5902,Lisa,Mcneil,12,5,2,52.90,32307.26,1,,urban,PUB
5903,Maxwell,Hernandez,11,2,0,45.20,,0,0,Suburban,Public
5904,Bethany,Haley,13,5,3,38.20,31415.07,1,1,SUB,private
5905,Cathy,Walsh,8,11,9,39.60,6413.53,,,countryside,Public
5906,Tiffany,Huffman,7,2,0,33.90,,,,SUBURBAN,Gov
5907,Jerry,,9,4,1,40.90,,1,1,Suburban, public 
5908,Colin,Watson,8,7,5,55.50,27224.76,1,4,Urban,Homeschool
5909,Dustin,Sparks,1,7,5,41.30,,0,0,Urban,Governmental
5910,Erica,Kramer,9,4,2,,,1,1,?,Public
5911,Karla,Tanner,14,5,3,56.00,45613.84,1,2,n/a,Private
5912,Brittany,Jimenez,13,4,2,36.00,,1,1,Urban,PVT
5913,Dorothy,,12,3,1,30.80,6351.88,,,SUB,Public
5914,Chad,harper,11,7,5,33.80,12422.81,1,1,Rural,PUBLIC
5915,Aaron,Mckinney,16,5,3,43.80,59943.63,1,2,URBAN,International
5916,Carl,Smith,7,6,4,44.40,21211.98,0,0,Rural,Public
5917,Tom,Unknown,45,2,0,32.20,37199.17,0,0,Urban,International
5918,,Garcia,15,3,1,37.30,23395.08,1,5,  rural  ,Governmental
5919,Matthew,Nelson,11,9,7,31.50,10123.23,,,  Rural  ,public
5920,Tricia,Hill,8,6,4,40.40,28788.08,1,1,SUBURBAN, Public 
5921,Marcia,Bennett,12,2,0,,22235.68,1,4,n/a,private
5922,Ray,Gillespie,9,4,2,34.20,18194.85,0,,Unknown,PUB
5923,Clayton,Robinson,7,3,1,26.30,,0,,Rural,Public
5924,Judy,Shea,7,7,5,54.70,24923.16,0,0,Suburban, public 
5925,Aaron,Bryan,12,5,3,43.30,,0,0,URBAN, Governmental 
5926,Edward,Lloyd,11,2,0,62.30,41680.4,1,7,URBAN, Private 
5927,Jasmine,Rogers,16,2,0,29.80,,0,0, Urban ,Gov
5928,Monica,Beck,9,5,3,39.70,16334.87,0,0,unknown,PVT
5929,Heidi,Daniel,9,6,4,47.00,43259.92,0,0,Urban, International 
5930,troy,Flowers,16,6,4,47.70,20123.45,1,4,Village,  Private  
5931,Ebony,Simon,14,5,3,54.20,22781.8,0,0,Urban,Public
5932,Deborah,Gaines,11,7,5,30.60,11592.87,0,0,city,PUBLIC
5933,Joy,Prince,5,10,8,39.60,"$28,988",0,0,URBAN,PUBLIC
5934,Dwayne,Unknown,8,9,7,,21023.65,1,1,URBAN,PUB
5935,  Kellie   ,Brooks,2,4,2,39.70,38724.57,1,6,Urban,Private
5936,Charlotte,Jensen,11,4,1,80.40,"$19,261",0,0, SUB ,International
5937,Makayla,yu,9,2,0,32.00,,0,,Urban,  Public  
5938,Eddie,Wu,16,6,4,33.30,,0,0,Suburban,PUB
5939,Tasha,Peterson,5,6,4,,23509.34,1,1,city,Public
5940,Tara,Garrison,6,4,2,51.50,27168.73,1,9,Suburban,Public
5942,Rachel,Sheppard,12,2,0,44.40,19591.15,0,0,Urban,PUB
5943,Riley,Golden,3,3,1,63.50,45975.34,1,5,city,Governmental
5944,Robin,Cunningham,4,7,4,65.10,31580.79,1,5,RURAL,Home School
5945,Jade,  Cruz   ,10,5,3,52.60,29801.18,0,0,Suburban,Private
5946,Megan,Ali,15,3,1,32.50,25418.43,0,,  Urban  , HOMESCHOOL 
5947,Jeanette,Lopez,17,12,10,39.80,18182.63,1,1,Suburb,Public
5948,Sabrina,Humphrey,9,2,0,41.60,39997.55,1,6,Urban,International
5949,Teresa,Benson,10,4,2,60.00,approx 25.0k,0,0,City,Public
5950,,Perry,7,4,2,35.20,49319.27,1,2,Urban,Private
5951,Micheal,mora,13,5,3,33.20,43694.45,1,1,Suburban,Private
5952,Aaron,Stokes,16,2,0,31.10,37255.04,1,2,urban,International
5953,,Becker,15,6,4,24.70,19464 EGP,1,1,Suburban,Public
5954,Chad,Forbes,10,4,2,41.30,23594.96,1,4,Urban,Homeschool
5955,Michaela,gross,7,2,0,31.00,,1,3,Urban,Home School
5956,Phillip,Kim,11,4,2,24.40,28883.89,1,4,URBAN,Homeschool
5957,Yvonne,salas,15,4,2,33.40,28395.03,0,,Urban, PUBLIC 
5958,Sonia,Yang,9,9,7,37.60,8041.42,1,1,Rural,Public
5959,Carl,Harrington,4,3,1,54.10,93928.09,1,6,Suburban,Private
5960,Dalton,Russo,9,3,0,34.10,40373.78,1,6,city,Private
5961,Gloria,Mullen,9,10,8,25.70,18727.62,1,, Urban ,PUBLIC
5962,Paula,Galvan,4,6,4,61.90,92024.08,1,5,city,Private
5963,Diamond,Coleman,11,5,3,31.30,,,,Rural,Private
5964,Jonathon,Mayer,12,5,3,65.20,40404.1,1,3,suburban,International
5965,Mathew,Gilbert,17,3,1,44.10,26854.75,1,2,Suburban,Public
5966,Marissa,Carlson,6,2,0,19.40,23064.11,1,5,urban,Public
5967,Bailey,Moreno,13,3,1,32.20,21262.12,0,0,Suburban,Public
5968,Jackson,MILES,14,7,5,45.30,56396.28,1,3,Suburban,International
5969,Darius,Preston,12,3,1,,41437 EGP,1,,  Sub-urban  ,Public
5970,Kendra,Schneider,7,2,0,28.80,,1,1,Urban,Public
5971,Carlos,French,7,4,2,34.40,,0,0,URB,Public
5972,Christine,Mcbride,11,3,1,33.80,35151.95,1,1,Urban, Private 
5973,Joy,Norris,11,7,5,43.30,8642.43,0,0,Rural,PUB
5974,Sophia,Wright,8,3,0,29.60,39983.66,1,4,Urban,International
5975,Maxwell,Parks,15,6,4,,17279.4,0,0,Suburban,Homeschool
5976,Katelyn,Harmon,9,4,2,32.80,,1,1,Rural,Homeschool
5977,Scott,Woods,4,6,4,41.70,18016.68,0,0,Suburban, Public 
5978,Chelsea,Bolton,10,2,0,40.70,44859.17,1,3,Suburban,-
5979,Cassie,Armstrong,12,6,4,24.10,,,,Urban,PUBLIC
5980,Zachary,Blanchard,12,4,2,40.20,38398.32,1,3,SUBURBAN,Public
5981,Johnathan,Middleton,12,5,3,25.40,20707.79,1,5,  Rural  ,PUBLIC
5982,Casey,Hancock,16,6,4,26.90,16482.43,,,Rural,Public
5984,Dwayne,Watson,9,8,6,19.60,"$22,417",1,3,rural,Public
5985,Cheyenne,,16,2,0,50.30,23341.5,0,0,Urban,Intl
5986,Amy,Roach,3,3,1,,19990.47,1,2,Suburban,Public
5987,Tammie,Terry,10,2,0,63.20,30794 EGP,0,0,city,public
5988,Jordan,Bird,15,4,2,70.20,76562.72,1,1,city,International
5989,Sierra,Bush,15,9,7,24.00,,,,Suburban,Public
5990,Gabrielle,Crosby,13,4,2,50.30,33704.52,1,5,Suburban,Public
5991,Bill,Wu,13,4,2,40.40,15856.37,0,0,rural,Public
5992,Cody,Vaughn,7,3,1,53.10,26335.48,0,0,Urban,Governmental
5993,Robert,Harrington,15,5,3,30.50,7406.89,0,0,RUR,  Public  
5994,jodi,Jimenez,6,2,0,33.20,,0,0,Urban,Governmental
5995,Brett,Herring,6,6,4,41.70,35845.11,1,2,Urban,Public
5996,Desiree,Bauer,12,8,6,40.50,14792.3,1,6,Urban,Public
5997,Luis,Holland,9,5,3,43.10,"$44,757",1,2,Suburb,  Public  
5998,Madison,Roman,11,6,4,41.90,,0,0,Rural,Public
6000,,,17,4,2,23.20,approx 21.7k,0,0,,Public
6001,Harry,,12,5,3,34.10,18156.79,,,Suburb,public
6002,Melvin,Huber,8,2,0,,,1,1,Suburban,Public
6003,Jorge,Price,13,6,4,67.10,,1,3,Suburban,  International  
6004,Ruben,Terry,8,6,4,,25426.94,1,2, Rural ,public
6005,Monica,Brock,14,6,4,49.90,24995.65,1,, City ,Public
6006,Ray,Perez,11,6,4,42.10,41157.58,1,2,Urban,Private
6007,Jon,Lee,12,5,3,29.30,,1,4,Urban,Public
6008,Ronald,Mason,4,5,3,24.00,8235.21,0,0,Rural,Public
6009,Lawrence,Tucker,3,5,3,46.10,31514 EGP,1,1,Suburban,Private
6011,Tamara,Raymond,17,3,1,40.90,6076.21,1,1,Suburban,Public
6012,Sheila,Love,6,2,0,43.30,,0,0,Suburban,PUBLIC
6013,Unknown,Spears,13,5,3,43.60,11714.41,,,  URB  ,PUBLIC
6014,Theodore,Everett,8,2,0,43.90,15103.07,,,Urban,Public
6015,David,Ryan,10,5,2,44.90,22316.39,1,1,Suburban,Public
6016,Jonathon,Mason,10,5,3,47.10,24553.99,1,2,Suburban,Public
6017,Selena,Bowers,16,8,5,43.00,"$18,783",1,,Urban,Public
6018,Bradley,Blackburn,13,7,5,38.50,39736.09,0,0,Urban,Public
6019,Kathleen,Price,12,2,0,42.50,27917.61,1,1,Urban,Public
6020,Anne,Hicks,15,7,5,64.00,20268.26,0,0,Suburban,Governmental
6021,alexander,Mcdowell,8,2,0,47.70,30450.95,1,6,URB, Public 
6022,jon,Case,14,9,7,59.10,57686.73,1,1,URBAN,International
6023,Suzanne,French,14,2,0,31.00,9111.8,0,0,URBAN,Public
6024,Kurt,Vincent,14,2,0,41.80,35057.27,1,,RURAL,HOMESCHOOL
6025,Vincent,Holt,10,3,0,30.00,21180.72,0,0,NULL,International
6026,Wayne,Adams,9,4,2,33.30,19372.18,1,2,city, PUBLIC 
6027,Unknown,Henry,7,2,0,48.70,23832.46,1,3,city,public
6028,Mikayla,Mcconnell,8,2,0,,15714.09,1,2,Suburban,Public
6029,Harry,Mccarty,7,7,5,56.40,9679.77,1,2,Rural,Public
6030,,  Garcia   ,12,3,1,44.10,27330.38,1,1,RUR,International
6031,Brooke,Hardy,10,4,1,61.40,27940.35,1,8,Suburban,public
6032,,Carroll,12,3,1,,10355.47,0,0,URBAN,Homeschool
6033,Russell,Peters,12,7,5,47.00,approx 43.1k,1,3,Urban,Private
6034,Dylan,Cherry,7,4,2,,34222.66,1,,  SUBURBAN  ,Public
6035,Earl,Meza,7,6,4,32.80,,0,0, Suburban ,PRIVATE
6036,Danny,Oconnor,10,5,3,,32831.45,0,0,,Public
6037,Dominic,Brock,8,5,3,42.40,35999.22,1,4,SUB,Public
6038,Lauren,Watts,7,4,2,40.30,,1,,Urban,  Public  
6039,Madeline,Walker,17,7,5,64.00,29938.7,1,7,Sub-urban,Private
6040,Erica,Harmon,5,6,4,35.10,20510.59,1,1,Urban,Public
6041,Wesley,,18,3,1,,40062.87,1,1,  urban  ,Private
6042,Tony,Bush,12,3,1,45.20,17791.81,,,City,Public
6043,Kristin,Love,14,2,0,49.50,52745.5,1,2,city,Public
6045,Virginia,Franco,13,3,0,52.10,18247.96,1,1,Sub-urban,Governmental
6046,colleen,,16,2,0,,17199.13,0,,Suburban,Public
6047,Brandon,Elliott,7,6,4,,41386.51,1,3,Suburban,Public
6048,Xavier,Hernandez,10,7,5,53.50,,0,0,Urban,Public
6049,Cynthia,Montgomery,7,6,4,65.80,30737.7,1,3,RURAL,HS
6050,Olivia,,4,6,4,36.80,19290.75,0,0,Rural, Public 
6051,John,Jones,8,2,0,39.00,,0,0,Suburban,  PUBLIC  
6052,Desiree,Massey,17,4,2,43.80,25959.39,1,3, Suburban ,Public
6053,LAURA,Murphy,10,4,1,35.50,26259.23,0,0,Suburban,Public
6054,Amber,Reyes,18,4,2,39.90,,,,suburban,Governmental
6055,Courtney,Patel,18,3,1,47.00,29868.37,1,6,city,private 
6056,Unknown,Cherry,18,3,1,47.60,34482.22,1,4,Suburban,PUB
6057,Katherine,Krause,17,2,0,55.90,55297.56,1,2,Urban,Priv
6058,  Christine   ,Love,18,2,0,53.00,46461.74,1,5,SUB,Private
6059,Brenda,Neal,12,6,4,48.30,"$95,222",1,4,Suburban,Private
6060,Shelby,Kelley,11,3,0,,17159.74,1,,Rural,Homeschool
6061,Ray,Wyatt,12,5,3,62.00,40319.52,1,3,Urban,International
6062,Unknown,Mcfarland,11,3,1,27.30,18335.07,,,Suburban,Public
6063,Janice,Robinson,11,7,5,,,1,5,Suburb,Intl
6064,Joanne,Kent,13,7,5,21.30,,0,0,Rural,Homeschool
6065,Lynn,Norris,9,7,5,40.00,47173.14,1,4,unknown,International
6066,Jeffery,Tanner,6,5,3,49.70,,1,6,Urban,Private
6067,Joe,Powell,12,6,4,40.40,11140.13,0,0,unknown,Public
6068,Anthony,Shepard,8,10,8,31.00,30332.65,0,0,N/A,public
6069,Omar,Owen,-5,2,0,,22052.95,0,0,RUR,  public  
6070,Mason,Mora,10,3,1,35.70,20402.41,0,0,Suburban,Public
6071,Ariel,Guerrero,9,6,4,51.60,15919.58,,,Rural,?
6072,Collin,Chapman,14,6,4,38.80,34406.91,0,0,URBAN,public
6073,Becky,Collins,10,4,2,40.50,36255.69,1,2,Urban,  Public  
6074,Bobby,Swanson,15,6,4,70.70,,1,2,urban, Private 
6075,Trevor,Arroyo,11,4,2,45.40,,0,0,Suburban,Public
6076,Jody,Peck,10,7,5,17.20,,,,Rural,Public
6077,Alisha,Higgins,11,4,2,45.30,38522.23,1,6,SUBURBAN,Private
6078,Thomas,Harmon,6,6,4,36.80,,0,0,Urban,Gov
6079,Alexis,Colon,12,2,0,,20689.42,1,1,Suburban,Public
6080,Jerry,Waller,14,4,2,27.30,21814.41,0,3,Suburban,  Public  
6081,Jaclyn,Kane,14,7,4,37.30,42705.09,1,,city, PUBLIC 
6082,Kristin,Chaney,6,3,0,66.00,"67774,56",1,3,  SUB  ,Private
6083,Ebony,Gardner,5,8,6,36.10,28846.14,1,2,?,Public
6084,,Perkins,9,3,1,,20978.4,1,1,Suburban, PUB 
6085,Bradley,Curry,15,5,3,33.60,17429.96,1,-1,Suburban, Public 
6086,Charles,Watkins,11,6,4,32.30,47064.43,1,2,URBAN,International
6087,Sophia,Mcfarland,8,6,4,36.20,26711.25,1,2,Urban,  PRIVATE  
6088,Kent,Benson,5,2,0,49.50,19404.08,1,1,Suburban,Private
6089,Lucas,Leonard,8,3,1,54.40,28946.6,0,3,Rural,Governmental
6090,Roberta,Mcclure,8,5,3,41.50,56562.51,1,2,Urban, Priv 
6091,,Doyle,14,2,0,31.90,10120.85,0,0, rural ,PUB
6092,Jordan,Crosby,14,7,4,62.50,11236.01,0,0,Suburban, Public 
6093,Clayton,Branch,7,4,2,48.10,28175.82,1,,Urban, Public 
6094,Anne,Montgomery,13,4,2,51.00,,1,5,urban,Public
6095,Makayla,Trevino,13,3,1,46.30,approx 14.7k,0,0,Urban,Public
6096,Mikayla,,6,3,1,56.40,,,,  URBAN  ,Public
6097,Dakota,Clay,10,2,0,45.50,52869.99,1,4,Urban,PVT
6098,Teresa,Moreno,12,3,1,47.00,,1,2,Suburban,n/a
6099,Martin,Murphy,11,7,5,45.90,98875.16,1,,  SUBURBAN  ,Private
6100,Abigail,Boyd,4,6,3,26.80,17978.3,1,1,Suburb,Gov
6101,Shawn,York,11,5,3,41.70,53178.51,1,1,Suburban,private
6102,Timothy,Gonzalez,13,8,6,21.60,39005.42,1,2,Urban,private
6103,Donna,Hawkins,16,5,3,,12631.98,0,0,Rural,PUBLIC
6104,Elaine,Howard,8,3,0,44.10,15824.72,0,0,-,Public
6105,Shelia,Walter,9,2,0,55.00,18795.52,1,,Suburban,Public
6106,Cameron,Campbell,10,3,1,30.90,34279.33,1,5,Urban,Public
6107,Alvin,Sandoval,12,6,4,51.40,29515.94,1,1,countryside, Governmental 
6108,Cassandra,Lang,11,2,0,38.20,20895.43,1,3,Suburban,Public
6109,Matthew,Cherry,13,3,1,44.00,47411.09,1,5,Urban,Gov
6111,gregg,Ramsey,12,2,0,53.30,,1,4,URB,Private
6112,Cole,Spencer,8,4,2,24.60,,0,0, Suburban ,  Governmental  
6113,Edgar,Silva,10,2,0,39.40,24908.56,0,3,Suburban,PUB
6114,Marilyn,Galloway,17,2,0,,43922.77,1,5,Urban,PRIVATE
6115,Edgar,Mcgee,5,3,1,48.50,16355.11,0,0,Urban,Governmental
6116,Collin,Trevino,9,4,2,50.20,,0,0,NULL,Gov
6117,Christian,Blackburn,6,2,0,49.10,25222.05,1,3,suburban,Public
6118,Gabriella,Alvarado,11,7,5,39.70,20391.42,1,3, Suburban ,public
6119,Mike,shepard,14,4,2,31.90,"27,043.73",1,1,Urban,  Public  
6120,Maria,Escobar,11,5,3,33.70,19747.04,0,-1,SUB,Public
6121,Kaitlyn,,10,9,6,46.10,56271.31,1,3,RUR,Private
6122,Janet,Dougherty,15,5,3,44.80,23065.51,1,1,-,Homeschool
6123,Annette,Cook,12,3,1,40.90,35316.17,1,, SUB ,Public
6124,Laurie,Hernandez,13,2,0,58.70,39546.32,1,3,NULL,Public
6125,Natasha,Gregory,13,2,0,47.10,,0,0,Urban,public
6126,,Weeks,3,4,2,63.80,38421.23,1,2,Rural,  Private  
6127,Donna,Marquez,10,7,5,28.90,24201.97,1,1,Rural,PUBLIC
6128,Terri,,7,5,3,52.60,32413.28,1,5,City,Homeschool
6129,George,Arnold,8,7,5,59.10,,1,5,Urban,  Public  
6130,zoe,Reese,16,2,0,33.20,28961.42,1,2,city,Homeschool
6131,Makayla,Trujillo,9,2,0,48.30,"$41,567",1,7,Suburban,null
6132,Dakota,,17,7,4,37.80,10594.36,0,0, Urban ,Public
6133,,  Todd   ,5,2,0,42.90,approx 40.1k,1,4,Suburban,Private
6134,Jean,King,7,5,3,32.00,,1,7,Urban,  Public  
6135,STACEY,Schneider,13,4,2,38.60,28555.26,1,4,Suburban,PUBLIC
6136,Jason,Jackson,9,8,5,,10793.97,,,countryside,Governmental
6137,Riley,Blanchard,12,3,1,,26361.09,1,3,city,  Public  
6138,Mary,Wilkinson,10,2,0,57.70,22326.59,0,5,Suburban,Public
6139,Monique,Kim,10,5,3,26.40,"9,168.07",,,n/a,PUB
6140,Noah,Mcclain,9,3,1,52.70,36209.1,1,1,Urban,private 
6141,Arthur,Neal,11,4,2,46.10,40751.5,1,1,rural,Public
6142,Kurt,Moon,13,2,0,41.70,11711.09,,,Suburban,home-school
6143,Anita,Fox,16,2,0,39.40,33511.19,1,3,Suburban,Homeschool
6144,Jasmine,Valentine,10,4,2,32.80,20307.77,1,1, Suburban ,Governmental
6145,Kimberly,Cobb,9,2,0,57.60,22142.38,1,1, City ,Private
6146,Jeffrey,Ruiz,9,4,2,37.90,30980.71,0,0,URB,Public
6147,Whitney,  Livingston   ,16,6,4,52.50,31240.05,1,1,NA,Public
6148,Luis,Mcclure,13,7,5,,,0,0,Sub-urban,Private
6149,Unknown,Dillon,4,4,2,,,,,countryside,  Public  
6150,Colton,Salas,4,3,1,53.10,54147.02,1,3, Urban , Private 
6151,Connor,Garza,8,2,0,38.90,31089.51,1,1,Urban,Public
6152,Tanya,Bradford,11,2,0,49.80,41216.92,1,1,Urban,Homeschool
6153,Eileen,Vasquez,10,4,2,24.60,33457.43,1,,Rural,public
6155,Jerry,Prince,10,3,1,42.60,24264.08,1,3,Rural,Public
6156,Earl,Richmond,16,4,2,25.50,27165.41,1,3,Urban,PUB
6157,Anne,Nelson,13,5,3,,"$52,072",1,4,Urban, Private 
6158,Tiffany,Contreras,11,5,3,23.50,19134.85,1,1,Urban,Public
6159,DESIREE,Pratt,15,2,0,51.30,42806.29,1,5,Suburb,private 
6160,Gabriel,,5,2,0,25.50,16643.03,0,,Urban,Public
6161,Greg,Hill,10,7,5,29.30,21401.52,1,5,  countryside  ,Gov
6162,Brett,Wu,11,3,1,37.40,29921.78,1,,Suburban,  PUBLIC  
6163,CASSIE,Lopez,13,5,3,51.40,27296.61,1,5,Urban,Governmental
6164,Aaron,Henry,4,5,3,7.80,,0,0,N/A,Governmental
6165,Matthew,Mccarty,10,5,3,36.70,24275.33,1,6,City,Priv
6166,Tammie,Durham,12,6,4,56.70,42513.48,1,2,SUB,Private
6167,Unknown,Richmond,12,5,3,36.70,58004.48,1,,Sub-urban,Gov
6168,Chase,Singh,15,9,6,49.00,,1,3,Rural,International
6169,Edward,Cooper,13,3,1,49.40,34191.67,1,2,suburban,PUBLIC
6170,Kristina,Hobbs,10,5,3,26.50,34142.03,1,1,Urban,Public
6171,Marco,Lin,13,5,3,40.60,38059.58,1,1,urban,Public
6172,Sophia,Humphrey,10,2,0,,,1,2,URBAN,  INTL  
6173,Leonard,Mcneil,11,2,0,,39590.41,1,2, Urban ,Private
6174,Jeff,,13,3,1,48.90,31193.4,1,2,URB,PUB
6175,Katrina,Kirby,10,4,2,45.30,25554.86,1,,Urban,PVT
6176,Jared,Norman,12,6,4,45.80,,0,0,Rural,Public
6177,Sheena,Bolton,14,7,5,31.60,,0,3,Rural,private 
6178,Kent,Burke,13,5,3,37.40,19667.23,1,1,URB,PRIVATE
6179,Todd,Goodwin,15,5,3,45.60,,,,Rural,Public
6180,Victor,Copeland,18,2,0,47.20,24708.4,0,,Sub-urban,Public
6181,Sonia,Marsh,13,3,1,23.10,23189.31,1,,urban,Public
6182,Marcia,Pearson,9,10,8,44.70,23814.93,0,,Village,PUB
6183,Ray,Hoover,12,8,6,26.90,24851.13,1,2,-,Public
6184,James,Simmons,12,5,3,29.40,29566.07,1,7,Suburban,Public
6185,Kendra,Mccormick,13,2,0,54.80,"33504,72",1,1,Suburban,International
6186,Judith,Villanueva,16,3,1,51.90,31719.16,1,1,Urban,Public
6187,Dominic,Valentine,4,8,6,22.80,3178.8,,,NA,Public
6188,Kari,Delacruz,1,6,4,40.60,,1,1,Suburban,Public
6189,Bruce,,17,2,0,49.10,37761.28,0,0,SUB,  international  
6190,Helen,Wallace,13,5,3,,"$18,744",0,0,urban,Public
6191,Douglas,Green,13,7,5,19.60,40965.22,1,1,Suburban,PRIVATE
6192,Teresa,Powers,10,12,10,45.70,,0,0,RURAL,Public
6193,Olivia,Stephens,11,7,5,55.20,14823.64,0,0,Rural,Public
6194,Jose,Harrington,13,5,2,33.90,approx 21.5k,1,4,URBAN,public
6195,Veronica,Pratt,13,6,4,42.20,29889.88,1,2,city,Private
6196,SHEENA,Taylor,13,2,0,54.20,29021.54,0,0,Urban,Public
6197,Cole,Dalton,13,5,3,59.30,36129.02,0,0, Suburban ,Public
6198,Tanner,Wells,14,4,2,40.10,8204.1,,,Urban,PUBLIC
6199,Cristian,Paul,13,6,4,32.20,11455.92,,,Rural,Public
6200,Mark,Todd,7,2,0,40.40,,0,0,Suburban,public
6201,Julie,SHEA,13,5,3,31.40,,0,4,Urban,Gov
6202,Ebony,Swanson,17,2,0,36.40,19493.82,0,-4,SUB,PUBLIC
6203,Renee,Barrett,10,3,1,44.70,,,-3,Urban,Private
6204,nathaniel,Bowers,16,10,8,46.00,24025.79,1,1,URB,public
6205,Tanya,Beck,7,7,4,46.00,22734.12,1,, URB ,Public
6206,,hall,10,2,0,40.30,32838.57,1,1,Suburban,Public
6207,Stephanie,DILLON,8,7,5,,"14,949.13",,,Rural,PUBLIC
6208,Brandi,Vaughn,15,4,2,28.90,11727.54,0,-2,URB,PVT
6209,Connie,Kennedy,16,3,1,23.60,30964.49,1,,Suburban,Public
6210,Troy,Mccormick,1,3,1,43.10,112526 EGP,1,8,City, Private 
6211,Christy,Nelson,15,2,0,50.20,53706.74,0,0,Urban,Private
6212,Caroline,Burke,16,4,2,41.80,,0,0,suburban,Private
6213,Jessica,Ward,10,8,6,,15406 EGP,1,2,Rural,Public
6214,Jamie,Cook,11,2,0,52.70,,1,3,Rural,public
6215,Tom,Alvarado,13,3,1,18.30,18804.36,1,5,Suburban,Public
6216,Jim,,7,2,0,41.70,33940.12,0,0,Urban,Private
6217,Donna,Patterson,11,4,2,,15918.48,0,0, Urban ,Public
6218,Yolanda,Hoffman,18,6,4,69.10,33563.41,1,1,Urban,PUBLIC
6219,Wanda,Wilcox,9,3,1,47.90,11908.42,0,0,Rural,home-school
6220,Robin,Obrien,14,8,6,42.60,9967.06,0,0,Sub-urban,Public
6221,Patrick,Duke,12,2,0,65.10,20480.77,1,,  Urban  ,  Public  
6222,Manuel,Galvan,10,2,0,54.20,,1,6,URBAN,N/A
6223,Penny,strickland,11,7,5,53.20,32083.85,1,1,Urban,Private
6224,Russell,,17,2,0,26.00,3626.86,0,,Suburban,Public
6225,Stuart,Bright,12,2,0,55.40,20527.17,1,1,URBAN,Public
6226,Ruben,Hood,13,5,3,31.80,28191.99,1,, Village ,  PUB  
6227,Shawn,Mccarty,16,4,2,35.10,25232.76,1,,Urban,Governmental
6228,Vincent,Roach,9,8,5,61.70,34135.27,1,6,SUBURBAN,Gov
6229,Susan,Nash,7,3,1,,23922.83,1,3,City,PRIVATE
6230,Gavin,Richmond,17,5,3,45.40,32898.01,1,2,Urban,Public
6231,Alex,Farmer,11,3,1,63.10,30315.44,1,,  Urban  ,Public
6232,,Weaver,14,6,3,33.60,20842.76,1,3,Urban,Governmental
6233,Brent,Jennings,8,11,9,42.30,23490 EGP,1,2, Rural ,NULL
6234,Benjamin,Cervantes,12,5,3,,"$59,418",1,3,Suburban,PUBLIC
6235,  Lorraine   ,Moore,7,6,4,53.00,36737.53,1,1, city ,Private
6236,Erika,Short,11,5,3,51.40,27097.0,0,0,Suburb,Priv
6237,Donna,Gordon,8,2,0,43.40,,,,Suburban,Public
6238,Jon,Graves,7,5,3,,42873.82,1,5,Suburban,Homeschool
6239,Julia,Case,9,4,2,46.50,22447.19,1,4, City ,Private
6240,Diamond,Trevino,3,2,0,36.40,,1,7,Urban,Public
6241,Glen,Sloan,6,4,2,29.90,45203.69,1,2,city, Public 
6242,Melissa,Jensen,13,8,6,53.80,29529.04,1,2,Rural,Public
6244,Brooke,Cherry,7,4,2,40.90,43629.0,1,2,Suburban,Private
6245,,Velez,12,6,4,42.90,,0,0,Rural,Governmental
6246,Michael,Holmes,7,3,1,26.50,18536.69,0,2,  Urban  ,Public
6247,John,Contreras,13,4,2,49.20,13976.59,1,2,urban,Public
6248,Dominique,Freeman,10,3,1,45.30,,1,,  Urban  ,?
6249,Claudia,Mann,9,4,2,30.10,59214.43,1,2,Suburban, Private 
6250,Bryan,Leon,10,2,0,52.50,,0,0,SUBURBAN,Public
6251,Unknown,Rogers,18,3,1,65.70,16001.04,0,0,URB,Public
6252,Amber,Liu,8,2,0,58.60,28832.89,1,3,Urban,public
6253,Sean,Newman,11,2,0,54.20,16978.67,,,Suburb,PUB
6254,Jon,,13,7,5,47.90,88791.59,1,6,  Suburban  ,INTERNATIONAL
6255,Mary,Parsons,7,3,1,21.50,,1,,URB, Public 
6256,Alyssa,Moon,5,3,1,42.10,32690.68,1,3,suburban, Public 
6257,Logan,Bautista,8,4,2,38.80,19355.67,1,3, Urban ,International
6258,Aaron,Frye,13,3,1,35.50,11918.9,0,0,Urban,Governmental
6259,Shane,Ho,9,4,2,35.40,19914.59,0,6, Urban , Public 
6260,Lauren,Lee,10,4,2,43.50,17242.15,0,3,Suburban,Homeschool
6261,Jade,Sampson,14,2,0,33.10,"$17,176",,,Suburban,Priv
6262,Stephen,Cook,8,4,2,28.20,10614.42,0,0,Suburban,?
6264,Unknown,Patel,5,3,1,40.70,24705.03,1,1, Urban ,public
6265,Natasha,Mueller,12,2,0,32.60,12732.92,1,3,urban, Governmental 
6266,Oscar,Holder,11,8,6,57.90,31522.29,1,4,Urban,Public
6267,Yvette,Wyatt,13,4,2,49.60,38918.62,1,1,suburban,Governmental
6268,Heather,Cooper,6,6,4,54.60,"$57,455",1,9,URB,private 
6269,Bryce,Yu,10,5,3,46.10,,0,0, urban ,public
6270,Edward,Moss,6,2,0,36.00,19890.65,1,,Urban,PUBLIC
6271,Justin,Haley,10,5,3,58.10,13989.64,0,0,City,Public
6272,Robert,Dunn,16,6,4,48.40,17876.22,,,Suburban,public
6273,Cody,Meyer,9,6,4,52.80,63812.47,0,0,Urban,International
6274,Tanya,Holland,6,4,2,26.90,17154.74,1,,SUBURBAN,Public
6275,Christine,Todd,8,9,7,31.30,22896.23,0,0,n/a,Public
6276,Unknown,Spears,5,2,0,46.30,18845.13,1,2,Urban,Homeschool
6277,,Tucker,6,2,0,,72712.09,1,4,Urban,International
6278,Sonia,Graves,13,7,5,30.70,8392.8,,,URB,public
6279,Jane,Stevens,5,7,5,42.20,"18,844.91",1,4,Suburban,Intl
6280,Unknown,Le,12,4,2,36.50,18470.25,1,1,Urban,PUB
6281,Noah,Dominguez,11,2,0,46.20,,1,1,  Urban  ,PUBLIC
6282,Brianna,Chavez,9,2,0,56.70,54514.39,1,3,Urban,Private
6283,Miranda,Owens,11,6,4,26.00,,,,urban,Public
6284,Steve,Kent,7,3,1,33.90,,0,0,Rural,Private
6285,Veronica,Huff,14,4,2,36.50,16427.26,0,0,Rural,Public
6286,Jean,Mayer,8,4,2,38.20,approx 19.7k,0,0,  Urban  ,PUB
6287,Carol,Ali,9,4,2,41.50,,0,0,  URBAN  ,Public
6288,Chelsea,Humphrey,9,4,1,13.60,23329.1,0,0,suburban,Public
6289,Joanna,Rivera,13,8,6,39.40,,1,4,Suburban,Governmental
6290,Jonathan,Benjamin,12,4,2,18.40,46386.17,1,3,Urban,Private
6291,Lauren,Leon,3,4,2,50.30,39492.31,1,4,city,Public
6293,Sandra,Cole,4,2,0,44.90,31586.56,0,0,?,PRIVATE
6294,Cynthia,Mendez,9,2,0,41.80,41113.35,1,1,Urban,Private
6295,Alejandro,Gates,1,3,0,51.20,21006.47,1,1,Suburban,Public
6296,Dustin,Pruitt,9,4,2,37.10,,1,,countryside,  Public  
6297,Alan,Mccoy,12,2,0,39.90,29901.02,0,0,  Urban  ,  Private  
6298,Tina,Delacruz,13,5,3,48.30,24187.6,1,1,-,Private
6299,Joy,Wolfe,8,4,2,67.40,40027.33,1,4,Urban,international
6300,Diamond,Jackson,8,7,5,32.70,20853.41,0,0,Urban, Public 
6301,Teresa,Hill,10,3,1,52.80,19442.38,1,,Suburban,Public
6302,Jerry,WOLFE,5,6,4,30.90,40011.5,1,2,Urban,international
6303,Travis,Sims,9,5,3,33.70,25661.03,1,2,Rural,Private
6304,Jon,Maldonado,15,2,0,59.60,23822.51,1,1,Rural,Public
6305,Gabriel,Young,5,4,2,,28449.89,1,4,Urban,PRIVATE
6306,Edgar,Mcbride,9,6,4,,34500.71,1,3,  URB  ,Public
6307,Ashlee,Unknown,8,3,1,41.50,50424.5,1,2, Urban ,Private
6308,Shelia,Evans,18,4,2,30.40,9398.58,0,6,  rural  , Public 
6309,Sophia,Harmon,9,6,3,37.40,29755.4,1,3,Urban,PVT
6310,Shelby,  Hudson   ,9,2,0,46.40,5160.19,0,0,  suburban  ,PUBLIC
6311,Phyllis,Haley,7,2,0,,44673.22,1,1,URB,Home School
6312,Brandon,Haley,11,2,0,27.00,16639.97,0,0,Suburban,public
6313,Dorothy,Vaughan,11,2,0,31.00,19617.31,1,,URB, Public 
6315,Jade,Horton,14,2,0,22.00,35972.4,1,2,SUBURBAN,PUB
6316,Heather,Carlson,11,3,1,38.30,110803.0,1,,URBAN,Homeschool
6318,Ellen,Faulkner,9,2,0,44.20,18634.48,1,4,N/A,Public
6319,Sophia,Cross,11,3,1,56.80,29021 EGP,1,3,  Suburban  ,PRIVATE
6320,  Sierra   ,Valencia,10,7,4,40.40,11502.29,0,0,Rural,null
6321,Virginia,Patton,16,3,1,52.30,47087.65,1,4,URB,PRIVATE
6322,Savannah,Curry,11,2,0,53.10,15641.96,,,countryside,PUB
6323,William,,11,4,2,41.30,48383.82,1,3,URBAN,International
6324,Christina,Davis,9,4,2,,,0,0,Rural,Public
6325,Brandi,Gomez,0,5,3,47.40,23148.52,0,0,Rural,Public
6326,Gary,Sherman,11,4,2,37.00,,,,Suburban,Governmental
6327,Jesus,Christian,13,3,1,54.60,49790.62,1,3,Rural,  Private  
6328,Bonnie,Myers,8,6,4,21.90,11674.79,0,0, urban ,Governmental
6329,Ashlee,Branch,11,3,1,38.90,17339.28,0,0, Suburban ,Private
6330,Casey,Herring,11,5,3,37.30,13613.11,0,0,Urban,PUB
6331,Unknown,Horton,12,3,0,55.60,46173.63,1,2,  URB  ,Private
6332,Grace,Unknown,4,7,5,44.20,34433.52,1,2,Suburban,Public
6333,Jessica,Morales,7,7,5,40.90,8777.94,0,0,Rural,  Private  
6334,Tyler,Nicholson,6,9,7,,29685.46,1,,Rural,Public
6335,George,,11,4,2,39.50,17427.45,1,4,Suburban,Governmental
6336,Gina,Chang,7,5,3,22.20,21226.92,0,0,Village,PUBLIC
6337,Thomas,Mcneil,9,4,2,45.00,36032.29,1,1,Suburban,Public
6338,Audrey,Keller,6,3,0,29.10,22366.53,1,1,Suburb,Public
6339,Michelle,Copeland,9,3,1,47.10,49041.36,1,8,Urban,Gov
6341,Michele,Fuller,13,8,6,,30831.88,1,1,Suburban,public
6342,Shane,Castro,12,6,4,41.50,22009.54,1,1,Suburban,Public
6343,Tim,Miller,11,2,0,34.20,9158.87,,,Suburban,  Public  
6344,Tom,Thomas,9,3,1,34.90,23910.09,1,3,Suburban,Public
6345,Ariana,Clark,3,7,5,39.40,10609.27,0,0,Rural,Homeschool
6346,Erik,,9,2,0,,55036.29,1,8,suburban,Private
6347,Joanna,,8,6,4,25.80,,0,0,Suburban,Public
6348,Tommy,Waters,2,5,3,51.70,50199.5,1,2,Suburban,Public
6349,Lori,Melton,120,4,2,36.90,23194.62,1,6,SUBURBAN,Governmental
6350,Spencer,Bradley,12,2,0,41.70,37175.72,1,1,URB,international
6351,Earl,Yoder,15,4,2,,,,,Rural,Public
6352,  Regina   ,Dalton,8,7,5,29.80,21593.88,1,1,Suburban,Public
6353,Bridget,Rojas,8,5,3,42.30,17755.65,0,0,Suburban,public
6354,Debra,Crawford,14,5,3,50.80,94540.48,1,2, Urban ,International
6355,Janet,Holmes,11,3,1,38.20,approx 17.5k,1,3, Suburb ,Private
6356,Jordan,Nelson,10,6,4,47.80,,1,,Village,Public
6357,Ray,barnes,17,9,7,28.80,32599.45,1,,Rural,Gov
6358,Tyrone,Washington,13,4,2,45.80,32099.65,1,2,Rural,HOMESCHOOL
6359,Lorraine,Brock,10,2,0,46.20,18460.13,0,0,Suburban,  PUBLIC  
6360,Curtis,Armstrong,19,3,1,39.50,69057.37,1,8,SUB,private 
6361,douglas,Griffin,15,4,2,50.40,89922.17,1,5,city, Private 
6362,Dakota,Barrett,11,3,1,52.10,,0,0,Suburban,Public
6363,Jerry,Elliott,11,2,0,,23017.97,1,3,Urban,PUB
6364,Howard,Myers,1,8,6,43.80,,,,countryside,Public
6365,Theodore,Carroll,14,5,2,42.90,38540.6,1,-4,Urban,  Public  
6366,Francis,Lutz,12,7,5,45.90,17777.63,,,Rural,Gov
6367,Crystal,Cox,14,2,0,42.70,28296.5,0,3,Suburban,Gov
6368,RODNEY,Rios,12,2,0,26.00,,,,NULL,  Public  
6369,Kendra,Fisher,12,3,1,,26059.11,1,1,Suburban,  Private  
6370,Thomas,Santiago,8,5,3,,48007.7,1,3,suburban,Governmental
6371,Stanley,Conley,17,3,1,27.60,40068.73,1,5,null,Governmental
6372,Travis,Robinson,6,7,5,,20378.44,1,4,Sub-urban,n/a
6373,Thomas,Yang,12,4,2,38.50,24101.44,1,3,Suburban,Public
6374,Dawn,Snow,6,2,0,38.70,"$13,259",0,0,Urban,Public
6375,Tonya,Dennis,10,4,2,34.50,,0,0,unknown,homeschool
6376,Julia,Farmer,8,4,1,29.00,14228.25,,,Rural,PUB
6377,Jeremiah,Snyder,11,4,2,46.70,36256.51,1,,suburban,Public
6378,Allen,Estrada,12,6,4,42.30,"20161,07",1,3,urban,Public
6379,Juan,Stewart,7,5,3,13.40,14475.43,0,4,Suburb,Public
6380,Angel,Adkins,10,3,0,42.30,45103.88,1,4,city,private 
6381,Elijah,Sims,16,3,1,40.90,,,,RURAL,Public
6382,Luis,Bright,6,2,0,31.00,18743.09,1,1,Urban,home-school
6384,Adam,Hess,14,5,2,55.50,,0,0,  Urban  ,INTL
6385,Rita,Dominguez,11,9,7,39.50,22831.37,0,0,  Suburban  ,Gov
6386,Frank,Jones,11,6,4,21.20,21095 EGP,1,2,Suburban,Governmental
6387,Jodi,Bradford,14,4,2,47.70,"31531,44",1,5,-,public
6388,,White,8,3,1,31.80,39987.45,1,7,Urban,Private
6389,Brittney,Mclean,9,6,4,57.70,19242.98,1,2,RURAL,PUB
6390,Nicholas,Yu,8,3,1,37.70,31772.35,1,2,Urban, Private 
6391,Stacey,Aguilar,9,6,4,19.10,21297.74,0,0, urban ,Public
6392,Susan,Davenport,15,5,3,,18945.35,0,0,Suburb,Public
6393,Johnathan,Keller,4,4,2,41.30,approx 23.3k,1,6,Suburban,Public
6394,Leslie,Greene,6,5,3,,15084.07,1,,SUBURBAN,Public
6395,Michele,Garcia,6,3,1,,,1,1,Urban,Public
6396,Dean,Shaffer,16,4,2,47.30,24358.76,1,1,Suburban,PUBLIC
6397,Cassie,Frey,8,4,1,66.70,51235.87,0,, Urban ,  Intl  
6399,Ebony,Carney,120,2,0,31.90,23973.61,1,1,city,Gov
6400,Levi,Hicks,10,2,0,73.70,29729.2,0,0,Suburban,International
6401,Kent,Garza,14,5,3,32.50,,1,,Urban,Homeschool
6402,Samantha,Eaton,11,6,4,46.50,80012.97,1,10,Urban,Private
6403,  Teresa   ,fry,10,4,2,35.20,25801.55,0,4,Urban,Public
6404,Vanessa,Miles,5,7,5,37.90,75726.84,1,6,Suburban,International
6405,Mark,Walker,9,5,2,39.30,38198.87,1,1, Urban ,Priv
6406,Zoe,Valdez,11,3,1,,40047.67,1,2,Suburban, Governmental 
6407,Kiara,Chan,7,4,2,43.80,16548.37,0,0,Urban,  Public  
6408,Joyce,Trujillo,13,5,3,43.90,,1,2,city,private
6409,Dorothy,Carter,14,4,2,41.00,"$41,995",1,5,Suburban,Public
6410,Leah,Hurst,9,6,4,45.40,,0,,Urban,Public
6411,Paula,Good,13,4,2,13.40,,0,0, Suburban ,Governmental
6412,Carol,Dunn,10,4,1,,27776.73,1,2,Suburban,PUBLIC
6413,Todd,Holland,15,9,7,37.30,22737.85,1,1,Suburban,Public
6414,Katie,Andrews,18,2,0,,,1,9,Suburban,Private
6415,Kaitlin,Alvarez,7,3,1,46.30,22113.17,0,,Urban,Public
6416,Abigail,,1,5,3,43.20,20175.91,1,5,  urban  , Public 
6417,Jonathon,Waller,15,2,0,51.60,"15610,8",,,Urban,Public
6418,Unknown,Freeman,7,4,2,34.90,,1,1,Village,PUBLIC
6419,  Jason   ,,8,3,0,50.00,128904.22,1,6,city,Priv
6420,Jessica,Terrell,8,8,6,41.50,,1,3,  Urban  ,Public
6421,Jeanette,Navarro,10,6,4,20.20,,1,2,Suburban,Public
6422,Jesus,Liu,9,4,2,56.70,24838.09,1,5,Suburban,N/A
6423,Gail,Mclaughlin,10,5,3,51.60,50818.25,1,4, Rural , Private 
6424,Darren,Reeves,14,2,0,39.20,44705.42,1,3,urban,private 
6425,Colleen,Peterson,25,4,2,41.20,40286.86,0,,Village,Gov
6426,,Salazar,7,5,3,51.00,20706.88,0,0,  SUB  ,PUBLIC
6427,Sylvia,Hubbard,13,3,1,30.60,11913.68,0,,  Sub-urban  , Public 
6428,Glenn,Solis,12,4,2,52.10,23223.77,1,2,  Urban  ,Public
6429,Lorraine,Mercado,7,3,1,54.70,27761.71,1,3, Urban ,Public
6430,Dennis,Green,13,2,0,,29912.34,1,3,  Urban  ,Public
6431,Omar,Garrison,15,5,2,31.40,22749.72,1,1, SUB ,INTL
6432,Alisha,Pace,10,6,3,56.30,41146.9,1,-1,  city  ,Public
6433,Penny,Unknown,7,5,3,,20099.41,1,4,Urban,PRIVATE
6434,Devin,Unknown,14,2,0,40.60,17855.43,,, Urban ,Public
6435,Katelyn,Benitez,17,8,6,38.50,8843.69,0,0,Rural,PUB
6436,Cathy,Peck,7,5,3,,33281.75,1,3,Urban,Private
6437,,Fitzpatrick,11,2,0,44.60,31513.24,1,2,Urban,Gov
6438,Mikayla,Fitzgerald,14,2,0,55.70,46643.2,1,2,Suburban,Private
6439,Omar,Richardson,11,4,2,55.90,40168.75,1,1,Rural, Governmental 
6440,Kaylee,May,4,2,0,48.60,13173.25,,,Suburban,Public
6441,Elijah,Holt,12,2,0,40.20,25924.32,1,2,Suburb,Public
6442,Rose,JAMES,7,2,0,29.50,26557.13,1,2,urban,Public
6443,Abigail,Fuller,6,3,1,63.00,approx 12.8k,0,0,Urban,Public
6444,Brandon,Mack,4,3,1,28.60,22236.88,1,2,City, Public 
6445,Benjamin,Short,15,6,4,50.30,70378.25,1,1,URBAN,international
6446,Jackie,hicks,7,2,0,41.20,20994.45,0,0, URBAN ,Public
6447,Antonio,Bauer,12,5,3,,16490.8,0,0,Suburban,Governmental
6448,Jason,Charles,13,5,3,58.00,28893.47,1,2,Urban,N/A
6449,Jorge,Bolton,11,6,4,20.40,"42,252.97",1,1,Suburban,N/A
6450,Kristin,Figueroa,12,5,3,22.90,25145.34,1,3,urban,PUBLIC
6451,Anita,Pearson,12,11,8,,,,,Rural,Gov
6452,Sonya,Ayala,11,3,1,42.00,,0,0,  Rural  ,PUBLIC
6453,Alex,Christian,8,7,5,,40732.41,1,1,Urban,private
6454,Emily,,7,2,0,46.80,33577.87,1,3,URB,Public
6455,Patty,Huynh,10,7,5,39.40,27905.36,1,1,Village,Homeschool
6456,Dustin,Robinson,10,10,7,31.40,,1,1,Rural,  Public  
6457,Joel,Ferguson,12,7,5,47.40,,1,1,  URBAN  ,International
6458,Tanya,Moody,14,6,4,51.40,50528.87,1,1,  URB  ,PRIVATE
6459,Lucas,Hunter,12,4,2,35.20,,0,,  Rural  ,Public
6460,Johnathan,Moon,8,4,2,37.40,26319.87,0,0,Suburban,Gov
6461,Jenny,Jordan,3,4,2,,20428.91,0,0,Suburban,Public
6462,Keith,Morse,8,4,2,35.70,24057.02,0,0,city,Public
6463,Maxwell,Pruitt,999,5,2,32.70,48626.48,1,,NA,Private
6464,Arthur,Torres,8,2,0,48.90,11697.54,0,0,Suburban,  Public  
6465,,Figueroa,11,6,3,72.70,"28,921.72",0,6,Urban,  PVT  
6466,MATHEW,Bush,11,6,4,41.60,29391.74,1,2,Suburban,Governmental
6467,Julie,Jimenez,17,5,3,44.70,49809.22,1,2,City,PVT
6468,Lori,Mclean,12,7,5,74.60,27803.72,1,, Urban ,Public
6469,Kevin,Ruiz,-5,4,2,27.80,43603.13,1,3, Suburban ,PUBLIC
6470,Laura,Newman,13,2,0,,24833.61,1,2,Suburban,PUBLIC
6471,Brianna,Richards,14,3,1,44.10,18320.0,,,Rural,INTL
6472,Patrick,Terry,9,2,0,40.40,26761.95,0,0,Suburban, Gov 
6473,Edward,HODGE,7,3,1,37.20,42633.8,1,3,Urban, Public 
6474,Natasha,Skinner,19,2,0,67.10,40052.74,1,2,urban,Priv
6475,Marissa,Cantrell,10,6,3,49.20,13874.63,1,3,Suburban,Governmental
6476,,Juarez,8,2,0,48.70,33502.05,1,3,  Urban  ,PUB
6477,Edward,Turner,7,3,0,54.70,34453.43,1,4,Suburban,Private
6478,Stefanie,Flores,12,4,2,,approx 66.4k,1,3,?,Private
6479,Kristy,Rojas,7,6,4,49.50,17072.75,1,2,  Urban  ,Public
6480,CHRIS,Frazier,5,6,4,53.20,39980.44,1,5,urban,Public
6481,,Soto,6,6,4,20.60,21134.53,1,1,  Sub-urban  ,Governmental
6482,Alec,Unknown,10,5,3,,33041.56,1,-4,Urban,public
6483,Jerry,Pineda,7,4,2,38.70,,1,,Suburban,Public
6484,Johnathan,Mcguire,10,6,4,32.20,29514.58,1,2,  Urban  ,PUBLIC
6485,Devin,Obrien,99,9,7,33.90,20443.27,1,2,Rural,Private
6486,Kirk,Vasquez,13,3,1,36.60,15009.38,,,SUB,home-school
6487,Dakota,Santos,8,6,4,45.30,,1,,unknown,Public
6488,Danny,Byrd,6,5,3,,,1,2,rural,PUB
6489,Robin,Browning,8,3,1,52.10,23055.42,1,,Rural,public
6490,Elijah,Morrison,13,2,0,,,0,0,Rural,Public
6491,Jordan,Larsen,14,7,5,,25842.07,1,3,Urban,Public
6492,,Gutierrez,12,4,2,40.80,"38,707.95",1,2,URBAN,Public
6493,Evelyn,Mcclain,15,2,0,20.80,37871.18,1,,suburban,public
6494,Jason,Horne,17,8,6,39.20,24150.12,1,1,Sub-urban,Public
6495,Cathy,Torres,9,5,3,54.50,"22406,5",1,2,Unknown,Public
6496,Tony,Golden,16,5,3,63.70,34964.68,1,2,Suburb,PUB
6497,  Alexandra   ,Barajas,10,3,1,47.50,50154.54,1,6,URBAN,PUB
6498,Savannah,Unknown,14,2,0,44.90,63499.51,1,8,Urban,Private
6499,Sheila,Unknown,13,2,0,37.60,12582.38,1,3,Suburb,public
6500,Dorothy,Jimenez,3,7,5,36.10,22917.24,1,,Suburban,Public
6501,Douglas,Hobbs,7,9,7,,,0,0,Suburban,Public
6502,Cheyenne,Stewart,6,2,0,27.30,12062.71,,,Sub-urban,Intl
6503,Lisa,GREGORY,4,4,2,27.00,20185.8,1,1,City,Public
6504,Amy,Barton,14,3,1,43.20,47846.66,1,2,Urban,International
6505,Gregg,Crawford,18,7,5,38.80,22822.65,0,,  Urban  ,Public
6506,Sylvia,Hendricks,10,6,4,29.10,25363.57,0,,URB,Public
6507,Mason,Unknown,14,3,0,43.60,30182.48,1,2,Suburban,Private
6508,Katelyn,Lowe,16,4,2,42.90,17697.72,1,3,Suburb,public
6509,Brian,Cruz,11,2,0,41.40,5726.89,,,  Rural  ,PUBLIC
6510,Dorothy,  Aguilar   ,10,3,1,13.70,,,,SUB,PVT
6511,Lawrence,Bird,10,9,7,46.00,27822.55,0,0,City,International
6512,ERIK,Armstrong,1,4,2,54.10,33112.12,1,-1,  Sub-urban  ,public
6513,Victoria,Hampton,14,3,1,49.10,26542.06,1,2,Urban,Private
6514,Gabriella,Mason,12,4,2,50.10,38120.54,1,,  Urban  ,PVT
6515,ABIGAIL,Chambers,12,8,6,,42556.52,1,4,Suburban,Public
6516,krystal,Guerra,10,8,6,38.40,approx 55.1k,1,5,Urban,  Private  
6517,Marcia,Reeves,5,5,3,44.20,32688.22,1,5,n/a,Private
6518,francis,Hall,14,5,3,,,0,0,Sub-urban,Public
6519,Melinda,HALL,6,2,0,44.10,,0,2,suburban, Public 
6520,Marcus,Unknown,13,5,3,55.40,15779.59,0,,Urban, Public 
6521,Erica,Stephens,13,3,0,32.50,14169.01,1,4,Sub-urban,Public
6522,,Phillips,6,2,0,42.90,31403.46,0,,Urban,  Public  
6523,Bryan,Banks,8,12,10,48.30,72264.87,1,2,suburban,Private
6524,Gabrielle,Henry,18,5,3,30.70,28754.45,1,1,Sub-urban,Private
6525,George,Schneider,10,7,5,35.10,24435.76,1,,Suburban,Public
6526,Jodi,Wilson,6,8,6,42.00,43435.83,1,1,Suburb, private 
6527,Tanya,Mcconnell,13,3,1,38.20,18850.41,0,0, urban ,Public
6528,Jason,  Hunt   ,8,2,0,39.30,52739.46,1,5,Urban,PUBLIC
6529,Kellie,Schneider,4,5,3,,43579.97,1,5,Suburban, Homeschool 
6530,Tasha,Haney,12,3,1,45.70,30713.22,1,1,Urban, Gov 
6531,Meredith,Dominguez,7,3,1,56.50,,1,5,Urban,PVT
6532,Henry,Quinn,12,4,2,41.80,54905.96,1,6,urban,private
6533,Jesus,Shepherd,8,4,2,31.50,30484.22,1,1, city , Public 
6534,Walter,Garrett,13,3,1,48.00,27473.88,1,1,Urban, international 
6535,,Patel,11,2,0,7.70,20180.03,0,0,suburban,Public
6536,Erik,Brown,3,2,0,44.60,23815.53,1,3, Suburb ,Governmental
6537,Todd,Duran,12,3,1,14.10,16220.17,,,Rural,  Public  
6538,Savannah,Hull,9,7,5,50.70,21467.18,1,1,Suburban,Public
6539,Luis,Vasquez,16,8,5,,,1,2,Rural,Public
6541,Kristin,Huff,13,3,1,48.60,18723.3,,,Sub-urban,Gov
6542,Cheyenne,Goodwin,8,4,2,22.40,10630.77,,,Suburb,public
6543,Troy,Schmitt,8,5,3,41.20,21545.84,1,1, RUR ,PUBLIC
6544,,Monroe,10,3,1,58.80,26743.11,0,0,Suburban,Homeschool
6545,Christy,,9,12,9,54.10,,,,Rural,Governmental
6546,Renee,Fitzgerald,15,4,2,49.50,48408.39,1,3,Urban,Public
6547,Greg,Graves,10,2,0,52.70,10668.5,0,0,Rural,Public
6548,Lawrence,Hansen,6,2,0,44.70,20111.44,1,1,Urban,  Public  
6549,Sheri,Boyd,8,2,0,29.60,approx 13.2k,1,1,City,  Governmental  
6550,Cory,Gutierrez,14,4,2,28.70,52190.75,1,7,Urban, PUB 
6553,Emma,Roman,14,2,0,64.70,70998.48,1,8,NULL,PRIVATE
6554,  Lisa   ,Unknown,7,6,4,43.70,23543.38,1,2,URB,Public
6555,,Bauer,3,8,5,50.20,17307.04,1,2,Suburban,Public
6556,,Barton,7,7,5,43.00,,0,0, URBAN ,Public
6557,Bailey,Khan,11,5,3,39.50,13990.13,1,1,  Suburban  , Public 
6558,Caitlyn,Rodriguez,10,5,3,25.80,21403.33,1,,Suburban, Public 
6559,Melvin,  Huynh   ,5,2,0,23.20,,1,2,Suburban,unknown
6560,Ashlee,Williams,14,2,0,43.30,14149.97,,,Suburb,Governmental
6561,Mary,Garrison,11,3,1,45.00,28408.42,1,3,Urban,  Private  
6562,Lucas,Watson,120,3,1,25.10,28040.09,0,0,Rural,homeschool
6563,Meghan,,12,7,5,30.70,,0,0,  Rural  ,Public
6564,Krystal,Chambers,6,4,2,25.80,31900.88,1,4,Urban,International
6565,Lindsey,Richardson,12,3,1,60.70,,1,7,urban,Priv
6566,  Bradley   ,Frank,14,2,0,37.40,9477.5,0,0,Suburban,PUBLIC
6567,Kathy,Herman,15,8,6,51.50,31170.58,1,, Rural ,Gov
6568,Gregory,flores,13,2,0,27.00,21150.63,0,0,Rural,Public
6569,Sandra,Baird,12,6,4,39.50,34426.85,1,-1,Rural,Priv
6570,Caitlyn,  Rocha   ,4,3,1,36.20,29196 EGP,1,3,rural,  Private  
6571,Aaron,Reed,10,3,1,,17769.5,1,1,Suburban,Public
6572,Patrick,Baird,7,3,1,,"$29,762",1,,URBAN,Governmental
6573,Brad,Johns,15,5,3,45.20,13315.73,0,0,City,Gov
6574,Riley,Villanueva,15,5,3,47.20,22300.96,0,0, Urban ,  INTL  
6575,Teresa,Valdez,7,4,2,38.90,,1,4,Urban,Private
6576,Wesley,Aguilar,10,6,3,38.70,35135.69,1,6,urban, Gov 
6577,Andre,Reese,11,10,8,50.50,45898.6,1,4,Urban,PUBLIC
6579,Jorge,Boyer,4,4,2,38.90,23399.03,1,4,Urban,Private
6580,Abigail,Green,3,4,2,29.10,48032 EGP,1,,Suburb,Private
6581,,Thornton,11,9,7,37.10,19871.0,1,2,RURAL,PUBLIC
6582,Candice,Bell,3,4,2,,14485.75,0,0,URBAN,Gov
6583,Andre,Frank,11,6,4,54.70,27372.06,1,6,urban,Public
6584,Kurt,Romero,13,4,1,49.70,31689.29,0,6,URBAN,PUB
6585,Lindsay,Little,15,5,3,40.10,,0,0,  countryside  ,  Public  
6586,Austin,Hood,8,7,5,31.40,,1,-3,SUBURBAN,public
6587,William,Newton,11,2,0,43.00,,1,3,?, Public 
6588,Kurt,King,13,2,0,22.50,18978 EGP,0,0,suburban,Private
6589,Kendra,Townsend,6,4,2,46.90,15906.03,,,Suburb,Public
6590,Yolanda,Lynn,14,2,0,31.40,58496.62,1,4,  Urban  ,Private
6591,Jade,Barron,11,4,2,,,0,0,Sub-urban,HS
6592,Monica,Maxwell,8,7,5,,approx 27.2k,1,-3, SUBURBAN ,Governmental
6593,Paige,Mills,11,3,1,,39758.26,1,4,URBAN, Public 
6594,Alexandria,Hogan,10,5,3,28.40,,0,0,RUR,?
6595,  Ray   ,Sweeney,13,4,2,21.40,26172.05,1,2,-,Public
6596,Lauren,Livingston,9,6,4,38.90,,1,3,rural,Public
6597,Taylor,Daniel,11,2,0,,24524.85,0,0,SUB,public
6598,Janet,Webb,8,3,1,60.10,42813.72,1,5,urban,  Public  
6600,Allen,Haas,11,6,4,,"21375,75",0,, city ,Public
6601,Sierra,Stuart,7,4,2,40.40,12998.01,0,0,urban,Governmental
6602,Christie,Phelps,13,2,0,48.80,32558.3,1,2,city,Unknown
6604,Connie,Davenport,8,5,3,20.00,,0,,Village,Gov
6605,Rebekah,Walsh,11,6,4,29.70,33620.64,1,2,Urban,PVT
6606,Janet,Cantrell,8,2,0,30.70,23405.13,1,2,URB,Public
6607,Paul,Gibson,5,6,4,34.20,20306.45,0,0,countryside,public
6608,Wayne,Carter,8,3,1,42.20,,1,4,suburban,Private
6609,Emma,Flores,10,4,2,42.60,43356.6,1,4,URB,Private
6610,Miguel,Mclaughlin,12,3,1,45.30,approx 62.3k,1,4,city,Private
6611,Ashley,Flores,11,3,1,40.70,39379.13,1,4,Urban,NULL
6612,Jordan,Frye,14,2,0,58.20,31020.85,0,4,Urban,International
6613,Jeremy,Hood,7,5,3,,34177.93,1,-1,Suburb,Public
6614,MOLLY,Knapp,9,5,3,39.30,33273.6,1,2,Suburban,PUB
6615,Joanne,Barber,16,6,4,57.20,41132.05,1,2,Suburban, Private 
6616,Corey,Stone,4,6,3,71.30,"30719,46",1,,Urban,PUBLIC
6617,Kevin,Rios,9,3,1,40.00,12461.84,,,Suburban,Public
6618,Marco,Doyle,7,5,3,27.20,11413.16,,,Suburban,  HOMESCHOOL  
6619,Taylor,Gibson,10,4,2,,32980.73,1,2,  Sub-urban  ,Private
6620,Tyler,Schneider,9,2,0,47.20,16003.98,,,Urban,Public
6621,Kathryn,Fuller,13,6,4,36.90,43370.5,1,1,urban,Public
6622,Juan,Downs,11,4,2,38.60,62085.0,1,1,City,PRIVATE
6623,Rick,Whitaker,6,4,2,40.30,26334.55,1,1,  URBAN  ,Public
6624,Unknown,Buckley,8,8,5,,,1,4,Suburban,Private
6625,Alicia,Austin,10,3,1,48.70,29507.98,1,2,SUB,PUBLIC
6626,Becky,Mahoney,13,6,4,58.00,30159.52,1,3,Urban,Public
6627,Alex,Fitzgerald,18,6,4,27.80,26637.24,0,0, Suburban ,Public
6628,Bill,Mejia,13,6,4,34.50,16204.31,,,Suburban,Public
6629,Karla,Frost,7,2,0,29.70,15104.54,,,SUB,Gov
6630,Jorge,Becker,10,6,4,27.70,10360.72,0,0,Sub-urban,Governmental
6631,Carlos,Ruiz,11,5,3,35.90,11462.05,,,Rural,Public
6632,Christian,Bridges,9,4,2,53.00,,1,8,Suburban,PVT
6633,Mason,Figueroa,12,3,1,32.00,13077.51,0,0,  Urban  ,PUBLIC
6634,Unknown,Forbes,3,6,4,43.40,8981.34,,,Rural,PUB
6635,Sierra,Walter,12,2,0,25.60,,0,0,Urban,HS
6636,,Waller,9,3,1,49.80,16860.68,1,2,  Sub-urban  ,  Governmental  
6637,Olivia,Navarro,10,4,2,34.00,19893.1,0,0,Rural,Public
6638,Grant,Shaw,16,6,4,53.60,21237.07,1,2,Urban,Gov
6639,Mitchell,Cohen,6,6,4,54.80,approx 26.7k,1,2,Urban,International
6640,Derrick,Burns,11,4,2,27.80,18634.58,,,Urban,PUBLIC
6641,Janice,Jennings,13,7,5,37.20,13208.66,1,3,Village,Public
6642,Karla,Unknown,11,10,8,38.60,28772.6,1,4,Urban,Public
6643,Lindsey,Fox,5,3,1,36.20,23765.61,0,0,SUBURBAN,PUBLIC
6645,Becky,Yu,10,6,4,44.70,29275.24,0,0, URB ,Gov
6646,Ian,Stewart,9,2,0,36.00,26493.16,0,0,URBAN,Public
6647,Briana,Baldwin,9,4,2,28.70,6481.26,0,0,Suburban,PUBLIC
6648,Dominique,Gray,9,6,4,55.40,33926.75,1,2,  Urban  ,public
6649,Christy,,6,4,2,17.00,5788.93,0,0,  Village  ,Public
6650,Valerie,Massey,11,7,4,39.20,34663.15,0,0,Suburban,  Private  
6651,Virginia,Hendricks,8,8,6,50.10,18551.94,1,,  Rural  ,PUBLIC
6652,Benjamin,Holmes,13,6,4,37.30,46112.69,1,2,City, Governmental 
6653,Paige,Miller,12,2,0,40.70,18052.94,,,Suburban,Public
6654,Eileen,,45,5,3,43.20,"30177,11",1,-4,city,Private
6655,Becky,Stokes,10,8,6,43.30,43116.94,1,6,Urban,private
6656,Marvin,Higgins,8,5,3,37.90,15348.13,,,Suburban,Public
6657,YVONNE,Ross,5,5,3,28.10,41586.0,1,4,Urban, Public 
6658,Tracy,Hart,18,2,0,35.70,23396.48,1,1,countryside,HS
6659,Elaine,Roach,13,7,5,38.90,,1,2,Urban,Gov
6660,,Mahoney,0,5,3,67.50,70841.03,1,3,Urban,Intl
6661,Chelsea,Gaines,17,7,5,34.10,33980.91,1,-2,  Suburban  ,Public
6662,Steve,Johnson,15,2,0,6.70,,0,0, SUB ,PUBLIC
6663,Crystal,Barber,6,4,2,63.60,51214.52,1,3,URB,Public
6664,Daniel,Goodwin,8,5,3,43.00,,1,,RUR,Homeschool
6665,Suzanne,Mooney,10,2,0,,46107.21,1,7,Urban,Priv
6666,Noah,Scott,7,4,2,39.20,"30107,81",0,0,  Suburban  ,PUB
6667,Sherri,Schultz,10,2,0,19.80,6953.79,0,5,city,public
6668,Karen,Gonzales,13,2,0,60.90,41467.93,1,6,Urban,Private
6669,Rhonda,Garrett,6,8,6,38.30,22653.94,1,5, Suburban ,Private
6670,Elizabeth,Cervantes,12,4,2,32.30,19876.71,0,0,Suburban,Private
6671,Phillip,Mcclure,15,5,3,64.60,20288.13,0,0,Sub-urban,PUB
6672,Dan,Harding,12,2,0,44.90,45884.53,1,3,Urban,Public
6673,Unknown,Obrien,10,3,1,48.30,,,,URB,HOMESCHOOL
6674,Jack,Spencer,8,6,4,,31644.02,1,10,Rural,private 
6675,aaron,Smith,13,3,1,39.80,12889.81,,,Urban,Public
6676,Andrea,Mcintosh,6,4,2,41.60,30110.58,1,1,  SUB  ,PVT
6677,EILEEN,Barr,11,3,1,38.80,45471.56,1,3,city, Public 
6678,Dana,Gutierrez,11,6,4,44.10,44861.9,1,2,urban,Gov
6679,elijah,Unknown,15,3,1,55.30,32900.49,1,2,Urban,  private   
6680,Ellen,Brandt,8,5,3,37.70,26536.13,0,0,Urban,?
6681,Becky,Liu,9,3,1,49.00,18911.17,0,0,Suburban,PUBLIC
6682,Cody,Alexander,6,3,0,35.10,,,,Urban,Public
6683,Brittany,Hurley,12,3,1,,17551.27,1,3,Suburb,Homeschool
6684,Holly,Unknown,9,6,4,52.00,17522.51,,,Urban,Public
6685,Francis,  Snow   ,7,3,1,36.30,approx 16.0k,1,1,Urban,PUBLIC
6686,Carla,Knapp,8,5,3,68.40,80180.91,1,2,  urban  ,Private
6687,Felicia,Cole,12,5,3,51.10,,,,Urban,PVT
6688,,Oliver,7,5,3,44.50,55217.23,1,6,Urban,Public
6689,Kathryn,Baldwin,1,9,6,32.40,15061.9,,,Urban,  public  
6690,,White,14,3,1,14.00,16946.74,1,1,urban,  Private  
6691,Henry,Wheeler,10,4,2,50.10,16795.03,1,1, URB , Public 
6692,Holly,Gordon,14,9,7,46.80,16142.94,,,NULL,Public
6693,Lauren,Chan,99,5,3,,49393.31,1,1,  Urban  , International 
6694,Danny,Hood,10,3,0,19.60,41093.36,1,2,Urban,Governmental
6695,Ryan,Nash,11,4,2,23.90,26162.19,1,,Urban,Public
6696,Devon,Hooper,15,9,7,34.50,131800.73,1,10,  Urban  ,Private
6697,Gavin,Forbes,15,2,0,46.00,25356.75,1,,Suburban,Gov
6698,Bryce,Santiago,15,6,4,39.70,30728.07,1,5,NA,  PUBLIC  
6699,Bryce,Richmond,8,9,7,44.70,,,,Rural,Public
6700,Antonio,Berger,7,6,4,27.40,19099.1,1,3,city,Gov
6701,Leonard,Horton,13,6,4,39.70,22176.48,0,0,N/A,Public
6702,Shelly,Cantrell,15,4,2,45.60,"$27,404",1,1,Rural,Homeschool
6703,Jon,Palmer,15,4,2,60.70,40705.45,1,5,city,Private
6704,Julie,Bush,11,3,0,44.50,approx 60.5k,1,5,city,private 
6705,Desiree,Zamora,13,5,3,40.60,11563.49,1,,Rural,Public
6706,Cassandra,Dougherty,13,5,3,,35391.61,1,4,Suburban,Governmental
6707,Caroline,Mejia,11,5,3,31.60,30273.54,1,, Sub-urban ,Public
6708,Christie,Brandt,11,4,2,45.80,37752.66,1,1,City,Private
6709,Cassie,Nicholson,11,3,1,,approx 18.5k,1,1,  Urban  ,PUBLIC
6710,Grace,Solomon,8,5,3,,,0,0, Urban ,Public
6711,Alexander,Warner,8,5,3,35.40,34424.58,1,1,null,Private
6712,Kristina,Diaz,8,4,2,26.10,48053.13,1,4,Urban,international
6713,Annette,Escobar,5,2,0,18.70,18213.74,,,Suburban,public
6714,Adrian,Rocha,11,7,5,14.70,23979.85,1,4,N/A,  PUBLIC  
6715,Kristin,,10,6,4,52.20,33178.45,1,,RUR,Private
6716,Danny,,13,4,2,37.70,24367.64,0,0,?,  International  
6717,CARLOS,Salazar,15,3,1,40.30,11598.76,1,4,Suburban,PUB
6718,Tricia,Stevenson,15,4,2,32.50,,,,Suburban, PUBLIC 
6719,SIERRA,Martin,16,4,2,46.70,17639.79,1,3,Suburban,Public
6720,Michelle,Daniel,8,6,4,45.00,13422.56,1,1,Rural,Homeschool
6721,Duane,Burke,5,7,5,40.10,25087.47,1,4,Suburban,Public
6723,Maxwell,Thompson,15,5,2,57.20,25596.26,1,2,Urban,Private
6724,Darlene,Hodge,16,2,0,,37181.97,1,1,Suburban,Homeschool
6725,Candice,Ayala,12,5,3,,16841.05,1,1,Suburban,Public
6726,Kim,Banks,3,7,5,,51306.41,1,2,Suburb,Public
6727,Jessica,Elliott,12,2,0,33.10,42917.55,1,,Suburban,public
6728,Thomas,Howard,12,5,3,,47893.92,1,2, Urban , International 
6729,Lance,Snyder,15,2,0,39.10,17805.67,1,1,Suburban,Public
6730,Lacey,Ramos,16,5,3,45.20,16090.22,,,RURAL,Public
6731,jamie,Case,14,7,5,30.90,44247.93,1,5,Urban,PUB
6732,erika,Parrish,8,3,0,53.20,22926.47,1,2,SUB,Public
6733,Lynn,Wilkins,7,4,2,41.00,17421.63,,,Suburban,PUBLIC
6734,Jenny,chang,12,4,2,48.90,19799.37,1,1,Urban,HOMESCHOOL
6735,Stephanie,Hill,8,2,0,,approx 20.3k,1,,Urban, Public 
6736,Terri,  Mack   ,16,4,2,31.60,13514.05,,,Suburban,Public
6737,Kelly,Lutz,4,5,3,64.60,,1,2,Sub-urban, PRIVATE 
6738,Omar,Aguirre,13,5,3,,10160.11,0,0,Urban, public 
6739,Malik,Stone,12,3,1,37.60,10002.25,,,  Rural  ,Public
6741,Dawn,Glass,7,5,3,,20439.6,0,0,Urban,Public
6742,Kurt,Hayes,3,5,3,47.30,24503.18,0,0,Urban, Public 
6743,Jody,Martin,9,3,1,52.70,36951.22,1,4, URB ,PVT
6744,Katrina,Terrell,9,5,3,39.40,52459.39,1,3,Urban,Public
6745,Kellie,Hernandez,15,6,4,46.70,25581.36,1,4,Urban,international
6746,Elaine,Wheeler,8,2,0,66.70,49370.85,1,4,Urban,Public
6747,Johnny,Crawford,12,7,5,31.00,6744.07,,,rural,public
6748,Heather,Garcia,6,2,0,,18337.67,0,3,suburban, Private 
6749,Tom,WASHINGTON,12,5,3,27.00,22519.8,1,3,-,Intl
6750,,Romero,3,4,2,55.60,75754.63,1,5,SUBURBAN,Private
6751,Tamara,Henry,18,6,4,45.70,15048.51,1,2,Suburban, public 
6752,Marco,Boone,10,5,3,48.50,9156.39,,,RUR,PUBLIC
6753,Madeline,Santos,3,3,1,,35874.11,0,0,Urban,  Private  
6754,Mario,Duncan,8,2,0,,26350.68,1,3,SUBURBAN,Private
6755,Arthur,Blanchard,7,8,6,51.30,11554.87,0,0,rural,Public
6756,Larry,Cunningham,8,7,5,42.20,,,,RUR,Public
6757,Paige,Olson,9,2,0,41.60,22412 EGP,1,3,City,  HOMESCHOOL  
6758,Alvin,Parrish,8,4,2,19.60,22849.41,0,,rural, PUBLIC 
6759,Kaitlin,Jackson,8,8,6,30.70,21305.9,1,,  Suburban  ,Public
6760,Dwayne,Lloyd,6,4,2,37.20,56621.23,1,1,Urban,Public
6761,Chelsea,Preston,13,4,2,55.40,27589.42,1,3,Urban,Public
6762,April,Carr,15,3,1,26.30,"41,391.37",1,4, urban ,Private
6763,Katelyn,Gallegos,10,2,0,69.00,34653.73,1,1,Urban,Public
6764,Rebekah,,10,2,0,35.80,23812.91,1,,Urban,Governmental
6765,Alejandro,Hendricks,6,4,2,,47014.66,0,0,Urban,home-school
6766,Eddie,,11,8,6,40.40,,0,0,Rural,Public
6767,Taylor,Shannon,11,5,3,28.90,12651.57,1,1,Rural,PUBLIC
6768,Darren,Barry,10,4,2,34.70,,1,1,  Rural  ,Gov
6769,Logan,Reed,12,6,4,23.00,31566 EGP,1,3,Suburban,international
6770,Kristin,Aguilar,12,2,0,53.30,24269.0,0,, countryside ,Public
6771,Angela,Barrett,7,2,0,47.30,16344.57,,,Suburban,Governmental
6772,Unknown,Torres,15,7,5,32.70,17573.5,1,2,City,Gov
6773,Matthew,Mendoza,10,4,2,52.80,"31,045.71",1,3,city,PUBLIC
6774,Teresa,Berg,17,7,5,38.10,12762.84,0,0,Urban,Public
6775,Earl,Robles,12,5,3,23.50,44547.43,1,7,Sub-urban,Private
6776,Devon,Goodman,18,5,3,54.50,26288.65,0,0,-,Private
6777,Tina,Neal,15,4,2,38.70,9015.97,0,0,Rural,Public
6778,Jenna,Cordova,11,4,2,48.80,"$15,458",0,0,URBAN,PUBLIC
6779,Stacy,Hunter,8,5,3,45.10,35320.68,0,0,City,Public
6780,erica,Schwartz,8,5,3,40.00,34798.9,1,3,Urban,Public
6781,Michael,Keller,12,3,1,38.70,19484.24,1,1,Urban,Public
6782,Veronica,,11,4,1,26.20,,1,1,n/a,Public
6783,,Schneider,8,2,0,44.00,13751.96,1,,SUBURBAN,PUB
6784,Jenna,Bishop,13,3,1,44.70,"$25,793",1,7,Urban,Private
6785,Michelle,Santiago,11,3,1,45.30,57615.58,1,,Suburban,Private
6786,Sherri,Flowers,14,2,0,41.30,95971.68,1,4,URBAN,Private
6787,Jody,Mora,7,2,0,28.00,26463.77,1,-1,URBAN,Gov
6788,Gabriella,Bryan,14,4,1,53.60,37703.69,1,3,  Urban  ,Private
6789,Rachel,  Stevenson   ,12,4,2,,36893.27,1,5,Urban,PUBLIC
6790,Dale,Butler,15,2,0,,9931.14,,, Suburban ,Public
6791,Veronica,Gibson,14,4,1,,,0,0,Suburb,-
6792,Helen,Anthony,10,8,6,29.60,,0,0,URB,  Public  
6793,Jamie,Edwards,10,2,0,49.60,32760.88,0,0,Suburban,Public
6794,Brooke,Clark,17,5,3,57.90,approx 74.6k,1,4,Suburban,International
6795,Penny,Hendricks,9,7,5,42.40,53434.4,1,5,Urban,Governmental
6796,Molly,,13,2,0,49.90,"26225,16",1,2,Suburban,Private
6797,Javier,Fowler,9,6,4,29.30,28195.97,0,0,URBAN,Public
6798,Kristi,Hart,4,6,3,32.70,24494.33,1,3,URBAN,Public
6799,Micheal,Frederick,6,6,4,50.80,53253.42,1,4,Urban,PVT
6800,Unknown,Proctor,12,9,6,39.00,33476.92,1,1,Urban,Governmental
6801,Randall,Sawyer,13,3,1,34.60,26485.51,1,2,suburban,Private
6802,Caitlyn,Copeland,12,5,3,35.90,13949.47,1,2,SUBURBAN,  Public  
6803,brenda,Unknown,15,2,0,40.50,41381.62,1,3,City,Homeschool
6804,Kirk,wise,12,5,3,36.70,15795.95,1,2,rural,  PUBLIC  
6805,Tyler,Hurst,8,2,0,60.70,36987.41,1,6,URB,Private
6806,,Mcclure,13,5,3,58.40,51507.99,1,2,  city  ,INTL
6807,Tonya,Porter,11,3,1,,,,, Suburb ,Public
6808,Leslie,Dickson,8,4,2,41.30,approx 21.8k,1,1,  Suburban  ,Private
6809,Mitchell,Logan,12,6,4,41.90,,1,5,  Rural  ,Public
6810,Jean,Randolph,11,2,0,30.50,22229.75,0,0,Urban,PUBLIC
6811,Kathryn,Freeman,8,6,4,60.50,16086.1,0,,Urban, PUBLIC 
6812,Carolyn,Russo,10,4,2,31.60,17151.88,0,0,Suburb,Public
6813,Terri,Unknown,16,3,1,,,1,1,Suburban,Public
6814,Bryce,Juarez,15,2,0,,40283.7,1,,SUBURBAN,Public
6815,Molly,Conway,11,4,2,57.50,31494.83,1,1,  Sub-urban  ,International
6816,Kyle,Bauer,11,3,1,38.50,"35,222.60",1,3,city,Private
6817,Brad,Crosby,5,8,6,43.80,,1,3,Sub-urban,PUBLIC
6818,Heather,Colon,17,6,4,63.50,,1,8,Suburban,Private
6819,Sherri,Roberson,14,5,3,56.20,20441.23,1,3,SUB,Priv
6820,Scott,Marsh,13,3,1,50.70,77617.42,1,8,Urban,Private
6821,Cindy,davidson,3,3,1,42.20,25900.63,0,0, Rural ,Public
6822,,Ford,11,5,3,,approx 22.5k,1,1,SUB,Gov
6823,Tami,Duke,10,5,3,61.60,91469.64,1,7,URB,PVT
6824,jade,  Mitchell   ,13,4,2,53.50,40621.76,1,4,Urban,Public
6825,Lacey,Escobar,9,5,3,45.10,22570.77,1,3,Suburban,NULL
6826,  Connor   ,Sweeney,10,9,6,52.60,,0,0,Rural,Public
6827,kristen,Kelley,13,4,2,30.90,,1,5,,international
6828,Sharon,DOUGHERTY,8,4,2,44.70,,1,1,Rural,private 
6829,Glen,Salazar,8,2,0,34.20,"24143,95",1,,City,Public
6831,,Kim,15,6,4,49.80,16888.63,1,3,Suburban,public
6832,Marie,douglas,13,3,1,24.90,20293.25,0,0,URBAN,Public
6833,Virginia,Berg,14,2,0,33.80,78814.42,1,6,URBAN,Private
6834,George,Thomas,11,2,0,29.90,44541.07,1,5,SUBURBAN,Private
6835,Wesley,Ramirez,16,8,6,49.30,33841 EGP,1,2, URB ,Private
6836,Albert,Unknown,4,3,1,50.30,,1,1,Urban,Public
6837,Shawn,Stuart,18,7,4,20.10,,1,1,City,Public
6838,Raven,Berger,18,3,1,,24303.06,1,-1,URB,private 
6839,Marvin,Cross,12,2,0,43.20,79532.8,1,5,urban,Priv
6840,  Levi   ,Lamb,13,6,4,47.20,34891.67,1,2, urban ,Homeschool
6841,Jennifer,Glenn,10,10,8,38.60,25877.95,1,3,Rural,Public
6842,Reginald,Jenkins,10,4,2,45.20,28564.19,1,1,Suburban,Public
6843,Desiree,Schmidt,8,5,3,27.20,"$15,723",0,0,Suburban,  International  
6844,Isaac,Burns,10,3,1,27.60,31458.02,1,6, Urban ,Public
6845,Zachary,,13,4,1,31.00,,1,2, Urban ,Gov
6846,Lee,Richmond,999,4,2,42.70,33104.82,1,2,rural,Gov
6847,Abigail,Hudson,18,7,5,40.70,,,,  Suburban  ,INTERNATIONAL
6848,Stephen,Patterson,11,5,3,21.60,18684.69,,, Suburban ,public
6849,Maurice,Holmes,5,4,2,35.90,46501.88,1,5, Urban ,Public
6850,Desiree,Gillespie,16,5,3,44.10,17429.61,1,4,SUB,public
6851,Isaac,Horne,2,10,8,56.70,22686.37,1,1,Suburban,public
6852,Jonathon,Castro,8,3,1,,,0,0,  Urban  ,Public
6853,Sylvia,Black,11,5,2,48.60,14365.3,0,0,Rural,Public
6854,Sylvia,Juarez,12,2,0,31.40,41227.48,1,3,Urban,PRIVATE
6855,Stacey,Barker,5,2,0,,21067.34,1,2,City, Public 
6856,Emma,Chapman,8,7,5,27.80,40441.18,0,0,Urban,  Private  
6857,Caleb,Baird,5,2,0,21.20,25364.69,0,0,Suburban,public
6859,Spencer,Delgado,15,4,2,24.70,19846.06,0,0,city,private 
6860,Gene,Montoya,6,7,4,40.50,15020.14,1,3,Rural,Public
6861,Erin,Gaines,14,3,1,28.10,,1,1, Urban ,Public
6862,Erik,Kramer,14,6,4,47.10,,0,0,Rural,Public
6863,Kiara,Acosta,8,3,1,38.60,20295.31,0,0,SUB,Homeschool
6864,Caitlin,Daniels,3,6,4,33.10,29087.52,1,3,RURAL,Private
6865,Matthew,Caldwell,7,2,0,43.50,18149.45,,,Suburban,PUBLIC
6866,Michelle,  Cannon   ,8,9,7,30.80,20271 EGP,1,2,  Suburban  ,Public
6867,Phillip,Beard,16,2,0,39.80,20509.65,0,0,  Urban  ,Public
6868,Chelsea,Pruitt,10,5,3,32.90,17412.45,1,3,RUR,International
6869,,Whitaker,7,5,2,53.80,51209.64,1,8,Rural,Public
6870,Charles,Nunez,11,4,2,17.60,3737.81,0,0,  Suburban  ,Unknown
6871,Allen,Carr,6,4,2,24.10,24926.77,1,3,SUBURBAN,  Public  
6872,Shelia,Neal,12,2,0,52.80,56721.83,1,6,Urban,Private
6873,Robin,Miller,7,2,0,26.10,22404.08,0,0,Urban,?
6874,Greg,Ward,8,4,2,45.90,39729.46,1,2, Urban ,Private
6875,Beth,Carr,12,3,1,57.10,48901.17,1,1,Suburban,PUB
6876,Logan,Moses,17,4,2,,21984.74,1,2,Suburb,Public
6877,Marilyn,Bautista,18,5,3,37.40,17873.71,1,1,Suburban,  Public  
6878,Paula,Marsh,7,2,0,55.80,42807.87,1,3,Sub-urban,  Private  
6880,Shelley,morgan,12,4,2,30.10,28729.99,1,2,Urban,Intl
6881,Suzanne,Le,15,4,2,66.10,41613.76,1,3,Urban,Public
6882,Tracy,Li,3,4,2,38.30,50421.98,1,6,Urban,Private
6883,Sheila,Richmond,11,4,2,44.80,24855.62,1,1,Suburban,Gov
6884,Ashlee,Todd,9,5,3,43.50,30272.71,1,1,SUB,PUB
6885,Kellie,Adkins,4,8,6,26.40,22864.88,1,3,Rural,Homeschool
6886,Alexis,Fleming,-5,4,1,51.40,23062.72,0,0,urban,PUBLIC
6887,Kirk,Carter,0,9,6,41.80,49187.0,1,6,Suburban,Private
6888,Steven,kemp,11,6,4,48.60,,1,1,Suburban,Public
6889,Sierra,Frost,14,3,1,31.10,27661.93,1,2,Urban,PUBLIC
6890,Regina,Jordan,12,3,1,35.40,39031.63,1,2,Suburban,Private
6891,Unknown,Mays,14,5,3,40.80,,1,2,Rural,Public
6892,Darlene,Wise,11,5,3,57.30,48013.19,1,6,URB,Private
6893,Angelica,Branch,8,8,6,49.40,28414.69,1,2,Suburban,Public
6894,Casey,Duarte,10,3,1,27.20,,1,3,City,Public
6895,Leslie,Meza,13,3,1,54.40,41648.96,0,0,city,Priv
6896,Hunter,Todd,14,4,2,36.80,27186.44,0,0, URBAN ,PUB
6897,Jonathon,Barrett,10,6,4,29.20,33771.84,1,,city,Governmental
6898,Denise,James,7,2,0,54.70,29647.63,1,2,Suburban,private
6899,Joyce,Chapman,12,2,0,,,1,5,Urban,Private
6900,Sarah,Willis,12,7,5,53.20,approx 26.8k,1,2,Suburban,PUB
6901,Elizabeth,Mckinney,15,2,0,42.00,,,,Rural,Homeschool
6902,Paula,Jones,8,6,4,40.70,15405.69,0,0, Rural ,homeschool
6903,Kiara,Golden,8,3,1,54.60,32987.06,1,,city, Public 
6904,Rachel,Frederick,13,2,0,29.10,,0,0,URBAN,PRIVATE
6905,Gina,Ball,9,5,3,,24088.26,0,0,urban,PUBLIC
6906,Olivia,Livingston,9,2,0,22.00,17040.12,0,0,URB,  Public  
6907,Mary,Jacobs,15,5,3,42.30,"18309,85",1,1,Urban,Public
6908,Tyler,  Moody   ,6,8,5,62.20,39825.2,1,,  Suburban  ,International
6909,Jeremy,Rhodes,18,2,0,52.30,25963.56,1,1,suburban,Private
6910,Amber,Young,8,5,3,40.80,19771.15,1,1,Urban,PUB
6911,Valerie,Davenport,14,2,0,59.60,27373.9,1,4,Urban,Governmental
6912,Toni,Holder,10,3,1,31.20,,0,6,Rural,Public
6913,Kristi,Green,11,6,4,43.70,17658.64,,,Village,Public
6914,Eric,Meyer,10,7,5,35.20,,0,0,Suburban,Public
6915,Marcus,Murray,14,4,2,39.70,"$14,042",1,1,Suburb,PUB
6917,April,Gonzalez,8,3,1,42.00,18128.19,1,1,Urban,Public
6918,Donald,Escobar,17,3,1,28.80,11527.64,0,0,Rural,Public
6919,Ian,Hudson,11,5,3,11.80,16831.37,1,1,URB,public
6920,Nathaniel,HIGGINS,8,2,0,57.70,38965.38,1,-1,  SUBURBAN  ,Public
6921,Annette,Douglas,5,2,0,56.90,81795.04,1,5,City,Private
6922,Christy,Garcia,17,5,3,50.60,40298.51,1,2,Suburban,private
6923,Terri,Acosta,9,7,5,44.80,18751.53,1,1, Sub-urban ,Governmental
6924,Jorge,Ferguson,18,9,7,41.00,"28,727.30",1,2,SUBURBAN,Public
6925,Mike,,12,4,1,,28666.17,0,0,n/a,PUBLIC
6926,Cesar,Weaver,11,3,1,,,0,0, Suburban ,Public
6927,Raven,  Ferguson   ,11,4,2,46.00,53029.01,1,3,Suburb,  Intl  
6928,,Grant,18,3,1,62.10,77185.52,1,3, Suburban ,  International  
6929,Casey,,3,6,4,36.40,11401.44,0,,null,Public
6930,Walter,Palmer,11,2,0,55.40,56508.54,1,3,Suburban,PRIVATE
6931,Tracy,Wiggins,10,3,1,38.10,18489.54,1,4,Suburban,PUBLIC
6932,Theresa,Fuller,10,3,1,45.50,25738.03,1,2,Urban,Public
6933,Breanna,Hernandez,11,6,4,30.50,29895.78,1,3,Sub-urban,Private
6934,Brad,Clayton,10,5,3,29.40,69648.17,1,2,Urban,private
6935,Hannah,Krause,11,5,3,,29872.31,1,5,Suburban,Public
6936,Sylvia,Sherman,10,7,4,52.90,37303.84,1,4,Urban,HOMESCHOOL
6937,Leon,Frazier,6,4,2,44.20,27428.88,1,5,Rural, PUB 
6938,Charlotte,,12,4,2,41.60,51850.9,1,4, Urban ,PRIVATE
6940,Cassie,Durham,9,3,1,27.40,52028.04,1,4,Urban,Private
6941,Diamond,Mills,17,2,0,43.80,,0,0,countryside, Homeschool 
6942,Corey,Monroe,15,4,2,30.70,11453.33,1,, Urban ,Public
6943,Eduardo,Zamora,14,6,4,20.90,69825.11,1,3,Suburb,Private
6944,Ana,Harmon,13,5,3,,16802.34,1,3,Urban,public
6945,Maxwell,Bowman,11,5,3,48.30,19079.79,1,2,Suburban,Governmental
6946,,Mendoza,15,5,2,69.20,24776.72,1,4,URBAN,Public
6947,Erica,Matthews,16,4,2,54.80,19396.76,1,1,Sub-urban,Public
6948,Curtis,Powers,13,5,3,44.70,19942.71,1,2,URBAN,Public
6949,Evelyn,Nunez,8,3,1,,38367.71,1,2,Urban,PUB
6950,Ross,,10,2,0,49.00,38592.98,1,1,Urban,International
6951,Bonnie,Bridges,13,4,2,40.70,35988.88,1,3,Suburban,Homeschool
6952,Greg,Buchanan,14,2,0,35.30,40394.94,1,4,URBAN,private 
6953,Michelle,Lambert,10,6,4,26.20,13640.86,0,5,rural,Governmental
6954,Olivia,BENSON,8,3,1,17.70,23621.69,1,2,Urban,PUB
6955,Whitney,Deleon,16,5,3,47.50,47361.09,1,4,Suburb,  Gov  
6956,Jason,Baldwin,7,3,1,43.80,22319.99,1,3,City,Public
6957,Donald,Berger,7,2,0,55.00,22077.45,1,,Urban,Public
6958,Chad,Conley,6,10,8,16.30,28601.76,1,,Rural,Public
6959,Lee,Holt,7,3,1,53.50,25330.86,1,1,Suburban,Public
6960,Louis,Duarte,15,2,0,43.40,19384.2,0,0,  Suburb  ,PUB
6961,Leslie,Spencer,15,4,2,54.20,19485.21,1,1,Suburban,Public
6962,Alexandria,Reynolds,10,3,1,63.00,55168.47,1,2,-,-
6963,Tammie,Mahoney,12,6,4,21.50,23678.27,0,0,  Village  ,private 
6964,Michelle,Cortez,10,4,2,48.90,"33863,55",1,3,URB,Governmental
6965,Suzanne,Yang,6,3,1,39.00,,,,  Village  ,Governmental
6966,,Callahan,18,7,5,,29214.88,0,0,Suburb,-
6967,Carolyn,Lamb,15,3,1,,26448.71,1,1,Urban,Gov
6968,Gail,Goodman,12,4,1,37.50,15493.18,1,-2,SUBURBAN,Governmental
6969,Emily,Unknown,7,7,5,31.00,12321.77,0,0,Rural,public
6970,Unknown,Le,10,2,0,40.80,43603.22,1,1,  Urban  ,Priv
6971,chase,Payne,8,2,0,28.50,58884.46,1,8,Urban,Private
6972,Courtney,Haas,11,5,3,63.00,,0,0,n/a,PUBLIC
6973,Phyllis,Browning,12,3,1,58.30,17815.11,0,0,urban,Public
6974,Bill,Reed,9,6,4,42.30,43554.76,1,2, City ,Governmental
6975,Janice,Maldonado,5,4,2,43.20,20433.76,1,2,Suburban,Public
6976,Carla,Church,18,8,6,30.00,,1,2,Rural,Public
6977,Sarah,Miranda,11,6,4,33.50,20283.16,0,0,  SUBURBAN  ,Public
6978,Jeanne,Mullen,12,2,0,51.20,"23,560.97",1,4,Village,Public
6979,Kenneth,Maxwell,9,2,0,42.90,13966.93,1,1,  URBAN  ,PUB
6980,Loretta,Armstrong,5,4,2,48.40,40220.47,1,4,Urban,Private
6981,Latasha,Lee,10,2,0,35.20,9371.42,0,0,Urban,PUB
6982,Becky,Haas,9,4,2,53.60,49460.47,1,1,Urban,PRIVATE
6983,,Marshall,13,3,1,20.50,25116.73,1,3,Suburban,Private
6984,Makayla,Valdez,14,2,0,47.60,37898.92,1,1,Urban,Public
6985,Luis,Butler,13,4,2,,33874.45,1,1,URB,Private
6986,Dakota,Gallegos,14,4,2,46.10,,0,0, Suburban ,Public
6987,Tony,Hart,17,3,1,29.70,,1,3,  Suburban  ,Homeschool
6988,Joanne,Salinas,12,2,0,46.70,approx 30.8k,1,1,Suburban, Public 
6989,Michaela,Aguilar,14,3,1,39.60,38792.44,1,3,Suburban,private 
6990,Jason,Tanner,12,5,3,54.00,,0,0,Rural,Public
6992,Gabriella,Mahoney,10,2,0,59.70,8346.15,0,,Rural,HS
6993,  Mario   ,Brown,7,5,3,64.30,18621.55,0,0,Rural,HOMESCHOOL
6994,Karla,Jordan,11,5,3,,,,,rural,Public
6995,Cassie,Warner,8,6,4,59.90,466950.89,1,9,city,Private
6996,Tracy,Pratt,13,2,0,58.80,35697.55,1,2,SUBURBAN,private
6997,Carrie,Mcdowell,14,5,3,39.20,61819.43,1,9,urban,PRIVATE
6998,Unknown,Obrien,15,5,3,46.40,"$25,919",1,3,  Urban  ,Governmental
6999,Amber,Quinn,16,4,2,40.40,,0,0,Suburb,Public
7000,Robert,Clarke,4,7,5,39.80,48919.86,1,5,Urban,public
7001,Tara,Meza,6,2,0,48.80,,0,0,Suburban,Public
7002,Jack,Haynes,18,7,5,41.00,17678.08,0,0,Suburban, Public 
7003,Lawrence,Dennis,120,6,4,69.00,50760.66,1,7,city,Public
7004,Roger,Cole,11,4,2,32.50,,1,2,Rural, Homeschool 
7005,Sheila,Doyle,11,2,0,28.60,16962.93,,,Suburban,Public
7006,Vincent,Gross,10,4,2,39.80,18087.29,,,SUBURBAN,Public
7007,Jim,Gibson,4,2,0,45.00,,,,city,Public
7008,Eddie,Carr,8,8,6,32.00,5839.27,0,0,RUR,PUBLIC
7009,Erica,Parks,10,3,1,45.00,11697.47,,,Urban,Public
7010,Dylan,Shepard,8,7,4,30.50,17590.9,1,,Rural,Public
7011,Marcia,  Erickson   ,8,5,3,53.60,43018.65,1,6,city,Private
7012,Meghan,Powers,18,5,3,39.70,,1,9,Urban,Private
7013,Alex,Marsh,10,4,2,26.20,29063.49,1,1,  urban  ,Governmental
7014,jared,,12,4,2,18.80,12657.71,1,1,Sub-urban,PUBLIC
7015,Mercedes,Jimenez,11,5,3,55.80,,,, Rural ,Public
7016,Oscar,Graves,13,2,0,50.90,"$37,670",1,4,NA,Private
7017,Theresa,Murillo,9,6,4,51.70,45098.27,1,4,Suburban,Private
7018,,Whitaker,15,6,4,42.00,49672.93,1,6,urban,?
7019,Fred,brooks,12,5,3,,23506.36,1,1,RURAL,Public
7020,Tom,Farrell,6,5,3,34.60,31332.51,1,3,Urban,Governmental
7021,Breanna,Beck,10,5,3,32.90,25725.71,1,2,countryside, HS 
7023,Larry,Eaton,10,2,0,41.50,9852.76,0,0,Urban,Public
7024,Sandra,Lara,12,6,4,40.40,,1,,URBAN, Private 
7025,Lucas,Parrish,13,6,4,53.30,,1,,SUBURBAN,  Public  
7026,nicole,,12,4,2,29.70,23009.08,0,0,Rural,Governmental
7027,Shawn,,12,6,4,33.90,,1,1,SUBURBAN,Public
7028,,Stuart,11,5,3,51.60,"$40,123",1,1,Rural,Private
7029,Lawrence,Parker,3,3,1,22.80,32393.92,1,3,Rural,  Int.  
7030,nicholas,Herman,13,4,2,35.90,,,,Urban,Gov
7031,Kristy,Avila,12,7,5,48.20,21492.97,0,0,Suburban,public
7032,Lori,Hicks,7,5,3,46.10,29626.52,1,2,  SUBURBAN  ,
7033,Adrian,Torres,12,4,2,42.90,14837.59,0,3,city,  Public  
7034,Bryan,Cummings,13,7,5,33.00,"$33,484",1,1,Suburban,Public
7035,Teresa,Anderson,15,4,2,41.00,"52843,72",1,,Urban,Public
7036,Ariana,Chen,12,5,3,53.10,30586.43,1,4,Suburb,Public
7037,Tom,Rhodes,12,4,2,55.30,10813.78,1,3, suburban ,Homeschool
7039,Molly,Parker,9,6,4,38.60,"23,906.64",0,0,Suburban,Public
7040,Unknown,Rojas,12,5,3,,22308.79,1,1,  SUBURBAN  ,N/A
7041,Connor,Fowler,8,6,3,43.20,26210.31,1,1,  URB  ,public
7042,Kelly,Lang,-5,2,0,44.20,22124.51,0,0,Suburban,Public
7043,Jamie,Yu,5,3,1,36.70,11023.59,0,0,Urban,Public
7044,Selena,Waller,13,3,1,52.60,39859.26,0,,Sub-urban,Public
7045,  Zachary   ,Shepard,11,4,2,19.80,24221.37,1,3,-,  Public  
7046,Leah,  Armstrong   ,14,3,1,43.10,39628.57,1,5,  urban  ,null
7047,Jaclyn,Clayton,8,6,4,,37659.61,1,1,Urban,International
7048,Cindy,Franco,11,2,0,62.50,25431.39,0,0,URB,Public
7050,Danny,Stevens,12,4,2,45.20,16988.85,1,4,urban,PUBLIC
7051,Beverly,Henderson,7,3,1,29.70,,0,0,Urban,Private
7052,Samuel,Hogan,13,2,0,29.50,29399.13,1,2,urban,Public
7053,Gail,Huffman,4,6,4,56.10,,0,0, City ,Public
7054,Randy,Church,8,9,7,,29258.7,1,2,City,  Public  
7055,Jorge,Jordan,5,8,6,35.90,8132.77,0,0,  Suburban  ,Public
7056,Abigail,Willis,13,5,3,39.60,"29331,14",1,3,Suburban,home-school
7057,George,Norris,12,7,5,45.50,27684.8,1,4,SUBURBAN,Public
7058,,Mcbride,12,4,2,25.60,22069.32,1,1,city,Public
7059,Christian,Carlson,16,6,4,50.00,10232.05,1,,Rural,Public
7060,Cody,Walton,9,5,3,45.80,"34,868.33",1,2, Suburban ,Private
7061,Eddie,Jacobson,13,9,7,20.90,16388.59,,,Rural,public
7062,Joshua,Pratt,11,4,2,39.00,8796.13,,,Suburb,Public
7063,Rick,Ward,10,4,1,,57649.63,1,4,urban,Public
7064,Kathryn,Nguyen,15,2,0,54.60,15261.58,1,5,Suburban,Public
7065,Russell,Hill,18,9,7,30.90,approx 14.4k,0,0,Urban,  Gov  
7066,Elizabeth,Lucas,9,2,0,42.30,36216.53,1,3,Rural,Private
7067,Michelle,Mayer,14,8,6,45.30,45833.5,1,1,SUBURBAN,Private
7068,Omar,Atkins,12,9,7,49.60,23593.35,1,1,City,Private
7069,,Knight,12,2,0,57.60,14930.07,0,0,Urban,PUBLIC
7070,Andrew,Vaughn,11,4,2,40.80,15516.41,0,0,Suburban,Public
7071,Krista,Glass,9,2,0,48.80,"23373,91",1,5,Urban,Public
7072,Kathy,Cortez,3,3,1,38.00,58041.29,1,2,Urban, public 
7073,Philip,Cantrell,120,7,5,42.00,34970.02,1,,Rural,Homeschool
7074,  Jean   ,Oliver,8,2,0,46.90,"32574,61",1,,Urban,Governmental
7075,Eileen,Schmitt,10,6,4,43.10,42513.0,1,3, Urban ,Private
7076,Bridget,Patton,10,4,2,51.70,,0,0,City,PUB
7078,Glen,,11,3,1,36.30,11211.23,0,0,Suburban,Public
7079,  Calvin   ,Walls,10,2,0,32.70,30564.81,0,,Suburban,home-school
7080,Unknown,Lopez,8,11,9,51.70,28147.26,1,6, Rural ,Public
7081,Earl,Avila,11,6,4,45.00,22452.16,1,1,Urban, Priv 
7082,Sonya,Lewis,10,5,3,58.60,57133.01,1,4,Urban,PRIVATE
7083,Jordan,Hernandez,14,4,2,36.50,24059.5,1,1,URBAN,Public
7084,Omar,Dean,6,2,0,72.60,31134.17,1,1,city,PUBLIC
7085,Kellie,Benson,8,4,2,45.70,26328.6,1,5,city,Public
7086,Leon,Ingram,13,5,3,53.80,approx 58.7k,1,4,Urban,private 
7087,Colin,Dixon,8,3,0,54.10,33555.92,1,6,Suburban, Public 
7088,Helen,Nelson,7,6,3,,28793.29,1,2,null,PRIVATE
7089,Latoya,Campbell,8,7,4,40.50,"$17,892",1,,RUR,Gov
7090,Felicia,Richards,10,6,4,35.30,,0,0, Rural ,PUBLIC
7092,Marc,Shah,10,6,4,34.20,12806.17,1,1,RUR,Homeschool
7093,Dan,Ramos,7,3,1,44.40,23001.01,0,0,Suburban,public
7094,Tammy,Goodwin,13,2,0,53.70,39822.89,1,3,Urban, Public 
7095,,Hamilton,15,3,1,48.70,23395.27,1,2,Suburban,  Private  
7096,Judith,Schmitt,4,11,9,15.10,22969.75,1,2, Urban ,Public
7097,Cameron,,5,5,3,33.90,,0,0,Suburban,public
7098,Walter,Mays,14,2,0,32.70,,0,0,Rural,International
7099,Andrea,Roy,16,2,0,,28740.47,1,2,  Suburban  ,Public
7100,Stephen,Wilson,3,4,2,56.20,46518.82,1,2,Urban,PVT
7101,Courtney,Campos,13,3,1,68.20,25977.71,1,2,Suburban,  Int.  
7102,Jackie,Duran,16,5,3,,32233.91,1,6,countryside,Public
7103,Gregg,Lucas,7,3,1,33.50,21965.03,1,1,Urban,Gov
7105,Johnathan,Richmond,10,7,5,46.10,33937.62,1,3,city,  Private  
7106,Alan,Gonzales,12,7,5,31.30,24659.99,1,1,n/a,PUB
7107,Rebekah,Curry,8,2,0,51.50,32177.62,1,4,SUB,Private
7108,Martin,Bridges,14,3,1,34.80,,1,3,Urban,Public
7109,PENNY,Sweeney,14,6,4,,29668.52,1,3,Suburban,  PUBLIC  
7110,Lynn,russell,17,7,5,29.50,23017.57,0,,Suburban,Public
7111,Lee,Frye,16,4,2,54.40,48810.21,1,4,Urban,Public
7112,Ariel,Young,10,4,2,32.70,6830.33,,,Rural,Homeschool
7113,Glen,Johnson,18,2,0,16.40,18105.38,0,0,Suburban,Governmental
7114,Joel,Cross,15,5,3,52.70,71361.44,1,3,Urban,Priv
7115,Victor,Holland,12,5,3,39.10,11849.94,0,0,Village,public
7116,Grace,Rodgers,7,3,1,55.50,,0,0,city,Private
7117,Andre,Mcpherson,5,3,1,48.50,,1,6,  Urban  ,private
7118,Allen,blackburn,5,4,2,45.10,27740.43,1,1, Urban , Private 
7119,Ian,TOWNSEND,19,4,2,36.90,18795.35,0,0,Urban,Public
7120,Courtney,Knapp,15,2,0,40.10,49468.84,1,4,Suburban,Intl
7121,Wanda,Lambert,12,5,3,31.20,25358.33,0,,Urban,Public
7122,Denise,Herman,8,6,4,29.40,26328.98,1,1, city ,Homeschool
7123,Patricia,Peterson,10,8,6,38.00,5772.15,,,Rural,Public
7124,Guy,Herring,10,3,1,,27721.47,0,0,urban,Public
7125,Colton,Porter,13,2,0,42.30,"43,288.13",1,6, Urban ,Public
7126,Charlene,Pierce,99,3,1,,23459.51,1,2,City,International
7127,Matthew,Love,12,3,1,44.90,,1,1,Rural,Governmental
7128,Jim,Vaughan,12,4,2,45.40,22828.07,1,2,Urban,Governmental
7129,Timothy,Chan,7,4,2,,21197.45,0,3,urban,Public
7130,Christian,Gonzalez,16,5,3,32.10,14920.64,1,1,  Rural  ,Public
7131,Vicki,Mcclain,9,9,7,32.20,"$22,366",0,0,urban,Public
7132,emily,May,7,2,0,54.00,42853 EGP,1,3,  Rural  ,Public
7133,Chris,Perez,14,5,3,51.30,30221.04,0,0,Suburban,Public
7134,Carrie,Dickerson,11,4,2,15.00,6587.19,0,,Rural,Gov
7135,Jeff,Tran,25,4,1,42.80,30925.05,1,4,URBAN,Public
7136,Wesley,Berry,6,4,2,31.60,,,,Rural,  Public  
7137,Alan,Sullivan,13,4,2,40.80,57351.9,1,2,Urban,private 
7138,Joanna,Barber,18,6,4,31.30,27287.75,1,,Urban,Public
7139,Guy,Glass,6,3,1,51.80,approx 23.1k,1,8,suburban, Public 
7140,John,Stone,12,3,1,34.20,82838.54,1,10, Urban ,International
7141,Rachael,Newton,8,2,0,19.50,16517.08,1,2,Urban,PUB
7142,Arthur,Guerrero,18,4,2,,39684.91,1,6,  SUB  ,Public
7143,Joshua,Ryan,15,6,4,,30795.99,1,3,  URB  ,Public
7144,Ashlee,Robles,12,2,0,53.10,22573 EGP,0,,Urban,Public
7145,Christina,Miranda,6,5,3,56.50,17917.57,1,2,Suburb,HS
7146,Gregory,Romero,7,8,6,59.30,,1,5,Urban,Private
7147,Mariah,Beltran,13,4,2,40.60,33054.68,1,2,suburban,Priv
7148,Yvonne,Byrd,6,3,1,,35618.24,0,0,SUBURBAN,Private
7149,Rebecca,Daniels,6,3,1,42.40,48502.73,1,3,Urban,International
7150,  Katrina   ,Nunez,120,3,1,29.50,35884.02,1,4,URB,Private
7151,Debra,,11,7,5,27.60,,0,0,URBAN,Public
7152,Kristen,Mckinney,12,5,3,,,,,URBAN,Governmental
7153,Jody,Valencia,9,5,3,39.70,approx 69.3k,1,4,  Urban  , Private 
7154,Tracy,Mack,14,4,2,43.50,approx 28.7k,1,,  Suburban  ,Public
7155,Bobby,Nguyen,7,6,3,31.40,approx 31.1k,1,3,Urban,International
7156,dennis,Goodman,13,6,4,43.50,,1,7,Suburban,Unknown
7157,Breanna,Skinner,11,3,1,45.50,,1,2,Urban,Governmental
7158,Cassandra,Cherry,13,8,6,,,0,0,n/a, PUBLIC 
7159,Brian,Castro,15,2,0,37.10,,0,6,  Urban  ,Public
7160,Daniel,Kane,9,6,4,47.80,22203.56,0,0,Urban,public
7161,Tammie,Miles,8,5,3,42.10,27294.64,1,1,SUB,Public
7162,Jane,Chan,4,3,1,35.70,55017.35,1,1,Suburban, PRIVATE 
7163,Sara,Matthews,3,10,8,42.90,27276.19,1,3,Village,PUB
7164,Adrienne,Skinner,10,4,2,20.20,,,,Urban,Public
7165,Rodney,Baldwin,10,8,6,49.30,138743.35,1,5,URBAN, private 
7166,Tammy,Wagner,7,10,7,28.10,,1,1,Rural,PUBLIC
7168,Ronald,Gilmore,16,2,0,65.10,40147.14,1,2,Urban,PVT
7169,,Warren,14,5,3,55.60,29820.18,1,,Urban,public
7170,Joanne,Nash,6,2,0,47.20,26098.21,1,3,city,HOMESCHOOL
7171,Rose,Rodriguez,9,5,3,43.70,,0,0,URBAN,  Gov  
7172,Arthur,Goodwin,12,9,7,43.00,12602.8,0,0,Suburban,public
7173,Frederick,Alvarado,8,7,5,42.10,27134.72,1,1,Urban,Private
7174,Tasha,Short,8,5,3,33.20,,,,Rural,PUBLIC
7175,Frederick,,9,11,9,40.40,63345.08,1,4,Suburban,  Private  
7176,Ethan,Sosa,14,7,5,43.10,26992.72,1,,Suburban,Gov
7177,Heather,Terry,15,5,3,35.90,93994.67,1,5,Urban,Private
7178,Mariah,Oliver,8,7,5,42.20,20138.97,1,2,Suburban,Governmental
7179,Gene,Mullen,12,12,9,51.40,,0,0,Rural,Public
7180,Tamara,,10,7,5,51.50,41149.95,1,3,URBAN,PUBLIC
7181,Alex,Carroll,7,2,0,42.80,22189.97,0,0,Suburban,PUBLIC
7182,Marc,Mora,9,2,0,28.40,50776.87,1,6,Urban,Public
7183,Erin,Hood,6,4,2,41.80,65579.57,1,1,urban,HOMESCHOOL
7184,Marvin,Woods,15,5,3,71.30,46841.87,1,2,SUB,  Governmental  
7185,Beverly,Barajas,16,3,1,48.20,,0,0,Suburban,Private
7186,Trevor,Rogers,9,3,1,34.50,40121.69,1,4,Suburban,Public
7187,Lindsay,Park,8,5,3,42.30,,1,4,  Urban  ,Public
7188,Caitlyn,Spears,14,12,10,46.70,32110.3,1,1,Rural,Private
7189,Collin,Richardson,15,8,6,44.10,37559.45,1,3,Suburban,Private
7190,Ruben,Forbes,6,9,6,,21168.08,0,0,Urban,  public  
7191,Marco,sparks,10,8,6,29.80,approx 13.1k,0,0,countryside,HS
7192,,Coffey,10,4,2,61.90,28268.52,1,2, Urban , Private 
7193,Kevin,Mcclain,8,4,1,43.90,54792.78,1,6, Urban ,International
7194,Bailey,Ortega,12,9,6,39.80,18294 EGP,1,2,Rural,Governmental
7195,Roberta,Andrews,8,8,6,,29640.38,1,2, Urban ,Governmental
7196,Joshua,Sosa,9,3,1,59.50,27240.68,1,2,Urban,international
7197,Tanner,Roth,10,2,0,38.10,24481.15,1,2,Urban,Public
7198,Marc,Stark,5,7,5,27.50,,,,n/a,public
7199,BEVERLY,  Blair   ,3,2,0,53.10,"46044,96",1,3,null, Private 
7200,John,Cross,14,6,4,29.20,16991 EGP,0,0,Urban,Public
7201,Ruben,Pearson,8,3,0,,"30859,31",1,2,urban,Public
7202,Alexis,Reilly,18,2,0,38.30,23745.09,0,0,Urban,Public
7203,Johnny,Ingram,18,10,8,42.90,45319.2,1,3, Urban ,Public
7204,Lauren,Choi,9,6,4,53.70,,0,0,rural,Public
7205,Sheryl,Marsh,18,6,4,25.50,14714.18,0,0,Suburban,Public
7206,Kim,Wise,14,2,0,40.50,29558.3,1,5,  rural  ,Public
7207,Spencer,Mcdowell,8,4,2,34.00,16247.67,,, Suburban ,Private
7208,Brandon,Reilly,3,2,0,29.90,32372.81,1,4,Urban,PUBLIC
7209,Billy,Pruitt,13,5,3,37.00,59909.5,1,4,Urban, International 
7210,,Cantrell,11,7,5,45.40,,0,0,Suburban,Private
7211,Anne,Harrison,12,6,3,61.30,"28087,13",1,3,Urban,public
7212,Victor,Brewer,10,2,0,48.50,20188.14,1,2,Suburban,Governmental
7213,Elijah,Velazquez,6,4,2,58.70,31961.82,0,0,City,Private
7215,Dennis,Gamble,13,6,4,43.10,49326.65,1,3,Urban,Public
7216,Theresa,Lin,9,2,0,40.00,21133.28,1,3,URB,Governmental
7217,Shelley,Lloyd,9,8,6,55.40,34572.08,1,3,rural,Homeschool
7218,Jesus,Unknown,5,3,1,73.30,71866.54,1,6, Urban ,Private
7219,Bobby,Guzman,25,3,1,,34238.28,1,2,URB,Public
7220,Frederick,Krause,6,2,0,37.70,19252.97,1,3,NA,PVT
7221,Fred,Nicholson,14,4,2,35.80,29067.91,0,0,  Urban  ,Public
7222,Sheena,Walsh,8,2,0,39.40,23892.42,1,,Suburban,Homeschool
7223,Susan,Gross,9,6,4,30.30,45469.71,1,1,Rural,Public
7224,Danielle,Fisher,18,2,0,23.60,16207.94,,,Rural,Public
7225,Monica,Avila,9,2,0,49.20,54750.33,1,3,Suburban,Gov
7226,danny,Wallace,9,2,0,39.50,27208.87,1,7,Suburban,Public
7227,Cameron,  Maxwell   ,13,6,4,36.90,30491.62,1,1,Urban,Public
7228,Dorothy,Oconnell,4,4,2,,,,,Rural,PUB
7229,Gloria,Shaw,15,5,3,77.10,22167.87,1,2,  Suburban  ,Public
7230,Lance,Everett,14,2,0,,48501.18,1,3,City,Int.
7231,Andrea,Vaughan,12,5,3,27.20,11477.78,1,3,RURAL,PUB
7232,Mikayla,Mooney,3,4,2,58.40,43384.42,1,6,suburban,Private
7233,Ruben,Edwards,10,2,0,34.90,65675.44,1,8,Urban,N/A
7234,Latoya,Beard,6,6,4,29.90,18480.96,1,1,Suburban,Public
7235,Ian,Montoya,15,7,5,52.80,57779.22,1,-2,  Urban  ,PVT
7236,Derrick,Warren,14,4,2,53.50,52919.69,1,6,Urban,Public
7237,Matthew,Stephens,12,2,0,45.00,47957.29,1,2,Urban,homeschool
7238,Jerry,PRATT,6,6,4,39.40,18036.73,1,1,Suburb,Governmental
7239,Donna,Russo,16,4,2,,27842.69,1,,Urban,Governmental
7240,Matthew,Benson,10,4,2,40.20,27821.84,1,4,Urban,Private
7241,Hannah,Bradford,17,5,3,62.70,93889.39,1,,  URB  ,Private
7242,Sean,Schmitt,11,2,0,46.90,29569 EGP,1,1,URB,International
7243,Katelyn,Hall,12,5,3,,23137.06,1,1,Suburban,Unknown
7244,Sonia,Watkins,9,2,0,29.40,"15813,76",1,1,Urban, Public 
7245,Dustin,Brooks,16,5,3,38.30,17421.83,1,2,URBAN,PUB
7246,Douglas,Li,13,2,0,32.60,20408.74,0,0,Urban,Public
7247,Hannah,Adams,16,2,0,31.40,36269.62,1,3,n/a,Private
7248,Meredith,Wise,11,2,0,,,0,0,Suburban,PUB
7249,  Catherine   ,House,10,9,7,,,0,0,countryside,Public
7250,Christina,Sloan,13,3,1,26.60,,1,2,City,Gov
7251,Raymond,Marshall,16,9,7,45.00,64282.8,1,8,  URB  ,international
7252,,Burns,14,4,2,23.10,31524.63,1,2,city,Governmental
7253,Lucas,Vasquez,11,2,0,41.40,30355.3,1,2,Suburban,Public
7254,Mariah,Brooks,4,4,2,47.20,16325.89,,, Urban ,PUB
7255,Oscar,Chan,13,3,1,62.80,48470.53,1,4,?,Public
7256,Stephen,Horne,5,5,3,14.50,58494.24,1,1,Suburb,  Private  
7257,Brooke,Russo,11,5,2,36.50,30847.39,1,2,URBAN,Private
7258,Miranda,Walter,10,5,3,,approx 22.8k,1,4,Urban,public
7259,Stephen,Trevino,5,7,5,46.30,23242.43,1,,Rural,Public
7260,Valerie,Bradley,12,6,4,,44539.8,1,8,Urban,  Private  
7261,Beth,Owens,18,8,6,45.90,41302.74,1,6,suburban,Public
7262,Jessica,Khan,9,3,1,39.60,36869.5,1,1,Sub-urban,Public
7263,jason,Lloyd,13,7,4,46.30,50523.6,1,5,URBAN,private 
7264,Janet,Terrell,18,4,2,55.40,17484.15,0,0,Suburban,Public
7265,Frederick,Knight,14,4,2,55.30,,1,5,City,Priv
7266,Amber,Frazier,8,8,6,29.40,23165.27,0,0,Urban,  Public  
7267,Manuel,Robertson,11,11,9,,,,,Suburb, Public 
7268,Leon,Haas,12,2,0,45.70,,,,Rural,Public
7269,Wesley,Moon,16,5,3,25.50,21924.35,1,1,city, Public 
7270,Brad,Unknown,15,2,0,46.40,approx 29.2k,1,2,  Suburban  ,PRIVATE
7271,Kathryn,Sherman,3,4,2,53.40,47140.84,1,4,URBAN,Public
7272,Alexandra,ELLIOTT,7,5,3,37.00,28454.08,1,5,  Suburban  ,Public
7273,Bailey,Morrison,10,2,0,47.80,89747.08,1,5, Urban ,Priv
7274,Johnny,Curry,7,7,5,51.40,22275.25,1,1,Urban,Public
7275,David,Stanley,3,8,6,61.90,,0,0,rural,  Governmental  
7276,Fred,Johnston,8,7,5,50.00,29818.87,0,0,Suburban,Public
7277,Jean,Graves,10,5,3,42.90,22033.77,0,0,URBAN,PVT
7278,Beth,Harding,9,2,0,22.50,9441.53,,,rural,Governmental
7279,Barry,Solis,7,5,3,18.60,25244.33,1,3,City,Public
7280,Ricky,Hopkins,11,2,0,35.70,16632.66,0,0,Suburban,Public
7281,Sheryl,Wilcox,12,3,1,51.50,17559.78,1,2,Suburban,Public
7282,,Mueller,9,6,4,48.90,39631.4,0,0,Rural,Private
7283,Sarah,Jordan,15,2,0,52.00,31836.81,0,0, urban ,?
7284,Jaclyn,Gallegos,11,9,7,,22115.88,1,2,SUB,  Public  
7285,Zoe,Hess,7,5,2,,61616.68,1,5,Suburban,NULL
7286,Darin,Ellis,6,2,0,38.60,25272.9,1,,  Urban  ,Public
7287,Paul,Douglas,10,8,6,46.30,8720.48,,, countryside ,Public
7288,Colin,Huynh,15,7,5,51.40,14334.85,0,0,Urban,Governmental
7289,Wendy,Schultz,8,2,0,46.40,28452.81,1,2,Urban,Private
7290,Stuart,Harrington,13,6,4,38.30,,0,0,NULL,Public
7291,Levi,Dodson,11,3,1,16.60,15601.91,,,Urban,Public
7292,Jasmine,Huerta,18,8,6,37.40,13909.24,0,0,Rural,Gov
7293,Bill,Haley,12,2,0,44.90,55412.81,1,5,Urban,Private
7294,Erik,Jimenez,8,8,6,49.00,60505.95,1,-4,Urban,null
7295,Scott,Andrade,13,4,2,60.00,36783.55,1,,Suburb,Gov
7296,Stephen,Hendricks,13,8,6,38.80,17117.7,,,Rural,Public
7297,Cristian,Watkins,9,4,2,70.60,18699.97,1,2, Suburban ,Public
7298,Randall,Hurst,6,8,6,44.00,36812.66,1,3,URBAN,Private
7299,Caitlin,Prince,12,2,0,57.50,79227.69,1,,Urban,  Private  
7301,Nicholas,Cruz,5,2,0,22.20,,0,0,Rural,Homeschool
7302,Shelley,Wise,11,5,3,42.30,23465.44,1,2,Suburban,Public
7304,Derrick,Charles,5,4,2,,"40,207.86",1,4,URBAN,Private
7305,Earl,briggs,9,5,3,38.30,19535.32,0,0,-,Public
7306,Lacey,hunt,15,7,5,,37175.32,1,6,urban,Private
7307,marilyn,Watson,15,6,4,56.80,40639.22,1,5,Urban,International
7308,Kathleen,Durham,14,6,4,52.90,35926.33,1,,Urban,Unknown
7309,Bailey,Navarro,11,6,4,56.30,,1,3,Suburban,PUB
7310,Abigail,Coleman,13,6,4,51.50,23571.41,1,2, Suburban ,International
7311,Annette,Gray,11,5,3,45.10,22253.66,1,2,N/A,Gov
7312,,Blanchard,7,6,4,42.60,,1,1,Rural, Public 
7313,Zachary,Reyes,7,6,4,46.00,20606.55,0,0,urban,Public
7314,Gabrielle,Erickson,8,6,4,27.30,50707.96,1,3, Sub-urban ,public
7315,Harry,Gardner,16,3,0,31.00,28361.51,1,1,Suburban,-
7316,Grace,Sanchez,14,7,5,33.50,,,,Rural,Public
7317,Unknown,Knapp,7,6,4,,,0,0,Rural, Public 
7318,Kristy,Collins,11,6,4,33.50,49643.19,1,3,Suburban,Private
7320,Kayla,Moses,99,5,3,40.80,20652.75,1,1,Suburban,Public
7321,Lorraine,Walton,9,7,5,40.50,31910.73,1,1,RURAL,  HOMESCHOOL  
7323,Alvin,Campbell,10,6,4,27.30,13262.28,,,Suburban,PUBLIC
7324,Peggy,Campos,11,8,6,33.40,15991.26,0,0,Urban,Public
7325,Aaron,Cowan,11,3,1,,36139.14,1,1,Sub-urban,Priv
7326,Dan,  Duncan   ,7,2,0,74.00,90780.86,1,,Unknown,Public
7327,Tiffany,Williamson,11,4,1,45.40,40610 EGP,1,3,SUB, public 
7328,Victor,SALAZAR,14,2,0,32.10,24099.85,1,4,Urban,Public
7329,Michelle,Mcguire,16,7,5,61.40,26246.95,1,3,Urban,Public
7330,Madison,Reeves,19,5,2,44.20,,0,2,Urban,PUBLIC
7331,Rebecca,Perez,5,8,6,20.60,,,,Suburban,Public
7332,Duane,Callahan,11,2,0,22.20,17377.09,0,0,Rural,  Public  
7333,Misty,Olson,14,4,2,58.30,40996.83,1,4, Urban ,Public
7334,Christie,Moreno,12,7,5,43.30,78835 EGP,1,3,Urban,Private
7335,Sonya,Vargas,13,10,8,31.00,46625.56,1,7,Sub-urban, Private 
7336,Breanna,Maldonado,6,2,0,37.50,73973.2,1,4,Suburban, private 
7337,Kristi,Freeman,8,6,4,35.30,,1,3,city,Int.
7338,Kristy,Roman,3,4,2,56.10,55109.72,1,3,SUBURBAN,Private
7339,Alicia,Glenn,10,6,3,37.90,17403.22,,,Rural,Public
7340,NICHOLAS,,3,3,1,40.50,35942.33,1,2,Urban,Public
7341,Dustin,Sparks,15,5,3,47.60,10212.89,0,,Sub-urban,public
7342,Tracy,Hess,16,4,2,33.40,31942.47,1,1, Urban ,Public
7343,Todd,Schmitt,11,5,2,40.60,23421.0,0,0,Rural,  Private  
7344,Shelia,Spencer,5,3,1,54.10,21898.02,1,2,  suburban  ,Public
7345,Jonathan,Roberson,12,3,1,33.30,10961.02,,, Suburb ,Homeschool
7346,Carolyn,Edwards,17,6,4,33.70,40967.79,1,3,Rural,Homeschool
7347,Victoria,Allen,12,3,1,27.30,"$37,173",0,,Urban,Public
7348,Chelsea,LUNA,15,6,4,43.30,65929.13,1,3, Suburban ,NULL
7349,Marcus,Nash,9,9,7,59.40,38491.6,0,0,Suburban,private
7350,Lee,Graves,7,5,3,28.60,36411.64,0,0,RURAL,Public
7351,Ryan,Moss,10,4,2,44.70,48518.42,1,1,Suburban,Governmental
7352,Colton,Blackburn,4,8,6,17.00,20461.86,1,1,Urban,NA
7353,,Cherry,18,3,1,,22472.92,0,0,Urban,Public
7354,Raven,Mcbride,11,2,0,,23491.46,1,2,Urban,Private
7355,Casey,Sheppard,14,6,4,45.40,,1,1,Rural,Public
7356,Christie,Williamson,9,8,6,54.30,78497.01,1,7,null,Public
7357,Brianna,Ray,5,4,1,34.00,26193.02,0,0,Sub-urban,  PUB  
7358,Peter,Clayton,16,3,1,36.70,38281.79,1,5,Urban,Public
7359,Matthew,Luna,6,6,4,40.70,12307.13,0,0,Suburban,  Public  
7360,Lacey,Chen,12,10,8,37.70,46640.35,1,1, Urban ,Governmental
7361,Eileen,Pena,12,3,1,38.50,20430.84,0,0,Suburban,Private
7362,Patricia,Clayton,11,2,0,71.30,59488.26,0,0,Urban,private
7363,Alejandro,Oconnor,8,5,3,27.30,,0,0,Urban,Public
7364,Whitney,  Mendez   ,10,6,3,70.50,61854.39,1,,URB,private
7365,Linda,Henderson,7,7,5,55.00,28781.06,1,1,Rural,Homeschool
7366,Katrina,Wells,13,2,0,37.20,19808.58,0,0,Suburb,Public
7367,Lee,,13,4,2,,55815.81,1,3,SUB,Private
7368,Kimberly,Warren,10,9,7,36.70,32268.3,1,5,Rural,Public
7369,Bruce,French,8,2,0,68.40,33499.89,1,1,Sub-urban,International
7370,Sheena,Henderson,18,6,3,29.50,,,,Suburban,Homeschool
7371,Tracy,Boyer,6,2,0,32.60,,1,-3,Suburban,private 
7372,Janet,,5,4,2,,30831.91,1,1,city,Public
7373,Desiree,Bradley,10,4,2,31.80,30550.66,1,2,urban,Homeschool
7374,Melvin,Barnes,10,7,5,39.10,,,,Rural,Governmental
7375,Cassandra,Jacobs,14,8,6,39.70,29244.11,1,2,Urban,Gov
7376,Unknown,Ray,13,6,4,32.90,18470.07,,-3,Urban,unknown
7377,Randy,Glover,11,5,3,29.20,,0,0,Rural,Governmental
7378,Clayton,Wells,12,6,4,38.10,,,,Urban,  Public  
7379,Kent,Walton,12,5,3,55.70,30171.06,0,0,Suburban,  Public  
7380,Jeremiah,Wallace,18,5,3,,6747.34,1,,Suburban,Governmental
7381,Brittany,Wells,11,2,0,56.20,44330.25,1,2,Urban,private 
7382,Vicki,Shannon,8,2,0,58.70,,1,,Urban,PUBLIC
7383,Frank,Spencer,11,6,4,48.80,25172.33,1,1,Urban,Private
7384,TIMOTHY,Evans,3,3,1,62.60,45007.75,1,-1,  Suburban  ,Governmental
7385,Trevor,Adams,10,4,2,51.40,14867.91,,,Rural,Gov
7386,Gloria,Goodwin,14,6,4,27.30,32215.78,1,1,suburban,Gov
7387,Ricardo,Hobbs,13,4,2,17.20,,,,city,Gov
7388,Michael,Mercado,12,3,1,23.80,,0,0,city,  public  
7389,James,solomon,13,2,0,47.10,22484.24,1,1,suburban,public
7390,Anita,Phelps,14,8,6,42.90,32291.87,1,2,Suburban,Public
7391,Sean,Singh,16,2,0,,50143.47,1,1,Urban,Private
7392,Juan,Hudson,12,5,3,50.50,26970.69,1,,Urban,Governmental
7393,,Parrish,9,5,3,30.30,34050.91,1,1,Urban,Public
7394,Jared,,3,7,5,35.60,45817.97,1,3,Urban,Homeschool
7395,Jonathon,Banks,14,4,2,20.60,23854.6,0,0,  Suburban  ,Public
7396,Meredith,GREENE,12,3,1,62.10,23694.35,0,0,Rural,Public
7397,,Armstrong,11,3,1,42.60,"15,980.98",0,0, City ,PUB
7398,Sheryl,Hamilton,8,5,3,46.10,10290.36,,,Suburban,PVT
7399,Spencer,Moss,14,6,4,37.40,22167.33,1,6,City,Public
7400,Christian,Gaines,25,5,3,55.40,,1,5,Urban,PRIVATE
7401,Kaitlin,Sosa,10,3,1,,20109.05,0,3,URB,Public
7402,Leslie,Fischer,10,6,4,50.20,42529.11,1,4,Urban,private 
7404,Annette,Delgado,6,5,3,43.80,18575.84,1,2,SUB,Public
7406,Wanda,Thomas,8,3,1,44.20,,,,Suburban,null
7407,Marilyn,Solomon,8,3,1,,19460.14,1,3,  Suburban  , Private 
7408,Darren,Roberts,14,2,0,26.60,7082.43,0,0,urban,Public
7409,Kristina,Tyler,7,3,0,52.50,47173.4,1,3,city,home-school
7410,Tom,Galvan,14,3,0,,27855.08,1,,Unknown,  Public  
7411,Russell,Shah,11,3,1,31.10,17677.89,0,0,Urban,PUBLIC
7412,Zachary,Carter,5,2,0,55.50,81465.33,1,3,Urban,PRIVATE
7413,Connor,carroll,15,8,6,43.80,11114.17,0,,Rural,PUB
7414,Stefanie,Wyatt,12,2,0,41.10,12918.99,0,0,  Rural  ,PUBLIC
7415,Gerald,Estrada,25,3,1,55.60,15078.39,0,0,Suburban,Public
7416,Xavier,Snyder,14,6,4,39.80,46961.05,0,,  Suburban  ,Public
7417,Jamie,Matthews,16,2,0,56.30,56307.61,1,5, Suburban ,International
7418,Ariel,Newton,11,3,1,44.00,53297.32,1,4,SUBURBAN,International
7419,Arthur,Black,13,4,2,62.80,53018.62,1,2,Sub-urban,HOMESCHOOL
7420,Jonathon,,12,10,8,34.20,21407.13,0,,Urban,public
7421,Brittany,Roberson,9,4,2,47.10,43037.87,1,3,Rural,Public
7422,Ethan,Bowman,5,7,5,26.30,,1,1,Suburban,Governmental
7423,Teresa,Shepard,11,8,6,30.30,12727.87,0,0,city,Governmental
7424,Sonya,Neal,15,6,4,58.00,20240.36,1,3,Suburb,Public
7425,DWAYNE,Green,13,6,4,38.00,30615.88,1,3,Suburban,Public
7426,Kaitlin,Beltran,7,9,7,34.50,12032.25,,,Rural,Public
7427,  Connie   ,Ramsey,14,4,2,53.60,32234.53,1,5,Urban,Public
7428,Mario,Malone,9,5,2,34.90,,1,2,Suburban,Priv
7429,Albert,Cervantes,3,6,4,43.90,"37,266.03",1,4,Urban,Private
7431,VIRGINIA,Berger,7,5,3,45.80,26929.39,1,1,URB,  Private  
7432,Wesley,Atkinson,17,2,0,47.60,19930.26,0,0,Urban,Public
7433,Tom,Alvarado,15,4,2,39.90,,,,?,Governmental
7434,,Owen,999,5,3,20.20,28327.76,1,1,  Urban  ,Governmental
7435,Destiny,Reyes,12,7,4,39.30,19044.3,0,0,Suburban,Public
7436,Keith,Sosa,18,4,2,34.80,23977.47,1,3,Suburban, public 
7437,Stuart,Burgess,14,7,5,21.90,9520.25,1,1,Urban,Public
7439,Paige,Andersen,18,9,7,34.40,33876.91,0,0,Suburban,PUBLIC
7440,Jonathon,Roberts,11,2,0,53.00,,0,0,,PVT
7441,DEBORAH,Thomas,13,7,5,45.40,23051.38,1,3,Sub-urban,PUB
7442,Eileen,Mercado,7,3,1,49.30,18827.28,1,1, urban ,HS
7443,Joshua,Unknown,4,4,2,41.00,18180.77,,,Urban,Public
7444,Kari,Proctor,9,2,0,55.30,17978.27,1,5,NA,public
7446,Alicia,Jacobson,12,5,3,49.40,40153.04,1,7,Urban,private 
7447,Tanner,Villanueva,5,4,2,37.10,,0,0,  Urban  ,Public
7448,William,Velazquez,13,3,1,39.30,15734 EGP,1,3,Suburban,Public
7449,Unknown,Franklin,8,4,1,42.70,47466.37,1,4,  Suburb  ,Private
7450,Steven,Morton,13,5,3,50.20,22616.89,1,3,Suburban,  PUB  
7451,Christine,Keller,14,5,3,51.20,20978.2,1,3,Rural, Gov 
7452,Kristin,larsen,9,5,3,44.20,,1,2,city,Private
7453,Malik,Davenport,7,2,0,51.80,"38,192.12",1,5,Urban,Public
7454,Deanna,Trevino,16,3,1,31.50,4364.19,0,,Rural,Public
7455,Elijah,Castro,14,5,3,51.40,56009.2,1,3,URBAN,PUBLIC
7456,Paul,Sharp,11,5,3,43.30,,0,0,  RURAL  ,PUB
7457,Travis,Berry,16,2,0,25.90,,0,0,Suburban,Public
7458,Helen,Nguyen,11,9,6,,16574.6,0,0,Urban,Public
7459,Christina,Jensen,8,6,4,50.80,14839.18,1,,countryside,Public
7460,arthur,Forbes,7,7,5,,27981.04,1,2,URB,Governmental
7461,Christy,  Fox   ,10,6,4,40.80,27657.62,1,3,  SUB  ,Public
7462,,Murray,13,4,2,34.80,15429.57,,,City,PUB
7463,Shannon,Cervantes,16,2,0,41.80,41321.75,1,1,SUBURBAN,Private
7464,Samantha,Mills,11,4,2,49.60,19180.49,0,,suburban,Public
7465,,Shea,15,5,3,35.10,21679.61,0,0,Urban,Public
7466,Lindsey,Weeks,10,3,1,37.50,15146.92,1,,  Rural  ,Homeschool
7467,Hailey,Cowan,8,4,2,38.70,42811.3,1,3,City,international
7468,Jeanette,Chaney,6,5,2,58.10,29183.38,1,3,urban,PUB
7469,Douglas,,9,2,0,50.20,22064.18,1,2,Urban,Governmental
7470,Jeremy,,6,7,5,66.10,21417.02,1,1,Sub-urban,Public
7471,Sara,Castillo,18,9,7,46.50,58135.73,1,3,Urban,Intl
7472,Elaine,Pace,12,2,0,44.10,45727.46,1,3,  suburban  ,Private
7473,,Case,10,4,2,50.80,,1,,Suburban,Public
7474,Andrea,,17,8,6,32.50,27770.65,1,1,Suburban,Private
7475,Dale,Hamilton,6,4,2,57.30,,1,1,countryside,Private
7476,Beverly,  Forbes   ,10,5,3,43.10,22135.39,1,2,RURAL,HOMESCHOOL
7477,,Barnes,18,2,0,53.50,32837.81,0,0,Urban,PVT
7478,,,10,2,0,34.40,22899.13,1,3,Suburb,PUBLIC
7479,  Anna   ,Miles,18,6,4,,,1,5,  urban  ,Private
7480,Ashley,Joyce,13,4,2,37.20,5569.78,0,0,URBAN,Public
7481,theodore,Frye,15,2,0,49.80,52325.73,1,4,  Urban  ,Private
7482,Samantha,Gallegos,15,3,1,34.80,14772.56,1,2,URB,Public
7483,Morgan,Clements,11,2,0,,17241.19,1,2,Suburban,Gov
7484,Dakota,Moses,9,6,4,42.00,13765.21,,,urban, PUB 
7485,Hannah,Flowers,10,5,3,45.90,,0,0,Suburb,public
7486,Tony,Fletcher,99,4,2,23.80,,0,0, RUR ,HOMESCHOOL
7487,Darius,Huber,10,6,4,,48491.47,1,5,Urban,PVT
7488,,Graves,10,3,1,,60414.57,1,4,Urban,Intl
7489,,Griffin,17,5,3,,approx 86.5k,1,6,Urban,Priv
7490,Regina,Ali,13,3,1,47.30,31452.4,0,0,URB,Public
7491,,Lopez,18,5,3,,15207.06,1,3,Rural,PUBLIC
7492,Madeline,May,3,8,6,40.00,45650.16,1,4,City,  Public  
7493,Mason,CHANG,6,4,2,,18587.06,0,0,City,PVT
7494,Melanie,  Bates   ,9,2,0,29.20,17479.47,1,1,Urban,Public
7495,Cameron,Preston,16,2,0,54.50,24295.17,0,0,Urban,  Public  
7496,Kent,CASTANEDA,10,3,1,36.30,25119.19,1,,Suburban,Public
7497,Dylan,simon,5,4,2,43.30,5504.0,0,0,Rural, Public 
7498,Alexandria,Wiggins,10,8,6,46.60,46019.58,1,2,  Sub-urban  ,Public
7499,Peggy,Mckinney,6,5,3,38.00,33929.53,1,2,Urban, International 
7500,Kelsey,Gardner,5,2,0,33.20,39696.12,1,1,Suburban,public
7501,Joanne,Lucas,18,4,2,41.40,7231.72,0,0,Rural,Public
7502,Howard,Meadows,9,7,5,36.90,20624.04,0,0,URBAN,public
7503,Margaret,Pratt,11,7,5,17.30,17263.03,1,1,SUB,private
7504,Charlene,Clayton,10,5,3,64.70,22890.82,0,0,SUBURBAN,Public
7505,jill,Gardner,10,3,1,47.30,25123.04,1,,Sub-urban,public
7506,Luis,  Joyce   ,7,6,4,54.00,47967.19,1,3,Urban,  Public  
7507,Alexander,Torres,9,7,5,,27019.6,1,1,SUB,  public  
7508,Benjamin,Williams,12,8,5,27.20,,0,0,Suburb,Public
7509,Kaylee,Wu,16,3,1,44.40,85241.4,1,3,Suburban,private 
7510,Marcus,,14,2,0,,25692.05,1,3,Urban,Public
7511,Gregg,,6,5,3,29.70,18056.27,1,,Urban,Public
7512,,Santos,14,2,0,38.00,9073.98,0,0,Sub-urban,unknown
7513,Kathleen,Neal,12,4,2,34.40,26895.8,1,2,Sub-urban,Gov
7514,Mikayla,Norton,8,7,5,37.80,25082.41,1,1,  Village  ,Home School
7515,Sara,Higgins,11,2,0,53.90,,,,Urban,Gov
7516,Benjamin,Walter,13,7,5,54.40,41929.49,0,0,Urban,  PVT  
7517,Miranda,Collier,11,3,1,48.10,26795.86,1,4,Suburban,PUBLIC
7518,Sandra,Henry,12,5,3,,,,,Suburban,PUBLIC
7519,Loretta,Guzman,7,6,4,34.80,36102.86,0,0,Suburban,Public
7520,Kristi,Bird,18,6,3,59.10,,1,3,Suburban,  Public  
7521,Dennis,Richards,4,6,4,36.10,,,,URBAN,public
7522,Sabrina,Kim,13,4,1,56.10,50326.94,1,1, urban ,PRIVATE
7523,Helen,Russell,12,6,4,66.40,49802.77,1,3,Urban,Private
7524,Brandi,Barnes,13,4,2,,,,,urban,public
7525,Sheena,Mcintosh,8,3,1,29.40,30073.5,1,3,Suburban,Public
7526,Dan,Clarke,15,4,2,47.20,33249.69,1,1,Urban,Public
7527,Andrew,Unknown,10,3,1,40.50,,,,RURAL,Public
7528,Cesar,Lyons,6,3,0,46.30,22390.43,1,3,Urban,Governmental
7529,Louis,Sherman,7,3,1,34.70,23585.04,0,0,Suburban,Public
7530,George,Fisher,11,7,5,,42880.69,1,3,Suburban,Private
7531,Gabriella,Unknown,5,2,0,40.00,37236.06,1,8,Urban,Private
7532,Corey,Hopkins,17,6,4,46.20,,,,SUB,PUB
7533,,Short,14,3,1,41.70,,0,0,Rural,Public
7534,Jim,Shah,17,3,1,35.70,"$6,177",,,rural,Public
7535,Cody,Rush,17,6,4,,14086.65,,,Urban, Gov 
7536,Patty,Cordova,9,5,3,,,1,5,Suburb,Public
7537,Guy,Sherman,7,9,7,33.20,23179.27,0,0,Urban,PUB
7538,Makayla,Stuart,3,2,0,40.80,28679.62,1,4,URB,  Homeschool  
7539,Terri,Fry,9,6,4,63.60,29184.38,1,3,URBAN,PUBLIC
7540,,Curry,17,3,1,,16701.71,,,  Rural  ,Public
7542,Victor,Lawrence,10,5,3,40.70,11823.18,,, city ,Public
7543,Barry,Perkins,9,3,0,49.80,20612.98,0,,rural, public 
7544,Katie,Stark,12,2,0,,30668.91,1,3,Suburban,Private
7545,Gregory,Hudson,15,4,2,23.00,,,,city,Private
7546,Marissa,Mcconnell,5,4,2,53.70,34323.36,1,1,Suburban,Public
7547,Timothy,Franco,6,3,1,,31411.03,0,0,suburban,PVT
7548,Kaylee,Shepherd,16,5,3,46.70,29033.66,1,2,Urban,Public
7549,Micheal,Guzman,13,4,2,49.60,7865.71,,,Urban,PUB
7550,Adrian,Bowers,10,2,0,49.70,50517.82,1,4,URB,Private
7551,Joyce,Cruz,17,3,1,,33680.62,1,1,URBAN,Priv
7552,Daniel,Mora,6,7,5,,31951 EGP,0,0,Suburban,PUB
7553,Donna,shaw,14,4,2,11.70,4605.94,1,3,Urban,Public
7554,Kaitlyn,Barber,10,4,2,35.50,22195.96,0,0,Urban,Public
7555,Steven,Unknown,13,4,2,37.50,,,,RUR,Gov
7556,  Tanner   ,Barrett,3,4,2,45.40,34939.81,1,1,Rural,International
7557,Ronald,Schwartz,10,2,0,40.20,,,,SUBURBAN,PUBLIC
7558,Jeanette,Shaffer,13,8,6,44.50,57733.71,1,4,Suburban, INTL 
7559,Chase,Mcclain,1,5,3,44.80,28971.48,0,,Rural,PUBLIC
7560,Melinda,Warner,15,6,4,33.50,,0,0,Unknown,Public
7561,elijah,Spears,15,4,2,38.30,55518.09,0,6,Urban,International
7562,Reginald,Yates,7,3,1,32.70,17686.74,1,1,URBAN,  Governmental  
7563,Bill,Paul,13,9,7,75.80,19518.23,1,1,Urban,Public
7564,Charles,Dominguez,7,4,2,,49379.92,1,3,URBAN,private 
7565,,Wu,11,2,0,63.20,17731.58,1,2,city,Public
7566,Jerry,Flores,13,5,3,32.10,14339.9,0,0,Urban,International
7567,Lauren,Guzman,7,2,0,32.00,24916.54,1,4,Urban,Private
7568,Katrina,Arroyo,13,5,3,26.20,approx 15.8k,0,0,Suburb,Gov
7569,Claudia,Pace,9,8,6,40.20,82947.41,1,3,URB,  Private  
7570,Jim,Neal,8,7,5,37.50,45544.6,1,5,urban,Public
7571,Nicholas,Bridges,13,6,4,34.90,18642.67,,,Suburban,PUB
7572,Benjamin,Hughes,7,9,7,36.00,17141.34,0,4,Urban,public
7573,Mark,Evans,7,7,4,48.30,35820.14,1,3,Urban,Public
7574,Christina,Villanueva,14,5,3,54.40,57133.7,1,4,Urban,private 
7575,Sophia,Little,11,5,3,50.80,30031.44,1,2,Sub-urban, Private 
7576,Yolanda,Stephens,5,5,3,68.30,10167.32,0,0,Rural,Public
7577,Kaylee,Oconnell,14,3,1,36.10,,0,0,urban,  Public  
7578,Jonathon,Hansen,9,6,4,62.20,20786.32,0,0,  Sub-urban  , Intl 
7579,Caroline,Sloan,5,4,2,52.00,20408.78,1,,countryside,PUB
7580,  Cole   ,Woods,3,4,2,50.00,,1,3,Rural,Public
7581,Nathan,BRAY,14,8,6,46.80,29859.01,1,3,Rural, Public 
7582,David,Andersen,7,2,0,,34198.77,1,1,Suburban,PUBLIC
7583,Lawrence,,6,2,0,64.30,33878.71,1,2,Urban,Private
7584,,Perez,13,2,0,68.30,39304.59,1,,Urban,Public
7585,Christian,Fox,13,6,4,41.00,,,,  Urban  ,PUBLIC
7586,Francisco,Holland,8,5,3,,22606.06,0,0,  Urban  ,Public
7587,,James,14,6,4,33.40,9680.45,,, Rural ,  public  
7588,Katelyn,Frye,18,7,5,47.70,36732.35,1,1,urban,Gov
7589,Randall,Murphy,15,4,1,26.20,14563.07,1,1,SUB,Public
7590,Joyce,,15,6,4,,17944.98,1,3, Rural ,PUB
7591,Alexandria,Hurst,12,3,0,38.40,27160.49,1,1,Urban,PUBLIC
7592,Mathew,Charles,9,5,3,39.10,41356.94,1,3,City,Governmental
7593,Peggy,,10,3,1,32.30,,0,0,city,  Public  
7594,Kent,Rose,12,11,9,46.50,38119.02,1,2,Urban,private
7596,Derek,Duke,8,6,4,44.80,17494.19,1,3,n/a,Public
7597,GAVIN,Little,5,2,0,50.10,,0,0,  Suburban  ,Public
7598,Peggy,Peterson,11,2,0,44.70,57347.32,1,9,  Urban  ,Public
7599,Jeremiah,Eaton,11,3,1,42.20,16108.77,0,0,Suburban,public
7600,Connor,Peters,8,6,4,51.30,11183.63,0,,Urban,Public
7601,Francis,Watkins,13,3,1,29.40,17678.4,,,URB,  Public  
7602,Allen,Benitez,7,5,3,43.70,24056.51,1,2,Urban,public
7603,Carly,Phelps,8,7,5,50.00,,1,3,Suburban,Private
7604,Ricardo,Daniel,13,5,3,39.30,31684.47,0,,Suburban,private 
7605,,Jensen,14,4,2,42.50,19647.63,1,2,City,Public
7606,Margaret,Velazquez,8,5,3,51.50,23677.99,1,4, suburban ,Public
7607,Linda,Lewis,11,3,1,38.50,,1,4,City,PRIVATE
7608,Jeremiah,Schmitt,8,8,6,49.40,15029.85,1,1,Rural,Public
7609,Ashley,Hogan,10,2,0,47.40,15129.38,,,Rural,Governmental
7610,Aaron,Unknown,11,4,2,21.40,23789.73,0,0,Urban,Private
7611,Brianna,Camacho,13,5,2,34.10,37527.76,1,2,Suburban, Public 
7612,Lee,Floyd,12,5,3,,22270.78,1,5,Urban,PRIVATE
7613,Keith,Wiggins,11,7,5,63.00,41347.1,1,5,Suburban,Public
7614,Clayton,Stark,7,3,1,48.90,53344.38,1,3,Urban,Private
7615,Edward,Frye,12,2,0,44.40,35861.49,0,0, Sub-urban ,Public
7616,Lawrence,Logan,12,6,4,37.60,,1,,  RURAL  ,Public
7617,Lacey,Paul,13,7,5,47.30,"13,778.19",1,1,  Urban  ,Governmental
7618,Judy,Shaffer,8,2,0,30.40,,0,0,countryside,PUBLIC
7619,George,SCHNEIDER,14,9,7,47.10,20584.32,0,0,-, Governmental 
7620,Leonard,Wagner,6,2,0,,11176.17,0,,Rural,Public
7621,Nicole,,9,3,1,24.40,"$22,434",0,, Suburban ,Gov
7622,Nicholas,,10,3,1,36.10,38699.41,1,3,URB,Private
7623,Manuel,Massey,6,7,5,36.50,"$21,109",1,3,city,private 
7625,Beth,Ayala,11,7,5,59.50,,,,SUBURBAN, Public 
7626,Gabriella,Carr,4,3,1,44.40,75334.25,1,6,Urban,International
7627,Linda,,9,5,3,29.10,23197.67,1,1,Village,Governmental
7628,Shawn,Morse,4,2,0,51.90,15112.03,0,0,  Suburban  ,Public
7629,Edgar,Alvarado,18,7,4,31.50,34855.02,1,5,RUR,PUBLIC
7630,Bobby,Barrett,11,5,3,25.60,26056.49,0,0,Urban,PRIVATE
7631,Steven,Matthews,11,2,0,66.10,104079.91,1,8, Urban ,International
7632,Dylan,Lyons,11,3,1,,34342.15,1,1,URBAN,international
7633,Jonathan,Drake,13,6,4,54.20,40580.2,1,5,Urban,Private
7634,Raymond,Martin,14,9,7,,47123 EGP,1,1,URBAN,Private
7635,,Harmon,5,10,8,29.50,67325 EGP,1,7,URBAN,Private
7636,Chase,Hughes,99,3,1,,20101.44,0,0,N/A,Public
7637,Donna,Phelps,15,3,1,46.30,64199.71,1,,Urban,Unknown
7638,Stacy,  Raymond   ,10,7,5,54.20,21097.59,0,,urban,PUB
7639,Dawn,Bates,10,2,0,47.80,20977.48,0,0,Suburban,Gov
7640,Christian,Barron,3,9,7,44.80,"25,716.97",1,1,Suburban,Public
7641,Christopher,Preston,6,5,3,50.80,42456.56,1,2,Suburban,PUB
7642,Spencer,Hunt,12,11,9,33.60,21340.96,0,3,Suburban, Public 
7643,Katie,Pace,15,6,4,55.00,,1,5,Urban,International
7644,Omar,Mercado,13,5,3,44.20,53079.59,1,-2,Suburban,Private
7645,Anita,Unknown,10,4,2,49.10,26154.54,1,1,Suburban, Public 
7646,Gail,Roman,17,2,0,,,1,4,Urban,Private
7647,Riley,Robinson,14,5,3,46.10,51565.87,1,1,URB,PRIVATE
7648,Jaclyn,Morales,9,2,0,24.40,,0,0, Rural ,  Public  
7649,Valerie,Herman,18,4,2,47.50,44699.24,1,6,Urban,Public
7650,Unknown,Frank,7,3,1,37.40,18899.66,0,0,Urban,Public
7651,Darius,Barajas,5,5,3,41.60,59334.43,1,10,Urban,Public
7652,Tommy,Conley,9,6,4,36.40,,0,0, rural ,Public
7653,Miranda,,8,3,0,20.40,17779 EGP,0,0,Suburban,Priv
7654,Brian,Sims,9,5,3,52.70,21828.66,0,0,rural,Gov
7655,Austin,Unknown,13,4,2,29.50,23882 EGP,1,5,RUR,Public
7656,Stephanie,Douglas,10,6,4,33.50,18135.84,0,,Sub-urban,Governmental
7657,Edgar,Larsen,10,7,5,34.20,24768.58,0,0,Urban,public
7658,Stacey,Sharp,11,5,3,25.20,,1,,URB,Public
7659,Levi,Medina,3,3,1,,29843.96,1,3,Rural,PUBLIC
7660,Marcus,Marsh,5,8,6,39.40,,,,countryside,Public
7661,Judy,Hoffman,9,6,4,38.70,,,,RUR,PUBLIC
7662,Jack,Gordon,7,2,0,56.80,approx 8.1k,1,2,Rural,Public
7663,Denise,Matthews,10,2,0,35.90,29422.06,1,5,SUB,public
7664,Xavier,Wallace,16,2,0,25.00,40012.45,0,0,Suburban,Public
7665,Carol,,10,6,4,47.60,,1,2,Suburb,  Gov  
7666,  Tiffany   ,Becker,6,7,4,46.90,"$17,877",1,2, URB ,Public
7667,Roger,Parker,8,3,1,23.20,79426 EGP,1,10,Urban,Private
7668,Earl,dennis,17,6,3,18.90,9349.97,1,1, Urban ,HS
7669,Caleb,Unknown,16,7,5,51.90,48195.67,1,3,Urban,Public
7670,PAUL,Wheeler,13,4,2,41.80,33496.34,1,4,Urban,Private
7671,Mikayla,Gilbert,5,4,1,,"38,475.36",1,,Urban,Public
7672,Emily,Murray,12,6,4,40.50,,,,Suburban, public 
7673,  Kristin   ,reeves,12,4,2,44.70,23533.28,1,4,  Suburban  ,PUBLIC
7674,Raymond,Gonzalez,11,5,3,,30071.79,1,3,Suburban,private 
7675,Cheryl,Joseph,8,4,2,42.80,24411.25,1,,Suburban,Public
7676,Connor,Clay,9,2,0,34.30,11085.91,,,city,-
7677,,Benjamin,8,2,0,40.20,76257.85,1,5,urban,Intl
7678,Colin,Marsh,6,8,5,54.70,36592.87,1,1,Suburban,public
7679,Tim,Clark,15,9,7,64.30,30303.73,1,2,URB,PRIVATE
7680,Frederick,Melton,14,8,6,52.00,27024.52,1,5, Suburban ,Public
7681,Katherine,French,9,5,3,,,1,2,suburban,international
7682,Justin,Santos,12,2,0,29.10,19761.66,0,0,Urban,Public
7683,Olivia,Hopkins,12,3,1,,,0,0,Rural, PUB 
7684,Melinda,,18,4,2,44.00,47455.25,1,,Urban,Governmental
7685,Nicholas,Copeland,14,2,0,44.40,"33,007.15",0,0,Suburban,Homeschool
7686,Lisa,Cowan,14,6,4,31.90,,1,1,Rural,Public
7687,Duane,Russell,11,4,2,56.20,46572.97,1,3,SUBURBAN,Public
7688,grace,  Brewer   ,9,2,0,40.70,30098.39,1,2,Suburban,?
7689,Ariel,Horton,15,7,5,38.80,15617.12,0,0,Sub-urban,public
7690,Kaitlyn,Unknown,13,2,0,34.30,38936.14,1,5,urban,private
7691,Yvette,Melton,8,3,1,51.20,30865.1,1,2,Suburban,PUBLIC
7692,Peggy,,12,3,1,37.40,"24,381.39",1,4,SUBURBAN,Private
7693,Brett,Hall,14,7,5,,36730.8,1,3, Urban ,Public
7694,  Ethan   ,Harmon,3,7,5,55.90,41957.18,1,5,Urban,Unknown
7695,Unknown,Berry,7,6,4,28.30,28362.0,1,2,Rural,Homeschool
7696,erika,Lane,12,8,5,29.20,31540.02,1,1,Urban,Public
7697,Mikayla,Salas,4,7,5,23.30,14781.94,,,Rural,Public
7698,Glenda,,4,7,5,48.50,33910.62,1,1,urban,Public
7699,Brad,Gallegos,10,4,2,34.00,approx 57.2k,1,2,  Urban  ,Private
7700,Arthur,Herring,12,2,0,46.30,36187.27,1,2,suburban,Public
7701,Stacy,  Bradley   ,12,4,2,38.80,21381.9,1,1,Suburban,  Public  
7702,Collin,Glenn,16,2,0,45.10,26386.53,1,2,Suburban,Public
7703,Maurice,Martinez,11,7,5,,74318.33,1,2,URB,PVT
7704,James,Ball,9,2,0,58.20,38642.61,0,0,suburban,Public
7705,Courtney,Bird,6,5,3,42.00,27819.61,1,3, Suburban ,home-school
7706,Stuart,Mcgee,9,6,4,70.40,55670.64,1,3, urban ,  Intl  
7707,Kristin,Evans,13,4,2,37.00,18983.02,1,3,Suburban,Governmental
7708,Unknown,Davenport,13,2,0,30.70,35628.39,0,2,city,Public
7709,Amber,Carey,11,2,0,33.60,83415.71,1,-3, Urban ,Int.
7710,Audrey,Moss,12,2,0,50.60,42593.3,1,1,null,Intl
7711,Mike,,15,2,0,34.40,72509.13,1,4,URB,  Intl  
7712,Rodney,Wilkins,11,7,5,46.20,,1,1,suburban,  Public  
7713,Savannah,Baker,15,6,4,47.00,13201.53,1,2,  Rural  ,Public
7714,Jonathan,Rodgers,8,5,3,48.70,56281.42,1,2,URBAN,Intl
7716,Ryan,Banks,9,6,4,41.20,18941.39,1,1,Village,Public
7717,Tiffany,Roth,13,5,3,41.40,"52,416.78",1,2,Urban,Public
7718,Savannah,Carey,7,4,2,57.00,40513.14,1,5,Urban,public
7719,Tim,Bush,25,10,8,41.90,8051.59,0,0,Suburban,Homeschool
7720,Allen,Branch,4,3,1,28.30,14181.63,0,0,URB,Public
7721,Kiara,JOYCE,13,5,3,16.10,24030.72,1,,Suburb,Public
7722,Richard,Clayton,15,4,2,59.10,22274.02,1,1,Rural,Gov
7723,Charles,Logan,14,3,1,53.50,"$33,954",0,0,Suburban, Public 
7724,Julia,Jackson,13,7,5,52.60,25504.49,1,,Suburban,Public
7725,  Casey   ,Spencer,14,2,0,30.80,44428.3,1,, Urban ,HS
7726,Mario,Blackburn,13,4,2,33.10,37808.62,0,0,Urban,Public
7728,Debra,Wood,13,8,6,38.20,23055.97,1,, RUR ,Public
7729,Kaitlin,Sosa,8,5,3,38.40,17923.95,1,2,Suburban,Public
7730,Hector,Erickson,10,4,2,59.20,42203.21,1,,Urban,Public
7731,Beverly,Hobbs,11,5,2,40.50,,,,Sub-urban,?
7732,Edgar,Holt,9,4,2,46.70,38874.57,1,6,Urban,private
7733,Alec,Burgess,5,4,2,53.90,33010.15,1,4,SUB,Governmental
7735,Claudia,Collins,11,4,2,47.80,42159.81,1,2,URB,International
7736,Shelia,BUSH,14,5,3,68.90,,1,10,city,Private
7737,Ross,Fisher,11,3,1,51.80,,0,0,Suburban,Public
7738,  Christian   ,Henry,18,4,2,38.20,28992.97,1,4,Rural,  Gov  
7739,Allen,Ayala,7,6,4,48.30,54044.95,1,4,City,Private
7740,Kimberly,Horton,12,2,0,,26529.36,0,0,City,Public
7741,Stacy,Murray,15,2,0,43.00,39755 EGP,1,1,Suburb,PUB
7742,Steven,Keller,14,8,6,36.30,25847.91,1,2,city,PUB
7743,Douglas,SHARP,13,2,0,45.00,59332.45,1,1,URBAN,Private
7744,Paul,Burns,14,2,0,44.20,6591.77,0,0,urban,  Public  
7745,Anna,Walton,11,6,3,38.40,,1,1,URB,International
7746,Unknown,Zavala,16,7,5,52.30,,0,0,City,  public  
7747,Gene,Meyer,15,7,5,59.30,18024.43,0,0,  Rural  ,Public
7748,Melanie,Ochoa,7,6,4,20.80,10963.51,,,  RURAL  ,Public
7749,Curtis,Farrell,12,9,7,48.20,58283.87,1,-4,Suburban,Gov
7750,Stefanie,Hubbard,5,5,3,43.90,26213.18,0,0,urban, Public 
7751,Eddie,Blackburn,16,4,2,47.80,18993.32,0,0, Suburban ,Public
7752,Heather,Branch,11,3,1,47.50,,1,6,URB,Homeschool
7753,Wesley,Dickerson,120,3,0,43.30,38279.72,1,1,Suburban,Public
7754,Cole,Vargas,10,7,5,59.70,21300.82,1,1,Suburban,PUBLIC
7755,Brandy,Ho,4,2,0,54.00,,1,4,  Suburban  ,public
7756,Jimmy,Lara,18,4,2,36.20,16003.54,1,1,Urban,Public
7757,Nicholas,Allen,11,3,1,45.50,34588.9,1,1,Rural,Priv
7758,Felicia,Ali,7,2,0,50.00,32222.21,1,2,Sub-urban,INTL
7759,  Vincent   ,,15,5,3,,32708.03,1,4,  Urban  ,Public
7760,Gavin,Harding,18,6,4,50.40,22487.76,1,1,Rural, Gov 
7761,  Glenn   ,Andersen,10,9,7,20.40,10180.61,0,0,Urban,Public
7762,Kari,Olson,10,5,3,51.70,24872.32,1,1,urban,Public
7763,Richard,Browning,11,8,6,36.70,,1,2,  suburban  ,PRIVATE
7764,,Walton,7,5,2,33.60,43904.08,1,1,SUB,Private
7765,Gregg,Hendricks,8,7,5,41.70,13253.28,0,0,Urban,public
7766,Howard,Ward,17,6,4,48.10,53077.43,1,8,Urban,Home School
7767,Angelica,Chavez,10,5,3,27.90,79772.38,1,6,Urban,Private
7768,Gloria,Clarke,7,3,1,17.50,,1,1,  Urban  ,null
7769,Julia,York,9,2,0,40.90,30006.2,1,3,Urban,Homeschool
7770,Lucas,Church,14,2,0,23.70,approx 39.1k,1,3,URBAN,Priv
7771,Mike,Molina,3,2,0,39.00,41364.66,1,5,suburban,Public
7772,Jody,Conley,11,3,1,44.70,7781.53,0,0, Suburban ,Public
7773,,Norton,18,7,5,48.00,30812.92,0,0,Suburban,N/A
7774,Charles,Mcdonald,18,10,7,33.20,,1,3,  rural  ,?
7775,Jorge,Ray,13,4,2,37.40,25443.06,1,3,  URBAN  ,Private
7776,EDUARDO,Silva,15,5,3,54.20,92779.37,1,,Urban,Homeschool
7777,George,Wilson,15,6,4,35.20,26408.52,1,, Urban ,Private
7778,Stacy,Luna,10,6,4,24.80,38079.09,1,,Urban,Private
7779,Ricky,Pierce,14,4,2,34.30,23952.25,1,3, Suburban ,Governmental
7780,Audrey,Mack,17,9,7,48.20,,1,3,Urban,Public
7781,Unknown,Paul,6,9,7,28.60,"34,681.11",1,1,suburban,public
7782,Dawn,Norman,13,4,2,53.20,28038.58,1,3,  Village  ,NA
7783,Jackson,Turner,12,5,2,32.50,19392.97,1,,  city  ,Governmental
7784,Diane,Bradley,11,7,5,65.50,32336.26,1,1,URB, Homeschool 
7785,Michael,Middleton,11,6,4,37.70,28378.28,1,1,Suburban,Public
7786,Morgan,Monroe,11,5,3,,10337.96,0,,SUB,Public
7787,Christine,Lamb,12,6,4,40.10,17597.03,1,1, Urban ,Private
7788,Christy,Melton,15,2,0,28.40,41773.1,1,3, Suburban ,Private
7789,Shannon,Golden,12,3,1,43.90,23065.73,1,1,Urban,Governmental
7790,Haley,Love,45,3,1,34.80,"107,645.80",1,6,Sub-urban,Private
7791,,Goodwin,7,6,4,28.10,43464.02,1,1,Suburb,Private
7792,Mikayla,Paul,9,3,1,52.90,38120.84,1,5,Urban,Public
7793,Yvette,,11,6,4,51.40,68235.37,1,2, urban ,private
7795,Ronald,Coleman,14,3,1,41.00,28320.09,1,-3, Suburban ,Public
7796,Javier,Flowers,12,6,4,32.00,7880.99,,, Village , Public 
7797,Lauren,Dawson,15,6,4,37.10,36898.85,1,5,suburban, Public 
7798,Ashlee,Hobbs,8,7,5,39.60,55170.99,1,3,suburban,International
7799,Unknown,Maldonado,8,11,9,,18470.33,0,0,Suburban,Private
7800,Alex,Hurst,15,4,2,33.40,,1,,Suburban,Public
7801,Claudia,Chapman,11,2,0,,,0,0,unknown, Public 
7802,Jerry,Roberts,10,4,2,50.40,,1,7,  Urban  ,Private
7803,Taylor,Short,13,3,1,,26745.18,0,0,Suburban,Public
7804,Penny,Fernandez,13,3,1,61.80,66361.5,1,2, URB ,  PRIVATE  
7805,Sarah,Rojas,6,2,0,50.90,30045.69,0,0,Urban,public
7806,Wesley,Stone,15,4,2,47.50,22627.3,1,1,city,HOMESCHOOL
7807,Lindsay,Frey,9,6,3,,55493.82,1,6,RUR,Private
7808,Maxwell,Evans,17,3,1,30.20,20860.45,1,1, Suburban ,Public
7809,Deanna,Gates,6,4,2,,14958.16,0,0, Rural ,Public
7810,Tony,Meyer,2,2,0,44.00,22100.0,1,3,  countryside  ,Public
7811,Cassie,,10,7,5,34.60,21817.01,1,2,suburban,private
7812,Jaclyn,Hess,3,6,4,,39261.28,1,5,Sub-urban,Public
7813,Danielle,Dickerson,13,3,1,57.30,37997.07,0,0,URB, PRIVATE 
7814,Kevin,Wilkinson,4,2,0,41.80,33424.34,1,1,Suburban,Public
7815,Danny,Woods,9,6,4,50.20,12220.2,1,3,RUR,PUBLIC
7816,Kristi,Harmon,14,3,1,33.30,,,,RURAL,Public
7817,,Melton,9,8,5,50.30,16192.39,0,,Suburban,Public
7818,Douglas,Palmer,7,4,2,44.80,,0,0,suburban,Public
7819,Tammie,  Blackburn   ,13,6,4,55.70,34924.62,1,2,Urban,public
7820,Tanya,Fitzgerald,10,2,0,,18990.69,0,,URB,NA
7822,Dana,Wheeler,15,2,0,39.40,approx 15.8k,0,0,  URB  ,public
7823,Selena,Hubbard,6,2,0,62.90,36797.64,1,,city,Gov
7824,Alexis,Singh,9,6,4,41.00,37349.7,0,0,Suburban,Public
7825,Yvette,Berger,14,2,0,46.20,approx 22.5k,0,0,Urban,Public
7826,Sabrina,Murray,6,9,7,44.40,,0,0,  Village  ,Governmental
7827,Brian,Lang,17,2,0,52.30,41676.27,1,2,Urban,Private
7828,Ashley,Sloan,10,4,2,41.20,32565.81,1,,Urban,International
7829,Joanna,Morales,14,3,1,57.00,49135.63,1,4,SUB,Private
7830,,Choi,14,4,2,43.00,27263.04,1,1,Urban,Public
7831,Allison,Glenn,1,10,8,21.50,18820.63,0,0,  City  ,Home School
7832,Jeffery,Roman,9,4,2,,54042.5,0,,Urban,Public
7833,Kellie,Mosley,10,2,0,45.00,21564.16,0,0,Suburban,Gov
7834,Shelley,Fry,13,5,3,37.10,19267.73,1,2,urban,Gov
7835,Phyllis,Cole,7,4,2,,41816.59,1,9,Suburban, Private 
7836,Fred,Bryant,6,2,0,48.60,65978.63,1,7,  Urban  ,  Int.  
7837,Alvin,Castillo,16,6,4,55.50,32885.44,1,4,city,Public
7838,Glenda,Schmidt,8,3,1,,17113.85,1,1,urban,Public
7839,Abigail,Yates,12,4,2,65.10,69156.71,1,9,Urban,Private
7840,Makayla,Lynn,10,6,4,33.10,31482.79,0,0,Suburb,Public
7841,Tyler,Rios,10,3,1,36.20,33552.12,1,3,URB, home-school 
7842,Johnathan,Lowe,16,2,0,48.00,20492.52,1,4,Suburban,PUB
7843,Unknown,Austin,10,4,2,50.50,31933.3,1,1,Rural,Private
7844,Regina,Wilcox,9,4,2,50.00,16160.8,,,URBAN,Public
7846,Jenna,Scott,9,3,1,38.80,,1,5,Suburban,International
7847,Rodney,Stark,8,4,2,36.00,,0,0,SUB,Homeschool
7848,Jackie,Short,9,5,3,17.30,29080.57,0,0, RURAL ,International
7849,Whitney,Graves,16,2,0,57.00,63458.41,1,1,City,private 
7850,Christine,  Santos   ,13,4,2,36.30,28726.92,0,0,SUBURBAN,PUB
7851,Marc,Welch,9,4,1,30.00,,0,,SUBURBAN, Public 
7852,,Chaney,14,3,1,45.40,36184.2,1,1,Suburban,  Gov  
7853,Antonio,  Cooper   ,5,4,2,,63925.66,1,-2,Urban,Int.
7854,Sheila,Downs,15,6,4,50.60,35895.47,1,3,Urban,Public
7855,Tyler,Kirby,15,3,1,34.50,,1,2,RUR, Public 
7856,Leslie,Mclean,18,4,2,50.50,35183.67,1,2,Urban,  Private  
7857,Anna,santos,14,2,0,43.70,,1,2,Urban,Public
7858,Elaine,Spencer,12,5,3,,17404.5,,,Urban,Gov
7859,Rodney,Ramsey,15,3,1,53.20,22197.77,0,0,Suburban,Private
7860,Logan,Hughes,8,9,6,39.60,"30,755.93",1,5,Urban,Governmental
7861,,Nunez,9,4,2,39.70,,1,2,  Urban  ,Public
7862,Melanie,Wilson,10,7,5,42.90,19679.93,0,2,Rural,PUB
7863,Rhonda,Stark,15,4,1,23.50,"39,612.98",1,5,Urban,Private
7864,Mia,Russo,7,4,2,8.80,26420.66,1,2,Urban, Private 
7865,Becky,Horne,7,4,2,37.10,7808.67,0,0,SUBURBAN,Homeschool
7866,Isaac,mclean,11,2,0,,"31,490.79",1,3,Urban, public 
7867,CHASE,Johnson,13,9,7,78.90,80674.12,1,,  URBAN  ,International
7868,Terrance,Neal,8,2,0,41.90,"32917,11",1,2,Suburban,Public
7869,Curtis,HORTON,13,5,3,39.30,,1,4,Suburban,Governmental
7870,Christopher,Hill,15,6,4,,24225.29,0,0,Urban,Public
7871,Cody,Crawford,15,2,0,32.20,35151.23,1,1,suburban,Priv
7872,,Montoya,12,4,2,63.40,28699.74,1,2,Suburban,HS
7873,ROBIN,Moore,10,7,5,34.20,37760.6,1,1,Suburban,Private
7874,Samantha,Quinn,17,4,1,43.50,,,,Suburb,public
7875,Cheryl,townsend,11,2,0,43.60,27357.19,0,0,Suburb,Public
7876,Curtis,Yates,2,3,1,,23071.25,1,2,urban,Governmental
7877,Ellen,Hodge,18,4,2,38.70,31394.16,1,2,Suburban,NA
7878,Teresa,Faulkner,14,7,5,26.10,10197.87,1,3, urban ,Governmental
7879,Jill,Rush,0,5,2,36.40,23956.57,1,-4,URBAN,Public
7880,Albert,Hart,6,7,5,53.70,,1,,countryside,PUBLIC
7881,,Cunningham,9,2,0,24.60,43785.09,1,1,city,  Private  
7882,Miranda,Wise,13,6,4,20.50,29238.18,1,2,URBAN,Public
7883,Francis,,12,4,2,35.30,9061.37,0,0,Urban, Governmental 
7884,Alejandro,Heath,18,2,0,29.90,36415.04,1,, Suburban ,  Public  
7885,Sara,Beck,12,8,6,52.90,40997.96,0,0,Rural,Private
7886,Lindsey,Stevens,9,6,4,40.00,18744.75,1,1,urban,Public
7887,Jamie,  Maldonado   ,6,5,3,48.50,"$13,572",,,Rural,unknown
7888,Jenny,Christensen,15,2,0,25.50,46332.42,1,4,Urban,Gov
7889,Becky,Frederick,10,2,0,44.50,27127.04,1,-1,Rural,PUBLIC
7890,Brian,Bolton,5,8,6,72.30,31362.53,1,1,Rural,Public
7891,Gabrielle,Wagner,11,5,3,53.40,51950.6,1,3,Urban, Homeschool 
7892,Elaine,Benitez,7,7,5,42.20,7385.57,0,0,  Rural  ,  Public  
7893,Colton,Mcdowell,9,6,4,52.40,22841.62,0,0,Urban,Homeschool
7894,Erika,Todd,11,7,5,38.20,36117.8,1,1,Suburban,Gov
7895,Regina,Fitzgerald,7,2,0,37.50,28356.4,1,3, URBAN ,Private
7896,Miranda,Wright,9,3,1,30.40,36360.58,1,3,URB,Private
7897,,Haney,2,6,3,,,1,2,RUR,Governmental
7898,Alexandria,Herman,8,4,2,69.40,20136.4,1,,Sub-urban,-
7899,misty,Parks,7,2,0,48.40,22403.44,1,5,Sub-urban,unknown
7900,Kathy,Acosta,9,9,7,19.30,,0,0,rural,Public
7901,Cory,Estrada,7,7,4,33.50,19972.19,1,1,City,public
7902,Brenda,Luna,13,2,0,50.40,28657.92,1,3, Urban ,private
7903,Antonio,AYALA,11,7,5,42.80,16700.39,,,  Rural  ,Public
7904,Alexandra,  Olson   ,15,9,7,42.50,40625.8,1,3, Urban ,PVT
7905,Veronica,Sweeney,17,5,3,32.90,21876.26,1,4,SUBURBAN,Public
7906,Charlene,Liu,13,2,0,35.30,,1,3,Urban,PRIVATE
7907,Jonathon,Robles,12,4,2,31.00,58481.09,1,4, URBAN ,Private
7908,,Paul,13,7,5,57.80,22554.73,1,, City ,Governmental
7909,,Cortez,12,4,2,46.30,33149.95,1,,Urban,Public
7910,Meredith,Salazar,11,6,4,,,1,2,Urban,Private
7911,Crystal,Taylor,10,3,1,42.90,20902.26,1,2,URBAN,  Gov  
7912,Bonnie,Lara,7,2,0,42.90,19707.28,1,, Urban ,Public
7913,Bailey,Nunez,14,3,1,44.20,52294.32,1,2, Suburban ,Priv
7914,Adam,Meadows,10,4,2,40.70,43488.79,1,4,Urban,private 
7915,Joshua,Burns,16,3,1,32.30,53669.1,1,4,urban,Private
7916,Judith,Boone,14,4,2,36.00,35365.33,1,2,  city  ,Public
7917,Jack,  Fitzpatrick   ,8,8,6,23.90,25843.41,1,4,Urban,Public
7918,Grace,Harrington,15,6,4,,14213.71,,,Urban,Public
7919,Sheri,Wilkins,3,10,8,43.60,32056.96,1,2,  URBAN  ,HOMESCHOOL
7920,Carolyn,Murillo,17,2,0,41.60,58550.87,0,0,Urban,Public
7921,,Khan,6,10,8,42.70,,1,3,Rural,PVT
7922,Alicia,Mcclure,12,3,1,59.40,53579.19,1,4, city ,public
7923,Grace,Galloway,12,5,3,53.00,45842.76,1,5,urban,Public
7924,Ebony,livingston,15,2,0,51.30,86343.43,1,3,Sub-urban,International
7925,Carly,Buckley,9,2,0,23.90,,,,Urban,Public
7926,Krista,Gutierrez,3,3,0,31.10,33759.56,0,0, Urban ,PUBLIC
7927,Arthur,Green,9,2,0,32.70,17761.32,,,Urban,Public
7928,Julie,,10,5,3,38.40,,1,6,suburban,PRIVATE
7929,Roger,Carrillo,3,6,3,15.60,12658.12,1,,Rural,Homeschool
7930,Ariel,Simmons,11,2,0,62.70,51775.7,1,3,URBAN,International
7931,Cindy,  Sandoval   ,7,3,1,,"13,398.04",,,Rural,Public
7932,Darin,Coleman,13,2,0,49.90,32245.89,0,0,Suburban,Private
7933,Bethany,Ross,10,3,1,37.60,24108.4,1,,SUB,Public
7934,Kendra,Frazier,18,7,5,46.00,29508.05,1,4,Urban,Public
7935,,Tran,10,11,9,39.70,20609.29,1,1,Rural,Governmental
7936,Brianna,Bishop,12,3,1,56.80,49302.46,1,4,Urban,  Homeschool  
7937,Bailey,Higgins,10,4,2,,27997.67,1,1,URBAN,Public
7938,Olivia,Lloyd,5,2,0,,41783.18,1,2,N/A,International
7939,Zachary,Branch,10,5,3,27.40,30357.79,1,4,Rural,Private
7940,Tammy,Bowers,13,2,0,28.30,23637.53,1,1,Urban,public
7941,Ruben,Kemp,13,7,5,42.80,,1,,  URB  , Int. 
7942,Jaclyn,Beltran,9,6,4,43.10,25844.4,1,5,  Rural  ,Public
7943,Thomas,Wagner,5,3,1,27.60,20185.52,0,0,Suburban,Private
7944,Raven,Wallace,13,7,5,40.60,35872.02,1,8,Suburb,Governmental
7945,Mary,  Chen   ,12,3,1,56.80,52634.87,0,0,Urban,private
7946,,Logan,14,3,1,54.10,,1,4,City,home-school
7947,Dominique,Petersen,10,4,2,,19168.62,0,0,RURAL, Public 
7948,Alan,Gomez,4,5,3,32.30,,1,1,URB,Public
7949,Carly,,12,3,1,52.30,15032.27,0,0,Suburb,  PUB  
7950,Krystal,Logan,10,4,1,,37168.9,1,2,SUBURBAN,NA
7951,Philip,,16,4,1,40.30,approx 10.0k,0,0,countryside,Governmental
7952,Jackie,Vaughn,11,6,4,53.00,,1,4, Suburban ,Public
7953,Luis,Hoffman,10,4,1,,"48,368.51",1,1,Urban,HOMESCHOOL
7954,Aaron,Little,12,4,2,39.20,24054.14,1,2,Suburban,PUBLIC
7955,Henry,BISHOP,8,6,4,28.10,6499.19,0,,RURAL,Public
7956,Ashlee,Roth,8,6,4,47.20,,,,Rural,null
7957,Carlos,Parks,10,10,7,59.80,,1,2,Urban,  PRIVATE  
7958,Angelica,Mora,7,2,0,,"$59,357",1,1,Urban,International
7959,Mark,Colon,10,6,4,28.10,8144.52,,,SUB,Public
7960,Brandon,Garcia,17,3,1,36.60,26754.18,1,1,Sub-urban, INTL 
7961,Misty,Atkins,14,4,2,18.70,,0,0,Urban,Public
7962,Johnny,Cook,12,8,6,24.50,31249.15,1,1, city ,Private
7963,Michele,Solomon,16,5,3,26.00,27272.59,0,0,N/A,International
7964,Chris,Middleton,8,2,0,47.50,108903.21,1,4,Urban,Private
7965,Curtis,Gordon,18,3,1,35.10,22107.3,0,0, URBAN ,PUBLIC
7966,Jeanette,Bradford,9,7,5,35.80,30541.36,1,2,Rural,home-school
7967,Cassandra,Horton,18,2,0,42.30,44574.9,1,4,N/A,Private
7968,Troy,Forbes,18,3,1,57.10,26710.47,1,3,Urban,Public
7969,Ebony,Willis,4,4,2,44.80,27319.81,0,,Suburb,Governmental
7970,Tammy,Briggs,16,7,5,41.70,29740.42,1,2,Urban,Public
7971,Annette,Berry,9,5,2,,16999.36,1,4,Sub-urban,NULL
7972,Jacob,Parks,8,5,3,28.80,10865.52,0,0,Rural,  Public  
7973,Daniel,Simon,12,3,1,41.10,23732.29,1,,  City  ,PUBLIC
7974,Sara,petty,7,5,3,27.00,9171.68,0,0,countryside,Gov
7975,Tonya,Kane,12,4,2,20.60,22579.22,1,2,Urban,private 
7976,Madeline,Guerrero,7,5,3,,22982.62,1,2,  Suburban  ,Governmental
7978,Malik,Garcia,15,4,2,37.90,32663.91,1,3,  Suburban  ,N/A
7979,Kenneth,Salinas,12,2,0,,,1,7,URB,Home School
7980,Marc,Bowman,9,6,4,41.00,,1,5,URB,PUB
7981,Joanna,Cole,12,2,0,,37573.6,1,4,Urban,PUB
7982,Steve,Roth,5,3,1,30.60,45937.26,1,3,Urban,Public
7983,Riley,Floyd,7,6,4,54.00,22760.39,1,2,Urban,PVT
7984,Judy,Dunn,9,6,3,,17318.99,1,2,urban,Public
7985,Caleb,Collins,13,2,0,58.40,20021.35,1,2,Suburban,Gov
7986,Makayla,Kennedy,12,4,2,,26906.89,1,3,City,Homeschool
7987,Marissa,Mcclain,12,5,3,,"55814,38",1,4,Urban,private
7988,Lucas,Silva,10,4,1,31.20,37480.66,1,4,Suburb,  Public  
7989,Bill,Mcneil,8,5,3,30.90,29679.03,1,1,URB,Public
7990,Bruce,Waters,16,2,0,49.40,,1,5,Suburban, International 
7991,Dakota,Blair,8,2,0,52.60,25106.19,0,0,Suburban,public
7992,Stacey,Stevenson,12,4,2,43.50,55691.2,1,2,suburban,home-school
7993,Zoe,Vincent,10,5,3,49.80,58203.14,1,4,Urban,Private
7994,Zachary,Li,13,2,0,35.20,approx 48.2k,1,,Suburban,Public
7995,Bridget,Harvey,8,4,2,35.50,30535.31,1,1, Sub-urban , Public 
7996,Lance,West,14,4,2,47.00,27288.38,0,0,Suburban,Private
7997,  Henry   ,Foley,15,4,2,,25663.73,1,2,,Public
7998,Maria,Choi,14,8,6,48.20,27380.5,0,,  Rural  ,HS
7999,Eddie,Foley,11,3,1,33.00,19261.73,1,1,Urban,Public
8000,Brittney,,9,2,0,,25729.02,1,2,URB,  International  
8001,Maurice,,18,3,1,39.70,64012.31,1,3,Suburban,PVT
8002,Darrell,Fowler,7,3,1,,36057 EGP,1,1, Suburban ,Private
8003,George,Hurley,14,5,3,62.90,43250 EGP,1,2, Suburban ,Public
8004,Jesus,Preston,12,6,4,37.10,,0,0,City,PUBLIC
8005,Meghan,Chavez,10,3,1,42.40,23444.1,1,4,city,PVT
8006,Bryce,Benson,11,3,1,54.20,30748.85,1,4,Suburban,Public
8007,Anna,Middleton,9,4,2,48.10,25013.95,1,2,Suburban,private
8008,Karen,Wallace,12,2,0,46.60,,0,0,Urban, Gov 
8009,Briana,Rivera,12,6,4,42.30,26052.41,0,3,Rural,Private
8011,Peggy,Miller,14,6,4,43.20,21874.07,0,2,Sub-urban, INTERNATIONAL 
8012,Gary,Gray,12,6,4,25.80,26573.04,1,2,  Rural  ,PRIVATE
8013,Leslie,Lewis,13,5,3,38.00,approx 90.8k,1,5,Urban,INTL
8014,Keith,Hull,0,3,1,42.80,68797.98,1,1,urban,Private
8015,,Garrison,7,2,0,34.50,26047.42,1,2,Urban,Public
8016,Kaylee,Alvarez,10,4,2,31.90,16204.79,1,,urban,Public
8017,kaitlyn,Hampton,4,9,7,,33744.98,1,2,Urban,Private
8018,Derek,Mccarty,13,4,2,52.60,93044.65,1,-3,Suburban,Private
8019,Breanna,wu,14,4,2,59.30,53419.39,1,2,Suburban,PVT
8020,Gabriel,Phillips,7,3,1,,29633.06,1,5,URB,Public
8021,Anita,Shepherd,16,5,3,,60429.67,1,1,Suburban,private 
8022,Joel,Coffey,8,3,1,33.50,48668.66,0,0,  Suburban  ,Private
8023,,  Sullivan   ,9,6,3,53.90,,0,0,Suburban,Public
8024,,Mcintosh,11,9,7,,30757.79,1,1,rural,Public
8025,Alexander,Cross,16,2,0,30.80,31739.54,1,6,Urban,PUBLIC
8026,Alexis,Erickson,7,6,4,46.70,18460.34,1,1,Urban,Gov
8027,Lisa,Trevino,12,4,1,,,0,,Rural,Public
8028,Johnny,Unknown,13,2,0,,37341.04,1,4,URB,Private
8029,Kathryn,Solomon,13,2,0,23.00,,0,0,Sub-urban, Homeschool 
8030,Elaine,Simmons,13,7,5,69.20,27835.19,1,4,Urban,Public
8031,jesse,Hardy,13,5,3,31.70,24786.73,1,3,NULL,Homeschool
8032,Brandy,Huber,9,3,1,51.70,39631.95,1,1,  SUBURBAN  ,Private
8033,  Bethany   ,Fuller,17,5,3,44.30,21681.96,1,1,Suburban,Homeschool
8034,Kenneth,Clark,10,3,1,44.30,,,,Urban,Governmental
8035,Casey,Cowan,10,2,0,,,0,0,Rural,PUBLIC
8036,Morgan,Terrell,15,4,2,41.00,10193.55,,,Village,Gov
8037,Tim,Beck,8,9,7,60.90,,1,1,Suburban, Homeschool 
8038,Tanya,Meyer,12,12,10,42.70,32833.39,0,0,rural,Public
8039,Kayla,Yoder,8,5,3,35.80,26687.76,0,0,Rural,unknown
8040,Sean,Knight,18,8,6,29.40,15035.72,,,Suburban,public
8041,Aaron,Wilkins,18,4,2,40.70,,0,0,Suburban,  Public  
8042,Jade,Welch,10,5,3,37.30,approx 24.2k,1,,SUB,Private
8043,Cynthia,Schmidt,12,7,5,30.10,,0,0,RURAL,Public
8044,Tanner,Austin,11,4,2,41.50,22400.66,1,3,suburban,Public
8045,Sandra,Castro,25,3,0,34.30,30908.39,1,1,Urban,PUBLIC
8046,Caitlin,Kirby,11,3,1,43.50,35153.08,1,2,Urban,Private
8047,Patricia,Cantrell,10,2,0,33.20,30855.63,1,2,SUBURBAN,PUB
8048,Molly,Robinson,5,4,1,49.40,11165.62,0,0,  Rural  , HOMESCHOOL 
8050,Gregory,Mcguire,10,7,4,,34693.32,1,3,Rural,Priv
8051,Carlos,snyder,120,3,1,56.10,9382.41,1,1,city,Public
8052,Denise,Knapp,10,8,5,36.90,35565.56,1,,URB,Gov
8053,Marvin,Austin,9,2,0,29.90,8972.55,0,,RURAL,Governmental
8054,Amber,Joyce,14,4,2,41.30,37128.55,1,4, Rural ,International
8055,Madeline,Gilbert,12,4,2,53.10,40108.96,1,1,Suburban,-
8056,Unknown,Adams,16,6,4,24.60,,1,1,Rural,Public
8057,  Rachael   ,Brooks,12,9,7,41.50,,1,,Rural,Public
8058,Joyce,Garza,10,6,4,23.70,19833.05,1,1,Rural,Public
8059,Erica,Conrad,13,4,2,58.90,21085.66,1,1,Rural,Public
8060,Jesus,Coleman,3,5,3,30.30,,,,Urban,Public
8061,Shawn,DOUGHERTY,18,4,1,11.60,32227.66,1,2,URB,International
8062,Spencer,Bishop,11,3,1,62.20,,1,2,City,Governmental
8063,Darius,Galvan,18,3,1,,"13660,59",,,Urban,Governmental
8064,Gregg,Franklin,7,5,3,,41402.27,1,1,City, Private 
8065,Hector,Unknown,6,2,0,30.80,31408 EGP,1,,Urban, Public 
8066,Terri,Pace,12,4,2,34.60,63557.33,1,3,City,International
8067,Regina,Stephens,12,7,5,29.80,20389.9,0,0,SUB,PUBLIC
8068,Valerie,Valentine,12,4,2,48.40,32784.34,1,3,Urban,Public
8070,Sabrina,Newman,8,2,0,9.10,"$6,348",0,0,City,PUBLIC
8071,Peter,,5,4,2,38.80,,1,2,Urban,Public
8072,Henry,Sosa,12,3,1,44.90,26835.03,0,0,Suburban,Private
8073,Tasha,Guerra,6,6,4,19.30,4693.45,0,0,RUR,  Homeschool  
8074,Aaron,Horton,6,5,3,53.50,37079.46,1,1, Suburb ,Intl
8075,Brandi,Clay,9,2,0,18.80,26828.72,1,3,Suburban,Int.
8076,Lynn,,12,4,2,33.10,17928.11,,,  Rural  ,NULL
8077,Brooke,Wallace,18,5,3,52.80,38049.93,1,3,Suburban,  Private  
8078,,Chang,14,5,3,,approx 23.7k,0,0,URB, Public 
8079,Lindsay,Caldwell,16,2,0,31.20,"$30,449",1,2,URBAN,Public
8080,TRACEY,Vaughan,13,3,1,,41183.7,1,3,Suburban,Public
8081,Jenna,Padilla,12,5,2,28.80,26383.95,1,5,Suburban,Public
8082,Bobby,Flowers,18,7,5,43.90,,0,0,Rural,Public
8083,Mason,Dawson,6,2,0,,30587.86,1,5,URB,home-school
8084,Phyllis,Hunter,9,3,1,52.70,17768.18,,,Rural,International
8085,Marco,Hudson,9,6,4,55.60,41995.44,1,2,Suburban,Public
8087,Pamela,love,7,4,2,33.10,,0,0, Suburban ,Governmental
8088,Ashley,Le,13,4,2,42.30,17394.67,0,0,Urban,Public
8089,Earl,,13,3,0,33.00,65738.36,1,2,Urban,international
8090,Evelyn,Marsh,13,5,3,59.30,34859.83,1,1,Urban,private 
8091,Annette,Andrade,13,8,6,44.60,63917.24,1,3,URB,Private
8092,Chelsea,Brock,16,5,3,60.20,39932.2,1,6,countryside,INTL
8093,Alejandro,Everett,10,7,4,52.60,19752.81,1,,URB,PUBLIC
8094,Cesar,Hart,12,7,5,38.30,18939.79,1,2,  URB  ,Public
8095,Cheryl,Johnson,8,3,1,42.40,27716.18,1,1,city,  PUB  
8096,Zoe,Copeland,7,7,5,42.90,35879.5,0,0,Suburban,PVT
8097,Austin,Wheeler,17,5,3,38.30,,1,2,Urban,PUB
8098,Brooke,Duarte,8,2,0,,38184.86,1,2,Urban,Public
8099,Molly,Hicks,13,3,1,29.20,21425.48,1,2,Rural,Public
8100,Lynn,Juarez,12,3,1,41.50,,0,0,Urban,Public
8101,Kendra,Decker,15,5,3,40.50,9417.4,,, Rural ,PUB
8102,Ebony,Gregory,5,5,3,27.40,37967.04,1,,Urban,N/A
8103,Lindsay,Unknown,14,5,3,,80030.05,1,2, Suburban ,Private
8104,Duane,Shaffer,10,6,4,,21759.94,1,3,Suburban,Public
8105,Jeanette,Proctor,8,5,3,,35644.93,0,0,Urban,NA
8106,Maurice,Ramos,10,4,2,33.30,18347.47,,,Sub-urban,PUBLIC
8107,Steve,Harding,14,2,0,32.00,33862.67,1,5,City,public
8108,Joy,Morrison,13,3,1,,21079.15,1,5,Urban,PUBLIC
8109,Cheyenne,Clark,10,4,2,31.20,,,,Rural,Governmental
8110,Jack,Long,6,11,9,58.90,65973.67,1,3,Rural,Private
8111,Vincent,Rodgers,7,4,2,20.70,31536.15,1,4,Urban,private
8112,Debbie,Shannon,13,3,1,26.20,10825.99,,,Suburban,public
8113,Jade,Woodward,6,3,1,45.20,42343.26,1,8,  URB  , Private 
8115,Nancy,Hurst,18,6,4,42.80,43110.66,1,2,Urban,International
8116,Madeline,,12,3,0,,23220.13,0,0,  Suburban  ,Private
8117,Brenda,Charles,13,3,1,26.60,approx 15.5k,0,0, Suburban , Public 
8118,Gene,Terry,7,8,6,26.70,15661.69,,,suburban,Unknown
8119,Cristian,Cowan,6,7,5,23.10,15454.33,1,,Rural,NA
8120,Michaela,Landry,13,5,3,27.20,,0,,,  Homeschool  
8121,Katherine,Spencer,9,4,2,48.60,21872.36,1,1,URB,Public
8122,Melanie,Franklin,15,2,0,43.50,,1,6,City, PVT 
8123,Keith,Brown,11,3,1,35.00,42473.77,1,2,Suburban,private
8124,Glen,Rocha,18,4,2,29.40,59685.63,1,3,  urban  ,Private
8125,Nancy,Rios,9,5,3,32.80,19271.76,0,0,Urban,Homeschool
8126,Madison,Robertson,12,2,0,34.20,17918.0,1,3,urban,Public
8127,Elijah,Vasquez,8,4,2,,approx 31.0k,1,1,Urban,Gov
8128,dominique,Taylor,15,4,2,45.40,32152.28,0,0,SUB,private 
8129,Jamie,Hale,12,6,4,31.10,"$26,618",1,1,Suburban,home-school
8130,Marcus,Kemp,7,3,1,32.90,30969.72,0,0,Suburban,Private
8131,Diana,  Sims   ,10,8,6,41.90,41018.56,1,,rural, Public 
8132,Adam,Wolfe,16,6,4,43.80,15212.7,0,0,Rural,Homeschool
8133,Sonia,Andrade,15,10,8,,46347.64,1,1,  Urban  ,Public
8134,MEREDITH,Gamble,6,2,0,33.50,34026.02,1,4,Suburban,International
8135,Lynn,,9,7,5,,31332.99,0,0,City,Private
8136,Anne,Chan,17,5,3,23.90,26070.77,0,0,RURAL,Public
8137,Chelsea,Massey,10,5,3,48.60,16774.66,0,,SUB,n/a
8138,Felicia,baldwin,12,3,1,46.00,17448.51,1,,City, Public 
8139,Jerry,Snyder,15,4,2,37.50,32470.22,1,4,suburban,Public
8140,Sierra,Little,6,3,1,32.40,,0,0,SUBURBAN,unknown
8141,Johnny,Hayes,7,6,4,56.20,,1,,RUR,Homeschool
8142,Craig,Chapman,10,5,3,27.60,15986.63,1,3,City,PUBLIC
8143,Danny,  Mora   ,15,4,2,,68518.64,1,5,Urban,Int.
8144,Sabrina,  Huerta   ,15,9,6,43.40,13794.9,1,2,Rural,Public
8145,Diana,Beltran,13,5,3,,66123.34,1,-2, URBAN ,private
8146,Kelsey,Smith,10,3,1,42.80,26477.48,1,2,Urban,NA
8147,Matthew,Reyes,15,2,0,31.60,22260.14,0,0, SUBURBAN ,PUB
8148,Jonathan,Miller,10,7,4,37.80,41202.51,1,2,  Suburban  ,Private
8149,Whitney,Greene,13,2,0,41.10,34931.07,1,5,Urban,PVT
8150,Aaron,Franco,14,6,4,23.70,28661.63,1,1,Urban,Public
8151,Brittany,Huber,17,5,3,,23807.19,0,0,urban,PUB
8152,Christy,Adkins,11,3,1,44.20,23932.7,0,0,Urban,PVT
8153,Regina,Brown,10,2,0,42.70,108732.44,1,,  City  ,Private
8155,Bonnie,Gilmore,16,9,7,,,0,0,suburban,Public
8156,Brent,Duran,9,3,1,54.60,48887.97,1,2,Suburban,Private
8157,Dennis,Ruiz,-5,4,2,45.10,54503.8,1,5,city, International 
8158,Johnny,Perry,15,4,2,14.00,17901.23,,, Urban ,Public
8159,Alan,Clarke,5,5,3,41.50,,1,2,URB,Public
8160,Victor,  Davis   ,5,7,5,,59860.99,1,7,Urban,Private
8161,Penny,Mcgee,10,6,4,56.40,,,,Rural,homeschool
8162,Alejandro,Haas,11,2,0,68.20,22694.78,0,0,Urban,Private
8163,Brianna,Lang,7,2,0,43.40,18085.51,0,0,Rural,Public
8164,kristy,Boyd,11,4,2,56.20,14186.78,0,0,Suburban,Gov
8165,Charlene,Keller,11,4,2,50.20,42550.14,1,3,SUB,Private
8166,Trevor,Alvarez,9,7,5,41.10,17352.86,0,,Rural,Governmental
8167,Xavier,BERRY,18,4,2,28.90,15754.49,0,0,  Suburban  ,Public
8168,,Zamora,12,5,3,47.10,,0,0,Suburban,Public
8169,Christie,Little,15,3,1,47.90,60678.1,1,7,Urban,Public
8170,Arthur,,5,3,1,,,1,3,Suburban,  Public  
8171,Melissa,Wheeler,5,5,3,,41687.61,1,7,URBAN,Unknown
8172,Nicholas,Allen,12,7,5,39.10,29569.8,1,2,Urban,?
8173,Benjamin,Schmidt,17,3,1,18.40,,0,0, Rural ,Public
8174,Jorge,Wagner,7,7,5,33.00,38590.61,1,1,Suburb,INTERNATIONAL
8175,Bruce,  Guerra   ,11,3,1,42.80,53670.39,0,0,URB,International
8176,Caitlyn,Little,6,7,5,43.40,47256.11,0,0,RUR,Homeschool
8177,Unknown,Barton,8,2,0,41.50,,0,0,Urban,Unknown
8178,Walter,Sawyer,11,5,3,27.80,,0,0,Rural,Public
8179,Dustin,Flowers,9,7,5,50.80,36369.87,1,3,Suburban,Public
8180,Michael,Sanders,6,3,1,46.70,21383.45,1,2,Urban,Public
8181,Mary,Krause,6,3,1,48.00,13541.25,0,0,Urban,public
8182,Erika,Sanchez,4,2,0,15.40,18199.37,1,,RURAL,Public
8183,Darrell,Velez,12,5,3,45.50,23222.67,1,2,null, Public 
8184,  Jade   ,Byrd,13,2,0,52.00,8502.33,0,,rural,Governmental
8185,Jill,Escobar,13,4,2,46.00,28409.06,1,3,City,Public
8186,Lorraine,Solomon,7,3,0,38.50,40602.15,1,2,Urban,Private
8187,Sandra,Harrison,14,6,4,51.80,,1,2,  Suburban  ,Public
8188,Courtney,Richardson,13,5,3,,28293.27,0,0,Sub-urban,Private
8189,  Carrie   ,FRANCO,11,3,1,53.00,,0,0,Urban,International
8190,Tiffany,Barber,10,3,1,11.90,10094.43,0,0,suburban,Public
8191,Madison,Griffin,8,4,2,,28905.49,1,4,  Urban  ,Public
8192,Heidi,Mora,11,2,0,46.60,33927.37,1,3,Urban,
8193,Tamara,Tucker,16,6,4,31.40,13934.64,0,,Rural,Homeschool
8194,Guy,Walker,15,2,0,55.40,16216.96,0,0,Suburban,Public
8195,Norman,,10,3,1,24.40,,0,0,  Suburban  ,PUBLIC
8196,Bradley,Harrington,12,4,2,47.50,21777.58,1,2,Suburban, Public 
8198,Wayne,Perez,13,3,1,,68869.73,1,2,Urban,Priv
8199,Gavin,Cantrell,8,7,5,48.10,35521.66,1,3,countryside,Priv
8201,Amanda,Schmidt,18,5,2,36.80,10233.04,0,0,Rural,  Home School  
8202,Collin,Liu,8,4,2,42.60,,1,5,Suburban,Priv
8203,  Bill   ,Peck,120,4,2,,52333.82,1,1,N/A,Private
8204,Oscar,Nunez,12,5,3,28.20,17470.23,0,4,Urban,Public
8206,Reginald,Fitzpatrick,8,2,0,26.50,,,,Urban,Public
8207,Gabrielle,Gibson,18,3,1,39.80,29794.2,1,2,Sub-urban,Public
8208,Norman,,12,4,2,,20870.73,1,,URBAN, Public 
8209,Unknown,Huff,8,4,2,43.90,32879.58,1,,urban,Public
8210,Javier,Campos,10,3,1,22.60,,,,Suburban,PUB
8211,Rebekah,Jacobs,12,3,1,35.80,12104.93,1,2, Urban , public 
8212,Alexandria,Conway,10,2,0,59.70,163416.09,1,11,Urban,International
8213,Jenny,Kennedy,12,3,1,34.60,26585.94,1,2, Suburban ,Public
8215,Russell,Santos,6,6,4,,68184.82,1,3,Urban,PRIVATE
8216,  Sue   ,Watts,13,4,2,53.30,12093.42,0,0, Urban ,HOMESCHOOL
8217,Lisa,Lamb,10,8,6,42.40,31225.22,1,1,Suburban, Public 
8218,Mercedes,Peterson,9,2,0,46.30,8417.24,0,0,Rural,PUBLIC
8219,Francisco,Campos,14,5,2,48.20,25262.87,1,2, Urban ,private
8220,Ross,MCINTOSH,5,2,0,55.50,9075.25,1,2,Sub-urban,Public
8221,Hector,Mendez,3,6,3,50.00,12508.65,0,0,Urban,Private
8222,Darius,Mason,11,5,2,42.70,15992.35,0,0,Sub-urban,PUBLIC
8223,Anne,Maxwell,10,4,1,38.90,22022.93,1,1,Urban,PRIVATE
8224,Alisha,,6,4,2,27.90,17524.5,,,rural,  HS  
8225,ERICA,Grant,4,5,3,25.20,14473.81,0,0,Suburban,Public
8226,Tyler,Hull,17,6,4,33.70,27781.33,1,,Suburban,PUBLIC
8227,Kiara,,999,3,1,31.20,55529.56,1,2,  Urban  ,Priv
8228,Eileen,Walls,11,4,2,33.80,19943.12,0,0,Village,Governmental
8229,Philip,Contreras,18,2,0,35.00,28651.83,1,4, Urban ,Public
8230,Sara,Foster,14,7,5,51.40,30880.98,1,,Suburban,Public
8231,Angelica,Leon,17,2,0,46.90,11623.22,0,,Suburban,Public
8232,Sherri,Le,6,3,1,31.10,43200.35,1,2,Suburban,homeschool
8233,Morgan,Diaz,6,2,0,19.30,13244.03,1,1,Suburban,  Public  
8234,  Tyler   ,Cummings,13,9,7,39.80,,1,4,Suburban, Public 
8235,Jenny,Ramos,12,2,0,47.60,39101.43,1,4,Suburban,Public
8236,Jose,Pena,15,5,3,22.30,40380.78,0,0,URB,Priv
8237,Lori,,5,4,2,68.10,41359.35,1,5,Urban,PUBLIC
8238,Billy,Thornton,13,5,3,46.10,25564.49,0,0,Suburb,Private
8239,Helen,Hooper,14,3,1,37.00,,0,0, Suburban ,Public
8240,Mary,Cherry,14,8,6,25.90,15245.24,1,,Suburban,  Public  
8241,,Joyce,9,8,6,56.30,67054.81,1,4,Suburban,HS
8242,Annette,Clarke,12,4,2,36.10,27087.22,1,1,suburban,private
8243,Sophia,Salinas,8,4,2,21.80,16103.45,,,Urban,Gov
8244,Jenny,Figueroa,9,6,4,39.10,39505.34,1,5,  city  ,International
8245,Curtis,Church,7,2,0,,20714.43,0,0, Village ,public
8246,Theresa,Stuart,8,4,2,,24806.56,0,,URBAN,Public
8247,Sheila,Morse,10,5,3,53.40,18143.86,0,0,Urban,Public
8248,Rita,Sloan,9,5,3,38.20,38352 EGP,1,1,SUBURBAN,International
8249,,,25,6,4,39.00,50027.39,1,3,Urban,Priv
8250,Crystal,,6,3,1,41.50,35501.07,1,1,Urban,Private
8251,Carolyn,Kent,18,2,0,35.30,26618.16,1,1,suburban,Home School
8252,Kurt,Wiggins,9,3,1,43.60,,,,Sub-urban,Public
8253,Douglas,Buchanan,12,4,2,32.50,22335.04,0,0,Rural,Public
8254,Katrina,Fischer,4,12,10,28.20,12099.5,,,Rural, Gov 
8255,Maurice,Shaw,15,7,5,38.60,12709.94,,,Suburban, Public 
8256,Tamara,Roy,11,8,6,46.70,31859.1,0,,Rural,PUBLIC
8257,Bobby,Cross,9,6,4,28.20,16874.43,1,4,City,Public
8258,Brenda,Fernandez,9,2,0,35.60,,0,0,unknown,Public
8259,Jon,Brooks,14,3,1,58.30,52573.03,1,6,Suburban,NA
8260,Ellen,Elliott,3,2,0,62.70,,0,,Suburban,public
8261,Jason,Owens,8,4,2,53.20,23996.02,0,0, Urban ,Gov
8263,Laura,Harper,10,2,0,37.50,19968.47,1,,Urban,Public
8264,Melvin,Clarke,18,6,4,57.80,101036.67,1,7,URBAN,INTL
8265,Michaela,Hampton,9,5,2,46.80,28117.28,1,1,  Urban  ,Public
8266,Helen,,99,8,6,40.50,20909.27,1,2,Rural,Public
8268,Juan,Proctor,13,5,3,43.80,17930.29,0,0,suburban,Gov
8269,Sherri,Bailey,8,6,4,48.30,53708.53,1,3,Urban,  International  
8270,Patrick,Avila,6,3,1,,,1,2, URB , Private 
8271,Victoria,Boone,13,2,0,,45007.84,1,3, Urban ,Public
8272,Bridget,Thomas,16,7,5,48.40,17177.91,1,2,Suburb,Homeschool
8273,Shannon,Kent,12,4,1,30.60,32669.42,1,3,Suburban,Private
8274,Lucas,Wiggins,15,2,0,48.60,"29586,79",1,-4,Urban,Private
8275,Meredith,Johnston,18,7,5,,31932.01,1,1,RUR,Public
8276,Grant,Lynn,14,3,1,43.40,12743.99,1,1,RURAL,PUBLIC
8277,Elizabeth,Unknown,7,3,1,,90918.47,1,2,Urban,private
8278,Jeanette,Bishop,11,5,3,33.50,20667.09,1,2,Rural,Public
8279,Tyler,Decker,15,2,0,,27753.86,1,2,URB,International
8280,Pamela,Scott,10,9,7,42.40,15014.84,0,0,Rural,Public
8281,Glenda,Farmer,16,6,4,44.90,25494.94,1,,SUBURBAN, Governmental 
8282,Unknown,Garrett,10,8,6,28.70,21041.18,1,2, city ,Gov
8283,Gabrielle,Burke,12,3,1,47.90,42902.85,1,5,Urban,  Private  
8284,Kevin,Wise,9,3,0,44.30,25423.94,1,,Suburban,Gov
8286,Ronald,Nichols,11,5,2,,13516.59,1,3,  Rural  ,Public
8287,Trevor,Sheppard,5,7,5,,27823.73,1,,Urban,Governmental
8288,Joyce,Yu,9,5,3,40.70,13509.24,,,  Rural  ,Governmental
8289,Rhonda,Cunningham,999,3,1,39.90,83114.41,1,3,URBAN,private
8290,  Hailey   ,FRANKLIN,9,4,2,34.90,,0,0,Urban,Priv
8291,Gabriella,Unknown,8,2,0,40.20,31304.04,1,4,urban, public 
8292,Ronald,Rocha,14,6,4,41.20,20376.57,0,,Rural,HOMESCHOOL
8293,Shelly,Gamble,14,4,2,18.90,13760.91,1,1,SUB,Priv
8294,Virginia,Cruz,13,3,1,,127230.13,1,7,City,private 
8295,,Leon,6,9,7,49.90,15339.54,1,1,  Suburban  ,Public
8296,beth,Ingram,10,7,5,23.40,17473.45,,,RUR,Public
8297,Carlos,Richardson,6,3,1,62.40,75072.94,1,2,Urban,  Private  
8298,Laurie,Adkins,10,6,4,59.80,24190.47,1,2, Urban ,Public
8299,barbara,Reynolds,13,2,0,15.30,32176.62,1,1,City,Governmental
8300,Tanya,Vargas,14,8,6,24.90,24596.87,1,4,Urban,Public
8301,Dawn,  Warren   ,12,2,0,60.60,28873.96,1,1,Urban,Public
8302,Tamara,Patton,15,9,7,38.80,46388.26,1,2,Sub-urban,Public
8303,Gabriella,Hess,11,3,1,29.30,23580 EGP,1,,city,Public
8304,Joy,Aguilar,10,2,0,40.20,5943.47,1,,  Suburban  ,public
8305,Patty,Byrd,14,4,2,28.60,,0,0,Village,Public
8306,Julie,Murillo,14,5,3,45.20,30779.52,1,1,city,PVT
8307,Patricia,Harvey,9,2,0,61.10,33106.69,1,3,Urban,Private
8308,Beth,Arnold,12,9,7,23.80,26881.2,1,2,Urban,private 
8309,Henry,Knight,9,2,0,41.00,,,,unknown,Public
8310,AARON,Baldwin,3,3,1,28.40,22363.17,1,2,Suburban,  Homeschool  
8311,Melvin,Benjamin,12,2,0,59.40,67565.69,1,2,Suburban,Private
8312,Jacob,Byrd,6,3,1,42.70,25006.11,1,,Suburban,Governmental
8313,cole,Fitzgerald,12,4,2,,36647.47,1,3,Suburban,PRIVATE
8314,Ariana,Murphy,5,2,0,35.20,,0,0, SUB ,PUB
8315,Grace,Chan,8,7,5,52.80,14613.75,,,rural,Public
8316,Arthur,Bradley,9,6,4,22.90,,,,Rural,Governmental
8317,Ricardo,West,15,3,1,55.60,52131.26,1,4,Suburban,Priv
8318,Kristin,Harris,9,6,4,55.80,12636 EGP,,,Urban,N/A
8319,Tim,Farrell,7,5,3,,31408.09,1,3,n/a,Private
8320,Darrell,Lowe,12,7,5,,20690.09,0,0,Village,PUB
8321,Shelly,Allen,10,3,1,36.70,29785.17,0,0,suburban,Public
8322,Crystal,Flores,13,9,7,39.10,,1,2,Suburb, Public 
8323,KAYLA,Walter,7,3,1,59.60,,0,,Urban,Public
8324,,Rush,11,5,3,56.70,27292.87,1,3,Suburban,Public
8325,Ross,Lewis,18,4,2,50.50,,0,0,  suburban  ,PUB
8326,Unknown,Hardin,10,6,4,42.90,,,,Rural,Governmental
8327,Madeline,Houston,11,6,4,25.40,23541.1,1,1,Urban,PUBLIC
8328,Penny,Richmond,5,5,3,16.60,,1,1,?,Private
8329,Alec,Fry,7,7,5,50.00,,1,1,Urban,PUB
8330,Kimberly,  Berry   ,12,4,2,38.20,29731.71,0,0,URBAN,Public
8331,Kathryn,Walker,9,6,4,46.20,8970.12,0,0, Suburban ,Public
8332,Dana,Rogers,13,7,5,38.40,"22,512.12",1,3,Urban,PUB
8333,Dean,Hernandez,12,2,0,,17728.38,0,0,Suburban,PRIVATE
8334,Carrie,Pace,6,4,2,30.50,25259.87,1,,Suburban,Public
8336,,Garza,6,3,1,66.00,14912.1,,, Suburban ,Public
8337,Victoria,Franco,8,4,2,,32000.39,1,,Suburban, Governmental 
8338,Andrew,Hudson,11,3,1,45.80,33571.63,1,3,Urban,Public
8339,Zoe,Ellis,16,3,1,60.80,40454.9,1,8,Urban,PUB
8340,Tracey,Cortez,7,6,4,56.70,22758.4,1,1,Suburb,Private
8341,Michael,Middleton,11,4,2,42.40,65696.49,1,3,Urban,INTERNATIONAL
8342,Kaylee,Miles,11,4,2,43.00,43343.57,1,4,Urban,International
8343,Charles,Kelly,13,8,6,37.20,25226.82,0,0,Rural,Governmental
8344,Gene,Cook,15,5,3,35.40,11756.52,1,,Suburban,Public
8345,Howard,Mclean,9,6,3,45.60,31350.54,1,,urban, public 
8346,Catherine,Fleming,14,5,3,,19333.21,0,0,Suburb,Homeschool
8347,Ruben,Frederick,15,6,4,51.20,18510.63,0,0, City ,Governmental
8348,Angel,Erickson,17,8,6,34.10,21066.61,0,0,URBAN,Public
8349,Gail,Malone,12,3,1,35.00,28832.1,1,-2,urban,Public
8350,Cathy,Shepherd,11,6,4,36.80,38224.06,1,5,URB,Private
8351,  Charlotte   ,PEARSON,9,7,4,57.80,51015.35,1,1,Urban,
8352,Jared,Joseph,5,4,2,,42790.96,1,2,  SUBURBAN  ,Public
8353,Sonya,Rhodes,9,5,3,61.80,34925.83,1,2,Urban,International
8354,Rodney,Blackburn,11,7,5,,30656.28,0,0,city,Private
8355,Jesus,Peterson,10,3,1,53.30,24872.85,1,,urban,Public
8356,Vincent,Parrish,13,4,2,,25947.31,1,,URBAN,public
8357,Brenda,Wilkins,5,2,0,38.30,,0,,Suburban,  Public  
8358,Virginia,Charles,10,5,3,43.50,23490.41,0,4,URBAN,Public
8359,Judith,Owens,18,2,0,36.00,31088.85,0,6,Suburban,Governmental
8360,Edgar,Tate,14,3,1,40.40,69368.92,1,4,URBAN,Int.
8361,Walter,Nash,13,6,4,40.90,27382.25,1,2,city,Gov
8362,Nicole,Berger,12,2,0,44.80,,,,Suburban,PUB
8363,Jesse,Carney,9,3,1,40.90,,0,0,Suburb,Public
8365,Rhonda,Yoder,12,2,0,36.10,52771.8,1,7,URBAN,Private
8366,Leonard,Shepherd,3,4,2,47.70,,,,city,Public
8367,Sue,Lamb,9,4,2,34.00,36733.26,1,2,Suburban,International
8368,Molly,Bridges,10,5,2,52.40,,0,3, Rural ,Public
8369,Rachel,Sandoval,9,5,3,36.60,35472.04,1,,Urban,Public
8370,Brandy,Mccarty,18,4,2,54.40,80477.45,1,4, Suburb ,PRIVATE
8371,Lindsey,Ferguson,17,2,0,38.80,18755.13,1,3,Urban,Governmental
8372,Glen,Gonzalez,14,2,0,32.70,9894.13,0,-2,Rural,Public
8373,Kyle,King,7,3,1,40.70,31039.52,1,3,Urban,Public
8374,Tyler,,17,3,1,,68798.03,1,6,URBAN, International 
8375,Abigail,WATSON,13,4,2,32.30,28241.3,1,2,Suburb,Home School
8377,Marissa,Warren,11,2,0,66.90,28085.09,1,2,Suburban,Public
8378,Yolanda,Thornton,14,4,2,61.50,14726.89,,,SUB,Public
8379,Luis,Duncan,8,4,2,,28242.27,1,2,Suburban,Private
8380,Kristy,Rocha,11,2,0,,23955.26,1,3,  Urban  ,PUBLIC
8381,Jason,Vaughan,12,6,4,57.20,61534.54,0,0,Unknown,PVT
8382,Gloria,Romero,7,7,4,35.10,26606.03,1,1,Rural, private 
8383,Heidi,Stuart,10,4,2,,,0,0,Urban,Public
8384,,Powell,7,3,0,,,0,0,Urban,Public
8385,Unknown,Valencia,14,2,0,55.70,39751.08,0,0,Urban,PUBLIC
8386,Calvin,Cherry,7,2,0,,14915.55,,,Suburb,Public
8387,Tamara,Oconnor,12,2,0,29.50,16422.37,1,2,URBAN, Public 
8388,Jeffery,Ball,5,3,1,27.90,19849.04,0,0,Suburban,Private
8389,Corey,Conway,6,4,2,52.10,30928.78,1,5,SUB,  Public  
8390,Cristina,Montgomery,-5,4,2,50.00,52598.02,1,10,Urban,PRIVATE
8391,Roger,Le,9,4,2,54.70,33780.56,1,,Urban, Gov 
8392,Joel,Carroll,11,9,7,53.10,,1,3,countryside,private
8393,Kathy,Ingram,12,6,4,62.40,"$17,637",,,Suburban,Public
8394,Anne,Patel,25,7,5,49.60,"25775,85",1,,Rural,PUB
8395,Brittney,Kelley,10,7,5,30.20,,0,0,urban,Public
8396,Norman,cunningham,8,4,2,39.00,41607.56,1,1,Rural,International
8397,Kim,Pace,12,7,5,61.10,36231.21,1,7,Village,public
8398,Jon,Branch,10,3,1,47.80,43972.92,1,1, Urban ,Gov
8400,Kaitlin,Clark,8,6,4,30.90,43749.38,1,1,Urban,PVT
8401,,Weber,17,8,6,,16309.08,1,4,Suburban,  Public  
8402,Melissa,,6,3,1,66.00,32842.94,0,0,  Suburban  ,Home School
8403,Lori,Dickson,9,4,2,46.10,,,,Suburban,  Public  
8404,Kim,Matthews,11,7,5,53.00,34492.26,1,4,urban,international
8405,Eric,,10,2,0,34.40,24478.38,1,3,City,Private
8406,Mary,Snow,8,2,0,29.70,,1,1,SUBURBAN,HOMESCHOOL
8407,Tanner,Haley,4,3,1,41.60,"35451,86",1,2,Suburb,Public
8408,BRITTANY,Rios,8,3,1,46.30,24879.15,1,1,Suburban,Governmental
8409,Arthur,Boyd,7,2,0,31.70,15325.47,,,Rural,Public
8410,,Dixon,17,2,0,43.60,44598.52,1,1,City,  Private  
8411,Bonnie,Forbes,18,3,1,50.90,84725.93,1,6,URB,private 
8412,Tricia,Holt,10,4,1,24.90,34600.4,0,4,Urban,Public
8413,Sonya,Powers,5,3,1,43.90,,,,Suburban,Governmental
8414,Danny,Delacruz,13,6,4,25.90,,1,3,Suburban,Gov
8415,Pamela,Hunt,7,2,0,53.90,26579.7,1,4, Suburban ,Priv
8416,Manuel,Dominguez,9,5,3,36.10,30169 EGP,1,2,Rural,Intl
8417,Anthony,Cervantes,8,5,3,28.20,32019.15,1,3,URBAN, Public 
8418,Ricardo,Cruz,9,8,6,29.40,39393.7,1,5,Urban,Governmental
8419,Jaclyn,Garrett,9,4,2,,24776.46,1,1,Suburban,Public
8420,,Galloway,6,2,0,32.50,50470.92,1,2,  Urban  ,private
8421,Monique,Powers,8,8,6,37.90,35923.01,1,2, suburban ,public
8422,Harry,Cervantes,14,3,1,50.20,16970.52,1,3,Urban,PUB
8423,Marcus,Velazquez,10,2,0,16.10,38036.1,1,3,URB,  Public  
8424,Elaine,Herring,11,4,1,27.00,,1,1,URB,Public
8425,Sylvia,Bishop,3,3,1,67.80,38040.75,1,5,URBAN,Private
8426,Lance,Cain,14,3,1,,14685.62,,,Rural,Homeschool
8427,Antonio,Parrish,8,6,4,49.10,32480.06,1,3, Urban ,home-school
8428,Natalie,Delgado,15,4,2,,20500.58,1,1, countryside ,Public
8429,Paul,Foley,11,7,5,35.90,34714.07,1,1,City,Public
8430,Abigail,Horne,8,2,0,38.80,,1,1,Rural,International
8431,Stacey,jenkins,4,6,4,53.60,26075.3,1,1,Suburban, public 
8432,Stacy,Valencia,18,2,0,,,1,,Urban,Public
8433,Allen,Haley,13,3,1,29.50,,1,3,Urban,Private
8434,Walter,Schneider,14,4,2,61.30,,1,4, Urban ,International
8435,Phyllis,Everett,17,6,4,,approx 25.3k,0,0,Unknown,Private
8436,Christina,Decker,11,6,4,52.00,22434.45,0,0,URBAN,PUB
8437,Cynthia,Robinson,15,3,0,53.70,23054.52,0,0,Urban,Public
8438,Latoya,Richards,9,3,1,46.90,32791 EGP,0,0,Suburban,Public
8439,Marvin,Carlson,13,6,4,,22882.71,1,2,Suburban,Public
8440,Miranda,Valdez,8,7,5,54.40,,1,5,City,  Public  
8441,Kyle,Baker,9,5,3,,55142.54,1,7,Urban,PVT
8442,Mason,Chen,11,4,2,,40073.23,1,5,Suburban,PUBLIC
8443,Charlene,Duncan,6,2,0,39.00,55862.79,1,2, Urban ,N/A
8444,Jacob,Montes,12,3,1,61.70,53598.11,1,1,suburban,PVT
8445,Francis,Ali,9,2,0,43.60,"33018,95",1,,  Urban  ,Public
8448,Lindsay,salazar,9,5,3,33.30,,,,null,Public
8449,,Frey,19,2,0,,14131.18,0,0,RUR,Public
8450,Francis,Baird,12,4,2,,16603.55,,,  countryside  ,private 
8451,Hailey,Graves,16,7,5,53.20,42491.76,1,3,Suburban,Priv
8452,Laurie,Mann,12,4,2,29.20,19029.88,0,-4,Suburban,public
8453,Glen,Weber,9,6,4,37.80,11594.87,0,0, Rural ,Public
8454,William,Sampson,10,5,3,65.30,23458.02,1,3,  Urban  , Public 
8455,Jeremiah,Davenport,9,5,3,42.40,33133.38,1,1,Suburb,Public
8456,Patty,Delgado,12,5,3,26.40,24647.93,0,0,Suburban,Public
8457,Walter,Soto,11,3,1,50.00,11522.95,0,0,Suburban,Governmental
8458,,Payne,8,7,5,30.90,,,,  rural  ,Governmental
8459,Ruben,Hogan,11,2,0,40.50,27587.89,1,2,Suburb,PVT
8460,Jeremiah,,12,4,1,27.30,28097.8,1,,Sub-urban,Public
8461,Dawn,Pearson,7,3,1,55.50,17416.47,,,RURAL,international
8462,,Keller,12,5,3,53.80,19753.94,1,1,Suburban,  public  
8463,Marissa,Harmon,5,7,5,53.90,45853.47,1,2,Urban,Private
8464,,Frey,14,2,0,60.00,36422.4,1,5,  Urban  ,  Public  
8465,Kim,Meadows,12,4,2,48.50,30767.09,1,1,Suburban,  Public  
8466,Craig,Guerra,16,3,1,,36450.79,1,6,Urban,Public
8467,Brenda,Roth,6,3,1,35.70,61609.91,1,,SUBURBAN,Private
8468,Brooke,Lyons,15,9,7,36.50,,0,,Rural,Public
8469,Barbara,Schmitt,14,2,0,42.50,23586.06,1,2,Urban,  Public  
8470,Carl,Collins,10,8,6,38.00,,0,0,  Rural  ,public
8471,Cole,Reed,9,6,4,23.40,51109.02,1,2,Suburban,Priv
8472,Donald,Erickson,7,4,1,42.10,13966.76,,,  Rural  ,  Governmental  
8473,Todd,Green,6,2,0,24.90,19228.47,0,0,Urban,Governmental
8474,Bobby,Hood,8,4,2,52.00,,1,2,City, PUB 
8475,Kathleen,Kelley,6,2,0,28.40,27106.15,1,4, suburban ,Public
8476,Juan,Rush,16,3,1,56.60,49415.05,1,3,Suburban,private 
8477,Jordan,Unknown,5,5,3,,13921.26,,,Rural,PUB
8478,Charlene,,11,7,5,28.00,"$11,753",,,Rural, PUBLIC 
8479,Levi,Jones,12,7,5,45.30,18026.25,1,2,Urban,Governmental
8480,Jeremy,Cooper,12,4,2,,24603.48,1,2,URB,Public
8481,Hunter,Choi,12,4,1,53.30,104821.07,1,3,Suburban,Private
8482,Stacy,Richardson,14,4,2,32.40,"36,692.56",1,3,URBAN,Private
8483,,Beck,-5,11,9,36.70,23838.4,0,0,Rural,Public
8484,Caitlin,Henderson,11,2,0,37.70,25587.01,1,1,Suburban,Public
8485,Gail,Herring,9,8,6,,18500.64,,,countryside,Public
8486,Tami,Cortez,15,6,4,23.10,26438.63,1,1,Rural,Public
8487,Robin,Rodriguez,18,4,2,65.40,40516.85,1,2,  Urban  ,Governmental
8488,Adrian,,6,4,2,35.80,36027.42,0,0,URBAN,Public
8489,Ariel,Nunez,3,3,1,23.10,25819.0,1,1,Unknown, Public 
8490,ryan,,13,7,5,24.60,14132.49,0,0,rural,PUBLIC
8491,ANDREA,Hicks,14,2,0,34.20,32318.25,0,0,-,PVT
8492,Sabrina,Powell,18,8,6,7.50,31130.92,0,0,Urban, PUBLIC 
8493,Dominic,SCHMITT,13,10,8,56.90,,1,8,Suburban,PVT
8494,Jessica,Kemp,16,4,2,52.20,52988.35,0,0, Urban ,Public
8495,Jonathon,Austin,-5,5,3,43.00,20519.8,1,2,URB,Private
8496,Breanna,Buchanan,16,6,4,22.50,,0,,Rural,Governmental
8497,Levi,Huerta,14,6,4,50.40,"23,884.44",1,2,  Urban  ,Public
8498,,Figueroa,6,7,5,36.10,,0,0,Urban,Public
8499,Marc,Wilson,10,7,5,56.40,23107.87,1,4,Urban,International
8500,Unknown,Franklin,12,6,4,,,,, Rural ,Public
8501,Colton,Tate,10,5,3,31.60,24838.09,0,0,Urban,Public
8502,Lisa,Massey,10,2,0,29.90,25001.31,0,0,Urban,Public
8503,Jean,Massey,16,2,0,29.30,32239.41,0,0,Urban,Private
8504,Andrew,Haney,8,3,1,47.00,,1,1,?,PVT
8505,Cameron,Arellano,13,2,0,,18101.27,1,,Urban,public
8506,  Jeremiah   ,Weber,12,4,2,54.00,49920.92,1,4,SUBURBAN,PUBLIC
8507,Molly,Conrad,7,4,2,41.10,21410.65,1,1,Rural,Public
8508,jeanne,Wilson,7,3,1,43.30,18968.69,1,,Suburb,Public
8509,,Juarez,4,4,2,46.20,18262.96,,,Urban, Public 
8510,Valerie,,12,2,0,27.70,11418.89,,,Suburban,PUB
8511,Colton,Mccarty,10,5,3,40.30,12743.05,1,,City,Public
8512,Melanie,Frederick,8,7,4,44.40,"$52,897",1,2,URBAN,Private
8514,Breanna,Mitchell,12,7,5,65.30,21561.34,0,0,Urban,Governmental
8515,Unknown,Lamb,10,3,1,51.10,,1,1, urban ,INTERNATIONAL
8516,Makayla,Herrera,8,8,6,33.50,41740.21,1,3,URBAN,Public
8517,  Dakota   ,Downs,7,5,3,,33249.31,1,1,Urban,Public
8518,Riley,Haley,10,3,1,51.10,47765.88,1,1,Urban,Private
8519,Diana,Frazier,12,6,4,47.50,41779.18,0,0,Urban,PVT
8520,Gabrielle,Morales,9,3,1,40.60,27848.17,1,,Suburban,PUBLIC
8521,Nathaniel,Malone,6,6,4,58.50,26055.3,1,,urban,Public
8522,Unknown,Mcfarland,10,3,1,39.00,28030.33,1,1, urban ,Public
8523,Danny,Atkins,14,6,4,,7084.14,0,2,  rural  ,PUBLIC
8524,Jason,Porter,11,2,0,51.00,,1,,SUBURBAN,private
8525,Whitney,Morales,11,2,0,55.30,,1,3,Village,Private
8526,Sydney,Guzman,9,3,1,36.00,,1,4,Suburban,PUB
8527,Dorothy,Downs,7,2,0,23.00,10744.39,1,,URBAN,Public
8528,Holly,Rogers,7,2,0,21.10,48882.75,1,3,Urban,PVT
8529,Rebekah,Kramer,5,5,3,43.00,29341 EGP,0,0,Suburban,Public
8530,Diana,Roman,15,8,6,,"20,285.87",1,4, Rural ,public
8531,Leah,Sanders,12,4,2,34.10,,1,1,Urban,Public
8532,Krista,Avila,11,3,1,45.90,42231.38,1,3,Suburb,Homeschool
8533,DEREK,Herrera,12,4,2,58.20,68962.71,1,8,Unknown,International
8534,Anna,Bright,12,3,1,29.60,22319.22,1,2,Urban,?
8535,Marilyn,Shea,8,4,2,36.50,42111.87,0,0,city,Public
8536,Bruce,Wolfe,9,5,3,25.20,31734.92,1,1,RURAL,Public
8537,Duane,Herrera,9,7,5,,21638.51,0,0, Urban ,PUBLIC
8538,Meredith,Ramos,18,3,1,54.00,,1,6,Urban,Private
8539,Reginald,Nash,14,5,3,40.30,47256.33,1,4,Suburban,international
8540,Brittany,Howe,11,4,2,37.60,15016.33,0,0,urban,Public
8541,Dominic,Golden,15,6,4,31.30,41243.05,1,1,Rural,Private
8542,darren,Ferguson,15,8,6,54.20,,1,-3,  Urban  ,Public
8543,Mercedes,  Riley   ,6,3,1,47.30,,,,Rural, Governmental 
8544,Lance,Willis,10,6,4,,43304.65,1,1,  URB  ,Private
8545,Maria,Wagner,10,2,0,47.40,52722.78,1,2,Urban,Gov
8546,Beverly,Burton,13,8,6,47.60,27018.39,1,3,Suburban,public
8547,Thomas,Luna,10,10,8,59.70,,1,,Rural,Public
8548,,Greer,10,4,2,51.50,"25769,27",1,-3,Urban,Public
8549,Unknown,Cook,9,5,3,54.40,24145.03,1,2,  urban  ,PUB
8550,Phyllis,Yoder,14,5,3,44.50,47224.68,1,3,Urban,private 
8551,Marvin,Avila,5,5,3,,23783.98,1,3,City,  Public  
8552,Kellie,Juarez,9,5,3,41.10,11985.88,,,RURAL,PUBLIC
8554,Martha,Greene,7,4,2,52.20,18456.53,1,1,Suburban,private
8556,Sharon,Conley,12,3,1,43.40,13742.94,0,0,Suburban,Public
8557,Kari,Farmer,9,6,4,,,1,2,SUB,PUBLIC
8558,Pamela,Massey,15,4,2,35.30,50969.22,1,3,  Urban  ,private 
8559,Penny,Finley,15,7,5,,17150.29,1,1, URB ,Public
8560,Jamie,Rodriguez,10,8,6,42.50,,1,1,Suburban,Public
8561,Lance,Unknown,11,5,3,57.20,40669.7,1,3,Rural,Private
8562,Derrick,James,9,4,2,31.70,47421.22,1,5,urban,INTERNATIONAL
8563,Natalie,Gutierrez,13,7,5,38.70,44981.97,1,1,SUB,-
8564,Jane,Arroyo,6,3,1,46.80,"33787,98",1,3,Suburban,Private
8565,Courtney,Maxwell,17,4,2,47.30,35286.49,1,2, Rural ,Homeschool
8566,Briana,Valentine,15,2,0,58.80,27885.77,1,3,Rural,Public
8567,Tyrone,Love,6,3,1,,24601.38,0,0,urban,public
8568,  Morgan   ,Goodwin,8,8,6,41.10,16551.36,,-1,Urban,international
8569,Theodore,Marshall,12,4,2,39.10,,0,0,Sub-urban,Public
8570,Brian,,9,7,5,,15886 EGP,1,1,RUR,Governmental
8571,Marcia,,12,2,0,73.20,,0,0,urban,Public
8572,calvin,Herman,9,3,0,,16502.62,0,0,Suburban,Public
8573,Loretta,Gillespie,16,4,2,54.30,,,,Rural,  public  
8574,Johnathan,Sherman,11,4,2,58.70,64140.69,1,7,URBAN,Private
8575,Michael,Smith,18,2,0,39.20,,,,  URB  ,Governmental
8576,Kathryn,Walker,13,4,2,22.70,30222.71,1,3,Urban,Gov
8577,Tim,Watkins,6,3,1,34.70,14938.72,0,,Urban,PUB
8578,Margaret,Mccullough,18,3,1,41.40,18845.16,1,,Suburban,Public
8579,Sandra,Gonzalez,14,4,2,51.90,49583.75,1,4,urban,Private
8580,Glenda,Rocha,12,2,0,48.00,16049.23,1,2,Suburban, Public 
8581,Tony,Jensen,13,5,3,49.90,25723.14,1,4,Urban,PUB
8582,Tracy,Clarke,6,10,8,15.40,27655.01,1,2,Suburb,private 
8583,,Benitez,4,2,0,44.30,"43723,8",1,5,Urban,PVT
8584,Mikayla,Walter,10,4,2,37.50,18932.95,0,0,Suburb,Public
8585,Katelyn,,15,2,0,34.60,59482.0,1,6,Urban,Private
8586,,Callahan,12,2,0,,20033.83,0,0,Suburban,Public
8587,Todd,Ramos,17,4,2,49.40,38808.49,0,0,URBAN, Private 
8588,Tommy,Schneider,15,4,2,32.40,23052.9,1,3,Suburban,  PUB  
8589,Timothy,Cobb,11,5,3,54.90,44689.69,1,,city,Public
8591,Alex,Miles,16,6,4,31.70,,1,1,Suburban,HS
8592,Madeline,OLSON,10,5,3,,29471.87,1,1,Urban,HS
8593,Maria,Farrell,10,4,2,46.30,13526.21,0,0,  Rural  ,PUB
8594,Shawn,,11,7,5,49.60,approx 18.5k,0,0,Suburban,Public
8595,Dawn,Rivera,3,5,3,45.80,20239.41,1,5,city,Public
8596,Melanie,House,12,10,8,39.10,,1,1,  Rural  ,HOMESCHOOL
8597,Nicholas,Conway,13,6,3,32.50,19392.89,0,0,  Urban  ,Public
8598,Janice,Wilkins,11,5,3,35.00,11377.02,,,Rural,Public
8600,Malik,Lynn,10,6,4,67.10,54815.22,1,2,Suburban,International
8601,Kenneth,Santiago,3,11,9,41.50,42365.57,1,2,RUR,private 
8602,Cristian,Pruitt,16,7,5,64.60,42481.2,0,0, Urban ,  Public  
8603,Marie,Lindsey,9,5,3,69.00,,1,1,SUBURBAN,Public
8604,Joanne,Owen,8,2,0,,14840.01,0,0,Urban,Public
8605,Annette,Liu,15,3,1,36.60,10824.03,1,3,suburban,Public
8606,Edgar,Moody,14,6,4,34.10,42257.53,1,6,Urban,home-school
8607,Tonya,Berg,11,2,0,66.60,59629.97,1,5,Urban,PRIVATE
8608,Theodore,Mcdaniel,13,2,0,32.50,32576.55,1,4,city,Public
8611,Erik,Barber,15,5,3,36.90,11226.31,0,0,Rural,Public
8612,Carl,Tucker,8,3,1,33.20,"44,587.42",1,8,SUB,Public
8613,Douglas,Payne,7,7,5,34.20,28855.74,0,0,RURAL,home-school
8614,Timothy,Washington,11,4,2,29.50,9949.07,0,,Rural,HOMESCHOOL
8615,Dana,Haney,11,5,3,31.50,39891.08,1,6,SUBURBAN,International
8616,Bradley,Lawrence,13,3,1,49.70,27414.21,1,2,Urban,Public
8617,Dana,Shah,6,3,1,47.50,22170.35,1,1,Suburban,Private
8618,Jose,,3,2,0,39.60,36858.25,1,3,Urban,Public
8619,Jenny,Waller,14,2,0,37.80,20907.06,1,2,Rural,Public
8620,Brandon,Weeks,7,5,3,40.40,48473.72,1,3,Urban,Private
8621,Cody,Sanders,8,5,3,25.20,18636.6,1,1,Urban,  Public  
8622,Stefanie,Yates,3,6,4,41.70,23413.77,0,3,RUR,PUBLIC
8623,,Santos,14,4,2,44.70,,1,1,city,Public
8624,Judy,Todd,12,5,3,,15547.97,,,Rural,Public
8625,Molly,evans,12,9,7,30.80,,1,3,Rural,Public
8626,Sarah,Nunez,12,2,0,61.10,43631.1,1,2,Suburban,International
8627,Krystal,Walton,3,2,0,49.70,25721.82,1,2,Suburban,Public
8628,Jasmine,Decker,7,3,1,42.00,25744.79,0,0,URB,Governmental
8629,Shelly,Morrison,9,2,0,48.10,65137.85,1,1,Urban,International
8630,,Sloan,8,7,5,36.60,,0,0,  RURAL  ,Gov
8631,Judy,Livingston,10,6,4,52.60,22945.25,1,1,Urban,  Public  
8632,Erika,Ramsey,11,3,1,30.20,,0,0,City,Public
8633,Ariana,Unknown,14,6,3,36.20,26389.56,1,1,URB,private 
8634,Derek,Sanders,5,2,0,35.90,,,,Suburban,Public
8635,ASHLEY,Vaughan,10,5,3,44.80,22294.58,0,0,  Sub-urban  ,Public
8637,Jim,Velazquez,7,3,1,20.00,16369.8,,,Urban,Public
8638,Mia,Lowe,10,5,3,36.60,,0,0,RURAL,Public
8639,Sherri,Douglas,12,6,4,26.90,,,,Urban,Public
8640,Jacob,Barajas,11,3,1,51.50,22462.51,1,2,Urban,PUBLIC
8641,Joe,Deleon,13,3,1,28.60,17686.09,1,,URBAN,Public
8642,Dean,Bryan,11,2,0,65.00,83225.2,1,5,Suburban,Private
8643,Mia,Mueller,9,4,2,53.00,67997.16,0,0,URB,Private
8644,Kevin,Blanchard,6,5,3,63.60,62193.93,1,3,urban,PUB
8645,NATASHA,,11,5,3,37.70,"12554,92",1,2,Suburban,Homeschool
8646,Malik,Camacho,11,2,0,36.70,26969.16,0,0,Urban,public
8647,Linda,Dodson,7,4,2,41.30,,0,0,RUR,Public
8648,Reginald,Montgomery,13,4,2,44.50,47266.27,1,3,Rural,Private
8649,Malik,Reilly,15,2,0,44.20,40420.63,1,5,  Sub-urban  ,Private
8650,Jeanette,Pearson,8,6,4,,,1,1,Urban,PUB
8651,Andre,Thomas,8,2,0,33.30,36432.28,1,, city ,Homeschool
8652,Philip,Pena,8,5,3,43.40,,1,4,Suburban, Public 
8653,Chris,Newton,4,4,2,55.00,27582.43,1,,Urban,Public
8654,,Bright,18,2,0,37.60,"23235,59",1,1,Suburb, Public 
8655,Unknown,Morse,9,5,3,65.20,44658.78,1,3,Urban,Private
8656,Walter,Mooney,7,11,9,27.10,44060.19,1,3,Suburban,Private
8657,Megan,Gallegos,6,5,3,39.10,30066.84,1,3,Urban,public
8658,Logan,Mann,9,4,1,32.80,22624.75,0,0, Suburban ,Public
8659,richard,Snyder,8,4,2,12.30,5017.09,0,3,city,Governmental
8660,Tyler,,16,4,2,56.80,70204.53,1,8,urban,Private
8661,Latoya,Tran,6,4,2,56.30,20709.03,0,0,Urban,Gov
8662,Sonya,MANN,5,7,5,49.90,31450.83,1,4,City,PRIVATE
8663,Charlotte,Silva,45,4,2,57.20,59426.81,1,5,  Rural  ,Homeschool
8664,Carrie,Harmon,10,5,2,40.30,,0,0,city,PUB
8665,Darren,Graves,10,2,0,26.80,30082.51,0,0,Urban, Public 
8666,Monique,Yang,13,6,4,37.60,33633.31,0,0,Suburban,PUB
8667,Jeffery,Vaughn,11,4,2,46.00,54222.64,1,3,Urban,private
8668,Terri,  Barr   ,10,2,0,35.30,17165.74,,,rural,public
8669,Tami,Leon,5,2,0,55.10,56759.04,1,7,City,International
8670,Lori,COOPER,4,6,4,14.30,,1,1,Village,Public
8671,Dawn,Chang,8,7,5,74.60,34507.59,1,5,suburban,Private
8672,Leon,walls,7,4,2,36.90,37334.61,1,2, Urban ,public
8673,Theodore,Garrison,11,8,6,53.90,28279.43,0,3,Urban,private 
8674,Cassie,Barry,4,6,4,42.90,"$30,575",1,1,Suburban,Governmental
8675,Kevin,Patel,9,6,4,29.70,,0,0,Suburban,Public
8676,Jeff,Moses,10,5,3,40.30,25228.83,1,2,Urban,Homeschool
8677,Katherine,Medina,10,4,2,40.70,12609.63,1,2,Suburb,Private
8678,Suzanne,Hardin,12,2,0,69.70,20073.22,1,1,Suburban,PVT
8679,Duane,Beard,9,3,0,37.70,,1,5,SUBURBAN,Private
8680,John,Parks,8,4,2,44.60,32248.53,1,2, Suburban ,PUB
8681,Andrea,Massey,15,4,2,32.50,20320.02,1,1,Rural,Homeschool
8682,Derrick,Mckinney,9,6,4,44.10,10621.29,0,0,Unknown,Gov
8683,Rick,,16,6,4,33.50,35455.31,1,2,city,PUB
8684,Maurice,Rush,9,3,1,46.80,28723.58,1,1,URB,Public
8685,Dennis,Lopez,10,3,1,34.50,39957.78,0,0,Urban,Public
8686,Stefanie,Raymond,10,4,2,48.40,,1,6,Urban,Private
8687,Philip,Lyons,11,5,3,32.00,23744.21,1,4,  City  ,PUBLIC
8688,Duane,Wilkins,9,4,2,43.70,21513.09,1,2,Suburban,Priv
8689,Christy,chaney,11,7,5,33.60,49265.15,1,2, Urban ,Private
8691,Bryan,Higgins,14,4,2,43.00,31196.64,1,2,Urban,Public
8692,Joel,Bush,14,7,5,14.00,9915.72,0,0,URB,Public
8693,Gavin,Cobb,6,3,1,58.40,25098.65,1,9,Urban,private 
8694,Marvin,Short,6,2,0,39.30,60947.1,1,2,urban,PVT
8695,Beth,  Mcgee   ,11,3,1,61.00,35756.6,1,2,  Urban  ,  INTL  
8696,,Tanner,13,6,4,38.50,48760.68,1,4, Urban ,PUB
8697,Sue,,9,3,1,28.40,43302.83,1,5,SUBURBAN,Private
8698,Hailey,Gordon,8,8,6,,62448.17,1,5,Urban,-
8699,Joe,Barber,16,6,4,43.60,24564.5,0,0, city ,Public
8700,Mia,Sanders,13,3,1,28.80,49923.86,0,0,Urban,PVT
8701,Troy,Moss,14,7,5,50.50,102353.76,1,10,Urban,Private
8702,Curtis,Rojas,9,6,4,43.20,29305.43,0,0,Urban,Gov
8703,BECKY,Mcclure,9,5,3,26.00,14388.51,1,1,Urban,Public
8704,Lance,Garrison,14,3,0,23.30,18449.18,,,Suburban,  Public  
8705,Guy,Schneider,10,6,4,,33109.82,1,2,SUBURBAN, PUBLIC 
8706,Debra,Harris,8,7,5,48.10,,0,0,Rural,Public
8707,Bonnie,Torres,7,4,2,33.80,,0,0,Rural,Public
8708,Bonnie,Frank,9,2,0,48.40,24800.51,1,,Urban,Public
8709,Terri,,14,4,2,41.20,31584.5,1,5,City,Private
8710,Jim,Hull,5,7,5,,46077.52,1,6, Rural ,international
8711,meredith,melton,13,3,1,59.60,43403.6,1,1,Urban,Private
8712,Tyrone,Golden,8,3,0,39.70,16112.9,,,Urban,Public
8713,Sheryl,Lin,2,5,2,58.00,,1,8,Suburban,PVT
8714,Samantha,Montgomery,10,3,1,22.70,25359.63,1,4,Suburb,PUB
8715,Jill,Ward,10,8,6,26.70,11798.97,0,0,Urban,Public
8716,Veronica,Guerra,9,3,1,24.30,,0,0,Urban,?
8717,Cameron,Salinas,9,6,4,43.80,16850.68,0,0,Urban,  Public  
8718,Shelia,Stone,8,2,0,30.30,,,, Urban , Homeschool 
8719,Vanessa,CUNNINGHAM,15,2,0,51.70,39423.98,1,4,unknown, private  
8720,Antonio,Wells,11,2,0,,,0,0,Suburban,  Public  
8721,Sophia,Long,10,2,0,38.50,approx 51.0k,1,6,Urban,Private
8722,Christy,Harvey,8,4,2,54.20,46533.35,1,6,null,Private
8723,Anita,Stark,9,4,2,42.00,23131.17,1,1,Urban,PUB
8724,Lawrence,Roach,8,7,5,38.40,28385.74,1,2,Rural,Public
8725,leah,Valdez,13,6,4,41.20,16301.16,1,1,Urban,Homeschool
8726,Derek,Bauer,8,4,2,47.70,18708.29,1,1,Urban,  Public  
8727,David,Hancock,3,5,3,,"34622,27",1,2,  Suburban  ,HS
8729,Brandon,Andrews,9,2,0,48.50,"21,082.35",1,2,urban,Gov
8730,Jerry,Velez,8,5,3,29.40,27932.78,0,0,URBAN,Private
8731,Christie,Case,14,3,0,57.90,35430.22,1,1,Rural,  PRIVATE  
8732,Leonard,Huffman,3,2,0,,51740.57,1,3,Suburban,  Governmental  
8734,Caleb,Hardy,14,7,5,47.70,14108.22,1,4,Rural,Public
8735,Darrell,Singh,8,6,4,44.50,,1,1,Sub-urban,  public  
8736,Brittney,AGUILAR,9,3,1,23.70,18502.37,0,0,URBAN,Public
8737,Nancy,Stuart,12,3,1,44.10,,1,4,  Urban  ,private 
8738,Kristy,Hansen,12,3,1,,"$50,148",1,,N/A,International
8739,Ashley,Hancock,8,2,0,57.70,86023.38,1,4,Urban,Private
8740,Aaron,Wells,5,4,2,26.20,16461.88,1,1,Suburb,Public
8741,Glen,House,18,5,3,30.00,17863.88,1,1,City,Public
8742,Kayla,Brewer,14,4,2,,40264.61,1,5, Urban ,Public
8743,Margaret,Lin,11,4,2,40.40,25576.54,0,0,city,n/a
8744,TARA,Valdez,11,5,3,43.00,51514.86,1,2,Urban,Public
8746,Whitney,Cox,13,3,1,48.90,"65,286.63",1,1,Suburb,Private
8747,Katrina,Roach,3,7,5,,30703.1,1,4,  Urban  ,homeschool
8748,Emily,Welch,9,3,1,40.70,41531.67,1,3,Suburban,Public
8749,Danny,Gray,9,2,0,48.30,19257.82,0,0,  SUBURBAN  , Public 
8750,Molly,Barr,10,3,1,50.50,,1,3,Urban,International
8751,Lorraine,Vasquez,13,4,2,56.80,24849.92,1,,Suburban,Public
8752,Ricky,Hardy,4,5,3,52.50,24131.53,1,4,Suburban,Public
8753,Elaine,Butler,6,6,4,50.60,81076.97,1,5,URBAN,Private
8754,Joel,Hart,8,5,2,23.90,12232.55,,,Suburban,Governmental
8755,Jeanette,Herrera,11,2,0,,25521.13,1,2,Suburban, Public 
8756,Ariana,Richards,13,4,2,37.10,"$26,359",0,0,Suburban,Public
8757,Wendy,Dominguez,16,5,3,55.70,24436.07,1,2,Rural,HS
8758,Kari,Velez,120,3,0,,9382.07,0,, countryside ,  PUBLIC  
8759,Dawn,Ellis,13,4,2,30.90,25224.18,1,,URB,Gov
8760,lawrence,Holland,13,4,2,65.70,18440.94,1,-1,suburban,Gov
8761,,KELLEY,12,3,1,33.50,7416.4,,,Suburban,Homeschool
8762,Edgar,Williamson,10,4,2,39.60,56351.43,1,,city, International 
8763,Susan,Lee,9,4,2,29.20,7642.94,0,0,Rural,Public
8764,Jerry,Dickson,7,4,2,19.20,,0,,Rural,Public
8765,Carrie,Christian,6,2,0,36.40,43096.43,1,2,Suburban,Homeschool
8766,,Oconnell,12,6,4,61.80,24731.42,0,0,urban,Public
8767,Bethany,Hancock,10,4,2,53.70,25206.16,1,1,URB,NA
8768,Stephanie,terrell,9,3,1,,14695.98,,,Rural,private
8769,Janet,Ramos,13,5,3,56.50,30974.01,1,1,Village,Private
8770,Beverly,Contreras,10,5,3,37.40,21949.47,1,1,urban,Governmental
8771,Dalton,Ochoa,7,3,1,50.10,41245.04,1,3,Urban,Public
8772,Elizabeth,Greene,10,8,6,,,1,2,Suburban,Gov
8773,courtney,Woods,13,6,4,,approx 35.7k,1,1,URB,Private
8774,Luis,Floyd,7,8,6,53.50,42044.35,1,1, Suburban ,Public
8775,Sheri,Wilcox,45,2,0,,37153.12,1,3,Rural,Public
8776,,Riley,10,2,0,53.10,12682.51,0,,  URBAN  ,Public
8777,Vanessa,Payne,8,5,3,,21737.99,1,1,Suburban,Public
8778,Jeanne,Dennis,9,9,7,39.90,,1,3,Suburban,Private
8779,Isaac,Simon,5,5,3,16.60,49366.53,1,7,Urban,Unknown
8780,Tricia,MCGUIRE,11,2,0,23.70,26649.97,1,2,Urban,  public  
8781,John,Lutz,6,3,1,45.80,25644.77,1,,Suburban,Gov
8782,Carrie,Hurst,14,4,2,36.00,30132.52,1,4,Suburban, PUB 
8783,Monica,Harper,10,4,2,29.40,20844.81,1,1,Suburban,Public
8784,Frank,Henderson,8,7,5,44.40,23177.39,0,0,rural,Public
8785,Kari,Richmond,15,2,0,44.40,38940.1,1,5,Urban,Private
8786,Jodi,Terry,7,5,2,,9291.64,1,4,countryside,HOMESCHOOL
8787,Yvette,Evans,8,3,1,18.10,19547.94,1,,SUBURBAN,Public
8788,Cynthia,,4,3,1,35.00,23161.63,1,1,Urban, Public 
8789,Brittany,Butler,15,4,2,28.00,25834.41,0,0, City ,public
8790,Unknown,Hancock,17,7,4,47.60,,1,-1,Urban,Public
8791,Ana,Navarro,4,5,3,36.20,32835.34,0,0,Urban,International
8792,Savannah,Wyatt,8,4,2,28.70,,0,0,Village,Public
8793,Phillip,Hardy,11,4,2,68.70,53484.71,1,5,Suburban,International
8794,Bailey,Haley,9,3,1,34.00,29815.42,0,0,City,public
8795,Rose,Frazier,10,2,0,52.50,66502.21,1,5,Urban, Private 
8796,Anna,Mcdaniel,10,5,3,25.50,56506.03,1,9,suburban, International 
8797,Jeffery,Brock,12,8,6,38.30,,,, Rural ,Public
8798,Alisha,Ross,2,3,1,46.40,19541.85,0,0,  Suburban  ,Governmental
8799,Unknown,Wise,11,2,0,32.20,"23635,48",0,-1,city,  PUB  
8800,Jordan,Spears,6,5,3,42.30,35324.1,1,5,  City  ,Private
8801,Ethan,Burke,9,2,0,44.60,approx 44.3k,1,1,Urban,Public
8802,Joanne,Tran,2,5,3,47.90,approx 27.7k,1,1,Suburban,Public
8803,,Blair,9,4,1,48.00,21960.54,1,2,Urban,Public
8804,Stefanie,Gordon,8,6,4,52.80,73746.0,1,4,?, PVT 
8805,Molly,Unknown,14,6,4,40.00,13478.69,,,Rural, Public 
8806,Katherine,Humphrey,10,5,3,36.70,44712.38,1,2,URBAN, Governmental 
8807,Whitney,Hubbard,11,5,2,24.20,16807.17,,,rural, Public 
8808,Casey,Norris,10,6,3,64.40,24690.11,1,1,Sub-urban,Gov
8809,Nicole,Patel,3,3,0,49.00,43069.22,1,4, City ,Priv
8810,Ricky,Galloway,3,4,2,35.10,69470.08,1,5,URB, international 
8811,Aaron,  Dominguez   ,9,3,1,61.80,30264.94,1,1,Suburb,Public
8812,dustin,Everett,12,2,0,26.30,19558.03,1,1,Suburban, Public 
8813,Roger,Frey,10,10,8,46.90,67106.75,1,3,City,international
8814,Sydney,Ali,7,7,5,37.60,22507.74,0,,countryside,Gov
8815,Kristi,Duncan,10,2,0,50.80,28105 EGP,1,1,Suburb,International
8816,Hunter,Bryant,9,6,4,43.30,45036.16,1,3,Suburban,Public
8817,Eddie,Mcdonald,13,6,4,39.30,35497.6,1,1,URB,Public
8818,Kenneth,White,13,3,1,59.70,114843.3,1,7,  City  ,International
8819,,Schmitt,9,3,1,31.00,25617.26,1,,Suburban,PUB
8820,Margaret,Copeland,0,2,0,38.20,,1,1,Urban, PRIVATE 
8821,Destiny,Richardson,11,6,3,36.10,21874.86,1,, Rural , PUBLIC 
8822,Benjamin,Scott,12,6,4,42.00,37845.85,1,6, Urban ,  Private  
8823,Janice,Schultz,16,4,2,17.80,24363.9,1,2,Urban,Private
8824,Penny,Camacho,10,4,2,43.80,21028 EGP,1,3,SUBURBAN,PUBLIC
8825,Renee,Thornton,15,3,1,38.30,33629.11,1,,Suburban,Homeschool
8826,Joyce,Fuller,6,2,0,63.90,18443.3,0,0,City,Public
8827,Sara,Mcfarland,8,4,2,,18647.14,0,0,  Suburban  ,Public
8828,Courtney,Strickland,3,6,4,,25807.34,1,1,Suburban,Public
8829,Donna,Boyd,11,5,2,28.50,58818.11,1,6,Urban,international
8830,Amanda,Hendricks,13,3,1,45.40,31079.16,1,3,city,Private
8831,Marie,Hurley,3,3,0,52.00,26518 EGP,0,0,Sub-urban,  Private  
8832,Brianna,Shea,11,4,2,53.30,,0,0,Suburban,PUB
8833,Allison,Morales,13,5,3,59.60,75555.9,1,5,Urban,International
8834,Tracey,Allen,12,7,5,,"54661,44",1,4,Urban, PUB 
8835,Phillip,Gardner,6,4,2,46.80,,1,,  Suburban  ,Intl
8836,Samuel,Ward,13,4,2,,13373.63,0,6,Urban,Public
8837,Bobby,Mclaughlin,11,5,3,55.60,20813.44,0,0,Rural,Homeschool
8838,,Beltran,13,5,3,38.30,17746.79,0,0,Urban,  Public  
8839,Dean,Nixon,10,5,3,,39120.28,1,3,Suburban,PUBLIC
8840,Larry,Lopez,12,6,4,39.60,20474.4,1,,  countryside  ,Public
8841,Chase,Buchanan,14,2,0,49.40,39551.41,0,0,Urban,Public
8842,Tony,Ho,10,3,1,33.50,17255.12,0,0,Suburban,Public
8843,Hunter,Huff,12,4,2,42.30,16782.39,0,0,Urban,  Public  
8844,Zachary,Mccoy,15,5,3,48.70,17990.51,1,3, Sub-urban ,unknown
8845,Wendy,  Ingram   ,10,5,2,37.50,20318.56,0,0,countryside,Public
8846,Peggy,Gonzalez,6,8,6,32.30,15014.53,1,,RURAL,public
8847,  Shelia   ,Floyd,13,3,1,,34174.6,1,2,Urban,PUB
8848,Wayne,Norris,16,9,6,31.40,,0,6,Rural,Gov
8849,MOLLY,Fitzgerald,15,7,5,,17092.67,0,4,Village,Public
8851,Todd,Jimenez,3,5,3,20.30,20594.61,0,3,countryside,  Public  
8852,Guy,Hughes,8,6,4,29.20,36945.5,1,4,Urban,International
8853,Tim,Briggs,8,9,7,41.30,21409.73,0,0, Rural ,Private
8854,ashley,Cervantes,11,4,2,44.00,12944.66,,,Rural,Public
8855,dominique,Peck,17,5,3,31.80,62784.09,1,4, Suburban ,International
8856,Sarah,Phillips,7,2,0,55.50,36183.67,1,2,City,public
8857,Tanner,Flores,18,4,2,50.50,18910.27,1,2,Rural,Public
8858,Darren,Walter,9,2,0,,43383.54,1,4,Urban,Public
8859,Danny,Reese,8,2,0,49.00,42932.38,1,2,Sub-urban, PRIVATE 
8860,Theodore,Joyce,14,3,1,52.20,,1,2,Sub-urban,public
8861,Leon,Hooper,14,6,4,52.30,30669 EGP,1,3,Urban,private
8862,Tricia,Dillon,13,3,1,66.40,,1,6,Urban, Priv 
8863,Kristi,Arellano,8,3,1,42.00,73896.62,1,4,city,PVT
8864,Whitney,Acosta,12,9,7,48.10,16179.15,1,,  Rural  ,Public
8865,Colin,Hayes,7,5,2,39.20,38192.7,1,3,Suburban, Int. 
8866,Clayton,Gentry,45,9,7,38.30,,1,1,Rural,Public
8867,Eileen,Knapp,10,4,2,11.30,31086.08,0,0,Suburban,Governmental
8868,Gabriella,Pena,8,4,2,37.20,19889.09,1,1,suburban,International
8869,Hailey,Harrington,14,4,2,43.40,"19,704.35",0,0,Suburban,Governmental
8870,  Levi   ,Maldonado,8,3,1,41.20,18480.66,,,Suburban,NULL
8871,Ricardo,Roberts,10,4,2,50.70,43272.68,1,4,Rural, Intl 
8872,Julia,Bolton,7,4,2,49.80,22828.23,1,3,city,PUB
8873,Glen,Cross,14,4,2,,32143.77,1,4,rural,Public
8874,Carol,Hancock,8,8,6,55.50,13528.93,,,Rural,Public
8875,Zoe,Allen,15,3,0,,22018.17,1,2,city,  public  
8876,Candice,Mcdonald,14,3,1,44.50,21251.29,1,,Rural,home-school
8877,Hunter,Coleman,9,8,6,,,,,NULL,Public
8878,Arthur,SPEARS,11,2,0,60.50,42854.53,1,5,city,PVT
8879,KRISTY,,9,2,0,34.70,27587.79,0,0,  URBAN  ,unknown
8880,Allison,Mcconnell,12,8,6,58.90,18903.12,0,0,Suburb,Public
8881,Mikayla,Chang,10,8,6,18.80,,,,suburban,Private
8882,Todd,Horne,9,2,0,69.20,87924.6,1,6,City,Private
8883,Richard,Moses,11,5,3,40.20,25112.71,1,4,Suburban,Public
8884,Troy,NORMAN,5,2,0,36.50,24536.99,0,0,Suburban,Public
8885,Vanessa,Benjamin,10,6,3,42.00,48056.05,0,0,urban, private 
8886,Mitchell,Carlson,13,2,0,55.50,18715.27,1,2,URBAN,Private
8887,Dustin,Thornton,11,6,4,28.20,,1,3, city ,Private
8888,Holly,Palmer,14,2,0,49.40,25092.94,0,0,Sub-urban,Public
8889,Sheri,Hubbard,9,2,0,49.50,13890.03,0,0,Urban,Public
8890,Larry,,9,4,2,39.90,19115.0,0,0,Suburban,Public
8891,Tracy,Sosa,6,9,7,34.50,,0,0,Suburb, public 
8893,Marie,Drake,18,8,6,32.70,11086.96,1,1,Rural,Gov
8894,Thomas,Copeland,11,6,4,25.10,10435.45,0,0,Village, Gov 
8895,Tammie,Robles,8,4,2,49.20,"30052,79",1,3,Suburban,Priv
8896,Anne,Hurley,999,5,3,50.80,30459.82,1,1,Urban,Public
8897,Douglas,Sullivan,5,3,1,44.30,"57,816.89",1,5,city,Private
8898,Jennifer,  Schmitt   ,99,2,0,,"$56,425",1,2,URB,Private
8899,Shelia,Villanueva,13,4,2,48.10,30753.28,1,3,Urban,Private
8900,Hannah,Martin,9,2,0,45.60,39136.33,1,2,  urban  , Private 
8901,Brian,Alvarado,7,2,0,28.60,approx 13.7k,0,0,Urban,Public
8902,Candice,Wilson,7,3,1,22.50,"$43,600",1,1,Urban,public
8903,Larry,Barnes,13,2,0,41.00,32076.72,1,4,Suburban,Gov
8904,Jane,Porter,10,7,5,37.00,28991.09,1,2,RUR,Public
8905,Jose,Shah,8,3,1,,25123.91,1,2,URBAN,Governmental
8906,Jasmine,,9,4,2,53.70,25244.59,1,,Urban,Public
8907,Kari,Munoz,18,3,1,26.00,"21802,98",1,2,Suburban,Private
8908,Mikayla,Holt,15,4,2,38.40,65448.66,1,1,Urban,Public
8910,Carly,Woodward,4,5,3,48.00,13059 EGP,,,Urban,Public
8911,Grant,Sampson,10,6,4,24.30,42379.06,1,,Urban,PUBLIC
8912,Sierra,Jones,8,5,3,39.40,19834.66,0,0, Sub-urban , Public 
8913,Darius,Hood,12,4,2,37.40,46468.01,1,2,Suburban, Private 
8914,Kendra,Guerrero,14,5,3,64.00,34417.25,1,3,SUBURBAN,Private
8915,Unknown,Velez,12,5,3,66.50,58820.42,1,2,Urban,Private
8916,Morgan,Larsen,7,6,4,38.30,52647.43,1,4,Urban, Priv 
8917,Leonard,Hendrix,8,3,1,38.80,"$49,789",1,4,null,PRIVATE
8918,,Lyons,13,4,2,46.20,47760.82,1,4,Suburban, private 
8919,Paul,Webb,13,2,0,56.90,46550.01,1,,Urban,PUB
8920,Joanna,hess,11,6,3,47.60,20300.21,0,,  Urban  ,null
8921,Megan,Nichols,11,2,0,26.50,,0,4,n/a,Public
8922,Tara,Nicholson,11,2,0,51.50,16209.63,0,, SUB ,PUBLIC
8923,Matthew,Fields,11,6,4,41.40,44439.42,1,,Urban,Private
8924,Julie,Barnes,13,12,10,19.60,,0,0,  countryside  ,Public
8925,Brianna,Huffman,13,3,1,59.30,25375.27,1,,Suburban,Public
8926,Tom,Waller,11,3,1,53.30,14820.62,1,1,Rural,Public
8927,Theresa,Aguilar,10,2,0,34.10,58285.84,1,2, URB ,PUB
8928,hannah,Sweeney,10,5,3,49.40,23993.38,0,0,SUB,public
8929,Karla,Arnold,8,5,3,56.10,24277.75,0,5,Urban,PUB
8930,Judy,Livingston,8,8,5,58.10,"$61,317",0,0,  Urban  ,  Private  
8931,Cathy,Doyle,12,2,0,36.00,28267.01,1,2,Urban,Private
8932,Karen,PALMER,8,5,3,30.70,25864.11,0,0,Urban,public
8933,Brandi,Knapp,13,4,2,33.20,,0,0,Rural,Public
8934,Allison,Snow,10,2,0,34.00,20072.43,1,, RURAL ,public
8935,Gregory,Russo,13,3,1,11.50,"$24,777",1,1,  Urban  ,  Private  
8936,Wesley,Clay,13,3,1,46.20,24826.62,1,1,Urban,Public
8937,Cynthia,Coleman,14,5,3,33.10,"$66,014",1,,Urban, International 
8938,Wanda,Frederick,9,5,3,38.00,26288.6,0,0,Suburban,PUBLIC
8939,Joanna,Lutz,12,3,1,50.70,23236.53,0,0,Urban,PUB
8940,Latasha,Marsh,13,6,4,49.00,,0,0,Sub-urban,Public
8941,Hailey,Burgess,5,5,3,51.30,33162.74,1,1,City,Governmental
8942,Scott,Petersen,17,2,0,50.60,,1,1,SUBURBAN,international
8943,Raymond,,18,6,4,48.50,,0,0,  RURAL  ,public
8944,,Snow,14,4,2,51.90,18613.81,1,2,Urban,Public
8945,Marvin,Mack,13,5,3,,19116.26,1,3,countryside,  PUBLIC  
8946,Crystal,Dominguez,13,2,0,33.40,,0,0,  Village  ,Public
8947,Ethan,Fowler,9,5,3,24.50,32090.22,1,2,Suburban,Public
8948,Olivia,Shaffer,10,4,2,38.70,22014.14,1,1,URBAN,Public
8949,Caitlyn,Mosley,14,2,0,26.30,37954.79,1,1,SUB,Priv
8950,Marie,west,7,5,3,33.60,38827.91,1,,Urban,INTL
8951,Haley,Mosley,7,7,5,57.20,approx 18.2k,,,Rural,Public
8953,,Kent,13,2,0,50.60,60253.89,1,4,  Suburban  ,International
8954,Sarah,Reynolds,7,7,5,,approx 51.4k,0,0,Suburb,  Private  
8955,Sue,Barron,10,4,2,55.20,14458.31,0,5,Urban, Public 
8956,Selena,davidson,10,2,0,56.10,,0,0,SUB,PUBLIC
8957,Ashlee,  Becker   ,7,5,3,21.00,13152.69,,,RURAL,Governmental
8958,Javier,Trujillo,3,4,1,57.20,42244.76,1,4,Urban,INTERNATIONAL
8959,Bradley,EVERETT,7,8,6,33.30,22309.64,0,0,Urban,Public
8960,Fred,Fernandez,11,4,2,25.90,,1,2, Rural ,Governmental
8961,Savannah,Pineda,12,6,4,,19854.84,1,1,Urban,Governmental
8962,Phillip,,12,4,2,39.40,20219.22,1,1,Rural,Public
8963,Haley,  Reeves   ,13,5,3,,42153.46,1,,Urban,public
8964,Dean,Swanson,8,2,0,35.20,13142.63,,,  suburban  ,Public
8965,Frank,Yu,7,2,0,,19286.63,1,2,Suburban, Public 
8966,Ross,Ruiz,12,2,0,39.60,,1,2,Urban,PUB
8967,Raven,Buchanan,10,5,3,28.30,,0,0, Urban , Public 
8968,  Alan   ,Sawyer,14,3,1,32.80,,1,2,URBAN,Gov
8969,Gary,Browning,12,2,0,53.00,30439.14,1,2,SUB,Governmental
8970,Austin,Jackson,15,2,0,69.60,32689.95,1,3,null,public
8971,James,  Carey   ,9,7,5,44.00,,1,2,Urban,international
8972,Eileen,Escobar,14,5,2,26.30,10181.68,0,0,Suburban,
8973,Todd,Martinez,18,3,1,32.10,5464.03,,, Rural ,Public
8974,Sierra,Hernandez,120,6,4,51.40,16029.1,0,0,Urban,public
8975,Carolyn,Hayes,12,4,2,30.60,7976.05,,,Suburban,PUBLIC
8976,Patty,Cross,7,3,1,27.40,12242.32,0,0,Rural,Public
8977,Travis,Barry,14,8,6,40.10,35262.41,1,2,  Suburban  ,Intl
8978,Jerry,Mccormick,15,3,1,39.10,20193.35,1,1,Rural,public
8979,Leah,Hawkins,9,5,3,43.80,45032.24,1,3,Suburban,  public  
8980,Christina,Jenkins,13,4,1,55.00,31379.88,1,2,Suburban,PUB
8981,Gregg,Hancock,12,4,2,49.30,20492 EGP,1,3,  Suburban  ,International
8982,Jenna,Meyers,12,3,1,,22263.88,0,0,urban,PUB
8983,Kathryn,LANE,13,4,2,23.50,32552.2,1,,SUB,Public
8984,Renee,CASE,12,4,2,12.30,,1,3,  Suburban  ,Public
8985,Guy,GARDNER,10,3,1,31.80,5178.5,0,0,Urban,  Governmental  
8986,Jody,Pearson,13,4,2,43.30,36850.44,1,2,Urban,Public
8987,Luis,Ellis,15,3,1,51.20,29110.68,0,0,Suburban,INTERNATIONAL
8988,Beverly,Phillips,9,3,1,67.00,70482.12,1,-4,Urban,INTERNATIONAL
8989,Jordan,Arnold,10,3,0,41.90,43609.9,1,2,Urban,PVT
8990,Jonathon,White,4,9,6,37.10,35243.91,1,,City,  Public  
8991,Tom,Coffey,13,6,4,26.50,25042.47,1,2,Urban,international
8992,  Devin   ,Joseph,15,2,0,52.50,,0,0,Suburban,Gov
8993,Austin,Horton,10,4,2,,25485.39,1,3,Urban,  Public  
8994,Donna,,11,4,2,43.60,50278.04,1,2,Urban,Private
8995,Jill,Byrd,10,4,2,52.20,38369.38,1,1,City,Private
8996,Bailey,Bell,9,4,2,28.80,28676.32,1,6,Rural,international
8997,Lucas,Clayton,11,9,6,29.50,18191.19,0,,Rural,Homeschool
8998,Patty,Fuller,8,7,5,,18128.7,0,0,URB,Gov
8999,Christian,Parrish,10,8,6,33.40,,1,3,urban,Public
9000,Diamond,Watts,7,2,0,29.40,53559.43,1,1,Urban,INTERNATIONAL
9001,Tamara,,13,4,2,45.30,32926.66,1,2,  Urban  ,Public
9002,Micheal,Johns,11,9,7,48.10,34744.68,1,1,Suburban,Public
9003,  Alec   ,Williamson,9,2,0,49.70,33709.11,0,0,Suburban,PUBLIC
9004,Harry,Stark,11,6,4,52.00,19779.11,1,3,Suburban,PUB
9005,Chase,Buckley,10,7,5,51.50,,0,0,Rural,PUBLIC
9006,Kelli,Avila,15,4,2,37.30,,1,1,Suburban,Public
9007,Gina,Fitzpatrick,9,4,2,45.00,25716.92,0,0, Urban ,International
9008,Jenny,Hess,13,6,4,53.60,45114.67,1,4, SUB ,International
9009,Thomas,Newman,8,3,1,47.30,47220.35,1,2,City,Private
9010,Unknown,Benjamin,13,5,3,54.60,"$34,792",1,4, Suburban ,PUBLIC
9011,Ariana,Joyce,14,2,0,36.30,50390.0,1,3,Urban,Private
9012,Marilyn,Hudson,14,6,4,43.50,,0,0,unknown,Public
9013,Johnny,Sosa,16,8,6,59.90,15594.52,1,1,Urban,Governmental
9014,Raymond,Burke,12,8,6,33.20,27274.79,0,0,urban,homeschool
9015,Jamie,Robinson,15,4,2,32.70,28488.95,1,1,  Urban  ,Public
9016,,Raymond,16,6,3,41.80,37110.51,1,2,Suburban,PUB
9017,Gina,Escobar,6,3,1,51.40,39391.12,1,1,  Urban  ,Private
9018,Penny,Daniel,8,8,6,18.80,29906.14,1,3,Rural,Governmental
9019,Desiree,,5,3,1,20.60,"9,816.31",0,0,urban,PUBLIC
9020,Mary,Mccoy,25,6,4,,,,-1,rural, PUB 
9021,,Barker,5,4,2,60.40,28275.54,0,0,  Urban  ,Public
9022,Kelly,Knapp,4,6,3,52.20,38701.92,1,2,Urban,Private
9023,Roger,Unknown,7,5,3,58.90,,1,3,city,International
9024,Unknown,Washington,4,10,8,38.00,17369.66,1,2,URBAN,public
9025,Andre,Deleon,11,5,3,39.40,20122.45,0,, Urban ,PUBLIC
9026,Adam,Wise,7,2,0,38.20,20275.53,0,0,SUB,Public
9027,Paige,Mejia,4,3,1,30.80,19730.81,0,0,Urban,Public
9028,Erin,Montgomery,10,6,4,27.40,18241.78,0,,Urban,null
9029,Krista,VILLANUEVA,11,4,2,46.50,30493.07,1,3,Urban,Private
9030,Steven,Powell,4,2,0,33.00,43958.64,1,4,  Suburb  ,Public
9031,Diane,Clayton,8,3,1,37.70,31749.84,1,-1,Urban,  Gov  
9033,Martin,Franklin,9,2,0,27.60,26690.93,0,0,URB,Public
9034,Erika,Byrd,9,3,1,55.30,14454.7,1,2,Suburban,  Gov  
9035,Breanna,,15,4,2,37.50,43943.74,1,2,Suburb,Public
9036,Brandon,Lane,18,5,3,48.10,66778.34,1,6,URB,private 
9037,Michelle,Lang,9,3,1,42.40,,0,0,Suburban,Gov
9038,Carl,Dodson,6,3,1,57.70,33723.98,1,4,City, Public 
9039,  Tammie   ,Shepard,10,6,4,,,,,Sub-urban,private 
9040,Amanda,Farmer,11,6,3,53.60,26491.58,1,2,Suburban,Private
9041,Katherine,Mann,-5,7,4,31.80,24414.79,1,1,Suburban, Public 
9042,Sherri,Yang,13,7,5,31.80,,0,0,urban,Public
9043,Jeff,Peters,18,5,3,32.70,49754.15,1,3,suburban,Public
9044,Alec,Gentry,4,2,0,47.80,23542.43,0,0,Suburb,public
9045,Jason,Logan,9,7,5,33.30,19761.56,0,0,SUBURBAN,PUB
9046,Rebecca,,16,3,1,27.10,27281.65,1,5, Suburb ,  international  
9047,Melvin,Marsh,9,2,0,,15853.91,1,,Suburban,Public
9048,Keith,Douglas,13,4,2,,26875.99,0,2,Urban,Public
9049,brittany,Benitez,13,5,3,9.50,10823.49,0,0,Urban,PUBLIC
9051,Shannon,Nichols,17,2,0,50.90,approx 17.4k,1,3,Urban,Priv
9052,Connor,Leonard,12,6,4,31.80,22185.37,1,,Urban,Public
9053,Isaac,Gregory,4,7,5,33.50,9736.61,0,,SUBURBAN,Public
9054,Alexandra,Clements,8,2,0,41.60,19465.26,0,0,SUB,Gov
9055,Raven,Foley,18,4,2,40.60,19081.11,0,, Suburban ,Public
9056,Martin,Moody,5,6,4,37.90,24739.1,0,0,Sub-urban,PUB
9057,Alisha,Gilmore,12,3,1,42.70,41680.32,1,2, Urban ,Private
9058,Dakota,Hancock,3,3,1,62.60,"76240,76",1,2,Urban,Private
9059,Lacey,Jenkins,6,4,2,57.30,37629.27,1,3,Urban,public
9060,andre,Johns,14,4,2,50.80,14894.35,,,Suburban,Public
9061,Wanda,Carpenter,11,6,4,55.40,42897.56,1,1,Urban, Private 
9062,Suzanne,Hill,9,6,4,37.50,64236.86,1,-2,URB,Private
9063,Kristen,Davidson,8,3,1,30.60,,,,URB, Public 
9064,Stacey,Palmer,120,2,0,37.20,14249.22,0,0,Suburb, Public 
9065,Yvette,Snow,13,3,1,34.40,7851.16,,,Rural,Homeschool
9066,Lisa,Gonzales,9,5,3,31.00,12575.76,,,n/a,home-school
9068,Valerie,Dawson,11,5,2,,,1,3,Suburb,public
9069,Edward,,13,6,3,31.70,48553.45,0,0,Urban, Private 
9070,Justin,Escobar,10,4,2,,31635.64,1,4,Suburban,Governmental
9071,Stefanie,Mcdowell,11,7,5,43.90,30490.39,1,3,URBAN, PRIVATE 
9072,Katrina,Wiggins,120,4,2,50.00,36876.67,1,1,URBAN, Public 
9073,Jamie,Cantrell,8,3,1,,32785.59,1,4,Sub-urban,Public
9074,Jeffery,Sandoval,11,4,2,56.40,60885.96,1,2,urban,Int.
9075,Ronald,Franklin,13,5,3,,,0,0,  RURAL  ,Gov
9076,,Mooney,14,6,4,54.90,34336.39,0,0,URBAN,Public
9077,Dakota,HUYNH,13,8,6,,,0,0,RURAL,Public
9078,Kellie,Pace,8,4,1,54.10,,1,7,Urban,Public
9079,Sheryl,Franklin,13,6,4,30.90,25823.3,1,3,Urban,PUBLIC
9080,Candice,Hubbard,12,2,0,33.70,,,,Suburban,public
9081,Sabrina,Eaton,8,5,3,24.80,41369.63,1,1,SUB,Public
9082,Nicole,Armstrong,9,3,1,,38891.84,1,5,RURAL,Public
9083,Molly,Charles,13,7,5,40.00,25069.69,1,,suburban,Public
9084,Christopher,Fisher,15,2,0,36.70,30718.78,1,1,Sub-urban,Public
9085,Gavin,Adkins,4,2,0,47.30,approx 47.8k,1,2,Urban,International
9086,Stacey,Melton,16,4,1,40.40,,0,0,Rural,Public
9087,Maurice,Horne,-5,5,3,19.90,28403.77,1,1,suburban,Priv
9088,Aaron,Thornton,11,3,0,44.50,22712.22,1,,SUBURBAN,Public
9089,Terrance,Hunter,10,2,0,55.90,18916.19,1,2,Suburban,
9090,Tasha,Crosby,12,4,2,47.40,39611.39,1,3,Urban,  Private  
9091,judith,Romero,8,5,3,36.60,22740.14,1,1,Rural,International
9092,,Webb,10,2,0,42.70,"$42,506",1,3,Suburb,Private
9093,Emily,Goodman,5,4,2,43.30,25543.33,0,0,Suburban,Gov
9094,Hector,Mcbride,4,2,0,,13228.07,,,Suburban,Public
9095,Cindy,Russo,18,4,2,,,1,,Urban,Priv
9096,Mercedes,Spears,11,6,4,,17085.82,0,0,SUBURBAN,Public
9097,Gina,Wright,11,7,5,39.10,16924.36,,,Suburban,Public
9098,Austin,  Wilkins   ,10,5,3,51.10,22190.6,1,2,Urban,private
9100,Melinda,Williamson,9,2,0,23.80,22704.25,1,3,Suburban,public
9101,Kirk,Holder,11,7,5,38.60,24116.15,0,,rural,Home School
9102,Phillip,Fisher,10,5,3,32.50,"$20,161",0,,Suburban,Unknown
9103,Megan,Bradley,8,6,4,46.60,62069.39,1,4, Urban ,Homeschool
9104,Alec,Charles,12,4,2,49.50,59988.72,1,4,URBAN,  Private  
9105,Misty,Alvarado,11,6,4,43.30,48489.8,1,1,urban,Private
9106,Breanna,Perez,12,3,1,31.10,,0,4,Suburban,PUB
9107,,carey,13,7,5,59.20,37742.48,0,0,  RUR  ,Private
9108,  Alexandria   ,Adams,10,3,1,35.40,22461.38,0,0,Suburban,public
9109,Carla,Trujillo,10,6,4,44.70,43179.72,1,4,Rural, Private 
9110,Molly,Simon,16,11,9,20.40,18356.93,,,Suburban,Public
9111,Walter,Schneider,7,4,2,52.50,23697.04,0,0,Suburban,Public
9112,Kayla,Duarte,4,3,1,36.10,18021.05,0,,Rural,Public
9113,Sabrina,Sloan,12,2,0,31.10,17804.5,0,5,Urban,private 
9114,,Moreno,8,4,2,22.70,,1,2,Urban,Public
9115,Meghan,Hernandez,7,2,0,,,,,URB,Public
9116,Reginald,Barron,14,4,2,,150851.12,1,6,Urban, private 
9117,,,10,2,0,45.20,,,,Suburban,public
9119,Tyler,Myers,17,2,0,37.80,40724.97,1,2,  urban  ,NA
9120,Corey,Moss,5,5,3,,13587.31,,,Urban,Public
9121,Shelly,Church,10,6,4,28.50,12267.65,0,0,urban,Public
9122,Kim,Willis,4,3,1,36.00,,0,,Urban,PUBLIC
9123,,Pena,11,8,6,39.20,"20150,71",1,5,Rural,Public
9124,Kyle,Haynes,8,2,0,,14206.68,,,Suburban, PUBLIC 
9125,Shelia,Lutz,13,8,6,42.40,36456.09,1,2,Suburban,International
9126,Marilyn,Andrews,10,2,0,68.00,24546.07,0,0,Suburban,Public
9127,Hailey,Liu,15,2,0,46.20,31164.53,1,3,Urban,PUB
9128,Aaron,Bauer,1,6,4,26.60,19942.64,1,3,Suburban,Public
9129,Kim,Thornton,5,5,2,,25548.02,0,, urban ,Public
9130,,Reilly,11,4,2,56.70,18175.96,1,2,Urban,Public
9131,Michele,Tanner,10,4,2,42.10,,0,0,SUB,Unknown
9132,Victoria,Palmer,4,2,0,48.30,,0,0,Suburban,Private
9133,Ricardo,Sharp,7,7,5,67.20,39446.07,0,0,Village,Priv
9134,,Davis,8,2,0,49.00,23911.89,1,1,Urban,private 
9135,Jimmy,Spears,16,8,6,18.20,7363.94,,,Suburban,Public
9136,  Marie   ,Cummings,13,5,2,,34280.03,1,1,City,Homeschool
9137,Karen,Gamble,9,5,3,39.60,approx 16.4k,,,,  Public  
9138,Devin,Roach,12,6,4,37.10,,1,2,Rural,Public
9139,Laurie,Houston,3,8,6,,,0,-1,Suburban,public
9140,Francisco,Taylor,8,3,1,61.10,,1,5,Urban,INTERNATIONAL
9141,Tammy,Shah,12,3,1,37.20,20723.13,0,6,SUBURBAN,Public
9142,Alicia,Clay,11,6,4,67.80,40088.33,1,,SUBURBAN,Governmental
9143,Christy,Crosby,9,4,2,38.90,25356.11,1,1,RURAL,Public
9144,Jodi,Unknown,10,2,0,,12068.98,,,Suburban, Governmental 
9145,Anne,Clements,12,6,4,58.60,19020.27,0,-4,Rural,?
9147,Shannon,Andrade,14,5,3,43.50,13163.96,,,Suburban,Public
9148,Tony,Moody,12,4,2,50.50,,,,Urban,Public
9149,Courtney,Hurst,12,8,5,57.00,40203.99,1,2,SUB,Private
9150,Andrea,Leon,17,9,7,52.70,,1,5,RUR,unknown
9151,Julie,Ortiz,13,2,0,45.30,16433.56,0,,SUB,homeschool
9152,Derrick,,17,4,2,54.70,28815.18,1,1,Suburban,Gov
9153,Barry,Webb,8,5,3,42.40,"$35,268",1,1,Urban,Public
9154,Lawrence,Joseph,5,3,1,32.40,22214.63,1,1,Urban,PUB
9155,Heidi,Fitzgerald,10,3,1,67.90,55502.41,1,2,Sub-urban,Private
9156,Darius,Murphy,10,4,2,49.70,99540.5,1,8,urban,International
9157,Phillip,Unknown,16,5,3,31.60,21402.5,1,,Urban,Public
9158,Lauren,Decker,6,3,1,52.90,,1,5,SUB,Private
9159,Gabriella,Schmitt,10,2,0,22.20,18945.25,0,0,SUBURBAN,public
9160,Isaac,Arellano,12,6,4,46.60,17437.19,0,0,URBAN,PUB
9161,Lorraine,Haas,11,4,2,39.90,27539.22,0,0,Urban,  Public  
9162,April,Waters,10,7,4,24.10,47952.17,1,5,URBAN,International
9163,Debra,Huynh,12,2,0,42.50,24165.42,1,,Sub-urban,  public  
9164,Vanessa,Brewer,14,8,6,31.80,,1,1,rural,public
9165,Melanie,Newton,16,2,0,46.10,33678.56,1,2,URB,  private   
9166,Madison,Tate,11,2,0,43.60,62571.45,1,4,Urban,  PRIVATE  
9167,,Wallace,8,11,9,,22968.02,1,,Rural, Public 
9168,Raven,Holt,16,5,3,52.90,68995.93,1,, city ,International
9169,Jordan,Hayes,7,5,3,23.20,,0,0,Suburban,  Public  
9170,Hannah,Oconnor,17,7,5,32.90,26584.91,0,,city,Homeschool
9171,Madeline,Mcguire,15,6,4,,17139.76,1,1,Rural,Public
9172,Johnathan,Long,16,2,0,39.00,16000.35,0,,Sub-urban,Public
9173,John,Lutz,13,7,5,34.40,17087.35,1,,Urban,Public
9174,Dominic,CONTRERAS,3,4,2,34.40,36686.36,1,3,URBAN,Public
9175,Robert,Nichols,7,4,2,34.90,42868.25,1,1,URB,null
9176,,Monroe,12,2,0,49.90,31632.79,1,1,Urban,International
9177,Paul,Unknown,8,4,2,47.80,53234.5,1,3,Urban,Private
9178,,Owen,9,7,5,49.30,,0,0,Suburban,Public
9179,Sharon,Sawyer,13,5,3,25.20,20638.56,0,0,  Suburban  ,  Public  
9180,Ian,Bates,10,5,3,,15538.55,0,0,Urban,Public
9181,Hector,Barrett,6,4,2,43.00,32101.64,1,2, Urban ,public
9182,Jeanette,Bolton,14,2,0,38.00,22433.87,1,3,countryside,PUB
9183,Mikayla,Campos,12,3,1,,,1,3, Urban ,Public
9184,Desiree,Henderson,10,9,7,40.90,13393.28,0,0,Suburban,PUB
9185,Shelly,Sloan,13,7,5,43.50,31408.45,0,0,SUB,Private
9186,Candice,Barker,11,5,3,33.30,56379.56,1,5,Suburban,private
9187,Albert,Jennings,15,3,1,31.50,14751.07,0,0,  Sub-urban  ,Public
9188,Krystal,Singh,11,6,4,39.40,,,,countryside,Public
9189,Lucas,Goodman,15,3,1,39.40,,1,1,URB,Public
9190,Alisha,Shaffer,4,2,0,35.80,41917.66,1,4,city,Private
9191,Jeffrey,Wyatt,12,2,0,,19950.06,1,1,Urban,Gov
9192,Leon,Buckley,9,6,4,44.70,38674.26,1,2,Urban,Private
9193,Lindsay,,7,3,1,46.40,26399.89,0,0,Urban,  Public  
9194,Peter,Bowers,15,6,4,64.00,80057.2,1,8,City,International
9195,Richard,Schneider,14,3,0,47.90,39471.09,1,8,Suburban,PRIVATE
9196,Nathaniel,Mora,3,2,0,35.90,19108.81,0,0,Urban,Public
9197,Mia,Joyce,13,4,2,19.50,"$14,528",,,Rural,Public
9198,Gene,Joseph,13,7,5,32.00,45859.04,1,,city,Public
9199,Hailey,Durham,8,7,5,24.10,14217.78,1,2,Suburb,PUB
9200,Ana,Hicks,7,4,2,29.20,56964.94,1,2,NA,Private
9201,Peggy,Morrison,5,4,2,41.30,25909.86,1,3, URBAN ,Public
9202,Jenny,Rodgers,9,4,2,19.00,39930.69,1,1,Suburban,International
9203,Tony,Howard,10,2,0,40.30,26692.45,1,, City ,N/A
9204,Phillip,Kelly,13,5,3,40.00,19185.04,0,0,Suburban,Public
9205,Lee,Swanson,11,2,0,42.50,17533.76,0,0,Suburban,Public
9206,Howard,Goodwin,7,5,3,53.00,66357.16,1,,Suburban,PUBLIC
9207,Tonya,Baldwin,11,2,0,44.80,21756.88,0,0,Sub-urban,  Private  
9208,,Porter,10,3,1,55.70,93370.75,1,7,RUR,private
9209,Albert,Knapp,7,4,2,34.00,32322.17,1,1,  Urban  ,Private
9210,Cody,Sloan,5,4,2,,10743.6,,,rural, Gov 
9211,FRANK,Christian,13,4,2,70.50,12432.92,,,Urban,PRIVATE
9212,Melissa,Skinner,12,5,3,,50414.33,1,4,Suburb,Private
9213,Dwayne,Anderson,13,5,3,50.60,15420.42,,,Rural,private 
9214,Miguel,Colon,8,3,0,28.00,46745.63,0,0,unknown,Private
9215,Theresa,Washington,11,8,6,59.80,61528.26,1,4,countryside,private
9216,Unknown,Cox,6,2,0,23.20,36969.92,1,1,NULL,Private
9217,Jessica,Davis,-5,6,4,21.80,20650.91,0,0,rural,PUB
9218,Leah,Greene,11,6,4,,58365 EGP,1,2,City,Private
9219,Dean,Shepard,11,6,4,61.60,39825.53,1,1,suburban,Gov
9220,,French,5,6,4,25.50,14846.09,0,0,URBAN,PUBLIC
9221,Jorge,Armstrong,7,5,3,33.80,61880.37,1,8,URBAN,Private
9222,Shelly,,9,5,3,35.80,24952.36,1,2, Suburban ,Public
9223,,Alvarado,14,7,5,19.00,59739.33,1,7,Suburban,International
9224,Jerry,Banks,8,3,1,45.60,33822.29,1,3,suburban,Public
9225,Jesse,Hoover,11,2,0,51.40,49283.9,1,3,Suburban,Private
9226,Brent,Jones,11,2,0,33.30,22617.13,1,1,Suburban,?
9227,Bonnie,Anthony,99,2,0,12.60,,0,2,city,PUB
9229,Laura,Holden,6,3,1,59.50,,1,,Suburban,Homeschool
9230,Stacy,Parsons,8,2,0,49.00,18839.05,0,0,Suburban,Public
9231,michael,Barnes,16,2,0,41.60,26587.12,1,1, Urban ,public
9232,Sophia,Unknown,16,8,6,34.90,approx 8.8k,,,Urban,?
9233,Candice,Cruz,14,6,4,38.50,27298.49,1,-4,Urban,PUB
9234,Erika,Franco,14,3,1,47.40,,,,  Suburban  ,Public
9235,Henry,Prince,4,2,0,52.60,"$39,516",1,3,Urban,Gov
9236,Brittany,Mays,7,3,1,27.80,30767.29,1,1,SUB,Public
9237,Cheyenne,Conley,9,4,1,38.90,25805.95,0,0,Suburban,Public
9238,Joshua,Good,18,3,1,38.70,35506.01,1,2,Village,Public
9239,Valerie,Frazier,9,6,4,56.00,"33946,15",1,5,URB,INTERNATIONAL
9240,,,13,4,2,52.30,19080.07,1,1,Village,Private
9241,Christina,Vaughan,12,6,4,34.10,30543.04,1,2,Suburban,Public
9242,corey,Long,12,4,2,46.70,"$21,579",1,2,URB,Public
9243,Yolanda,Hood,10,3,1,53.10,51290.51,1,4,URBAN,INTL
9244,Micheal,Moses,6,8,6,39.00,17961.76,,,city,Gov
9245,Melinda,Aguirre,3,7,5,,37515.7,1,6, Urban ,Private
9246,Wanda,Walls,15,6,4,61.40,58120.59,1,6,City,private
9247,,Blair,8,8,6,34.10,,1,2,urban,PUBLIC
9248,Jorge,Clements,4,5,3,49.10,8198.35,0,,  countryside  ,PUBLIC
9249,Briana,,12,3,1,51.70,16742.9,1,1,Urban,Public
9250,Penny,,12,4,2,50.90,80772 EGP,1,7,Urban,  Private  
9251,Gabriel,Young,13,4,2,31.20,18304.11,,,Suburban,NA
9252,Austin,Wagner,15,6,4,41.80,,,,Rural,Public
9253,Penny,Ramsey,7,6,4,44.10,20983.58,1,,RUR,Public
9254,Marcia,Case,7,9,7,,,,,Rural,Homeschool
9255,Diana,Parsons,9,2,0,43.50,10147.42,0,0,rural,  Priv  
9256,Yvette,Shea,13,4,2,39.80,64714.54,1,4,URBAN,Private
9257,Heidi,Cordova,3,3,1,44.60,15131.71,,,Suburb,Public
9258,Russell,Wilcox,11,3,1,57.00,25759.66,1,3,URB,Public
9259,Douglas,Choi,14,4,2,20.40,20166 EGP,0,0,Rural, Public 
9260,Kiara,Gamble,14,5,3,31.90,34963.85,1,5,  urban  , Homeschool 
9261,Sean,Owens,13,5,3,27.00,19093.7,1,1,Suburb,Public
9262,Marvin,Barker,14,5,3,33.50,40155.35,1,5,City,Gov
9263,Theodore,Higgins,3,5,3,45.60,38003.11,1,3,Rural,  Private  
9264,Madison,Zamora,16,2,0,34.80,16582.36,0,0,urban,Public
9265,Dale,Snyder,12,5,3,21.20,,1,2,Rural,home-school
9266,Tamara,Roy,15,2,0,21.30,,1,1,Rural,Gov
9267,Johnathan,James,6,3,1,17.80,43692.05,1,9,URB,public
9268,Alexandra,Weaver,4,2,0,48.70,26061.47,0,0,SUB,Governmental
9269,Christy,Massey,17,8,6,34.40,27724.14,1,3,Urban,PUBLIC
9270,Matthew,Woodward,7,2,0,23.80,,0,0,city,Public
9271,Frederick,  Frye   ,9,4,2,30.90,,1,2,URBAN,Public
9272,Breanna,Mora,12,6,4,42.10,,1,1,Suburban,Governmental
9273,Colin,,13,3,1,34.50,22412.82,1,3,Urban,public
9274,Isaac,,14,7,5,50.20,21201.93,1,1,Suburban, Public 
9275,Michael,Unknown,11,4,2,45.10,24734.88,0,0,Suburb,public
9276,Maxwell,Clay,7,3,1,46.20,107788.41,1,6,urban,private
9277,Rebekah,Valentine,13,6,4,28.20,,0,5,  City  , Gov 
9278,Kurt,Solomon,13,4,2,58.40,,1,5,City,  Private  
9279,Natalie,Waller,4,4,2,54.00,,1,6,Urban,Private
9280,Marissa,Stone,16,7,5,19.40,26690.64,1,,Rural,Public
9281,Gregg,Thornton,3,6,4,49.40,18655.69,1,1,Urban,PVT
9282,Jerry,Duke,14,6,4,48.00,27596.64,1,4,SUB,Gov
9283,Julie,Gonzales,8,8,6,43.40,13838.78,1,,  Rural  ,Homeschool
9284,Mark,Patterson,13,2,0,56.40,90032.76,1,9,Urban, International 
9285,William,Barker,12,5,3,45.90,32075.87,1,5,Suburban,PUBLIC
9286,Kari,Contreras,10,7,5,55.40,15256.34,1,,Rural,Homeschool
9287,Katherine,love,12,7,5,44.70,68302.81,1,5,Suburban,  Homeschool  
9288,philip,Chavez,10,4,2,8.20,24492.52,1,2, URB ,  Public  
9290,Kirk,Donovan,18,7,4,52.40,25243.58,1,,RURAL,PUB
9291,Connie,Camacho,6,4,2,,30978.81,1,,SUB,Public
9292,Douglas,Burns,3,3,1,,24136.4,1,4,Suburb, Public 
9293,Darren,Faulkner,9,4,2,55.50,40564.02,1,6,suburban,private
9294,Derrick,Garrett,9,3,1,42.70,18097.49,1,1,Suburban,Private
9295,Beth,Valdez,9,4,2,24.10,54859.61,1,,Urban,Public
9296,Natasha,Figueroa,7,5,3,35.00,14694.41,1,1,RURAL,Public
9297,,Finley,14,3,1,32.90,"62055,68",1,5,urban,public
9298,  Alexandria   ,Turner,6,4,2,43.50,30499.23,1,1,countryside,Homeschool
9299,Eddie,  Wallace   ,12,3,1,,40220.19,1,2,Urban,Public
9300,Marcia,Ho,13,6,4,59.30,24352.5,1,2,suburban,PUBLIC
9301,Cameron,Warner,12,5,3,23.50,46932.73,1,6,SUB,Private
9302,Lori,Munoz,12,7,5,67.80,35034.97,1,6, Suburban ,  Private  
9303,Gabrielle,Bryant,14,2,0,58.80,5069.04,,,Urban,Public
9304,Kayla,Taylor,11,4,1,31.60,16321.82,,,Suburban,Public
9305,Alexander,Oconnell,9,3,1,35.60,32624.1,1,3,Urban,Private
9306,Glenn,Galloway,12,3,1,,34677.61,1,2,City,Governmental
9307,Morgan,Figueroa,13,4,2,58.10,37757.4,1,5,Suburban,Public
9308,Samuel,Huff,14,2,0,34.40,,0,0, countryside , Private 
9309,Jordan,Bright,4,7,5,35.90,23686.48,1,3,Rural,Gov
9310,Monica,Hoffman,10,4,2,52.80,8132.39,,,Suburban,Public
9311,Darlene,Kelley,7,4,2,49.90,,1,5,suburban,  Public  
9312,Kristi,Garrison,13,2,0,44.60,58028.64,1,2,Urban,  Private  
9313,Kirk,Forbes,13,2,0,40.50,31614.57,1,,  City  ,PUB
9314,Susan,Hunt,10,4,2,62.00,28621.02,1,6,NA,PUBLIC
9315,Helen,Mullen,8,2,0,37.50,19499.86,1,1,Suburb,Public
9316,Megan,Walsh,13,3,1,35.50,,1,4,Suburban,  Governmental  
9317,Toni,Gillespie,10,5,2,44.70,,1,,Urban,Homeschool
9318,Javier,Marsh,16,3,1,52.10,41194.95,1,2,Urban,International
9319,Matthew,Mclaughlin,17,7,5,33.10,"37635,36",1,4,Urban,Public
9320,,Montgomery,14,2,0,,26365.75,1,4,SUB,Governmental
9321,Raven,Haley,11,5,3,43.70,38802.95,1,2,Urban,  Public  
9322,Roger,Holt,17,2,0,,33220.41,1,4,City,Public
9323,Dawn,Stevens,11,4,2,59.00,51664.23,1,1,Suburban,Int.
9324,Jerry,CHERRY,9,7,5,48.00,43139.56,1,2,  city  ,Public
9325,Cathy,Bauer,8,2,0,55.30,52672.43,1,3,Urban,PRIVATE
9326,Paige,Miranda,8,6,4,31.80,16811.97,0,0,Suburb,PUB
9327,Hannah,Neal,10,4,2,41.60,18870.58,0,0,Urban,Governmental
9328,jimmy,Brewer,12,4,1,31.00,26489.19,1,3,Suburban,public
9329,Krystal,,5,8,6,29.50,25905.26,1,-4, Rural ,private
9330,Riley,Parks,9,2,0,53.00,39827.33,1,4,urban,  Private  
9331,Jeffery,Parrish,11,4,2,39.70,19669 EGP,0,,Urban,Public
9332,Jessica,Deleon,13,5,2,50.60,39312.95,1,7,suburban,Gov
9333,Brandy,Gamble,10,2,0,37.50,18118.48,0,0,Suburban,Public
9334,Gene,Valencia,11,5,2,31.70,24850.12,1,,  Rural  ,public
9335,Paige,Sandoval,6,5,2,68.70,,1,,Urban,PUBLIC
9336,Julia,Lucas,7,4,2,,,,,countryside,private 
9337,Mason,Petersen,10,2,0,36.70,"19,057.43",1,,Suburban,Public
9338,Carl,Castro,12,4,2,,31992.26,1,1,Urban,PUB
9339,,Unknown,11,5,2,40.00,26787.11,0,0,Suburban,international
9340,,Gilmore,7,5,3,36.40,16720.48,,,Urban,Public
9341,,Mcclain,10,3,1,41.30,41404.32,1,1,Urban,International
9342,Kathy,Haley,16,3,1,26.10,56172.14,1,3,Urban,PVT
9343,Alisha,Barber,12,5,3,36.30,47730.09,1,2,Urban,Priv
9344,Colton,Schmitt,10,4,2,51.40,30432.59,1,2,SUB,Public
9345,Melissa,Brown,7,2,0,34.10,23214.56,1,6,  Urban  ,Public
9346,  Crystal   ,Marsh,8,3,1,19.70,31917.77,1,2,  Urban  ,Priv
9347,theodore,Guerra,11,2,0,27.10,27658.71,1,4,Urban,Private
9348,Connor,Wilkins,11,4,2,48.00,27401.85,1,4, Suburban ,  Homeschool  
9349,Reginald,Unknown,13,8,6,,28711.23,1,3,  Rural  ,Public
9350,Kimberly,Norton,12,3,1,66.50,,1,4, Urban ,  Private  
9351,Elaine,Alvarez,9,5,2,18.70,,0,0,  Rural  ,Public
9352,Wanda,,9,4,1,44.50,"$39,726",1,2,suburban,Priv
9353,Billy,Luna,18,4,2,,21342.67,1,2,Rural,Unknown
9354,Mariah,Waters,8,8,6,39.80,27790.59,0,,Suburban,Gov
9355,Caitlin,Hopkins,6,5,3,22.30,15585.45,1,1,City,Gov
9356,Danielle,Parrish,5,6,4,,,1,1,Suburban, Private 
9357,Hailey,Kent,9,6,4,52.30,"17266,73",,,suburban,Public
9358,Tracy,Dougherty,14,2,0,35.20,,,,Rural,public
9359,roberta,Hansen,8,8,6,50.80,13100.91,1,2,RURAL,public
9360,Dustin,Richmond,16,5,2,34.40,,1,4,Sub-urban,Public
9361,Megan,Leon,10,2,0,53.60,,1,6,Sub-urban,Private
9362,Darlene,Gregory,14,3,1,41.70,67924.42,1,5,URB,private
9363,Marilyn,Callahan,8,4,2,40.40,29805.27,0,0,Suburban,Unknown
9364,Jasmine,Landry,8,2,0,31.00,25121.73,1,1,Suburban,Governmental
9365,Unknown,Huff,11,2,0,48.70,69884.0,1,2,  Suburban  ,PVT
9366,Carl,Carrillo,12,2,0,67.10,72625.45,1,1,Urban,private 
9367,Charlotte,Terry,10,4,2,39.40,11419.13,,, Village ,public
9368,Ethan,Rogers,12,4,2,61.20,34071.69,1,3,City,Public
9369,Eduardo,  Hobbs   ,13,5,3,49.40,26894.51,1,6,Urban,Public
9370,Shane,West,5,3,1,43.30,,1,3,city,Public
9371,Alyssa,Lin,9,6,4,30.50,27146.16,0,0,Urban,Public
9372,Taylor,Bates,0,6,4,37.30,,0,0, City ,Public
9373,Tonya,Andersen,9,4,1,53.10,33386.44,1,4,urban,Public
9374,,Pruitt,12,4,2,,33490.61,1,,  city  ,public
9375,Sean,CARRILLO,9,7,5,,65578.25,1,5,  Urban  ,private 
9376,Victoria,Kramer,3,2,0,47.80,19076.47,0,0,Urban,Public
9377,Karen,Wyatt,10,4,2,44.90,29196.55,1,1,Rural,  Gov  
9378,,Rodriguez,7,2,0,70.80,,1,1,Suburban,Public
9379,Theresa,Rogers,12,3,1,50.10,33869.32,0,0,Urban,Public
9380,Yolanda,Hendricks,13,2,0,45.40,45426.11,1,2,SUBURBAN,Public
9381,Alicia,Unknown,3,2,0,37.80,34995.2,1,3,Suburban,Gov
9382,Kelly,Aguirre,19,6,4,35.00,21504.02,0,0,Sub-urban,Public
9383,Ellen,Myers,12,3,0,38.70,34774.44,1,3,Urban,International
9384,Charles,Andrews,5,4,2,51.20,63497.7,1,4,Suburban,n/a
9385,Kelly,Marshall,13,3,1,,21473.29,1,3,urban,Gov
9386,Martha,Mcdaniel,14,4,2,42.30,40603.28,1,1,urban,International
9387,Steve,Villanueva,10,6,4,,29167.14,1,2,Rural,Public
9388,Elaine,Reed,8,9,7,38.80,24018.66,1,,  URB  ,Private
9389,Heather,Krause,3,2,0,44.30,,1,6, city ,Unknown
9390,Bruce,Hale,13,4,2,31.90,92992.51,1,1,urban,International
9391,Andre,Pruitt,18,2,0,37.10,46710.14,1,1,Suburban,private 
9392,Frederick,Schmidt,17,4,2,,,1,,urban,-
9393,Selena,Walter,10,4,1,55.20,11489.79,0,0, Urban ,Public
9394,Marvin,Jimenez,7,6,4,24.80,14378.54,0,0,URB,Governmental
9396,Dale,Shaffer,10,2,0,48.20,20707.18,1,1,Urban,Gov
9397,Michelle,Walsh,12,2,0,47.00,41949.96,1,2,Urban,private
9398,Jodi,yoder,12,3,1,22.10,6210.35,0,0,Urban,Public
9399,  Rachel   ,Montoya,11,2,0,43.30,41800.93,1,4,Urban,Public
9400,Craig,Luna,999,6,4,9.10,15573.76,0,0,Rural,Public
9401,Unknown,Gaines,14,5,3,51.80,18996.53,1,1,SUBURBAN,Governmental
9402,Francis,Powers,9,3,1,53.40,84848.89,1,6,Urban, Private 
9403,Harry,LANE,7,5,2,29.70,25098.5,1,3,Urban,Public
9404,Chelsea,WALTER,3,4,2,48.60,10517.34,0,0,Sub-urban, Gov 
9405,Collin,Christian,9,3,0,41.00,32903.31,1,3,SUB,  Private  
9406,Sierra,  Mclean   ,7,2,0,47.70,36687.62,1,3,Urban,PVT
9407,Wayne,Hughes,12,5,3,42.60,"27020,05",1,1,urban,PVT
9408,Chris,Ferguson,9,5,3,44.60,93265.98,1,6,  SUB  ,PRIVATE
9409,Darrell,,10,2,0,35.90,33374.74,0,0,URB,Private
9410,Jonathan,Kim,13,7,5,59.70,51955.1,1,3,Urban,  Private  
9411,Gerald,Hart,12,3,1,,35514.18,1,1,URBAN,public
9412,,Vincent,10,4,1,39.10,51472.94,1,4,Suburban,Private
9413,Holly,Conrad,17,4,2,38.60,24785.59,0,0,urban,International
9414,Charles,Durham,13,4,2,43.20,,,, Urban ,Public
9415,Brittany,Gentry,9,6,4,47.10,"45,304.27",1,,Urban,Governmental
9416,Audrey,Maldonado,9,2,0,52.90,30169.87,1,2,SUB,  Private  
9417,James,Walter,13,5,3,48.90,39631.21,1,1, Suburban ,Public
9418,Michael,Walls,11,6,4,42.10,18229.73,1,1,SUB,Governmental
9419,Gabriella,Higgins,6,5,2,47.80,33326.37,1,, Suburban ,Public
9420,Kim,Wagner,14,2,0,44.60,,0,0,Suburban,Public
9422,Johnny,Mcclain,15,6,4,33.70,11642.75,0,,rural,Homeschool
9423,Mary,Solis,16,2,0,26.20,22533.95,1,1,Village,Public
9424,Allen,Mullen,18,5,3,,22780.97,0,0,Urban,n/a
9425,Kaitlin,Mejia,17,3,1,35.90,12027.43,,,SUB,PUBLIC
9426,  Maureen   ,Hicks,12,3,1,38.60,21752.13,1,1,city, PUBLIC 
9427,Henry,Baird,10,2,0,40.00,41322.76,1,2,urban,Gov
9428,,Galloway,4,4,2,38.10,31955.38,1,1,city,Public
9429,Joanna,Morrison,11,2,0,,"$16,987",,,SUBURBAN,  PUBLIC  
9430,Debra,Bush,12,2,0,32.10,27216.2,1,2,Rural,International
9431,Chad,Solomon,11,5,3,24.70,60534.81,1,4,Suburban,private
9433,Zachary,Lyons,9,3,1,33.30,8357.19,0,0,urban,PUB
9434,Dustin,Ho,999,6,3,38.00,19544.23,1,6,Rural,Public
9435,Larry,COHEN,7,5,3,50.90,27501.37,1,2,Urban,Governmental
9436,Michelle,Keller,11,4,2,43.70,5598.99,,,Rural,  PUBLIC  
9437,Annette,Downs,12,6,4,35.00,14621.84,,,Urban,Public
9438,Caitlyn,Wheeler,15,2,0,40.10,46142.34,1,5,-,Private
9439,Dwayne,Valdez,17,4,2,59.70,28342.53,1,1,Suburban, Public 
9440,Marco,Becker,9,4,2,42.10,,1,,Urban,private
9441,Barry,Larson,11,2,0,36.40,20794.61,0,0,urban,Public
9442,Bradley,Faulkner,11,6,4,47.70,46409.37,1,1,Suburban, Public 
9443,Rhonda,Waters,13,4,2,48.90,13011.76,1,2,Suburban,private
9444,Stacy,Salinas,12,5,3,46.50,18244.88,1,1,Urban,Public
9445,Kenneth,Morris,16,4,2,45.60,21487.65,1,2,SUB,Gov
9446,Jason,Bowers,3,2,0,36.50,11057.29,,,SUB,Public
9447,Jonathon,Fry,12,3,1,35.50,18307.88,1,4,urban,PUBLIC
9448,Judith,Cherry,12,2,0,72.80,53309.18,1,3,URB,Private
9449,  Lawrence   ,Silva,10,9,7,13.60,,,,-,public
9450,Nathan,Boyd,3,4,2,38.10,26356.81,1,2,Rural,Public
9451,Sierra,Brock,10,5,3,46.40,42159.82,0,,URBAN,PRIVATE
9452,Jason,,0,4,2,35.90,23326.85,1,3,Suburban,Homeschool
9453,Arthur,Everett,17,2,0,26.60,,0,0,Suburban,Public
9454,Monique,Young,12,6,4,34.20,26499.41,1,2,SUB,private
9455,Tammy,Little,8,4,2,28.80,,0,0,SUBURBAN,Public
9456,kayla,Dickson,3,4,2,48.10,19131.74,1,,Sub-urban,PUBLIC
9457,Joseph,Gillespie,13,4,2,42.20,33988.96,1,2,Urban,private 
9458,Eric,Murphy,13,7,5,38.00,27673.98,0,0, Rural ,private
9459,Felicia,Santiago,10,5,3,44.90,23541.92,1,2,Suburban,Public
9460,Monique,Charles,13,2,0,20.70,18317.6,,,SUBURBAN,Public
9461,Ashley,,9,5,3,,17528.6,,,Suburban,Gov
9463,Tom,Wood,14,6,4,,36072.04,1,4,Suburban,Private
9464,Dale,Evans,5,2,0,29.30,31025.05,0,,Suburban,private 
9465,  Alexandria   ,,5,6,4,51.50,29374.73,1,8,  Urban  ,Governmental
9466,Barbara,Short,45,5,3,34.20,42046.01,1,7,Urban,Private
9467,  Destiny   ,,14,7,5,26.20,25598.62,1,1,Suburban,?
9468,Sheena,Finley,6,6,4,33.40,14268.88,0,0,Urban,Public
9469,Darius,Coffey,5,6,4,33.60,13895.52,1,1,SUBURBAN,Public
9470,Jorge,Marquez,11,4,2,47.50,41395.32,1,7,Urban,PVT
9471,rebecca,Andrews,6,3,0,52.40,12019.78,0,0,SUBURBAN,PUB
9472,Miguel,Caldwell,9,3,1,41.50,24111.97,0,0,city,Public
9473,Gloria,Tyler,10,4,2,47.10,24033.77,1,1,suburban,private 
9474,Steven,Camacho,10,3,1,31.10,,0,0,Suburban,PRIVATE
9475,Stanley,Barnes,25,7,5,22.90,,0,0,City,Public
9476,Laurie,Vaughan,17,4,1,41.40,8990.08,,,Rural,Public
9477,Tanya,Mccormick,9,5,3,54.90,10988.99,1,2,?,Home School
9478,Haley,Horton,6,7,5,39.50,41622.55,1,1,Urban,public
9479,Lawrence,Torres,12,4,2,,31844.2,0,, Suburban ,private 
9480,Brad,Juarez,16,5,3,48.80,16851.67,,,Suburban,Public
9481,Mike,Durham,9,5,3,44.90,,,, suburban ,Public
9482,Stephanie,Short,14,5,3,37.90,32580.24,1,6,Rural,PVT
9483,Sheila,Colon,7,2,0,56.20,32604.0,0,0,  Suburban  ,Private
9484,Nathaniel,Harris,11,3,1,30.90,21129.58,1,,Urban,unknown
9485,Nathan,Walker,6,8,6,47.30,57120.43,1,7,Urban,Public
9486,Deanna,jensen,11,8,6,27.30,18502.9,,,rural, Private 
9487,Beverly,Lowe,10,3,1,43.40,35415.61,1,3,City,private
9488,Julie,Escobar,13,2,0,43.90,14427.83,1,,Suburban,Governmental
9489,,  Guzman   ,17,4,2,29.40,,0,0,Rural,public
9490,Sierra,Douglas,9,3,1,,,0,,Suburban,Public
9491,  Stefanie   ,Khan,3,5,3,50.40,,1,6,,PRIVATE
9492,Eric,Paul,10,4,2,42.20,16233.54,0,0,Suburban,Public
9493,Gene,Jackson,12,6,4,36.10,30817.73,1,4,Urban,Private
9494,Bryce,Barr,11,4,2,,,1,1,RUR,Public
9495,Logan,Gross,10,3,1,42.10,25299.69,1,1,Suburban, Public 
9496,Christian,Wilkins,16,8,6,,23509.56,1,1,Suburban,Public
9497,Jacqueline,Snow,11,7,5,27.80,,1,4,URB,public
9498,Levi,Spencer,10,5,3,47.40,38714.53,1,5,city,International
9499,Alicia,Unknown,8,8,6,27.10,16782.77,0,0, Urban ,Public
9500,Joshua,Padilla,4,7,5,51.40,20084.52,1,2,Suburban,Public
9501,Theodore,Ortega,12,3,1,37.50,7207.98,,,Suburban,Public
9502,Mariah,Willis,11,6,4,27.00,6156.87,,,Rural,Public
9503,,Mcbride,7,3,1,,14560.58,1,,city,Public
9504,Natasha,Marsh,10,3,1,53.60,47551.13,1,3,Urban,Public
9505,Maureen,Mccormick,10,6,4,39.90,22026.77,1,1,Suburban,PUBLIC
9506,Emily,Montes,8,3,1,38.90,,0,0,Suburb,private 
9507,Bryce,Burke,8,11,9,48.30,31624.49,1,2,Suburban,INTERNATIONAL
9508,Mariah,Gamble,12,5,2,43.50,34305.22,1,2,Urban,Private
9509,Dawn,Cobb,10,2,0,54.40,17689.95,0,0,city,  Public  
9510,Danny,Wright,8,3,1,59.00,26667.89,1,7,Suburban,Public
9511,Cory,Sims,7,3,1,24.60,19731.35,0,0,  RUR  ,international
9512,Jodi,Kemp,25,2,0,45.00,85851.43,1,6, Suburban ,International
9513,Carrie,Massey,14,2,0,67.90,21156.31,0,0,suburban,private 
9514,Joel,,0,4,2,50.30,38281.45,1,4,Suburban,N/A
9515,Dalton,Wilcox,10,4,2,50.80,23905.56,1,2,Suburb,Private
9516,Barry,Unknown,12,3,1,43.20,17391.94,0,0,suburban,Public
9517,Elijah,Unknown,15,3,1,,47965.83,1,5,city,Public
9518,Sophia,Herrera,12,3,1,22.70,84151.28,1,3,city,PVT
9519,Tonya,Unknown,11,2,0,46.90,19813.18,1,2,RURAL,Public
9520,Charlotte,Blackburn,13,2,0,55.00,,,, Rural ,  Gov  
9521,Krista,Clay,10,3,1,30.90,33094.43,1,2, SUBURBAN ,Public
9522,Carly,Murphy,11,5,2,35.00,34671.87,1,6,Urban,private 
9523,Suzanne,Rodriguez,9,2,0,47.40,86601.92,1,5,  Suburb  ,International
9524,Marcia,Harvey,5,2,0,26.70,approx 44.7k,1,2, urban ,  Homeschool  
9525,Caroline,Hansen,12,2,0,35.50,,,,City, Private 
9526,Amy,Hendricks,-5,2,0,32.60,51589.91,1,8,Suburban,  public  
9527,Bridget,Cummings,9,3,1,,39200.63,1,2,Suburban,Private
9528,Kelsey,French,14,3,1,47.70,49735.19,1,4,Urban,International
9529,Bruce,Beard,8,6,3,39.60,32685.62,0,0,  Sub-urban  ,Private
9530,Jean,Mcdonald,4,5,2,,44558.81,1,3,SUBURBAN,Public
9531,Antonio,Knight,8,9,7,45.00,"37,886.22",1,7,Urban,International
9532,Marcia,Alvarado,5,3,1,53.60,25850.69,0,0,city,Public
9533,Julie,Mcbride,12,4,2,36.20,27551.72,1,3,suburban,Public
9534,Michaela,Andrews,8,9,7,,16094.4,1,1,N/A,Public
9535,,Ayala,14,4,2,56.10,,1,1,  Rural  ,Private
9537,Mike,Padilla,7,8,6,52.50,"$21,525",1,1,suburban, Private 
9538,Cathy,Salazar,8,4,1,38.50,23158 EGP,1,2,Suburban,Gov
9539,Alan,Chan,12,6,3,62.90,29673.82,1,1, Urban ,Public
9540,Kristina,Herman,14,8,6,7.60,9608.53,0,0,Suburban,  homeschool  
9541,Marilyn,Lewis,3,7,5,37.80,52231.3,1,7,Urban, INTL 
9542,Virginia,,12,3,1,45.50,,1,2, Suburban ,Private
9543,Kevin,Burns,3,4,2,43.40,21240.84,1,,Urban,Public
9544,Shawn,King,9,2,0,53.50,41157.32,1,5,Urban,  Governmental  
9545,Jason,,14,4,2,39.70,22483.56,1,1,city,Public
9546,Katherine,Pearson,18,3,1,55.60,22483.18,0,0,URB,Public
9547,Brenda,Atkins,10,7,5,52.60,36535.88,1,8,Urban,  Public  
9548,  Kristina   ,Bautista,6,4,2,36.20,65306.24,1,3,Urban,private 
9549,Todd,  Mullen   ,9,4,1,55.80,29849.74,1,,Suburban,Public
9550,Breanna,Fry,11,2,0,44.40,"19404,65",0,0,urban,Public
9551,Yolanda,Andersen,8,9,7,49.30,24501.82,1,4,Urban,Private
9552,Charlotte,Downs,7,4,1,60.80,47428.38,1,,Urban,Public
9553,Ellen,Price,9,8,6,21.60,"21,425.86",1,,Village,Homeschool
9554,Kelly,Butler,12,3,1,27.50,50398 EGP,1,4,Urban,Public
9555,Gabriel,Stephens,10,5,3,49.10,31773.93,1,5,  Suburban  ,International
9556,Loretta,Miles,7,3,1,18.30,45431.34,1,3,Urban,Priv
9557,Casey,Boone,8,2,0,47.10,89962.46,1,9,  Urban  , Private 
9558,Marissa,Thornton,9,6,4,37.80,,0,,Village,Governmental
9559,Frederick,Logan,7,6,4,44.90,96175.41,1,4,Suburban,  PVT  
9560,Greg,Mccarty,8,4,2,57.90,42833.25,1,4,Suburban,Private
9561,Jill,Kelley,13,6,4,52.90,125961.89,1,9,URB,International
9562,Greg,Richardson,10,5,3,,17312.97,1,3,Urban,PUB
9563,Edward,Doyle,4,3,0,,"36693,26",0,0, city ,Private
9564,Vincent,Marquez,14,5,3,51.60,32456.54,1,3,Urban, Public 
9565,Karla,Dixon,12,3,1,50.30,27887.87,1,2,Rural,Public
9566,Kelly,Golden,6,7,5,42.40,38498.13,1,3,  URB  , private 
9567,Courtney,Owen,9,3,1,49.20,36197.83,1,4,URB,Int.
9568,Breanna,Carey,8,9,7,44.80,45633.94,1,6,Urban,Public
9569,Alec,Hess,13,5,3,27.00,28036.28,1,3,Urban,public
9570,Unknown,Fernandez,9,5,3,43.40,22388.3,1,2,  City  ,Public
9571,Rita,Reilly,10,6,4,63.00,38150.24,1,2,Urban, Private 
9572,Alex,Unknown,10,8,6,56.50,12902.86,,, rural ,  Homeschool  
9573,Meredith,Carroll,5,5,3,31.10,23883.84,1,2,Suburban,Private
9574,Curtis,Gillespie,16,6,4,39.60,,1,2,Urban,Public
9575,Alan,Mcclure,13,2,0,58.90,30661.38,1,4,urban,Gov
9576,Darin,Gibson,8,4,1,25.80,,0,0,  Suburb  ,PUBLIC
9577,Kevin,Pratt,11,3,1,44.50,29198.2,1,,Urban,  Public  
9578,Shelley,Pratt,14,5,3,26.80,9439.75,0,,Rural,Public
9579,Nathan,Romero,11,10,8,53.00,25320.45,1,3,Suburban,Public
9580,Brenda,CLEMENTS,16,4,2,47.70,41975.37,1,,Sub-urban,Private
9581,Roberta,Weeks,18,6,4,31.70,18440.19,1,2,Suburban,Priv
9582,Aaron,BUCKLEY,10,2,0,35.30,17795.31,1,1, Urban ,PUBLIC
9583,Martin,Bauer,8,4,2,57.10,45702.24,1,6,Urban, Private 
9584,Curtis,Mitchell,7,5,3,42.70,42289.85,1,3,Suburban,Private
9585,Billy,Reed,3,3,1,34.40,37539.78,1,1,city,Private
9586,Evelyn,Johnston,15,8,6,,23017.29,1,1,  Urban  ,PUB
9587,Karen,Fuller,9,8,6,41.10,12132.86,,,Rural,PUB
9588,Ricardo,Everett,14,6,4,,21326.01,1,2,Suburban,  Private  
9589,Philip,CONTRERAS,14,3,1,38.40,28780.69,1,5, URB ,Priv
9590,Anita,Armstrong,7,7,5,37.90,,0,, Rural ,home-school
9591,Cindy,Deleon,7,5,3,48.50,17313.95,,,Urban,Private
9592,Unknown,Yates,17,5,3,36.40,50918.36,1,3,Suburban,Private
9593,Alvin,,10,3,1,35.70,33325.74,1,2,Urban,Public
9594,Angelica,Silva,8,2,0,49.30,50253.69,1,4,Suburban,Private
9595,Terrance,Petersen,7,4,2,44.30,,1,1,Suburban,private 
9596,Kristin,  Nash   ,10,4,2,41.80,25038.01,0,2,Urban,Public
9597,,Norman,16,6,4,30.80,,,,  Rural  , Governmental 
9598,Leslie,Carlson,13,2,0,52.70,,1,1,Urban,private
9599,Sarah,washington,11,4,2,32.70,26036.57,1,3,Rural,Public
9600,Eduardo,Unknown,16,5,3,58.10,51178.68,1,1,Urban,  Private  
9602,Tina,Norton,12,3,1,58.90,32158.08,1,5,urban,Public
9603,Colleen,Pineda,18,4,2,64.90,25833.87,1,1,Urban,Public
9604,Wesley,whitaker,10,4,2,37.30,"24,849.49",1,2,Suburban,PUBLIC
9605,Felicia,webb,14,4,2,53.90,17551.53,0,0,Suburban,Public
9606,Stephanie,Bryant,999,11,9,32.90,,1,1,RURAL,Public
9607,Suzanne,Jensen,14,2,0,26.10,23435.21,1,1,Sub-urban,Public
9608,Jenna,Hunt,10,3,0,27.70,19884.44,0,0,Suburban,NA
9609,joanna,Ferguson,12,2,0,,45942 EGP,1,4,city,public
9610,Phyllis,Nixon,18,4,2,20.00,11782.49,,,Suburban,Public
9611,Chelsea,Wood,14,2,0,,20652.48,0,0,rural,public
9612,Sheri,Coffey,12,4,2,,17909.21,1,2, Urban ,Public
9613,,Nunez,8,4,2,53.80,18651.5,1,1,  City  ,Public
9614,Denise,Davenport,11,4,2,54.80,19551.8,1,4, Urban ,PUBLIC
9615,Joyce,Morales,7,2,0,,38521.1,1,5,N/A,  public  
9616,Laurie,Kelly,14,5,3,36.50,,0,0,Suburban,Public
9617,Emily,Johnston,14,4,2,28.10,32623.4,1,1,Urban,Public
9618,gary,Wilkins,10,8,6,44.40,17588.48,1,,Rural,public
9619,Dean,Maxwell,16,5,3,46.20,17438.06,1,1,Urban,Public
9620,,Fowler,16,3,1,61.90,32866.73,0,0,Urban, Private 
9621,Alec,Morrison,11,6,4,38.00,15255.75,0,0,URBAN,Public
9622,ADAM,Christian,13,5,3,52.00,29025.48,1,1,-,Public
9623,Christopher,Velazquez,8,5,3,31.40,,,,Suburban,PUBLIC
9625,Anna,hansen,7,7,5,52.90,47751.86,1,8,Urban,Homeschool
9626,Collin,Cross,9,2,0,28.30,34049.02,1,5,Urban,Int.
9627,Beverly,Tran,10,4,2,27.10,,0,0,Suburban,public
9628,Francis,Dodson,5,6,4,42.20,21992.55,1,2,Suburban,Public
9630,Tina,Hudson,14,6,4,38.20,33963.62,1,3,Urban, Governmental 
9631,Phillip,Unknown,10,4,2,45.50,"$31,863",1,4,Suburb,  Gov  
9632,Martin,Parker,3,5,3,,33647.08,1,2,Urban,PUB
9633,Victor,Hayes,10,4,2,33.90,35891.97,0,0,city,International
9634,Lacey,Rios,5,8,6,29.90,15624.29,0,0,rural,PUB
9635,Jenny,Horton,8,3,1,56.10,35895.04,1,1,Urban,Public
9636,Robin,Quinn,16,4,2,31.60,20934.13,0,0,Urban,Governmental
9637,Earl,Harmon,3,4,2,18.40,16565.47,,,Urban, PUB 
9638,Oscar,Campbell,8,5,3,56.90,82152.65,1,1,URBAN,Private
9639,Chase,Douglas,13,5,3,51.40,21564.5,1,5, Rural ,-
9640,Ashley,vaughan,8,5,3,31.30,,1,2,  Urban  ,  Homeschool  
9641,Ellen,White,8,5,3,39.80,22002.08,1,1,Suburban,Public
9642,Ethan,Fletcher,18,4,2,30.70,64595.13,1,4, RURAL ,Private
9643,Kristen,Webb,12,5,3,39.80,31063.3,1,4,  city  , Public 
9644,Terrance,Lane,14,5,3,42.20,55841.8,1,2,city, Private 
9645,Troy,  Nixon   ,12,5,2,58.30,30274.75,0,0,Urban,Priv
9646,Calvin,Jones,11,6,4,56.10,32555.69,1,3,urban,  PUB  
9647,Todd,Lucas,15,7,5,36.20,27907.2,1,5,City,PVT
9648,Sharon,Fleming,17,4,2,,,1,1,Suburban,Public
9649,Lance,Shaffer,4,7,5,40.60,50977.17,0,0,City,Priv
9650,Abigail,Schwartz,10,4,2,47.80,25466.68,1,2,suburban,Public
9651,Lance,Fuller,10,5,3,42.40,27085.13,1,4,  Rural  ,Public
9652,Gina,Scott,9,6,3,40.70,48878.2,1,1,City,Public
9653,Billy,Barton,14,4,2,59.10,,1,1,URBAN,PVT
9654,Colleen,Crawford,11,3,1,42.60,"37483,06",1,4,-,Public
9655,Beth,,17,4,2,58.10,12951.49,,,Urban,Gov
9656,Jill,Logan,14,4,2,35.90,24931.49,1,1,-, Public 
9657,Shannon,,15,2,0,49.10,25238.84,1,2,SUB,private
9658,Kirk,,6,2,0,32.40,29936.34,1,3, Urban ,Gov
9659,Joyce,Price,8,7,5,53.80,,1,3,Urban,  Private  
9660,Margaret,Unknown,8,2,0,64.60,55543.67,1,3, Urban ,International
9661,Stacey,Clarke,15,3,1,49.80,23630.59,0,0,Suburban,Public
9662,Kelsey,Carney,7,5,3,69.20,113159.33,1,1,URBAN,private 
9663,Katelyn,  Welch   ,7,3,1,29.90,21123.49,1,,Suburban,public
9664,Vicki,Green,6,4,1,48.40,22087.56,0,0,Sub-urban,Public
9665,Gavin,Mann,18,7,5,37.80,,0,0,Urban,PUBLIC
9666,Brittney,Townsend,10,2,0,,10855.84,1,2,Sub-urban,PUB
9667,Elizabeth,Hunt,12,5,2,38.70,15536.68,0,0,City,Public
9668,Francisco,Lynn,6,3,1,59.10,,1,10,Suburban,Public
9669,Edward,Rocha,14,4,2,44.40,44704.35,1,3,Urban,Public
9670,,Holder,4,2,0,46.20,15741.37,0,0,SUBURBAN,Public
9671,Guy,Meadows,7,8,6,33.00,27036.24,1,,Suburban,Public
9672,Dustin,Reilly,8,5,3,54.20,39877.12,0,0,Sub-urban,Public
9673,Angela,Jones,11,6,4,36.40,8363.61,0,0,SUBURBAN,Governmental
9674,Vincent,Pratt,8,3,1,47.50,78803.78,1,4,urban,-
9675,Anna,Yu,16,5,3,48.20,45656.23,1,1, suburban ,international
9676,Jackson,Colon,12,2,0,69.90,46433.81,1,4,  Urban  , Public 
9677,Victor,Durham,8,5,2,62.20,57592.33,1,4,URBAN, Private 
9678,Raven,Waters,14,6,4,26.20,9673.58,1,1,Urban,Governmental
9679,  Francis   ,Carlson,9,2,0,45.10,22692.4,0,,Suburb,Governmental
9680,Laurie,Norris,8,8,6,41.90,51128.8,1,4,SUBURBAN,Private
9681,Rebecca,Espinoza,14,2,0,40.30,17088.04,,, RURAL ,PUBLIC
9682,Beth,Dennis,3,5,3,39.40,38502.26,1,3,Suburban,Governmental
9683,Donald,Shepherd,13,2,0,49.10,56754.84,1,-1,Suburb,Private
9684,Jason,Collins,8,3,1,58.70,,0,,Rural,  Public  
9685,Lindsay,Strickland,8,4,2,27.60,25803.36,1,1,city,Public
9686,Mariah,Walter,18,5,2,40.10,35123.95,1,3,SUBURBAN,Public
9687,Gabriella,Reeves,9,2,0,35.50,11860.28,,,Urban,Public
9688,Cristian,Mcclain,14,3,1,36.00,38936.73,1,2,URB,Private
9689,  Jane   ,Barry,12,5,3,,25907.81,1,5,Rural,PUB
9690,Dan,Christian,12,4,2,30.50,32306.46,1,5,City,Public
9691,LUCAS,Cunningham,10,8,6,53.50,32495.0,1,,countryside,Public
9692,Brianna,Romero,9,4,2,24.80,19995.16,0,0,countryside,PUB
9693,Paige,Mcdonald,16,2,0,64.50,18598.28,1,2, RURAL ,Int.
9694,Gabriella,Petty,14,8,6,45.20,,1,8,Suburb,INTL
9695,Kathy,Gomez,9,6,4,29.20,15111.16,1,,SUBURBAN,Public
9696,Adrian,Dougherty,7,2,0,35.40,"63,938.29",1,2,Urban,Private
9697,Kiara,Fischer,8,2,0,53.40,61213.96,1,6,City,Priv
9700,Linda,Unknown,12,7,5,,30899.11,1,1,SUB,private
9701,Stefanie,Fuller,5,9,7,48.80,11021.9,0,5,Rural,Public
9702,Unknown,Santiago,13,3,1,,21825.57,1,1,Urban,PRIVATE
9703,Joy,Murray,15,8,6,31.40,18440.29,1,3,RUR,PUB
9704,Micheal,Reed,11,5,3,48.60,18288.16,0,,Urban,N/A
9705,Cory,Hurley,18,5,3,58.10,26151.65,1,1,Urban,Public
9706,Brandon,Benjamin,6,3,1,26.40,,0,0,Suburban,Gov
9707,Ana,,13,5,3,28.50,42578.66,1,1,city,Public
9708,Caitlin,Grant,7,4,2,43.80,62891.95,1,8,Suburban,INTL
9709,Breanna,Padilla,14,4,2,15.80,99539.05,1,3,Urban,Private
9710,Emma,Mueller,13,5,2,40.90,16840.88,1,4,Urban,Public
9711,Wendy,Conley,17,3,1,25.10,10702.13,,,Rural,Public
9712,Norman,Guerra,12,5,3,36.20,24897.31,1,,Suburban,Governmental
9713,Terrance,Johnson,9,7,4,44.30,40226.71,1,4,SUB,N/A
9714,Denise,Davidson,9,4,1,60.70,28265.62,1,2,Urban,International
9715,Dorothy,Martin,10,7,5,45.90,31028.17,0,0, Rural ,Public
9717,Jared,Salinas,15,2,0,48.20,10305.12,0,0, Suburban ,public
9718,Jeff,Avila,15,7,5,47.70,32636.55,0,0,Urban,Public
9719,Bill,Bowers,19,5,3,60.00,9239.19,1,1,rural,Public
9720,Gail,Unknown,11,8,6,43.80,13383.13,0,0,Rural,  PUBLIC  
9721,Ashley,Rowe,11,6,4,44.50,21718.99,1,,Suburban,Homeschool
9722,Craig,Burgess,8,5,3,52.30,40950.09,0,0,SUBURBAN,Private
9723,Morgan,Roman,12,4,2,70.50,31136.03,1,,URBAN,Public
9724,Melinda,Brock,16,9,7,45.90,"24,487.56",1,1,city,PUBLIC
9725,Bruce,Hart,14,4,2,48.40,,1,1,Suburb,NULL
9726,Tonya,griffith,15,4,2,20.10,,0,,  Suburban  ,Public
9728,Suzanne,Figueroa,11,7,5,33.50,39291.34,1,3,SUBURBAN,Private
9729,Craig,Unknown,8,3,1,,34681.34,1,3,Urban,public
9730,Michael,Richards,11,8,6,35.00,,,, Rural ,Public
9731,Alyssa,Lowe,12,3,1,57.10,18755.91,1,1,City,Public
9732,Tami,Dunn,14,3,1,53.10,25656.02,0,0,  Rural  , Public 
9733,Eileen,May,15,3,1,54.70,56163.41,1,5,Urban, PRIVATE 
9734,Gerald,Ellis,13,4,2,,"$30,708",1,2,city,-
9735,Gavin,Moore,2,4,2,19.10,13179.69,1,3,Suburban,Public
9736,Greg,Holden,6,7,4,35.40,31781.67,1,3,urban,Public
9737,Troy,Henry,12,3,1,50.90,,1,6,Urban,private
9738,Katherine,Unknown,16,7,5,27.00,15640.62,0,0,Suburban,Public
9739,Jade,Sampson,10,6,4,46.40,26536.26,1,3,city, Public 
9740,Kim,,120,7,5,37.70,28080.69,1,2,Sub-urban,PRIVATE
9741,,,18,9,6,,,1,3,Urban,PRIVATE
9742,  Jamie   ,Barajas,12,6,4,23.60,23615.31,1,3,Urban,public
9743,Jeffrey,Kim,11,2,0,23.90,41241.34,1,7,Urban,International
9744,Cheyenne,Lynch,6,3,1,58.00,"58452,45",1,2,Suburban,Homeschool
9745,Mia,Maldonado,11,7,4,40.60,13987.74,,,URBAN,Public
9746,Gloria,Eaton,13,2,0,52.30,15364.1,1,1,Urban,PUBLIC
9747,Jaclyn,Pratt,12,2,0,32.50,30010.96,1,2, Urban ,Public
9748,Trevor,Roth,8,9,7,68.60,,1,3,Urban,Public
9749,Paul,Herrera,10,6,4,52.30,32660.06,0,0,Suburban,Gov
9750,Unknown,Brock,8,2,0,44.10,56908.21,1,1,Urban,Private
9751,Chad,Edwards,16,2,0,38.10,,0,,City,Public
9752,Carol,Lin,14,4,2,40.80,38217.45,1,3,Urban,International
9753,Kari,Mejia,9,8,6,22.60,3808.84,0,0,Rural,PUB
9754,Carol,Mccullough,6,2,0,44.00,approx 65.6k,1,3,Urban,Private
9755,Leonard,Evans,12,5,3,46.10,35055.97,1,,Rural,Gov
9756,chelsea,  Wilcox   ,9,3,1,40.40,26374.58,1,3,Urban,  Private  
9757,Madison,Dean,9,6,4,15.00,,1,3,Rural,unknown
9758,Mathew,  Mejia   ,6,2,0,52.60,28167 EGP,1,3,Urban,Public
9759,Cheyenne,Wolfe,7,2,0,17.60,50253.18,1,,Suburban,unknown
9760,Martin,Tran,11,8,6,23.90,39671.65,0,,URB,Public
9761,  Joel   ,Cortez,10,6,4,51.20,"50396,46",1,6,rural,Private
9762,Stephanie,Herring,18,4,2,39.20,26840.86,0,0,City,Public
9763,Jackie,Coffey,13,4,2,56.70,approx 83.1k,1,6,SUBURBAN,private
9764,Riley,Kim,6,6,4,34.70,,0,0,URB,Public
9765,BRIANNA,Aguilar,5,5,3,56.20,17905.3,,,Suburban,?
9766,David,Peters,12,2,0,28.10,,,,Sub-urban,Public
9767,Courtney,King,9,5,3,50.60,47343.06,1,5,Urban,Public
9768,,Nixon,15,5,3,,13959.44,0,0,Suburban,Public
9769,Kristy,Pruitt,12,3,1,50.00,approx 47.3k,1,,Suburban,PRIVATE
9770,,Garrison,3,5,3,,39640.18,1,4,Suburban,Public
9771,Katherine,Huff,7,9,7,,34865.6,1,,Urban, public 
9772,Larry,Cobb,8,6,3,51.90,29660.88,1,1,URB,Public
9773,Tiffany,Guerrero,12,7,5,26.70,,0,0, Suburban ,Public
9774,Spencer,Norris,7,3,1,48.10,43911.81,1,2,URB,
9775,Dale,Beard,11,5,3,38.40,20509.75,0,3,Suburban,private 
9776,Nathaniel,Bishop,6,10,7,42.00,47991.01,0,0,Urban,  Private  
9777,Edgar,Everett,11,5,3,23.20,41362.08,0,0,Rural,PVT
9778,Bonnie,Huynh,12,5,3,,22838.38,1,1,  SUB  ,public
9779,Nichole,Pearson,16,5,3,55.70,65013.53,1,4,urban,homeschool
9780,Taylor,,11,6,4,55.10,30047.53,1,4,SUB,Private
9781,Unknown,Pratt,8,6,4,39.30,37581.33,1,2,SUBURBAN,international
9782,Katrina,Mcdowell,25,3,1,28.10,15197.48,1,2, Urban ,International
9783,Tami,Walsh,10,4,2,,21553.88,1,2,Urban,Gov
9784,  Raymond   ,lynch,13,6,4,34.40,21425.4,1,5,Urban,Gov
9785,Barbara,Reyes,8,4,1,41.70,65924.91,1,5,URBAN,International
9786,Dustin,Chaney,11,6,4,,25924.79,1,3,Urban,Public
9787,Rachel,guzman,8,6,4,34.30,44425.6,0,4,URBAN,Public
9788,Amy,Stone,12,2,0,35.40,30156.39,1,2, urban ,Private
9789,Caitlin,Cummings,13,4,2,41.10,"25839,1",0,,URBAN,Public
9790,Tina,Rhodes,9,5,3,,,0,3,Urban,Public
9791,,Carpenter,9,7,5,29.60,11002.73,,,City,Public
9792,Jeffrey,Hood,25,6,4,37.80,,1,4,Suburban,Public
9793,Julie,Liu,8,2,0,58.80,26947.01,1,2,Urban,Public
9794,Craig,Vincent,5,3,1,,19391.44,0,0,URB,Public
9795,Tanner,Romero,12,5,3,44.10,19647.65,0,0,Rural,Public
9796,,Shea,10,2,0,55.20,,1,7,Suburban,Priv
9797,Leslie,,10,3,1,38.30,41233.79,1,5, Rural ,public
9798,Christian,Roberson,12,9,7,55.30,17973.6,0,0,Rural,Governmental
9799,,Jenkins,13,9,7,48.30,27330.39,1,2,Suburban, Public 
9800,Morgan,Ortega,10,2,0,,37646.39,1,3,Suburban,Governmental
9801,derrick,Porter,6,2,0,40.50,35208.63,1,3,Urban,private 
9802,Ricardo,Waters,8,6,4,33.80,37682.42,1,6,Suburban,Public
9803,Brianna,Roy,13,2,0,43.20,30781.27,1,3,Suburban,Priv
9804,Olivia,Dillon,11,3,1,43.40,27853.8,1,3,Suburban,Public
9805,Loretta,Sweeney,9,3,1,36.90,21468.82,1,1,Urban,  Public  
9806,Catherine,Morton,8,5,3,,21486.69,1,2,  RURAL  , PUB 
9807,Guy,mcgee,13,8,6,37.00,,0,0,Urban,Public
9808,Lauren,Bradley,10,3,1,49.70,30379.49,1,3, Suburban ,?
9809,Gabriel,Kane,13,9,7,32.70,5647.61,,,Rural,Homeschool
9810,Anita,,14,7,5,49.60,"20373,0",1,1,Rural, Public 
9811,,Hubbard,9,4,1,39.20,17811.74,0,,urban,Public
9812,Michaela,Li,14,7,5,52.70,,1,2,urban,international
9813,Zachary,Jacobson,11,4,2,24.20,27585.45,1,4,Suburban,private
9814,Olivia,Mahoney,11,5,3,37.80,26288 EGP,0,,Suburban,Public
9815,Miguel,Knapp,3,3,1,43.00,38145.44,1,2,City, Public 
9816,Todd,Good,7,5,3,47.50,16329.65,1,2,Suburb, Public 
9817,Gerald,Cohen,7,7,5,41.60,32631.74,1,2,null,PRIVATE
9818,Kathleen,Russell,9,7,5,39.90,44687.98,1,4,  Urban  ,Private
9819,Trevor,Bray,11,4,2,,22541.66,0,,URB,Gov
9820,Anita,Ortiz,11,5,3,35.80,14674.37,0,0,Suburban,PUB
9821,Shelly,Acosta,12,7,5,54.90,20838.3,1,3,Sub-urban,Private
9822,Joshua,Gaines,8,6,4,44.30,,1,,Rural,public
9823,Alexis,Phillips,13,3,0,39.20,14092.53,1,1,Suburban,Public
9824,Katrina,Mayer,19,4,2,33.10,,0,0,  Urban  ,private
9825,Ashlee,Mcdonald,9,2,0,26.80,18483.72,,,Suburban,HS
9826,Jodi,Middleton,8,3,1,34.80,15348.39,1,1, RURAL , Public 
9827,Brandy,Soto,8,4,2,48.40,26719.74,0,0,urban,PUBLIC
9828,Judy,Houston,11,8,6,50.20,"38888,52",1,1,URB,Private
9829,Danielle,Church,9,6,4,47.20,26034.66,1,3,Suburban,Public
9830,Bruce,Hooper,4,6,4,,37091.26,1,4,City,Gov
9831,Matthew,Rowe,5,8,6,50.80,19670.33,0,0,Unknown,Public
9832,Kendra,Pruitt,14,6,4,37.70,26710.14,0,0,URBAN,Public
9833,Mitchell,Sanders,15,2,0,,43306.05,0,0,urban,Public
9834,Hunter,Mendoza,16,5,2,23.70,3792.56,,,rural,  Public  
9835,ALEXANDER,Juarez,11,2,0,43.80,24408.03,1,5,Urban,Private
9836,Melanie,Frank,7,5,3,41.70,21723.24,1,3,Urban,Private
9837,Darren,Herrera,9,7,4,58.60,31750.22,1,2,city,Private
9838,Lorraine,  Turner   ,5,2,0,49.20,12101.87,,, RUR ,Gov
9839,Carlos,Marsh,5,4,2,29.50,23199.71,1,5,RURAL,  Gov  
9840,Janet,nguyen,11,3,1,38.70,44308.57,1,4,city,private 
9841,Helen,Larsen,12,4,2,37.80,,0,0,Suburban,Public
9842,  Taylor   ,Andersen,18,3,0,28.90,28938.37,1,3,Suburban,public
9843,Whitney,Adkins,10,2,0,33.80,,,,Urban,Governmental
9844,Danielle,Fitzgerald,6,4,2,,38708.5,1,3,Urban,International
9845,Carrie,Ferguson,10,9,7,43.30,,0,0,Rural,public
9846,,Mcbride,9,5,3,,19104.54,1,3,Urban,PUBLIC
9847,Rachael,Norman,9,6,4,37.20,,0,,Suburb,Public
9848,Pamela,Good,12,5,3,57.80,28262.73,0,0,Urban,Public
9849,Ashley,,6,7,5,23.90,"13,535.89",,,Suburban,Public
9850,Ashlee,Cooper,11,5,3,48.90,13148.3,1,3,Urban,  Public  
9851,Charlotte,Roach,13,3,1,48.40,32934.62,1,1,city,Governmental
9852,Cassandra,Monroe,16,5,3,48.00,50669.75,1,4,Urban,PUBLIC
9853,Toni,Shah,12,6,3,41.20,21310.6,1,1,RURAL,Private
9854,Bradley,Yates,14,4,2,39.50,,0,0,Urban,Public
9855,Selena,Trevino,9,2,0,,approx 27.6k,1,3,Urban,PVT
9856,Charlene,Fuller,9,3,1,41.50,43230.87,0,0,Urban,INTL
9857,Fred,Daugherty,15,2,0,50.40,27583.83,1,2,Urban,Public
9858,Devon,Duarte,6,2,0,27.30,30608.79,1,2,Suburban,PRIVATE
9859,,Andersen,9,4,2,53.50,23376.98,1,2, Urban ,Public
9860,Jack,  Huynh   ,15,4,2,46.00,20710.94,0,0,Suburban,Governmental
9861,Nicholas,Skinner,10,5,3,58.60,17804.61,0,5, Suburban ,Gov
9862,stacey,Vincent,9,7,5,38.80,24019.17,1,4,Village,Homeschool
9863,Gregory,Parrish,10,7,5,44.20,37097.17,1,2,Suburban,  Public  
9864,Richard,Luna,11,6,4,38.20,21909.05,1,1,URB,Private
9865,Sierra,Mckinney,14,3,0,30.00,38761.2,1,5,Suburban, Private 
9866,Unknown,Cummings,14,3,1,40.00,,0,0,SUB,Gov
9867,Ross,Beard,11,9,7,46.20,,0,, Rural ,Public
9868,Shane,Short,14,7,5,58.20,,1,2,RURAL,Public
9869,  Ariana   ,Kent,12,2,0,,,1,2,SUB,Public
9870,Dennis,watts,14,6,4,28.60,14029.05,,,Urban,Public
9871,Stacy,Austin,45,5,3,38.20,20730.24,1,2,Urban,International
9872,Jackson,Martin,17,10,8,37.30,"24,121.60",1,5,rural,Private
9873,Shannon,Hardin,11,2,0,58.80,16430.61,,,rural,Public
9874,Terrance,Boone,3,6,4,33.80,,0,0,Urban,N/A
9875,Kimberly,Fletcher,16,3,1,52.20,23261.9,0,0,Suburban,  Public  
9876,Carly,Hodge,11,4,2,40.10,,0,0,Urban,Gov
9877,,Haas,9,2,0,57.40,40720.97,1,1,NA,Public
9878,Dustin,bray,8,5,3,32.20,8636.92,0,0,Urban,PUBLIC
9879,Brett,Sweeney,12,2,0,27.80,20151.19,0,0,Urban,Public
9880,,Decker,7,3,1,63.40,24504.64,0,,SUB,  Public  
9881,Regina,Bright,8,4,2,49.60,37988.85,1,1, Urban ,Private
9882,Jenna,Clements,9,3,1,60.90,29185.94,1,1,Suburb,Governmental
9883,Sarah,Robles,9,2,0,60.80,24903.85,1,3,  Suburb  ,Homeschool
9884,Leon,Hancock,2,3,1,40.50,,1,2,Suburban,International
9885,Hector,Carney,14,2,0,55.50,90054.53,1,4,Urban,PVT
9886,Bruce,  Bridges   ,11,2,0,51.10,29848.21,1,2,urban,PUBLIC
9887,Miranda,Edwards,12,4,2,42.20,24220.46,1,,Suburban,PRIVATE
9888,Kurt,Briggs,13,3,1,51.20,"23,438.83",1,1,NA,public
9889,Martha,,10,2,0,54.70,21248.07,1,2,City,international
9890,Tiffany,Rhodes,7,2,0,36.30,36560.43,1,, URBAN ,PUBLIC
9891,Ian,Whitaker,17,4,2,62.90,34521.87,1,1,Rural,PVT
9892,Abigail,Solomon,14,4,2,37.80,,1,-2,city,Public
9893,Megan,Curry,16,7,5,41.40,27083.67,0,0,city,Governmental
9894,Louis,Sawyer,14,6,4,41.10,38899.12,1,1,countryside,Public
9895,Cory,Patterson,9,5,3,29.90,31768.85,0,0,Suburban,PUBLIC
9896,Phillip,bright,3,2,0,61.10,approx 37.3k,0,6,  Urban  ,PUB
9897,  Madison   ,Unknown,6,7,5,34.00,,,,Rural,Governmental
9898,Lynn,Willis,13,5,3,32.70,43746.63,1,1,Urban,HS
9899,Stacy,Mays,10,6,4,52.90,29882.26,0,0,Rural,Public
9900,Lori,Shah,9,5,3,30.90,28565.79,1,,SUBURBAN,Public
9901,Jesse,townsend,3,5,3,35.50,17844.44,0,6,SUB,PUBLIC
9902,Morgan,Haney,10,7,5,42.40,21884.87,1,5,Rural,Public
9903,Johnathan,Parsons,7,6,3,,14460.56,1,,Suburban,unknown
9904,Lee,Douglas,8,5,3,47.20,15621.34,1,3,Urban,HS
9905,Samuel,Unknown,14,8,6,47.70,39782.15,1,4,Suburban,Private
9906,Tammie,Lynn,7,5,3,33.30,46755.98,1,2,SUBURBAN,NA
9907,Loretta,Gomez,7,4,2,65.00,,,,SUBURBAN, Governmental 
9908,Patty,Morrison,11,8,6,31.90,,0,0,Urban,Public
9909,Noah,Shea,14,5,3,17.20,18346.33,1,1,urban,Private
9910,Isaac,Unknown,9,8,6,37.00,19124.15,0,0,rural, Home School 
9911,Michele,Sosa,16,2,0,,,1,,urban,public
9912,Mathew,Carpenter,6,3,1,,51849.92,1,7,  Suburb  ,INTL
9913,Margaret,Reilly,5,7,5,33.20,19817.19,1,,Suburban, Public 
9914,Gabrielle,Parks,5,4,2,,36368.58,1,1,URBAN,Public
9915,Guy,Boone,5,8,6,48.80,19756.55,0,0,urban, PUB 
9916,Kristina,Soto,12,5,3,43.10,40995.31,1,,city,Public
9917,Sierra,Walls,7,2,0,35.60,42883.28,1,1,URB,International
9918,Brittany,Blanchard,5,9,7,,,1,,Rural,Gov
9919,Annette,Lowe,12,3,1,36.10,20459.14,1,2,city,PUB
9920,Shelley,Chaney,13,6,4,48.90,27278.61,1,2,URBAN,public
9921,Tom,Mccormick,14,8,6,,19171.01,1,1,suburban,Public
9922,Janet,Case,14,4,2,38.50,27705.03,0,0,Rural,Gov
9923,Regina,Hamilton,7,6,4,,21408.51,1,2,URBAN,Private
9924,Melissa,Harris,11,6,4,49.40,44053.85,1,3,City,INTL
9925,Molly,Unknown,12,2,0,53.90,,1,3,suburban,public
9926,Xavier,Watson,9,5,3,34.40,24116.0,0,0,Suburban,Public
9927,HECTOR,Higgins,11,2,0,30.10,38792.89,1,4,Suburban,public
9929,Gabriella,Eaton,8,4,2,29.20,16581.94,0,,  RUR  ,Public
9930,Alexis,Clark,12,4,2,33.80,16717 EGP,1,2,null,  Governmental  
9931,Bailey,Gates,16,8,6,44.90,16174.58,1,4,Rural, Public 
9932,Norman,Fischer,15,8,6,40.20,13250.98,1,3,NA,public
9933,Gina,Woods,13,3,1,44.60,26449.47,1,2,Suburban,private 
9934,Teresa,Benson,11,3,1,32.70,29888.15,1,2,Urban,Public
9935,Martha,Schmidt,10,3,0,35.00,27620.54,0,0,suburban,Public
9936,Tim,Tanner,5,2,0,44.90,28229.17,1,2,Suburban,Governmental
9937,Mia,Lutz,7,4,2,,40755.59,1,3,Urban,HS
9938,Unknown,Burns,8,4,1,30.00,,,,Urban,Public
9940,Johnathan,BRYANT,14,3,1,33.60,7465.53,0,0,Rural,PUB
9941,Anthony,Ramsey,13,3,1,29.50,5503.28,0,0,SUB,Public
9942,Unknown,,15,5,3,35.10,75724.32,1,4,Sub-urban,Private
9943,Dalton,Unknown,11,7,4,43.80,"15269,89",0,0,Suburban,Homeschool
9944,Julie,Kim,7,6,4,30.00,"20,001.82",1,-3,Suburban,  Public  
9945,Colleen,Le,10,3,1,43.90,6154.56,,,Rural, Gov 
9946,Eric,Glenn,8,2,0,33.00,23156.94,0,0,N/A,Homeschool
9947,Tanya,Andrews,13,5,2,63.40,33314.15,1,2,Urban,PUBLIC
9948,AMBER,Baird,9,6,4,,29246.88,1,1,Suburban,PUB
9949,  Collin   ,Freeman,10,4,2,23.00,,,,suburban,Governmental
9950,Desiree,Fisher,13,6,4,37.80,13440.02,0,0,Rural,PUBLIC
9951,Diane,Velez,8,3,0,39.40,21011.3,1,2,Rural,Private
9952,,Parks,14,5,3,40.60,29178.92,1,2,Suburban,Private
9953,  Michele   ,Shaw,6,3,1,60.90,31905.7,0,0,Urban,Public
9954,Tyler,  Fields   ,12,4,2,64.00,45172.09,0,0,  Urban  ,  private   
9955,Ana,benjamin,10,2,0,38.70,"28002,68",1,3,Urban,Gov
9956,Joseph,Campos,13,4,2,63.00,55035.67,1,2,Suburban,PRIVATE
9957,Bailey,Taylor,6,4,1,35.00,21780.48,1,1, Suburban ,Priv
9958,Riley,Clay,5,5,3,32.80,,1,4,Urban,Homeschool
9959,Amanda,Rios,13,4,2,54.90,38237.26,1,3,Unknown,PVT
9960,Kathryn,Arnold,9,4,2,31.50,10388.62,0,0,Suburban,Governmental
9961,Vincent,Patterson,10,5,3,51.00,37892.08,1,4,URB,  Public  
9962,Tamara,Webb,8,3,1,44.60,17996.33,1,1,Suburban,Public
9963,  Isaac   ,Bolton,14,5,3,33.70,17070.93,0,2,URB,Public
9964,Crystal,Goodwin,12,2,0,46.40,20263.27,1,1,Suburban,Public
9965,Cody,Scott,11,7,5,59.40,27971.14,1,,Sub-urban,Public
9966,,Finley,6,2,0,36.00,12572.99,1,2,Urban,PUB
9967,Stacey,Butler,12,4,2,46.30,25972.3,1,2,suburban,Public
9968,  Mikayla   ,Hudson,7,5,3,34.50,22704.82,0,0,Suburban,PUBLIC
9969,Unknown,Andrade,8,3,1,54.00,52627.7,1,2,Urban,private
9970,Duane,Huffman,6,2,0,25.70,12107.16,0,0,  Rural  ,Public
9971,Isaac,Wilkinson,999,6,4,49.00,49237.08,1,3,Suburban,private
9972,Shelia,Coleman,14,6,4,34.90,31657.78,1,5,  Suburb  ,Governmental
9973,Cassie,Fisher,999,4,2,38.80,29189.95,1,2,Urban,Public
9974,Molly,Harding,9,2,0,26.40,59904.91,1,8,Urban,Private
9975,Tammy,carr,11,2,0,37.30,85595.94,1,4,Urban,?
9976,Crystal,Jennings,11,7,5,25.70,26481.41,0,,Urban,PUBLIC
9978,Samuel,Trevino,11,7,5,44.60,21718.97,1,1,NULL,Public
9979,James,May,7,5,3,28.70,13593.3,,,City,Public
9980,Christian,Woodward,11,2,0,,12511.88,0,0,SUBURBAN,PRIVATE
9981,Connie,Holland,4,5,2,38.60,52511.11,0,0,Suburban,International
9982,Randall,Morton,13,7,5,46.70,35049.72,1,4,Sub-urban, PRIVATE 
9983,Steve,,99,10,8,22.30,10700.09,,,Rural,Public
9984,Devon,Richards,15,5,3,48.20,166754.18,1,5,NULL,Private
9985,Diamond,Guerrero,3,4,2,53.20,,0,,Suburban,Governmental
9986,Bryan,,17,5,3,,41808.19,1,4,Urban,Private
9987,Rachael,Dickerson,5,5,3,49.30,19185.8,0,,City,Public
9988,Ray,Nichols,6,5,3,,68158.33,1,,SUB,Home School
9989,Rhonda,,12,5,3,57.90,22203.15,1,1,  Urban  ,Public
9990,Bryan,Wiggins,13,2,0,17.30,"$25,424",1,1,Urban,Public
9991,Sylvia,Owen,19,3,1,10.60,,1,1, Urban ,Public
9992,Brandi,Buchanan,14,5,3,53.70,93475.55,1,7,  Urban  ,Private
9993,Chelsea,Johns,8,2,0,38.10,21165.49,0,0,Urban,Governmental
9994,Desiree,Robinson,9,5,2,44.70,"38,719.69",1,,Urban,Public
9995,Shelly,Salas,9,5,3,,29810.0,1,1,Urban,Private
9996,April,Simmons,9,5,3,47.30,,0,0,Suburban,private
9997,NOAH,Patton,4,7,5,19.10,7515.84,,,Suburban,Public
9998,Elijah,Tyler,10,2,0,50.70,15129.98,1,,Rural,PUBLIC
9999,Sherri,Dillon,10,2,0,61.50,14773.25,,,Rural,Public
10000,Mike,Lee,14,6,4,19.30,20441.5,0,4,Rural,Public
10001,Hailey,Ochoa,6,2,0,55.50,83283.65,1,4,Suburban,Private
10002,Lindsey,Mooney,8,6,4,65.30,42381.67,1,, Urban ,Public
10003,Tyler,Olson,15,3,1,49.30,47711.31,0,0,Urban,Private
10004,Juan,Guzman,12,9,7,,,,,RURAL, Public 
10005,Kelly,Schmidt,12,7,5,25.90,,0,0,countryside,Public
10006,joe,,12,5,3,44.90,21947.41,1,,Suburban,Public
10007,Sierra,Cunningham,12,2,0,46.50,,1,,Suburban,Public
10008,Mathew,Boyd,17,6,4,31.30,28924.98,0,0,URB,Public
10009,Crystal,Robles,11,2,0,50.70,22656.63,1,1,Urban,INTL
10010,Samantha,Schneider,7,4,1,39.10,10170.72,0,0,Suburban,Gov
10011,Thomas,Sawyer,13,4,1,21.60,59685.14,1,6,Urban, International 
10012,Danielle,Mays,8,7,4,48.00,27517.21,1,1,  Urban  ,public
10013,penny,Spencer,10,2,0,19.10,21343.02,1,2,Suburban,Public
10014,Alicia,Jacobson,12,2,0,33.10,,0,,Suburban,public
10015,Ashlee,Carey,8,4,1,51.80,13207.36,0,0,RURAL,Public
10016,Tim,Silva,9,4,2,43.40,18493.62,0,0,URBAN,Public
10017,Rodney,Mcguire,12,4,2,30.80,,1,3,Unknown,Public
10018,Nathan,Hamilton,9,5,2,49.90,27987.04,1,4,Suburban,PUB
10019,Molly,Neal,14,2,0,35.30,19774 EGP,1,2,SUBURBAN,Gov
10020,Dan,Yang,7,9,7,53.30,25893.09,0,0,Rural,Public
10021,Angelica,Pena,7,7,5,33.90,24386.95,1,1,URBAN,Unknown
10022,Marvin,Mcdowell,17,2,0,37.90,"31670,27",1,4,URB, PUB 
10023,Rachael,Yoder,5,3,1,46.50,31177.67,1,1,Urban,private 
10024,Megan,Choi,10,7,5,,31623.2,1,1,Suburban,  Public  
10025,Cassandra,Lyons,17,2,0,41.40,18720.26,1,3, Urban ,Public
10026,Whitney,FOLEY,10,9,7,,48752.62,1,3,Urban,Public
10027,Gloria,Morales,15,6,4,39.00,15537.27,0,0,urban,Public
10028,Deanna,Crawford,13,7,5,57.90,30434.74,1,4,Urban,PUBLIC
10029,Holly,GRIFFIN,10,4,2,,13191.01,,,Suburban,  PUB  
10030,Darren,Figueroa,10,3,1,25.80,27822 EGP,1,1,Urban,Public
10031,Casey,Frazier,3,6,4,32.10,28000.08,0,0,Rural,Public
10032,Victoria,Mooney,9,5,3,53.70,34735.36,1,4,Suburban,  International  
10033,Maureen,Patel,11,4,2,,,1,3,Urban,PVT
10034,Katrina,Greene,11,2,0,53.90,25165.42,1,,URB,PUB
10035,Miguel,Ayala,18,4,2,49.60,49016.33,1,2,Urban,private
10036,  Richard   ,Martin,12,5,3,52.40,20318.27,0,0,Urban,PUB
10038,Unknown,Ford,15,3,1,47.00,18426.01,,,Rural,PUBLIC
10039,Sue,Dunn,12,5,3,26.70,47453.24,1,3,Urban,Homeschool
10040,Melvin,Lara,10,4,2,56.10,"22,003.61",1,1,Urban,Public
10041,Travis,  Yu   ,10,2,0,43.20,25142.77,0,0,Village,Public
10042,Jack,Schwartz,9,3,0,57.00,29061.02,1,1,Suburban,Public
10043,Rose,Durham,12,3,1,57.70,35785.0,1,1,Urban,Public
10044,Cristina,Bray,10,5,3,42.50,18582.11,0,0, Urban ,PUB
10045,Cassie,Buckley,13,2,0,35.00,,1,2,Urban,Governmental
10046,Malik,Stephens,7,5,3,54.70,28240.2,1,,Urban,PUBLIC
10047,Jeremiah,Garza,11,4,2,30.80,20653.16,1,1,Rural,Private
10048,Cristina,Coffey,16,5,3,43.20,16414.55,1,3,Sub-urban,Public
10049,James,Henderson,10,2,0,16.40,,0,,Urban,Public
10050,Jacob,Harmon,17,6,4,37.30,5308.04,0,0,rural,Governmental
10051,Dalton,Curry,11,5,3,54.60,44810.43,1,2,  City  ,INTL
10052,Catherine,Wiggins,10,2,0,53.20,49973.55,1,1,Urban,public
10053,Phyllis,Sims,11,7,5,29.50,5679.81,0,0,Village,  public  
10054,Jesse,Moody,9,6,4,35.00,"$26,679",1,2,Suburban,Governmental
10055,Javier,Pearson,3,6,4,48.80,20797.26,0,0,Suburban,Public
10056,Kristi,Berg,14,5,3,60.20,58067.81,1,2,Urban,Private
10057,Rachael,Ali,18,5,3,20.90,26485.55,1,4,Urban,Public
10058,Kristi,Tucker,12,3,1,38.90,,0,0,Rural,Governmental
10059,Mitchell,Goodwin,12,2,0,42.00,23532.07,0,, Urban ,Governmental
10060,Ashlee,Camacho,10,7,5,29.00,,1,1,RUR,Public
10061,Marie,Shannon,15,3,1,56.70,39025.86,1,,SUB,Public
10062,Suzanne,Wyatt,10,7,5,49.10,53803.76,1,,urban,public
10063,Veronica,Jennings,11,6,3,,,0,0,countryside,public
10064,Cheryl,Unknown,5,5,3,39.10,32155.63,1,1,Rural,Homeschool
10065,Erica,King,9,5,3,40.70,10035.29,,,  Rural  ,Gov
10066,Eduardo,,12,8,6,32.00,"$8,245",0,0,Urban,Public
10067,  Melissa   ,Taylor,14,5,3,,25743.83,0,0,Suburban,Public
10068,Heidi,Black,14,3,0,38.50,39298.58,1,3,Urban,Private
10069,Jeanne,French,5,5,3,,,0,0,URBAN, Public 
10070,Gregg,Glover,5,2,0,32.90,5764.53,0,0,Rural,Public
10071,Edgar,Boone,13,4,2,47.90,,0,0,NA,Public
10072,William,Dunn,8,2,0,24.40,21042.31,0,,Urban,Public
10073,Dan,Fitzpatrick,14,5,3,47.80,54354.84,1,7,SUB,Private
10074,Tom,Duran,5,5,3,64.80,17268.7,1,1,N/A,Governmental
10075,Claudia,Leon,10,3,1,49.40,38330.43,1,2,  Suburban  ,Private
10076,Heather,Banks,10,4,2,45.70,33367.23,1,1,Urban, Public 
10077,Aaron,Graham,12,5,3,65.30,70458.67,1,2,Urban,Private
10078,Megan,Welch,7,6,4,,,1,1,SUBURBAN,Governmental
10079,Tommy,Mack,3,4,2,57.80,16344.15,1,1,Rural,Public
10080,Tanya,Ingram,11,7,5,29.10,12544.17,,,city,Gov
10081,Katrina,Greer,12,5,3,49.00,,1,4,URBAN,NA
10082,Regina,Donovan,14,8,6,,47226.61,1,2,suburban,Public
10083,Evelyn,Callahan,9,4,2,28.50,41358.18,1,2,Suburban,  PVT  
10084,Bethany,Goodman,13,4,2,36.10,,,,RURAL,Public
10085,Brianna,Welch,12,6,4,36.50,7561.38,0,0,Rural,Homeschool
10086,Gary,Raymond,15,3,1,44.30,24403.45,1,3,Suburban,International
10087,Paige,Anthony,10,2,0,52.30,11816.55,,,countryside,Homeschool
10088,Debra,Bell,4,2,0,22.90,42508.49,1,1,Suburban,PUBLIC
10089,Felicia,Holland,2,3,1,,20237.81,0,0,Sub-urban,public
10090,Allen,,11,3,1,23.40,23238.55,0,0,URB,Public
10091,Stephen,Wheeler,12,6,4,49.50,98291.3,1,8,Urban,Private
10093,Carly,Nicholson,9,3,1,57.70,31000.68,0,0,Rural,Private
10094,Desiree,Flowers,14,3,0,29.30,"22,434.20",0,0,  URB  ,Private
10095,Spencer,Salas,10,5,3,41.00,"$16,233",1,2,URBAN, International 
10096,Justin,Parrish,9,2,0,36.70,30845.26,1,2,Rural, Intl 
10097,Jim,,17,4,2,64.40,,1,6,Suburban,Public
10098,Breanna,Rivera,7,4,1,45.50,,0,,SUBURBAN,  HOMESCHOOL  
10100,Felicia,Daugherty,14,2,0,43.60,17982.57,0,0,Urban,Public
10101,Jacob,Taylor,10,5,3,46.90,38745.87,1,3,city,Private
10102,Leslie,Lawrence,10,3,1,48.70,46513.13,1,5,SUBURBAN,Public
10103,Sean,Aguilar,10,7,5,40.30,14008.65,1,4,  Rural  ,Public
10104,Heidi,Valencia,11,7,5,53.60,24241.88,1,1,Urban,  public  
10105,Erik,Flores,8,2,0,44.80,10135.42,0,0,Urban, PUB 
10106,Heidi,Mcclure,9,3,1,42.20,17591.43,,,Urban,Public
10107,Harry,Malone,9,3,1,42.40,approx 58.6k,1,5,Suburban,  Public  
10108,Annette,Le,9,4,2,43.70,38986.24,1,4,Urban,unknown
10109,Marcia,Campos,9,7,5,41.00,49486.7,1,4,Urban,Private
10110,Brenda,Foley,3,8,5,32.90,24322.59,1,,Urban,PUB
10111,Sheila,Mitchell,11,11,9,28.20,22022.42,0,0, Suburb ,Public
10112,Eddie,Nunez,9,3,1,46.60,25854.49,1,3, Suburban ,PUB
10113,Jimmy,,4,5,3,58.60,35537 EGP,0,0,Urban,International
10114,Sarah,Pearson,9,10,8,,63374.92,1,4,URBAN,International
10115,Kari,Lopez,9,3,1,29.60,20537.05,0,3,City,Governmental
10116,Raven,Le,15,4,2,31.50,,1,3,  SUB  ,NA
10118,Earl,Gutierrez,13,3,1,26.90,5811.01,,,Rural,Public
10119,Jerry,Hayes,15,2,0,44.50,49319.59,1,1,Urban,Private
10120,Kent,GONZALEZ,8,3,1,43.70,66909.67,1,4,suburban,Priv
10121,Noah,Hurley,10,2,0,29.70,45297.32,1,2,urban,Governmental
10122,Taylor,Hoffman,17,3,1,48.40,,1,4,Suburban,public
10123,Holly,Nichols,11,2,0,41.80,70925.92,1,8,Sub-urban,Private
10124,Jenna,Unknown,12,2,0,27.80,38268.51,1,2,Urban,Private
10125,Lisa,Sheppard,9,4,2,46.60,,1,3,Urban,Public
10126,Kristen,Moody,13,3,1,43.40,32129.66,1,1,city,Public
10127,Unknown,Perry,10,3,1,61.10,30077.55,1,-4,Suburban,public
10128,Nancy,Graham,4,4,2,38.70,15944.61,,,Rural,Public
10129,Unknown,Chen,9,5,3,21.30,40453.93,1,1,  Sub-urban  ,Public
10130,Lance,Simon,6,2,0,53.50,14041.81,0,0,  Suburb  ,Public
10131,Sharon,Wilcox,11,2,0,50.60,37443.67,1,5,City,Private
10132,Charlene,Krause,7,2,0,32.20,18598.29,1,3,Urban,Public
10133,Olivia,Randolph,12,4,1,69.60,33875 EGP,1,3,Suburban, Public 
10134,Joyce,Ayala,11,4,2,45.30,110942.76,1,4,urban,PVT
10135,Carol,Cunningham,6,5,3,61.00,43691.92,1,8,Urban,  Public  
10136,Gary,Goodwin,9,6,4,48.50,56707.28,1,3,City,Private
10138,Savannah,,15,7,5,25.00,,,,Village,  Public  
10139,Sandra,Boyer,7,2,0,40.10,27655.18,0,0,Urban,Private
10140,Erika,Simon,7,2,0,40.10,38037.6,1,1,Urban,Governmental
10141,Gene,Heath,18,5,3,23.10,,1,1,Urban,public
10142,Amber,Yoder,10,2,0,30.50,25434.79,1,2,Urban,Public
10143,Brad,Burgess,11,2,0,22.40,28464.58,1,1,Urban,public
10144,Unknown,Shah,8,4,2,47.90,,0,0,Urban,public
10145,Tom,Mann,11,2,0,50.00,17442.6,1,,Urban,PUBLIC
10146,Colton,Sherman,17,3,1,59.20,62040.64,1,,URB,HOMESCHOOL
10147,Sherri,Clark,11,4,2,25.00,"$3,571",0,0,Suburban,PUBLIC
10148,Gregory,,14,3,1,26.90,29712.04,1,3,SUBURBAN,Homeschool
10149,Stanley,Monroe,11,2,0,33.50,,1,3,  Suburban  , Private 
10150,Patty,Beck,7,3,1,47.10,29292.19,1,3,n/a,Public
10151,Jenny,Wyatt,8,3,1,41.60,64520.89,1,,N/A,Public
10152,Jackson,Kim,6,7,5,24.90,,,,RURAL,public
10153,Shelby,Mullen,11,4,2,56.90,18073.7,,,URB,Public
10154,Nicholas,Hamilton,15,8,6,34.20,29578.72,1,1,Urban, Governmental 
10155,Pamela,Murillo,11,2,0,57.90,approx 24.1k,1,2,Urban,Private
10156,  Alexandra   ,Vaughn,9,7,5,34.20,21709 EGP,1,1, Urban , Public 
10157,,Valencia,8,8,6,35.60,23173.02,0,,Suburban,Public
10158,Justin,Meza,12,3,1,38.50,,0,0,SUB,Public
10159,Lawrence,Harris,6,7,5,39.30,18754.0,1,1,URB,Public
10160,Colleen,Cook,6,4,2,,16041.06,1,1,URBAN,  Public  
10161,Thomas,Morton,14,6,4,47.50,"37387,55",1,4,Urban,Public
10162,Howard,Lane,10,5,3,51.20,17163.85,1,1,Urban,Public
10163,,Walker,9,7,5,,,0,0,RURAL,Governmental
10164,Javier,Malone,10,5,2,28.10,,1,,Suburban,Governmental
10165,Patty,Warren,13,5,3,53.40,33292.9,1,4,URB,PUBLIC
10166,Darlene,Beard,11,3,0,33.80,42965.73,1,3,Urban,International
10167,Alexis,Higgins,8,2,0,42.60,38679.61,1,,Suburban,Public
10168,Wendy,Daugherty,8,3,1,29.40,33451.97,1,1,city,Public
10169,Brooke,Garza,10,3,1,51.00,23029.84,0,0,countryside,Gov
10170,Antonio,Colon,12,7,4,23.20,"$16,645",0,0,Village,Public
10171,Kathy,Diaz,10,3,0,39.70,38199.49,1,3,city,N/A
10172,Erik,Newman,10,5,3,,32601.69,0,0,-,Public
10173,angel,Pierce,11,4,2,44.30,19904.45,0,0,Urban,PUBLIC
10174,Marie,Galloway,10,4,2,43.70,16455.15,1,2,Urban,Governmental
10175,Bill,Wise,8,3,1,58.60,36086.91,1,6,Rural,Homeschool
10176,Phillip,Beck,14,10,8,45.40,27417.72,0,0,Suburban,public
10177,  Veronica   ,  Schneider   ,9,7,5,36.80,45637.47,1,4, Suburban ,Public
10178,Anna,Arellano,11,5,3,37.60,9367.54,0,0, Rural ,Gov
10179,Julie,Livingston,3,5,3,47.60,23788.2,1,1,Urban,Gov
10180,Brent,Sharp,10,8,6,47.10,,0,0,Suburban,Public
10181,Mike,Mann,7,4,2,41.60,24476.78,1,2,Village,Public
10182,Patty,Robles,7,2,0,50.60,18252.04,1,4,Suburban,Private
10183,Francis,Whitaker,18,2,0,,21919.83,0,0,URB,Private
10184,Pamela,Cole,11,4,2,36.70,87176.67,1,4,City,Homeschool
10185,Omar,,15,4,2,31.20,24746.87,1,6,Rural,Private
10186,Charlotte,Vasquez,14,5,3,,42605.88,1,4,URB,Priv
10187,Philip,Hull,14,11,9,33.80,8855.9,0,0,Rural,Homeschool
10188,Krista,Daugherty,10,2,0,36.80,10703.75,0,2, Urban ,Public
10189,Amy,Cobb,16,3,1,63.20,50708.54,1,1,Urban,Private
10190,Walter,Hamilton,14,3,1,37.40,,0,0,URB,Public
10191,Karen,Mann,11,7,5,49.80,19421.43,0,0,SUB,Public
10192,Russell,Kent,11,6,4,45.30,19026.69,1,2,  URB  ,PVT
10193,Xavier,cunningham,10,5,3,47.60,17875.25,1,1,City,  PUBLIC  
10194,Manuel,Stevens,11,5,3,27.80,"13460,03",0,,Rural,  PUB  
10195,Virginia,Frederick,10,8,5,43.70,16636.48,,,urban,Gov
10196,Cesar,Yang,12,4,2,54.40,"13,110.84",0,0,Suburban,  Public  
10197,Valerie,Carpenter,17,5,3,36.70,34210.77,0,0,Urban, International 
10199,Erica,Hogan,15,5,3,31.70,9848.31,0,3, SUB ,PUBLIC
10200,Rick,Glover,9,6,4,49.50,19102.11,0,6,Village,PUB
10201,Jane,MCLAUGHLIN,15,2,0,35.80,40045.75,1,1,Urban,Private
10202,Tricia,Byrd,9,2,0,38.30,32714.78,1,1,Suburban,Gov
10203,Janice,Walker,12,3,1,35.90,26326.38,1,1,Urban,  Private  
10204,Zachary,Jacobson,10,2,0,30.00,18427.72,1,4,SUBURBAN,Public
10205,Stacy,Mayer,4,4,2,30.00,45126.38,1,1,Urban,Public
10206,Ryan,Bridges,17,3,1,42.20,30773.62,1,,Suburban,Public
10207,Kimberly,Kramer,7,6,4,47.00,10489.55,1,,urban,Public
10208,Joanna,Carpenter,11,6,4,24.90,22661.34,1,3,SUB,International
10209,Michaela,Sandoval,7,4,2,44.90,30654.0,1,,Urban,Public
10210,Timothy,Santos,6,4,2,61.50,,,,suburban,PUBLIC
10211,  Douglas   ,Sheppard,10,6,4,36.10,26006.61,1,3,Urban,Home School
10212,Angela,Alvarado,8,2,0,47.60,approx 33.5k,0,0,Suburban,unknown
10213,Alexander,Willis,6,7,5,41.40,10883.1,0,0,rural,Home School
10214,Bruce,Finley,10,2,0,33.40,33797.55,0,,city,Public
10215,Guy,Mitchell,5,6,3,40.70,17253.28,,, URB ,PUB
10216,Jenna,Owens,11,6,3,,,1,1,Suburban,Public
10217,Bonnie,Frey,10,4,2,44.10,41713.27,1,2,  Urban  ,Homeschool
10218,Dan,Shea,3,5,2,67.80,,1,3,Urban,private
10219,Glenn,Oconnor,9,5,3,63.90,15505.51,0,0,City,public
10220,Samuel,Callahan,12,5,3,29.50,"50,219.77",1,3,URBAN,private 
10221,Sheri,Mcpherson,7,8,6,26.00,17031.8,,,RURAL,PUB
10222,Gregg,Duarte,12,3,1,46.60,8800.85,0,0,Urban,Public
10223,Nicole,Sanchez,12,7,5,37.20,11623.44,0,4,Suburban,PUBLIC
10224,Lorraine,Christensen,7,5,3,52.40,41545.55,1,3,Urban,  Public  
10225,Audrey,Hunter,10,5,3,,12171.2,,,Urban,Public
10226,Steven,Ortiz,13,3,0,32.60,18211.22,0,0,Suburban,Private
10227,Barbara,Perez,7,7,5,57.60,24471.23,1,5,Sub-urban,Public
10228,Erica,Kirby,10,5,3,23.80,21947.55,1,1,RURAL,Public
10229,Daniel,Vincent,15,4,2,,32911.41,1,2,urban,homeschool
10230,Martha,Durham,7,4,2,45.60,70453.41,1,4,  city  ,Private
10231,Jody,Gilbert,12,4,2,29.80,18983 EGP,0,,Urban,Public
10232,Kathryn,Drake,7,4,1,37.70,"27,017.28",1,5,Suburban,private
10233,Ian,Hess,10,3,1,45.80,32824.86,1,1,Suburban,Public
10234,Edgar,Fields,12,7,5,,37867.11,1,1, Suburban ,Public
10235,Curtis,Leonard,3,9,7,,30582.97,1,2,RURAL,  Public  
10236,Kristen,Mcneil,9,4,2,63.30,23418.05,0,0,  Urban  ,Public
10237,Rose,Case,12,2,0,43.50,24546.27,0,,rural,PUB
10238,Sandra,Frye,11,10,8,35.20,,,,rural, Public 
10239,Glenn,Krause,9,2,0,41.00,28488.81,1,6,URBAN,PUBLIC
10240,Bruce,Clayton,7,9,7,29.40,39170.77,1,4,City,INTL
10241,Kristi,,13,4,2,52.10,43759.54,1,3, Suburban ,private
10242,Caitlin,Thornton,9,6,4,38.80,40685.35,0,0, URB ,PUBLIC
10243,Richard,Butler,12,4,2,59.90,31250.84,1,,Urban,Public
10244,Brittney,Mcdonald,12,4,2,34.60,28460.82,0,2,Urban,Gov
10245,Elijah,Meyer,9,4,1,45.60,34607.86,1,2,-,Public
10246,Claudia,Avila,14,3,1,59.20,57186.23,1,2,RUR,Private
10247,Cassandra,Melton,8,6,4,,27447.34,1,4,Rural,Governmental
10248,Rita,Montgomery,15,7,5,45.70,21159.67,1,2,  Rural  ,Public
10249,Natalie,Mclaughlin,15,9,7,46.90,,0,0,Urban,Governmental
10250,Barry,Carlson,14,2,0,32.60,16083.3,,,Suburban,Public
10251,Luis,Mcconnell,10,2,0,63.60,24878.47,0,0, Urban ,Private
10252,Michael,Kelly,18,8,6,25.70,42214.19,1,1,SUB,Governmental
10253,Howard,Perez,11,2,0,35.60,,0,0, Rural , Public 
10254,Taylor,Fields,11,6,4,40.30,24424.66,1,6, Village ,Public
10255,Marc,White,10,6,4,53.80,27332.57,1,2,Suburban,Private
10256,Eddie,Neal,6,3,1,,"$36,142",1,2,urban,Private
10257,Rick,Patterson,15,2,0,27.40,26402.79,0,0,Urban,PUB
10258,Jody,Lee,8,7,5,40.80,18432.2,1,3,Suburb,Governmental
10259,Carla,Ali,14,4,2,44.90,17403.57,0,0,NULL,Public
10260,Roger,Pratt,15,2,0,37.10,approx 41.6k,1,1,City,PUB
10261,Judy,Wolfe,13,3,1,30.20,16445.43,,,RUR,PUB
10262,Emily,Barton,8,5,3,38.60,,,,urban,Gov
10263,,Todd,9,3,1,29.60,33618 EGP,1,2,Urban,  PUB  
10264,Dakota,Cook,3,3,1,57.40,195402.0,1,14,URB,Private
10265,Marilyn,Petersen,10,2,0,39.30,26613.92,1,3,City,Public
10266,Misty,Gonzales,13,6,4,42.10,73847.49,1,5,Urban,Private
10267,Travis,Lane,10,4,2,47.40,,0,0,city,PUB
10268,Katrina,Duke,8,7,5,49.80,22053.83,0,0,Suburb,private 
10269,Keith,Cervantes,9,3,1,33.10,50268.47,1,6,Urban,Public
10270,Jeanette,,15,5,3,39.70,29988.09,0,0,Urban,Public
10272,Gabrielle,Parker,17,6,4,52.70,25221.83,1,3,Suburban,private 
10273,bailey,Curry,8,4,2,45.20,43994.07,1,3,Suburban,Private
10274,Karen,Branch,11,2,0,50.10,83190.95,1,8,Suburban,Private
10275,Renee,Arellano,9,2,0,44.80,45983.06,1,4,Suburban,private 
10276,Haley,Miller,18,4,2,47.50,22525.45,1,2,URB,Public
10277,Jeff,Stark,11,7,5,,15091.99,1,-2,Rural,Int.
10278,Erik,Brown,18,2,0,55.60,26265.46,1,2,Urban,Private
10279,Tommy,Unknown,9,8,6,41.50,15883.14,1,3,Suburban,PUBLIC
10280,Connor,Gomez,16,5,3,27.90,23499.03,0,0,Sub-urban,International
10281,Andre,Turner,11,4,2,23.30,,0,,countryside,Public
10283,Omar,Conway,6,3,1,42.70,47144.42,1,-1,Urban,International
10284,Theodore,Lutz,12,2,0,,37477.98,1,4,Urban,null
10285,Shelby,Unknown,7,2,0,41.60,17988.35,0,0,SUBURBAN,Public
10286,Gabrielle,Nguyen,11,5,3,51.80,32250.53,1,4,Urban,Public
10287,Dakota,Ortega,5,8,6,29.00,10091.98,0,0,countryside,Public
10288,David,Frost,10,2,0,15.40,12661 EGP,1,2,Rural, Public 
10289,,Arnold,14,8,6,45.40,43400.31,1,2,Urban,Private
10290,,Pineda,12,2,0,44.60,,1,4,City, Private 
10291,Vanessa,Ford,6,4,2,39.90,,,,Rural,Homeschool
10292,Jackson,Miller,4,2,0,37.30,35288.24,1,8,Urban,  Public  
10293,Caleb,Jimenez,12,4,2,43.50,28540.89,1,4,URB, HS 
10294,vanessa,Wallace,45,3,1,54.40,"17180,08",1,2,URBAN,Public
10295,,,7,6,4,36.90,27119.77,1,1, Urban ,Public
10296,Raven,Johns,18,6,4,38.50,37707.64,1,2,Urban,International
10297,Anthony,Norman,10,2,0,,30284.41,1,5,Suburban, homeschool 
10298,Katrina,Bush,3,5,3,48.30,10087.58,0,0,Suburban,Homeschool
10299,Martha,Bautista,5,6,4,34.30,32576.74,1,3,  Urban  ,Private
10300,dana,Schmitt,13,5,3,,approx 26.0k,1,,Suburban,PUBLIC
10301,Kristen,Hoover,11,4,2,24.70,,,,  Urban  ,Public
10302,Virginia,Stone,16,6,4,52.70,16408.88,1,4,Suburban,Governmental
10303,Kristy,Holt,6,2,0,31.90,38964 EGP,1,5,urban,public
10305,Candice,Haas,11,3,1,27.10,,0,0,Rural,PUBLIC
10306,Stephanie,Tran,10,6,4,43.40,43853.81,1,2,Suburban,Governmental
10307,Sara,Ray,9,9,7,19.90,approx 9.1k,,,Suburban,Public
10308,Spencer,Luna,9,7,5,59.90,,1,5,Suburban,Private
10310,Carl,Fisher,12,3,1,35.20,17273.05,0,2,Suburban,Private
10311,Samuel,Coffey,11,4,2,,20847.62,1,,Rural,Public
10313,Manuel,Benjamin,6,5,3,35.30,33987.79,0,0,Suburban,Public
10314,,Trujillo,4,4,2,,23904.38,1,1,Suburban,Public
10315,Maureen,Knapp,14,3,1,30.20,3657.33,0,0,Urban,Gov
10316,Gerald,Wiggins,7,4,2,29.80,19036.39,0,0,Urban,Public
10317,Breanna,Lawrence,9,4,2,25.30,28427.24,0,0,Suburban,PUBLIC
10318,Tracy,Yu,8,8,6,,30839.71,1,3,Rural,PUBLIC
10319,Patty,Harvey,8,6,4,22.70,20585.11,1,1,RURAL,PUB
10320,Chase,Mcbride,5,7,5,,"$30,570",1,,RUR,Homeschool
10321,Brett,Chambers,8,2,0,29.60,18184.42,0,0,Urban,  PUB  
10322,Tiffany,  Douglas   ,13,4,2,59.90,38185.27,1,6,Suburban,Public
10323,Caitlin,Wolfe,10,6,4,58.60,approx 38.5k,1,1,Suburb, Private 
10324,Marie,Russo,12,5,3,38.00,10435.45,0,,Suburban, Public 
10325,judith,Patel,9,5,3,38.90,54433.42,1,,Urban,Private
10326,Ricardo,Jenkins,14,7,5,52.00,30639.79,0,0,Suburban,Private
10327,Stefanie,Prince,9,5,2,45.30,,1,1,,  Priv  
10328,cassie,Sanders,3,6,4,,21714 EGP,1,2,Suburban,International
10329,Nichole,Hudson,12,2,0,39.40,,1,2,rural,public
10330,Kaylee,Reilly,13,2,0,55.00,36204.73,1,1, SUB ,public
10331,Jesus,Boyd,8,4,2,38.00,35105.97,1,1,Urban,Public
10332,Joel,Lara,15,6,4,46.10,40970.56,1,3,urban,HOMESCHOOL
10333,Gregory,Whitaker,7,3,1,47.20,26727.37,1,3,  Suburban  ,Homeschool
10334,Miguel,Brooks,13,4,2,32.40,"28,657.85",1,,suburban,Gov
10335,Darrell,Mcguire,17,5,3,58.10,25267.01,0,0,Urban,Public
10336,Tyrone,Buchanan,11,9,7,36.60,"46,269.44",1,2,Suburban,public
10337,Jeff,Faulkner,10,10,8,39.20,23944.71,0,0,Rural,Homeschool
10338,Vicki,Haas,10,4,1,44.80,,1,2,Urban,Governmental
10339,Glen,Glover,16,5,2,40.10,23765.42,1,2,  Suburban  ,PUB
10340,Sydney,Valencia,12,3,1,22.20,6487.46,,,Rural,  Public  
10341,Derrick,Huffman,18,5,2,,8590.83,1,1,Suburban, Public 
10342,Richard,Bishop,12,2,0,25.60,,1,1,Rural,Home School
10343,,Strickland,8,8,6,52.70,51419.88,0,0,SUB,N/A
10344,Mike,Fletcher,8,3,1,59.60,17366.97,1,3,Suburban,Public
10346,Colleen,Garcia,3,5,3,,17417.11,0,0,Urban,Gov
10347,Kyle,Munoz,9,5,3,55.40,14622.06,0,0,  URBAN  ,Public
10348,Rebekah,Simon,9,5,3,26.30,15480.0,1,3,Suburb,Public
10349,Makayla,Mcneil,11,5,3,37.70,34656.72,0,0,Urban,Private
10350,Xavier,Unknown,17,4,2,51.60,22685.64,1,3,City,Public
10351,Caroline,Velez,11,3,1,,19044.48,1,,Suburban, Homeschool 
10352,Francis,Williamson,4,5,3,47.80,"21068,87",1,1,Urban,Gov
10353,Erik,Raymond,7,5,3,34.70,"33872,13",1,4,Urban,PVT
10354,Olivia,Bautista,11,3,1,28.90,31718.76,1,1,Suburban,International
10355,Peggy,Burgess,11,3,1,34.70,,,,Urban,Public
10356,Jodi,Baird,16,3,0,35.30,"$16,846",0,,Suburban,Public
10357,LEVI,Barnes,14,2,0,44.40,28306.19,0,0,urban,PUBLIC
10358,Helen,Forbes,14,7,5,53.30,32578.26,1,3,SUBURBAN,PUBLIC
10359,Derrick,Lynch,10,3,1,35.30,27453.03,1,4,suburban,PRIVATE
10361,Darin,Waller,7,7,5,42.80,13677.16,0,,Urban,Public
10362,Katelyn,  Warner   ,14,9,7,20.60,32155.88,1,1,Suburban,  Homeschool  
10363,Cynthia,Rodgers,9,3,1,57.30,91877.6,1,4,Urban,private
10364,Jonathon,Kane,5,3,1,,,0,0,Suburban,PVT
10365,Grace,Moore,13,2,0,31.80,31215.21,1,1,City,Private
10366,Mitchell,Franco,16,3,1,62.30,39560.77,1,3,Urban,Private
10367,Debra,Erickson,9,5,3,,22027.89,1,2,  Urban  ,Public
10368,Kenneth,Alexander,16,3,1,48.70,17663.07,0,0,Urban,Public
10369,Alexandra,SHEPHERD,5,8,6,33.20,30696.74,1,1,city,  Private  
10370,Jared,Church,6,2,0,31.70,,0,0, Urban ,Public
10371,Breanna,Kirby,10,7,5,37.00,21328.12,0,,Rural,Gov
10372,Alexandra,Cooper,9,4,2,48.20,34908.63,1,2,Suburban, PUBLIC 
10373,Brad,kennedy,8,5,3,44.90,10592.41,0,0,suburban,Gov
10374,Michaela,MONROE,11,3,1,49.60,,1,1,Urban, Private 
10375,Sharon,Stokes,9,5,3,,26395.24,1,1,Urban,Homeschool
10376,Melanie,Cordova,9,7,5,,38671 EGP,1,1,Village,Public
10377,Ariana,Hale,99,4,2,45.70,61108.88,1,3,Urban,Private
10378,Melinda,Walton,8,3,0,37.70,27252.22,1,4,Rural,Private
10379,Francis,Mccarty,10,3,1,29.30,49805.2,1,4,Suburban,INTL
10380,David,Blanchard,8,4,2,36.40,24321.77,0,0,city,  public  
10381,Anna,Ballard,6,6,4,61.10,,1,,  Suburban  ,public
10382,Jenny,Owens,13,3,1,38.10,22273.45,1,2,Suburban,Priv
10383,Toni,hooper,17,10,8,33.20,9912.61,0,0,RUR,Public
10384,Christy,Tucker,14,6,4,39.40,26781.49,1,2,SUB,Public
10385,Adrian,Norton,12,2,0,37.20,28402.02,1,3,Urban,International
10386,Rachel,Mcdonald,8,3,1,38.30,22896.13,1,4,Suburban,Private
10387,Joy,Liu,9,5,3,33.20,28779.48,1,3,City,Public
10388,Colleen,Daugherty,14,3,1,44.40,30743.68,1,5,Urban,INTL
10389,Ellen,Snow,3,2,0,52.00,41703.31,1,4,Sub-urban,HOMESCHOOL
10390,Unknown,Rojas,9,2,0,30.70,21558.78,1,2,Urban,International
10391,Cassie,Schwartz,13,7,5,44.50,8486.24,,,  Rural  ,Public
10392,Brooke,Beltran,6,8,6,45.80,,0,0,Rural,PUBLIC
10393,Kelli,Peterson,12,3,1,31.70,47625.28,1,3,Urban,Priv
10394,Colin,Zamora,12,2,0,53.70,36202.17,1,,  Urban  , Public 
10395,stephanie,Unknown,5,2,0,42.60,,,,Unknown,Public
10396,Eric,Howard,11,5,3,31.50,27658.29,1,2,Urban, Public 
10397,Stanley,Brooks,8,6,4,40.70,34779.21,1,,Urban,Public
10398,Melanie,Beard,12,5,3,47.30,9532.01,1,1,RUR,Public
10399,Joyce,Russo,13,6,4,41.90,19526.94,1,4,URB,Public
10400,Ashley,Crawford,12,3,1,36.80,27429.77,1,4, City ,International
10401,Roberta,Jimenez,11,5,3,48.70,56989.33,1,1,URB,International
10402,Brett,Cruz,12,3,1,36.80,33652.39,1,4,city,Public
10403,Lisa,Hicks,6,6,4,37.30,18678.12,1,,Suburban,public
10404,MICHAELA,Lambert,10,2,0,38.70,15353.27,,,RURAL,International
10405,Cole,hamilton,8,3,1,58.50,"20,610.35",1,1,URB,PUBLIC
10406,Denise,Hansen,14,3,1,,23703.91,0,0,city,Public
10407,Hannah,Russo,13,5,3,55.00,25520.78,0,0,Rural,Public
10408,Unknown,Perkins,13,4,1,6.50,8901.73,,, Suburban ,Homeschool
10409,Mathew,Peck,17,4,2,44.20,52744.75,1,-4,Suburban,  public  
10410,Kyle,Mclaughlin,9,4,2,52.80,99116.42,1,2,urban,International
10411,Beverly,Burgess,9,3,1,51.60,27984.6,1,4,SUB,Public
10412,John,Carr,9,4,2,,18824.38,0,,  Urban  ,Governmental
10413,Emma,Hess,5,4,2,16.10,56374.85,1,1,URB,  Private  
10414,Brandi,Henry,5,4,2,56.40,29818.07,0,0,Suburban,  Public  
10415,Sara,Mayer,13,7,5,30.20,22263.87,1,2,city,Homeschool
10416,Joseph,Morgan,5,3,1,29.50,,1,1,Suburban,Public
10417,Bradley,Gilmore,7,7,5,23.50,20471.51,0,0,Suburban, Public 
10418,Jesse,Wagner,10,3,1,48.60,28450.46,1,2, Sub-urban ,Priv
10419,Louis,Rios,9,5,2,,41878.53,1,2,Suburban, Gov 
10420,Dorothy,Holland,14,2,0,39.40,,1,1,Urban,Public
10421,Raven,Reyes,11,2,0,31.30,,1,5,Suburb,Public
10422,Dale,Hendricks,8,2,0,43.40,21299.57,1,2,Suburban,  Public  
10423,Monica,Ho,14,9,7,,47582.04,1,4,Urban,INTL
10424,Amanda,Roy,13,5,2,70.70,15310.64,1,3,Village,Public
10425,,Hopkins,5,6,4,46.40,47140.87,1,2,Rural,Public
10426,Wanda,Caldwell,11,4,1,55.20,17871.69,0,0,Suburban,Public
10427,Gloria,Hopkins,8,6,4,51.80,36947.27,1,8,URBAN,PRIVATE
10428,Brianna,Lynch,8,6,3,46.30,85320.03,1,6,SUBURBAN,  International  
10429,Kevin,Banks,17,3,1,,52737.14,1,8,City,private 
10430,Philip,Shepherd,11,5,3,,approx 44.8k,1,4,Urban,PUB
10431,,Huerta,10,4,2,44.00,35005.39,1,5,Urban,  International  
10433,Lori,Mcpherson,14,5,3,,,0,0,Suburban,Int.
10434,Jane,Harris,8,2,0,60.30,21829.26,1,1,city,Public
10435,Rebecca,Barrett,9,7,4,43.20,,1,2,Urban, public 
10436,Billy,Frost,13,5,3,36.30,42291.42,1,3,Urban,Gov
10437,Christine,Greer,5,2,0,49.10,,,,Urban,Public
10438,Gabrielle,Waller,999,6,4,,42542.64,1,6,city,PRIVATE
10439,Kiara,Cole,5,7,5,35.90,25082.18,1,4,Urban,private
10440,Kayla,Barnes,10,6,4,36.40,17579.52,1,3,Urban, Gov 
10441,Melvin,Porter,5,4,2,38.40,64416.62,1,3,urban,  Private  
10442,Joanna,Clarke,7,7,5,29.30,,0,0,Suburban,PUB
10443,Randall,  Conrad   ,15,4,2,47.30,17740.85,0,0,Suburban,PVT
10444,Debbie,Martin,14,2,0,56.40,18676.87,1,,SUBURBAN,Public
10445,Kelli,Wilson,15,3,1,47.90,32282.02,1,3, Urban ,Private
10446,Anthony,Cooper,5,2,0,39.40,21226.93,1,4,Urban,Public
10447,Monique,French,7,4,2,44.90,66432.61,1,5,urban,Homeschool
10448,Kurt,Price,12,5,2,,,,,  Urban  ,Public
10449,Audrey,Finley,13,4,2,59.50,,1,10,city,International
10450,Penny,Reyes,8,2,0,27.50,,,,Suburban,Private
10451,Dustin,Pratt,8,2,0,49.10,151104.71,1,11,Urban,international
10452,Collin,Lloyd,6,2,0,50.30,,1,1,Urban,International
10453,Greg,Mcguire,16,5,2,32.30,27982.66,1,5,URBAN,Governmental
10454,Frank,,9,9,7,60.20,33679.56,1,3,URB,Private
10455,Walter,Roth,11,2,0,70.40,20778.65,0,0,Suburban,Public
10456,Kim,Lutz,11,5,3,55.80,35985.86,1,3,null,Public
10457,Bonnie,Goodman,14,3,1,30.60,19823.9,1,2,Urban,  Public  
10458,Trevor,Arnold,7,7,5,50.50,37795.49,1,8,SUBURBAN,private 
10459,Maria,Houston,15,4,2,50.40,32862.87,1,1,URBAN,INTL
10460,Christopher,Black,6,6,4,31.90,17253.47,1,3,URB,  public  
10461,Holly,Burton,15,3,1,,32368.17,1,6,suburban, Public 
10462,Gina,Goodman,4,3,1,35.00,36351.17,1,5,  urban  ,Int.
10463,Billy,Frazier,10,11,9,33.30,11563 EGP,,,Rural,Public
10464,Samuel,Hopkins,16,2,0,27.60,20226.76,1,2,Suburban,Public
10465,Marcia,Patterson,13,4,2,38.60,39413.64,0,0,Urban,N/A
10466,Sophia,Butler,12,4,2,53.40,54171.27,1,1,URBAN,Private
10467,Wayne,Ford,7,6,4,,27495.04,1,5,  Urban  , PUBLIC 
10468,Sheila,Downs,8,3,1,55.30,42695.99,1,-3,Suburb,Private
10469,Lori,Glass,15,4,2,34.80,56493.66,1,,Urban,  International  
10470,Lindsay,Mckinney,12,3,1,,52407.02,1,4,SUB,International
10471,Phyllis,York,14,2,0,50.10,37396.83,1,3,Urban,International
10472,Unknown,,1,4,2,,,0,0,Suburb,PUBLIC
10473,Darrell,Terrell,9,4,1,39.20,28007.1,1,2,Rural,public
10474,Victor,Gordon,13,6,4,43.10,26761.78,1,1,  urban  ,Public
10475,Joseph,Lowe,11,2,0,53.30,"39284,21",1,3,URB, Int. 
10476,Kellie,Hooper,10,3,1,29.50,18106.89,,,Suburban,Public
10477,Sharon,Collier,5,2,0,40.40,18396.32,1,,SUBURBAN,  PUBLIC  
10478,Robin,Moss,14,6,4,36.00,20216.09,0,0,  Urban  , HS 
10479,Dalton,Thornton,12,2,0,39.10,12348.18,0,0,suburban,PUB
10480,Debbie,Woods,8,2,0,36.60,18532.64,,,Sub-urban,  Public  
10481,Michael,Murphy,15,8,5,45.90,,0,0,Rural,  Public  
10482,Anna,Duke,11,4,2,28.30,34942.05,1,3,SUBURBAN,private 
10483,Jeff,Bradford,11,3,1,36.20,14247.22,,,SUB,Public
10484,Angela,Knight,14,5,2,41.30,20574.61,1,1,City,Public
10485,Patricia,Valdez,13,4,2,32.90,29784.68,1,1,Urban,  Public  
10486,Krystal,Schwartz,12,4,2,30.30,69343.94,1,,Sub-urban,International
10487,Vanessa,Miranda,10,3,1,,17489.26,0,0,Suburban,PVT
10488,Lauren,Bridges,18,4,2,31.30,,0,0,Rural,NULL
10489,Donna,Garza,8,2,0,,14450.4,,,Urban,Public
10490,Dawn,Sosa,13,2,0,41.70,18520.78,0,0,URB,Public
10491,Tony,Wagner,10,2,0,34.00,20717.68,0,,city,PUB
10492,Albert,Callahan,12,6,4,42.20,105612.58,1,5,Urban,International
10493,Makayla,Baldwin,15,3,1,43.80,50600.14,1,4,City,PVT
10494,Trevor,Edwards,9,3,1,37.80,,1,1,City,  Public  
10495,Dawn,Adams,13,5,3,62.50,82377.64,1,2,Urban,INTERNATIONAL
10496,Dennis,Gardner,11,5,3,45.00,,0,0,Urban,International
10497,ANTHONY,Charles,8,5,3,32.20,23713.76,1,6,URBAN,Gov
10498,Jackson,Dunn,15,2,0,52.70,13237.64,,,  Rural  ,Governmental
10499,Ariana,Delacruz,13,8,6,39.90,30174.92,1,2,RUR,INTL
10500,Spencer,Unknown,9,5,3,,28610.09,1,4,city,  Public  
10501,Rita,Hubbard,14,4,2,36.10,,1,4,suburban,INTL
10502,Victoria,Fisher,8,9,7,36.80,32490.46,1,2,suburban, Public 
10503,Eileen,Ayala,10,7,5,25.70,28280.75,1,5,Rural,PRIVATE
10504,Mike,Barron,9,2,0,,,1,1,Suburban,Public
10505,Curtis,Singh,13,2,0,76.90,11678.1,0,,  city  ,public
10506,Alexandra,,9,3,1,35.20,"$11,891",0,0,Urban,Public
10507,Wendy,Weeks,13,5,3,44.60,,1,3,countryside,Governmental
10508,Kathy,Hurst,13,5,2,28.00,"7,358.67",0,,Rural,public
10509,Christopher,Fitzgerald,9,4,2,,50623.72,1,3,suburban,Public
10510,Sandra,Bradford,17,6,4,42.60,22935.6,1,3,suburban,Private
10511,Dustin,Trujillo,8,3,1,53.20,35898.04,1,2,Suburban,Public
10512,Gerald,,5,4,2,37.20,19521.09,1,1,SUBURBAN,Public
10513,Tammie,Contreras,14,6,4,56.90,46800 EGP,1,5,Urban,Governmental
10514,Vicki,Gaines,3,5,2,28.90,10089.01,1,1,  URB  ,Public
10516,  Diamond   ,Hogan,11,6,4,39.50,33705 EGP,1,1,SUB,Public
10517,Harry,Kane,5,4,2,48.90,41017.39,1,,Urban,Public
10519,Alisha,Jacobs,5,5,3,,6693.89,0,2,Rural, Public 
10520,Bill,Unknown,12,4,2,56.40,51855.28,0,0,Urban,Priv
10521,Nichole,Warren,6,9,7,39.30,13825.22,0,0,Rural,Public
10522,,Unknown,12,3,1,35.60,,1,1,Suburban,International
10523,Greg,,9,6,4,45.40,86730.86,1,8,Suburban,private
10524,Helen,West,9,3,1,36.60,31355.05,1,1,,Public
10525,Juan,Ballard,12,4,2,40.40,22350.38,1,6,urban,  PUBLIC  
10526,Robert,Beck,13,3,1,52.50,12477.11,1,1,  rural  ,Public
10527,Kristy,Zavala,15,2,0,56.20,,1,,n/a,Private
10528,Marc,Peters,8,3,1,55.70,16293.46,1,1,Suburban,PUBLIC
10529,,Weber,10,2,0,33.10,39396.73,1,4,Urban,Private
10530,Jasmine,Watson,8,2,0,56.40,54488.15,1,,urban,Public
10531,Kelly,Eaton,11,5,3,32.50,24378.03,1,5,Suburban,Public
10532,Monica,Trevino,8,6,4,,44059.89,1,9,Suburban,Public
10534,Shelby,Mccullough,9,4,2,46.20,20371.66,1,1,URB,PUB
10535,Kelli,Fuller,12,7,4,51.90,11902.25,,, Urban ,PUB
10536,Madeline,Burns,11,3,1,,34589.68,1,,Urban,  home-school  
10537,Mark,Hicks,12,4,2,36.40,34991.01,1,2,URBAN,  Priv  
10538,Unknown,Quinn,10,4,2,39.40,51007.32,1,1, city ,  Private  
10539,Edward,Pineda,8,10,8,58.60,48374.42,0,0,Urban,Private
10540,Krystal,Berry,11,4,2,52.00,79781.82,1,5,Suburban,PRIVATE
10541,Tom,Cordova,7,3,1,30.70,,0,0,urban,Gov
10542,Selena,Alvarado,13,7,5,,20863.35,0,0,-,PUB
10543,Alvin,Yoder,9,9,7,46.50,11752.41,0,0,RUR,PUBLIC
10544,Mason,Morris,11,4,2,76.00,49589.56,1,1, Urban ,International
10546,Morgan,Stevenson,16,2,0,,49145.44,1,,urban, Governmental 
10547,Rick,Rodgers,12,7,5,32.90,19829.07,0,0,  Urban  ,Public
10548,Lauren,Mckinney,11,6,4,,45323.53,1,1,NULL,private
10549,Oscar,Solomon,8,2,0,40.00,57731.37,1,4,URBAN,Private
10550,Alicia,Matthews,13,3,1,31.30,10886.14,,,Suburban,Public
10551,Cesar,Mcclure,10,5,3,42.10,,0,0,Suburban,Public
10552,Douglas,Sawyer,5,6,4,37.90,29120.55,1,2,Suburban,private 
10553,Jacob,Fox,10,2,0,57.30,27464.52,0,0,SUB,Governmental
10554,Dawn,Bryan,11,3,1,63.80,21792.25,1,2,Suburban,Governmental
10555,Yolanda,Daugherty,8,2,0,,19693.75,0,0,Suburban,Private
10556,,Beltran,10,5,3,,,1,1,Rural,Public
10557,Keith,Mendoza,10,5,3,55.60,30702.13,0,0,Sub-urban,Private
10558,Edward,Curry,10,2,0,33.90,17493.2,1,2,  Urban  , Public 
10559,James,Weaver,15,4,1,50.90,31299.42,0,0,null,PUBLIC
10560,Fred,Dougherty,6,3,1,,"18,659.14",1,1,Suburban,PUB
10561,Barry,Shepherd,18,4,2,33.70,23565.11,1,2,Urban,Governmental
10562,Devin,  Cummings   ,19,2,0,37.90,49945.03,1,5,  Suburban  ,Private
10563,,Burke,13,5,3,40.20,28997.53,0,0,  Rural  ,Public
10564,SARAH,SHORT,11,4,2,36.70,,1,,Rural,Public
10565,GREGORY,Price,4,3,1,34.80,18396.1,,,URB,Gov
10566,Glenn,Gross,7,5,2,67.10,45606.61,1,4,Urban,Private
10567,Taylor,Clark,9,2,0,41.00,,,,Urban,Governmental
10568,mathew,Burke,14,4,1,40.40,56936.88,1,2,Suburban,Intl
10569,Melissa,Benson,6,5,3,,27565.88,1,3,Suburban,Gov
10570,Eileen,Mcneil,7,4,2,34.10,18619.81,0,0,SUB,PUB
10571,Jonathon,Acosta,11,7,5,,17253.54,1,2,  rural  ,  PUBLIC  
10572,Grace,Turner,12,2,0,50.80,62855.67,1,8,URBAN,  Private  
10573,WANDA,Sandoval,12,4,2,20.10,,0,0,  City  ,  Public  
10574,Veronica,Garza,7,5,2,42.90,45002.25,1,5,suburban,public
10575,Bridget,Cruz,5,2,0,35.00,,1,6,City, Private 
10576,Elaine,Hooper,12,2,0,46.10,21451 EGP,1,1,Suburban,International
10577,Casey,bradley,16,3,1,40.70,,0,0,city,Private
10578,Christine,  Pearson   ,9,2,0,,27585.52,1,6,  Suburban  ,Private
10579,Jeremiah,Rhodes,6,8,6,,25679.35,1,3,RUR, Public 
10580,Barry,Lindsey,9,2,0,53.00,19903.44,1,2,city,Public
10582,Amber,Pineda,10,3,1,36.20,,0,0,Village,Public
10583,Chelsea,Scott,16,5,3,,43190.03,1,5,URB,Public
10584,,Snyder,14,4,2,63.80,,1,5,Suburban,PVT
10585,Natasha,Benitez,11,7,5,34.40,,,,Rural,PUB
10586,Angelica,MEJIA,3,2,0,,31050.18,1,3,city,Private
10587,Sydney,Mccullough,8,6,4,57.80,19566.17,1,1,Urban,Home School
10588,Kayla,Valencia,9,2,0,32.20,22723.19,1,2,  Urban  ,Public
10589,Chad,Mcfarland,8,10,8,40.40,16452.35,0,0,Urban,Public
10590,Bill,Young,11,2,0,48.70,,1,,URB,PUBLIC
10591,Vanessa,Pearson,11,2,0,48.10,56986.48,1,6,Urban, Priv 
10592,corey,Chen,4,3,1,43.70,36164.84,1,2,City,Public
10593,Christine,ALI,13,7,5,47.10,26932.31,1,2,Suburban,Public
10594,Ashlee,powers,11,6,4,44.90,18385.64,1,3,City,public
10595,Michele,,12,3,1,,28531.65,1,1,City,Public
10596,Nathan,Hawkins,13,5,3,45.90,,1,4,URB, Governmental 
10597,Johnathan,Wyatt,8,6,4,53.00,25210.31,1,,Suburban,Public
10598,Michael,patton,15,2,0,41.10,35723.07,0,0,Urban,  private   
10599,Harry,Butler,10,5,3,49.40,22062.28,1,1,Urban,International
10600,Jon,Jackson,-5,6,4,61.50,,1,1,Rural,Public
10601,Adrienne,Walker,19,5,2,49.90,19520.76,0,0, Suburban ,private
10602,Tara,Jackson,16,3,1,43.90,40060.67,1,3,SUBURBAN,Private
10603,Jimmy,Khan,7,5,3,32.30,28592.32,1,6,Sub-urban,  Public  
10604,Theresa,Wright,18,4,2,32.80,12285.77,0,0,Urban,Public
10605,Bridget,Baldwin,7,6,3,36.30,"$44,263",1,2,Urban,?
10606,Shelia,Chang,14,4,2,39.60,34502.62,1,6,Suburban,private
10607,Darin,Valentine,9,2,0,54.80,19013.48,1,,RURAL,Homeschool
10608,Kenneth,Peters,13,7,5,58.60,"42,407.84",1,3,RUR,private 
10609,Hector,estrada,10,5,3,63.00,25928.76,1,5,Suburban,Private
10610,Sydney,Williamson,7,6,4,,37680.9,1,5, Urban ,Public
10611,Gina,Goodman,3,3,1,41.70,33129.48,1,3,Suburban,Private
10612,Deanna,Briggs,18,4,2,25.90,41463.9,1,3,suburban,Public
10613,Helen,Swanson,11,5,3,53.20,26302.63,0,,Urban,public
10614,Jonathon,,3,5,3,61.10,20854.76,0,0,Urban,Public
10615,Brenda,Howe,12,7,5,34.70,50776.51,1,4,Urban, private  
10616,Anita,Schmidt,13,5,3,68.50,"49,352.17",1,3,URBAN,PUBLIC
10617,Caroline,Benitez,8,2,0,49.20,51593.91,1,1,  SUB  ,International
10618,Molly,Skinner,8,4,2,53.40,37367.73,1,2,urban,Public
10619,isaac,Conway,10,6,4,24.60,10333.89,,, Suburb , Public 
10620,Sonia,Wheeler,15,4,2,50.60,32540.63,1,2,city,PUB
10621,Phillip,Galloway,11,5,2,56.80,30288.7,1,4, Urban , Private 
10622,Ethan,Elliott,16,2,0,38.20,50321.99,1,5,SUB,Private
10623,Darlene,Spears,15,2,0,50.30,45804.51,1,1,Suburban,Intl
10624,Breanna,Haynes,10,4,2,45.30,24029.68,1,1,Rural,PUBLIC
10625,Connie,Flores,5,2,0,36.60,,1,1,Suburban,public
10626,Gabriella,Blanchard,10,4,2,55.40,,0,,SUBURBAN,Public
10627,Nancy,Johnston,12,3,1,42.20,24334.35,1,2,  Urban  ,Public
10628,Chris,Kramer,11,6,4,50.20,21210.41,0,0,Suburban,Public
10629,Collin,Patton,0,3,1,,32590.66,1,2,city,  Governmental  
10630,Emily,Boone,14,7,5,26.70,,1,2,Suburb, Private 
10631,Phillip,Leonard,12,3,1,,39284.74,1,4,Suburban,PRIVATE
10632,Paula,Unknown,10,5,3,34.40,17935.73,0,0,Urban,Private
10633,Wesley,Erickson,12,3,0,35.50,16223.76,1,,Sub-urban,PUBLIC
10634,Jenna,Lewis,18,2,0,31.80,,1,3,Suburban,Public
10637,Kurt,Cohen,17,7,5,36.10,29149.99,1,3,countryside,PUB
10638,Ariel,Hardy,6,3,0,29.20,,1,1,Urban,Public
10639,Stefanie,Walter,14,4,2,,25170.36,1,-4,Suburban,PUB
10640,Jack,Williamson,15,6,4,52.70,43079.37,1,2,Rural, Private 
10641,Cristian,Hobbs,5,6,4,52.90,,0,0,Urban,Public
10642,Dustin,Vincent,13,4,2,49.80,42229.72,0,0,City,PUBLIC
10643,Stacey,Crosby,10,5,3,49.10,34251 EGP,1,1,Suburban,INTERNATIONAL
10644,Timothy,Humphrey,10,5,3,32.30,21738.61,0,,SUBURBAN,Public
10645,,,9,2,0,33.60,25332.76,1,,Suburban,International
10646,Brenda,Mcbride,15,5,3,42.90,32245.09,1,,-,Public
10647,Sierra,Strickland,10,4,2,40.80,21763.63,1,2,Sub-urban,public
10648,,Buckley,9,4,2,47.70,20937.92,0,0,Urban, Gov 
10649,Alicia,Lee,9,7,5,45.60,20088.37,0,3,Urban,PUBLIC
10650,Jacqueline,Zamora,9,3,1,,71267.25,1,2,Suburban,  International  
10651,Darin,Zamora,7,2,0,61.90,23338.01,1,3,city,Gov
10652,Martin,Vaughn,9,6,4,40.70,19163.13,1,3,  Rural  ,public
10653,Glen,Miles,11,7,5,52.50,45793.11,0,0,URB,Private
10654,Erin,Franklin,12,2,0,59.40,26467.61,1,3,urban, Gov 
10655,Destiny,,15,5,3,45.40,26099.84,0,0,Sub-urban,Public
10656,Angela,Nguyen,11,5,3,42.90,39203.05,1,,city,Public
10657,Unknown,Delacruz,9,9,6,27.60,18650.67,,,-,PUBLIC
10658,Jeffery,Franco,7,7,5,21.80,7368.36,,,RURAL,Unknown
10659,Dean,Petty,12,2,0,,17122.83,,,Suburban,Private
10660,Tanya,Prince,10,3,1,50.70,76930.46,1,7,Urban,Private
10661,Tyrone,Mcintosh,10,6,4,49.90,21669.54,0,0,Urban,PVT
10662,Madeline,Crosby,11,6,4,40.60,27497.68,1,,Suburban,PUB
10663,,Church,12,3,1,30.80,12342.5,,,Suburban, Public 
10664,Lindsay,,11,4,1,35.40,62204.29,1,2, Urban ,PRIVATE
10665,Kathy,Melton,10,4,2,44.30,25195.06,1,2,Urban,Public
10666,,Fischer,8,3,1,,19926.0,1,4,Suburb,public
10667,Spencer,Marquez,8,3,0,36.60,27628.75,1,2,Urban,Private
10668,Devin,,14,2,0,71.70,101943.15,1,10,  SUBURBAN  ,  PVT  
10669,  Vicki   ,Meadows,9,4,2,57.80,,1,2,Urban,Public
10670,Katherine,Hamilton,6,5,3,36.10,"23,476.69",0,0,Suburban,PUB
10672,Morgan,Daniel,7,6,4,42.00,62576.64,1,2,Urban,Private
10673,Teresa,Reese,25,4,2,,17462.49,1,3,Suburb,Gov
10674,Justin,Contreras,12,6,4,49.00,18602 EGP,1,1,Urban,Public
10675,Victoria,Reyes,11,9,7,12.70,11273.54,0,0,NA,Homeschool
10676,David,Kim,3,3,0,44.80,57283.22,1,4,Suburban,?
10677,Patrick,Aguilar,12,4,2,45.40,29051.06,1,2,Urban,Public
10678,Karla,Holmes,15,6,4,31.30,11079.66,0,0,Suburban,Public
10679,Sheri,Graves,13,8,5,34.50,15332.44,1,2,Rural,  Private  
10680,Victoria,Obrien,3,5,3,38.00,18819.62,1,, City ,Gov
10682,Tammy,Frazier,6,4,2,29.80,20691.33,1,2,null,Private
10683,ALLISON,Flores,7,6,4,36.10,12542.61,,,Urban,private 
10684,Paige,,13,5,3,30.70,,1,3,Suburb,PUBLIC
10685,Raymond,Sweeney,12,2,0,45.80,28818.2,1,3,Urban,  Private  
10686,Joe,Arroyo,11,2,0,23.80,12843.32,1,,Suburban,Public
10687,Carly,guerra,8,2,0,23.10,,1,1,Urban, Public 
10688,Jody,Beltran,15,4,2,61.60,approx 34.7k,1,4,Urban, Public 
10689,Grant,Keller,10,3,1,53.20,,0,0,Rural, Public 
10690,Leslie,Gonzalez,5,3,1,,22734.77,1,4,Suburban,NA
10691,Jesse,Ochoa,15,3,1,,"$44,811",1,4,Urban,Public
10692,Jenna,Goodman,11,3,1,44.60,8810.73,1,2,Suburban,  Public  
10693,Jessica,Kim,15,2,0,70.30,26454.1,1,3,Suburban,Public
10694,Emma,Higgins,13,2,0,24.10,42805.33,1,,URB,public
10695,Donna,Mueller,18,5,3,46.60,23145.22,1,2,Sub-urban,NULL
10696,,Unknown,9,3,1,51.70,,0,0,Rural,Governmental
10697,Kenneth,Garrett,11,2,0,28.70,20672.17,1,1,urban,Private
10698,Eileen,Gibson,13,3,1,34.00,13382.38,0,,Rural,Public
10699,Penny,Mack,9,7,5,26.90,,,,  Suburban  ,  Public  
10700,Alec,Carlson,13,2,0,31.60,36470.38,0,0,  Urban  ,PVT
10701,Glen,,3,5,3,23.30,25636.23,0,0,Suburban,Public
10702,Beth,Beck,10,6,3,44.60,20876.68,1,1, Urban ,PUB
10703,Shannon,Salas,10,6,4,56.50,44004.1,1,4,Suburban,Public
10704,Elaine,Mendez,10,2,0,44.80,,1,2,suburban,Gov
10705,Devon,Owen,7,5,3,44.10,,1,2,Urban,International
10706,Dakota,Jennings,14,10,8,42.00,25644.63,1,6,city,Public
10707,Anita,Bryan,9,4,2,38.70,17588.53,1,,Urban,Public
10708,Connie,Duke,11,7,5,55.30,15392.04,1,1,Suburban,HOMESCHOOL
10709,Nichole,Clay,10,8,6,35.30,,0,0, countryside ,  Gov  
10710,Richard,Mcclain,12,6,4,45.20,9520.79,0,0,Rural,Public
10711,Dean,,19,5,3,,27706.45,1,2,Suburban,PRIVATE
10712,Cassie,Watts,11,6,4,42.90,20531.47,1,4,Suburban,Public
10713,Ashley,Phelps,14,2,0,24.00,23555.2,1,1,City,Public
10714,Alexander,Christensen,11,7,5,68.50,25011.81,1,2,  Suburban  ,NA
10715,Erika,donovan,9,5,3,33.60,51667.08,1,2,Urban,Governmental
10716,Alex,Willis,10,6,4,53.40,22056.29,0,4,city,Governmental
10717,Rachael,Duncan,9,4,2,52.80,32901.42,1,1,Urban,homeschool
10718,Tara,,13,3,1,37.20,21902.69,0,0,RURAL,PRIVATE
10719,Sandra,Perry,11,6,4,27.70,13155.38,,,Suburban,Public
10720,Marc,andrade,8,4,2,61.40,39637.03,1,,City,PUBLIC
10721,Ethan,Knight,10,6,4,39.80,approx 26.9k,1,4,Rural,Public
10722,Carol,Beck,-5,4,2,30.30,"43537,54",1,1,Suburban,PUBLIC
10723,Matthew,Perkins,10,4,2,49.20,13907.55,0,0,Suburban,PUBLIC
10724,Rachel,Caldwell,11,2,0,45.20,16791.44,1,2,Urban,Public
10725,Brianna,Proctor,17,3,1,23.40,,1,3,URB,Public
10726,Alyssa,Dodson,15,4,2,52.50,27967.96,1,3,urban,Public
10727,Gabrielle,Duncan,7,4,2,45.20,25864.4,1,3,-,Governmental
10728,,Boone,11,3,1,49.90,21033.34,1,1,  Sub-urban  ,Public
10729,Russell,Trevino,11,5,3,70.30,32932 EGP,1,2,urban,private 
10730,Kathleen,Sanders,10,3,1,24.30,,,,Urban,Governmental
10731,,Hawkins,10,3,1,46.80,36751.87,1,3,Suburban,Private
10732,Noah,Russell,9,6,4,43.90,38543.29,1,5,Rural,PRIVATE
10734,Shelley,Hull,9,2,0,36.00,28603.83,1,,Suburban,Public
10735,  Terrance   ,Johnston,12,5,3,,43233.37,0,0,Rural,home-school
10736,Casey,Mcpherson,3,7,5,57.70,26066.47,1,2,Suburban,PUB
10737,Keith,,13,5,3,65.20,35171.25,1,1,Urban,Governmental
10738,Dean,,15,3,1,53.20,70469.54,1,3,Suburb,  private  
10739,Michelle,Herman,7,8,6,33.00,,1,4, Rural ,Private
10740,,Barber,9,7,5,51.20,,1,2,Suburban,Public
10741,Noah,Fisher,12,6,4,23.70,23710.63,1,2,URBAN,Public
10742,Edward,Mclean,11,2,0,23.90,48604.63,1,4,null,PUB
10743,Thomas,Hill,12,9,7,36.20,39082 EGP,0,0,Urban,Public
10744,Theresa,Herring,9,6,4,34.40,43840.92,1,8,Urban,Private
10745,  Kevin   ,Doyle,17,2,0,36.80,6051.97,0,0,Suburban, Public 
10746,Morgan,Powell,8,5,3,48.50,,0,0,Urban, Public 
10747,Tami,French,18,4,2,52.70,68276.32,1,3,suburban,Private
10748,Ethan,Roy,15,5,2,24.50,39168.59,1,1,suburban,Public
10749,Marilyn,Duncan,13,5,3,26.90,31085.69,1,2,Suburban,Governmental
10750,Jason,Norris,7,3,1,37.30,15014.03,0,0,Urban,home-school
10751,Marie,Henry,14,2,0,41.10,23665.1,1,,Urban, Homeschool 
10752,Tricia,Vasquez,13,5,3,53.90,40672.55,1,6,City,Public
10753,Regina,Bolton,3,7,5,44.60,8016.88,,,  Rural  ,  Public  
10754,Phyllis,Alvarado,5,3,1,46.50,20173.2,1,,City,HOMESCHOOL
10755,Unknown,Mcpherson,12,6,4,33.70,36551.24,1,1, City ,Private
10756,Randy,Webb,10,9,7,13.60,41124.46,1,5,Urban,Private
10757,Heather,Unknown,9,6,3,26.90,,1,2,Suburban,Public
10758,Kellie,Reese,14,6,4,,43925.37,1,4, Sub-urban ,Priv
10759,  Hector   ,Wilson,7,4,2,71.30,,1,4,RUR,Private
10760,Xavier,Avila,9,5,3,,,0,0,Urban,Public
10761,Hector,Petty,8,4,2,32.30,,1,6,urban,Homeschool
10762,Jodi,Malone,12,6,4,63.00,48607.28,1,1,Suburban,private
10763,Caroline,Hayes,4,3,1,44.30,33310.0,1,5,Urban,  international  
10764,Tanya,Horne,999,8,6,52.30,27570.05,1,3,city,Homeschool
10765,Maureen,Norris,4,6,4,28.60,26479.83,1,, RUR ,Public
10767,Tony,Salinas,999,10,8,62.40,25607.64,1,2,Urban,Public
10768,Lauren,Chen,13,7,5,,41500.01,1,4,Rural,PUBLIC
10769,Walter,Miller,8,6,4,36.00,,0,0,Urban,Public
10770,Sylvia,Norris,12,6,4,49.40,20626.03,1,3,Urban, Public 
10771,Oscar,Lopez,10,7,5,61.40,38035.61,1,9,Urban,Public
10772,Ethan,Davidson,15,3,1,,28892.66,1,5,Urban,International
10773,Marie,Hobbs,10,5,3,49.90,43685.64,1,9,Urban,Public
10774,Javier,Ballard,3,7,5,28.30,7966.08,,-4,RURAL,Homeschool
10775,Kelli,Roach,14,6,4,47.60,,,, Rural , Public 
10776,Justin,Hodge,9,4,2,52.20,48180.16,1,2,Suburban,Public
10777,Dominic,Mckinney,10,5,3,,,0,2,Rural,Public
10778,Jason,Reese,12,6,4,53.60,26049.21,0,,Urban,  PUBLIC  
10779,Amber,Nixon,5,5,2,53.20,22204.49,1,2,City,INTERNATIONAL
10781,Shannon,Sherman,12,4,2,,31767.59,1,3,suburban,Gov
10782,Jacob,Lawrence,12,5,3,52.50,31363.64,1,4, Urban ,private
10783,Leah,Deleon,8,4,2,54.70,25351.17,1,1,Urban,Public
10784,Isaac,Vega,14,6,4,44.00,17761.66,1,,rural,Governmental
10785,Unknown,Dillon,7,2,0,38.60,27158.42,1,,Urban, Public 
10786,Lorraine,Hendrix,8,2,0,47.30,25138.24,1,3,SUB,Public
10787,Stefanie,Banks,10,3,1,41.10,66259.35,1,1,URBAN,Private
10788,,Miranda,12,5,3,30.00,13210.38,,,suburban,Public
10789,Desiree,Floyd,9,3,1,44.60,30881.45,1,2,Suburban,Priv
10790,BILL,Anderson,15,3,1,41.30,17709.17,0,,Urban,Public
10791,Sarah,Galloway,12,10,7,40.10,87137.76,1,10,URBAN,
10792,Dalton,Perkins,11,4,2,49.40,26876.11,0,0,Sub-urban,?
10793,Francis,Norman,11,2,0,43.00,12742.14,1,2,Suburb,Gov
10794,Jordan,Mccarty,13,7,5,,,0,0,Urban,public
10795,Carlos,Bates,11,4,2,45.50,13327.64,0,0, Urban , Public 
10796,  Stefanie   ,May,4,5,3,,20988.35,1,4,URB,Gov
10797,Colin,Ortiz,14,4,2,58.00,41716.99,1,2,city,Private
10798,Richard,,11,5,3,32.50,36267.62,1,9,Rural,International
10799,Lindsay,Santiago,13,2,0,45.70,53872.6,1,7,Urban,Public
10800,Jesus,Weber,9,6,3,43.80,28066.11,1,,Urban,PUBLIC
10801,Andrea,Marquez,4,4,2,45.00,35014.96,1,2,Suburban,Public
10802,Debbie,Rios,3,3,0,65.70,39921.83,1,2, SUBURBAN ,Private
10803,Marcia,Perez,7,6,4,59.80,approx 102.5k,1,4,city,Private
10805,Jared,Unknown,15,7,5,47.80,58698.24,1,,SUBURBAN,International
10806,christian,Herman,12,5,3,50.80,16307.47,,,n/a,Public
10807,Robert,Wilcox,7,2,0,32.40,56895.15,1,1,URB,Gov
10808,Christian,Galvan,8,5,3,48.30,,0,0,  Rural  ,PRIVATE
10809,Gregg,Martin,15,3,1,36.70,20413.42,1,3,Urban,NA
10810,Albert,Ali,6,4,2,30.00,25423.84,0,0,URBAN, Gov 
10811,,Schmitt,18,6,4,42.00,,,,Suburban,public
10812,Dominic,Montgomery,17,4,2,40.60,37583.87,1,1,URBAN,PRIVATE
10813,Kaylee,Gray,18,8,6,,,1,1,City,private 
10814,Taylor,,12,5,3,34.50,,0,0,?,Public
10815,Selena,Perez,9,3,1,,27010.17,1,4,urban,Private
10816,Anna,Wu,12,3,1,45.50,14078.32,0,0,Suburban,Public
10817,Barbara,Meyer,14,4,1,40.70,48912.85,1,4,URBAN,  public  
10818,Caitlin,Salas,8,2,0,39.30,64940.16,1,3,Urban,Private
10819,Philip,Kemp,7,2,0,,23247.36,0,0,Suburban,PUBLIC
10821,Stacey,Krause,8,3,1,,,1,,SUB,  Public  
10822,Joanne,Krause,15,4,2,,86841.03,1,7,  Urban  , HOMESCHOOL 
10823,Nathaniel,Sharp,8,3,1,39.90,61415.14,1,,  Urban  ,Gov
10824,Howard,Decker,11,4,2,34.50,5778.04,0,0,Rural,Governmental
10825,,Welch,14,5,3,36.30,42638.41,1,5,Urban,Private
10826,Susan,Green,15,4,2,36.80,16128.22,0,5,Urban,  HOMESCHOOL  
10827,Sydney,Myers,11,5,3,,19347.34,1,2,Suburban,Public
10829,Edgar,Hendrix,7,5,3,40.70,,0,0,Rural,Public
10830,SHERI,Chambers,14,4,2,48.90,28996.42,1,6,urban,public
10831,Jordan,Unknown,15,3,1,57.50,48653 EGP,1,1,Village,Public
10832,Leslie,Mcfarland,4,5,3,54.40,17866.46,1,2,Urban, Public 
10833,Ebony,Pineda,17,4,2,50.80,28007.42,1,3,Rural,-
10834,Derrick,Bowers,8,5,3,54.80,52921.31,0,0,urban, International 
10835,Stacy,carter,13,7,5,29.20,25513.49,1,2,Village,  Public  
10836,SELENA,hobbs,11,3,0,,51433.84,1,5,Rural,private
10837,Isaac,Sandoval,10,3,0,,43276.45,1,3,  Suburban  ,Private
10838,Glen,Heath,10,3,1,61.90,69048.21,1,2,Suburban,Private
10839,Dalton,,7,4,2,45.30,15821.32,,,Urban,Homeschool
10840,Kelsey,,12,2,0,58.10,44799.26,1,3,Urban,International
10841,Philip,Chapman,9,7,5,69.90,68254.23,1,4,-,International
10842,Joy,Stevens,6,3,1,36.10,16737.36,,,Sub-urban,PUB
10843,Kathleen,Doyle,7,4,2,45.60,,0,,  Urban  , Public 
10844,,Santiago,6,6,4,49.40,14808.63,1,3, Urban ,Homeschool
10845,Raymond,Sims,9,7,5,,19957.83,1,2, Urban ,Gov
10847,Jose,Sweeney,8,3,1,,"$21,774",1,3,URBAN,Gov
10848,Paul,Kennedy,14,4,2,36.40,25635.06,1,1,Suburban,Public
10849,Leon,Trevino,10,4,2,31.00,"21324,6",1,1,city,  PUBLIC  
10850,Zoe,Weaver,9,3,1,50.70,27703.16,1,3,Urban,Public
10851,Joy,Perkins,11,2,0,43.60,,1,2,Sub-urban,PUBLIC
10852,,Cantrell,16,7,5,36.30,"20998,21",0,4,URBAN,public
10853,Unknown,Anderson,6,5,3,28.40,40202.71,1,-4,Suburban,  Public  
10854,Rachel,Castillo,16,2,0,49.50,63524.02,1,3,URBAN,International
10855,Hailey,Hawkins,14,6,4,32.40,9119.05,,,Rural,Gov
10856,Paige,Glover,10,2,0,30.80,33507.47,1,,Urban,  Public  
10857,Taylor,Morris,15,3,1,44.70,13544.81,,,Urban,Public
10858,Judith,Franklin,9,4,2,,,0,0,Rural,Public
10859,Mercedes,Ortega,12,5,3,33.00,30336.23,0,0,Rural,NA
10860,Bryan,Hoffman,9,3,1,37.90,77193.7,1,5,  SUBURBAN  ,
10861,Raymond,Peters,14,2,0,31.60,24819.86,1,2,Urban,PUBLIC
10862,Dwayne,Banks,8,4,2,,81496.35,1,-1,city,Private
10863,Angela,  Brewer   ,10,5,2,49.30,17916.72,0,-1,Suburban,Public
10864,Levi,Frederick,13,6,4,19.00,,1,3,  Urban  , Public 
10865,Mario,,14,6,4,43.70,74403.22,1,5,Urban, Private 
10866,Peggy,  Spears   ,8,7,5,38.60,15491.31,0,4,SUB, Public 
10867,Raven,Bailey,13,7,5,83.80,49225.82,1,2,urban,Governmental
10868,Brenda,Diaz,7,7,5,39.00,,0,0,RUR,Private
10869,Destiny,Walker,3,3,1,34.60,20002.49,0,0,City, Gov 
10870,Kristina,,8,8,6,51.30,,,,Rural,Gov
10871,Craig,Parks,14,6,4,22.30,,0,4,  Suburban  ,Gov
10872,Abigail,Holland,10,6,4,27.50,34323.97,1,, Village ,public
10873,Ross,Russo,9,2,0,,28983.01,1,3,SUB, Governmental 
10874,Alexis,Garcia,11,3,1,48.10,27408.28,1,1,Urban,Private
10875,Janice,Dunn,11,2,0,31.50,20310.26,1,4,Urban,HS
10876,Mercedes,Griffith,13,8,6,50.10,35294.3,0,0,Urban,Public
10877,Leonard,Foley,5,2,0,41.70,41602 EGP,1,2,Suburban, INTERNATIONAL 
10878,Kaylee,Glass,10,4,2,,25565.53,1,4,Urban,Public
10879,Barry,Ferguson,11,4,2,,43476.44,1,1,Suburban,International
10880,Victoria,Barnes,6,11,9,34.00,,1,,countryside,Gov
10881,,Marshall,6,5,3,45.40,28244.13,1,2,city,Gov
10882,sonia,Garrison,9,2,0,61.50,42268.59,0,0,N/A,PVT
10883,Stuart,Atkinson,11,3,0,48.50,12973.27,,,RUR,Governmental
10884,James,Jimenez,11,7,5,30.80,12857.17,1,3,Suburban,Homeschool
10885,Cassandra,Mays,8,6,4,58.60,28877.0,0,5,  Urban  ,  Homeschool  
10886,Caitlin,Parrish,8,6,4,39.90,30315.16,1,7,Urban,Governmental
10887,Dennis,Elliott,9,7,5,32.00,22645.64,1,2,suburban,  Public  
10888,Susan,Graham,12,4,2,,57207.61,1,3,,PUB
10889,,Cruz,15,7,5,34.70,33700.6,1,-4,Suburban,PUB
10890,Alexander,Zamora,3,8,6,29.00,,0,0,Unknown,Public
10891,  Alec   ,Hill,13,2,0,34.10,29642.66,1,1,Urban,PUB
10892,deborah,Salas,10,4,2,71.70,31080.82,1,2,Urban,Governmental
10893,Kevin,Moss,12,3,1,53.00,39708.83,1,4,Urban,Public
10894,Ricky,Sims,15,8,5,,17657.11,0,0,RURAL,  Private  
10895,Peter,Black,8,7,5,52.30,"27,311.02",1,2, City ,Gov
10896,Ronald,  Robles   ,14,2,0,50.10,14273.9,0,0,urban,public
10897,James,Ingram,6,3,1,29.10,17319.92,0,0,Suburban,Public
10898,Tricia,Sampson,11,3,1,39.60,34625.68,0,0,City,Public
10899,,Howard,10,5,3,20.50,32971.62,0,0,urban,Private
10900,Jamie,,11,5,3,33.70,11305.76,1,2,Suburban,public
10901,Brittney,cox,7,3,1,20.00,18787.47,0,0,SUBURBAN,Gov
10902,Douglas,Gates,12,2,0,42.30,17829.97,0,0,City,Public
10903,Darren,Salazar,16,3,1,64.00,62978.49,1,2,Urban,Public
10904,Diane,Shea,7,3,1,52.80,29381.58,1,2,Suburban,International
10905,Unknown,Wyatt,11,7,5,50.00,37672.71,1,1,city, PUBLIC 
10906,Aaron,Gentry,14,8,6,43.90,16536 EGP,1,3,RURAL,Public
10907,Guy,Cox,9,6,4,59.90,21068.2,1,,Urban,PUB
10908,Timothy,Vaughn,15,2,0,53.10,20030.43,1,2,suburban,Public
10909,Sheryl,Lara,9,2,0,23.60,"33556,91",1,5,SUBURBAN,PVT
10910,Steven,Knapp,10,3,1,40.70,22180.01,1,9,Suburban,PUB
10911,Alvin,Becker,7,2,0,32.80,,1,5,Urban,private 
10912,Kristen,Bauer,11,9,7,55.60,27684.7,0,0,Suburban,Private
10913,Holly,Khan,11,9,7,47.30,20182.07,1,1,Rural,private
10914,Dwayne,,13,2,0,35.20,35975.97,1,4, Urban ,private 
10915,Anna,Mercado,8,5,3,57.80,22261.51,0,0,Urban,Gov
10916,Bryan,Mueller,8,3,1,48.50,25059.14,1,1,Urban, Public 
10917,Stacy,Haney,12,2,0,75.70,"$49,014",1,2,Urban,Private
10918,DOROTHY,,16,6,4,40.50,81186.02,1,5,Urban,Private
10919,Martin,Maldonado,13,9,6,40.60,approx 28.4k,1,8,Rural,Private
10920,Carolyn,Jennings,17,8,6,16.70,,0,0, Village ,Homeschool
10921,Crystal,Jacobson,12,6,4,32.20,,0,0,Rural, PUBLIC 
10922,Miranda,Goodman,12,2,0,36.40,31669.02,1,3,NA,Public
10923,Mariah,Ford,13,4,2,44.10,,,,URBAN,Governmental
10924,Michaela,Obrien,16,4,2,32.40,,1,1,  Urban  ,PUBLIC
10925,Carly,Cruz,15,2,0,38.20,23616.61,1,,city,Public
10926,William,Everett,7,4,1,37.70,30943.79,1,3,Suburban,Public
10927,Christopher,,13,6,4,42.30,,1,2,urban,  Private  
10928,Larry,Mahoney,11,6,4,48.30,24293.38,0,0,Urban,Private
10929,Savannah,Joyce,10,12,10,14.30,13436.51,,,  countryside  ,Intl
10930,Kristina,Douglas,4,2,0,46.40,,0,0,  Suburban  ,Public
10931,Ricky,,5,4,2,41.80,22672.39,1,2,RURAL,Public
10932,  Alan   ,Fox,9,2,0,,37870.94,0,0,urban,null
10933,Pamela,Unknown,5,6,3,,28250.74,1,1,Rural,Homeschool
10934,Peter,Parker,9,2,0,47.80,31932.0,1,2,URBAN,Gov
10935,Lawrence,Pineda,13,3,1,49.80,14455.6,0,0,Urban,-
10936,Brianna,Logan,8,5,3,39.00,24541.26,0,,City,PUB
10937,,Pratt,11,3,1,60.40,40999.12,1,4,Sub-urban,Private
10938,Tracey,Nicholson,7,7,5,,11447.04,0,0,Urban,Public
10939,Amy,,12,4,2,,24424.56,1,3,suburban,  Public  
10940,Kenneth,Austin,12,5,3,65.10,34781.22,1,2,Urban, Private 
10941,,Mckinney,5,4,2,31.30,,1,2,Rural,PVT
10942,Sherri,Juarez,8,4,2,30.00,21362.39,1,3,URBAN,PUB
10943,Duane,Phillips,6,2,0,53.10,23934.54,0,0,SUBURBAN, Public 
10944,Jeffery,Hale,12,3,1,64.70,43398.54,0,0,Rural,PUBLIC
10945,Denise,Lin,11,6,4,29.10,18516.59,1,2,  SUB  ,Public
10946,Unknown,Hale,10,6,4,,30979.72,1,3,rural,International
10947,Wendy,Bauer,10,5,3,60.10,31760.01,1,3,SUBURBAN,Public
10948,Bradley,Preston,12,6,4,34.90,26329.45,1,1,Urban,Public
10949,Marc,Mercado,12,2,0,32.10,32806.75,1,1,Sub-urban,Public
10950,Joyce,Tyler,9,7,4,43.80,23596.85,0,0,Suburban,Public
10951,Christie,Harding,8,2,0,41.40,102929.32,1,5,Urban,Public
10952,Sydney,Perkins,10,7,5,,,,,Urban,Public
10953,Andre,Castro,10,2,0,,25454.39,1,1,Urban,PVT
10954,Unknown,Atkinson,18,4,2,42.20,25868.05,0,0,Urban,Public
10955,Greg,Hunter,9,4,2,33.70,,1,4,Rural,Priv
10956,,Garcia,12,6,3,51.70,31077.32,0,,Rural,PUB
10957,Michaela,Conley,12,2,0,40.20,20012.85,1,3,Sub-urban, Governmental 
10958,Mason,Lawrence,16,3,1,56.90,38972.91,1,3, URBAN ,-
10959,Virginia,Adkins,8,3,1,49.90,33769.27,1,,  City  ,Public
10960,Sheryl,Lowe,15,4,2,34.00,47153.43,1,-4,urban,Priv
10961,  Brandon   ,Young,120,5,3,54.30,approx 27.6k,0,0,URB,Public
10962,Matthew,Bishop,2,2,0,55.00,30552.87,1,2,Suburb,Private
10963,Kathleen,Pruitt,12,7,5,40.40,23911.34,0,0, SUBURBAN ,Homeschool
10964,Elijah,,6,3,1,59.10,17286.32,0,,Urban,Public
10965,Crystal,Mosley,10,5,3,51.10,71644.39,1,3,URBAN,Private
10966,Reginald,Vargas,15,4,2,44.80,11280.14,0,0,countryside,Public
10967,Micheal,Morgan,11,3,1,41.50,22852.86,1,1,Urban,Public
10968,Corey,,10,6,4,21.20,18559.7,,,city,Gov
10969,Sue,Reynolds,13,6,4,55.10,37090.34,1,1, city ,Private
10970,Charles,Atkinson,9,5,3,42.70,22856.98,1,4,Urban,Public
10971,Kimberly,Meyer,10,4,2,33.10,58887.44,1,5,Suburban, Private 
10972,Brooke,Robinson,7,4,2,49.30,34326.5,0,0,Suburban,Public
10973,Rachel,Murray,17,2,0,46.40,21976.63,0,0,SUB,Public
10974,Rhonda,Mills,6,5,3,42.20,18027.2,,,urban,International
10975,Shelby,Riley,11,5,2,38.10,,,,Rural,PUBLIC
10976,Mike,Davidson,12,9,7,44.90,34064.69,1,5,Sub-urban,International
10977,Travis,Hale,10,10,8,35.90,"16726,73",1,1,Rural,Governmental
10979,Janice,Bowers,7,4,2,31.90,,,,RUR,  Public  
10980,Oscar,Horne,12,4,2,42.00,87880.3,1,6,Suburban,Intl
10981,Ricardo,Martin,8,10,8,36.80,22911.38,0,0,Suburban,Governmental
10982,Marie,Cantrell,3,3,1,49.50,13960.89,0,0,Urban,Public
10983,Leah,Wright,12,3,1,35.60,16460.59,,,Urban,Public
10984,Jacqueline,Howe,7,10,8,39.80,,1,2,rural,International
10985,mariah,Espinoza,13,5,3,32.40,86649.52,1,5, URBAN ,Priv
10986,Carol,Spears,10,2,0,44.80,23301.63,0,,SUB,Public
10987,Tami,,10,5,3,50.70,20823.95,0,0,Suburban,public
10988,Sonya,Curry,11,4,2,50.50,40724.32,1,1,Suburban,Private
10989,Larry,Montes,6,4,2,38.40,49253.05,0,0,Urban,Public
10990,Rebekah,,8,5,3,45.00,24649.16,1,3,Rural,Gov
10991,Alan,Mcfarland,10,4,2,37.70,33187.61,1,5,URBAN,Public
10992,Cassandra,Rowe,6,8,6,,9345.17,0,0,Rural,
10993,Daniel,Ray,13,4,2,31.70,19671.79,1,3,Urban,public
10994,Russell,Kelley,9,7,5,50.60,12394.27,1,4,Urban,public
10995,Levi,Weeks,5,5,2,56.50,26286.75,1,2,Urban,Public
10996,Elizabeth,Castro,8,5,3,39.10,20260.67,1,1,Suburban,Public
10997,Debbie,Hudson,11,4,2,,19136.53,1,3,Suburban,Gov
10998,Alex,King,9,8,6,27.40,34668.77,1,1,Urban,Public
10999,Connie,French,12,3,1,67.00,,0,0,Urban,Homeschool
11000,Cody,Pratt,13,2,0,46.10,21220.95,1,4,Suburban,PRIVATE
11001,Brandon,Downs,18,2,0,38.70,22754.48,1,3,Urban,Public
11002,Rebecca,Gilmore,15,2,0,37.70,29216.32,0,4,URB,PRIVATE
11003,Lorraine,Branch,5,3,1,,31274.26,1,1,Sub-urban,Private
11004,Ray,Good,9,2,0,48.40,,0,0,Urban,PUBLIC
11005,Mason,Grant,10,8,6,49.10,38149.52,1,4,city,Private
11006,Martha,Bush,13,6,4,38.20,34383.73,1,4,city,Governmental
11007,  Grant   ,Wright,7,6,4,47.90,"32,216.84",0,0,Suburban,  INTERNATIONAL  
11008,Diane,Liu,9,6,4,49.50,27536.76,0,0,Suburb,PUBLIC
11010,Matthew,Andrade,8,5,3,61.70,23656.27,1,3,Urban,Governmental
11011,Joshua,MARQUEZ,8,5,3,40.80,37943.46,1,3,Urban,PUBLIC
11012,Kaylee,Sherman,9,3,0,30.30,55799.03,1,1,city,Governmental
11013,Hunter,Ingram,6,3,1,,22641.52,1,1,Urban,Public
11014,Anne,west,14,7,5,38.70,23097.92,1,-2,URB,Governmental
11015,Cheryl,Mcintosh,12,4,2,44.00,36198.68,1,3,Suburban,Private
11016,ricky,Stanley,5,3,0,47.70,21923.09,1,1,URBAN, Gov 
11017,Tanner,Zavala,11,5,2,26.30,,1,3, Rural ,Public
11018,Rhonda,Evans,5,7,5,24.90,21637.75,1,1,Rural, public 
11019,CALEB,Parrish,15,3,1,,23464.48,1,1,URB,Public
11020,Stuart,Mercado,16,4,2,48.10,50109.23,1,,Suburban,homeschool
11021,John,Wallace,10,5,3,58.10,19802.9,1,3, Suburban ,Public
11022,Unknown,Rivera,7,7,5,50.30,18948.62,0,0,URB,Public
11023,Edgar,Douglas,8,7,5,45.70,29654 EGP,1,-1,Urban,unknown
11024,Donald,Sherman,9,2,0,27.60,21796.11,1,,Village,Public
11025,Nicole,Delacruz,10,4,2,65.30,35460.49,1,4,Urban,Public
11026,Adam,Santiago,15,6,4,21.60,34420.31,1,2,Suburban,
11027,Cassandra,Kennedy,14,7,5,39.80,18878.22,1,3,Suburban,  Public  
11028,Miguel,  Franco   ,14,5,3,34.50,55521.26,1,2,urban,Private
11029,Krystal,Cunningham,11,3,1,37.50,,0,0,Suburban,Private
11031,Morgan,Lewis,8,3,1,34.20,30366.71,1,-4,urban, PRIVATE 
11032,Megan,Li,11,8,6,29.00,20263.67,1,2,city,Public
11033,Martha,Cobb,6,2,0,37.50,25075.96,1,1,Urban,private 
11034,Mitchell,Benjamin,12,3,1,39.80,14914.47,,,Suburban,PUB
11035,Tyrone,Yang,120,7,4,47.50,22822.76,1,1,Suburban,public
11036,Grant,Hopkins,12,3,1,48.60,33014.18,1,1,suburban, Intl 
11037,Jeffery,Bolton,12,2,0,35.20,"$19,062",0,0,SUB,Private
11038,,Walton,4,5,3,29.10,10578.38,0,0,RUR, PUBLIC 
11039,Dakota,Crosby,15,3,1,57.10,23074.77,0,5,  urban  ,Public
11040,Toni,Moreno,5,5,3,29.20,46963.56,1,3,Sub-urban,Public
11041,Sharon,daniels,10,5,3,54.30,"$54,316",1,1,NA,Public
11042,Bethany,Morrison,13,6,4,33.40,22857.61,1,1,Urban,Gov
11043,Rose,Peck,12,9,7,47.30,39322.72,1,2,City,International
11044,Edward,Stewart,6,5,3,,29434.3,0,2,Urban,Gov
11045,Unknown,Bush,7,4,2,43.60,"34,760.14",1,,RURAL,Governmental
11046,Joshua,Marshall,12,2,0,49.70,33036.27,1,1,City,Private
11047,Mark,Munoz,12,2,0,43.30,22905.79,1,3, Suburban ,Public
11048,Madeline,Coffey,7,4,2,50.50,71677.53,1,4,city,INTERNATIONAL
11049,  Adrienne   ,Jennings,12,4,2,40.80,17888.43,,,urban,Unknown
11050,Derrick,Caldwell,5,9,7,,20446.4,1,3,Rural,PUBLIC
11051,Unknown,Forbes,13,9,7,,36364.19,1,2,  RURAL  ,PVT
11052,REBEKAH,Vincent,7,4,2,39.50,36915.55,1,1,suburban,Private
11053,Candice,Tyler,11,3,1,32.80,19544.27,1,2, Urban ,International
11054,Connie,Bailey,10,4,2,,18974.13,0,0,Urban,Public
11055,Carl,Sheppard,999,9,7,61.60,,0,0,Rural,  Public  
11056,Unknown,Simon,11,3,1,59.30,67211.99,1,1,Urban,International
11057,Patrick,Yoder,8,5,3,48.10,,0,0,Urban,Public
11058,Oscar,Short,12,3,1,,37887.28,1,3,Suburban,Gov
11059,Nicole,Ross,18,6,4,15.40,7827.66,1,3,Rural,Governmental
11060,Maurice,Price,13,3,1,25.90,,1,5,URBAN,International
11061,Michelle,Hendrix,10,2,0,8.50,,1,1,Suburban,Public
11062,Unknown,Valencia,7,3,1,43.40,30436.17,0,,city,Public
11063,Logan,Thornton,8,4,2,37.50,49842.98,1,1,Suburban,Private
11064,Dalton,Graves,13,4,1,,,0,0,City, Public 
11065,Cheryl,Rodgers,7,8,6,48.20,23390.24,1,2,Rural,Public
11066,Fred,Gomez,11,4,2,36.70,21916.44,1,2,Suburban,Gov
11067,James,Lopez,16,2,0,32.80,21237.11,1,2, Rural ,Public
11068,Gary,Velez,11,6,4,59.60,46370.72,1,2,Suburban,PRIVATE
11069,Kirk,Carney,7,3,1,,13553.45,0,,Unknown,Public
11070,Emma,Mullen,18,3,1,47.60,58296.7,1,2,SUBURBAN,Private
11071,,SNOW,17,6,4,45.40,31064.97,1,1,Sub-urban,Public
11072,Monica,Lyons,12,6,4,58.90,86825.55,1,9,URB,Priv
11073,Tina,Leon,45,2,0,34.60,16194.54,0,0,SUB,PVT
11074,Jenny,Webb,10,3,1,52.30,20886.49,1,2,Urban,Public
11075,Reginald,Morgan,13,4,2,48.80,22522.13,0,0,Suburban,Public
11076,Bethany,Herring,9,3,1,55.50,13135.07,0,0,Suburban,public
11077,Darren,Unknown,6,3,1,62.60,42584.09,1,,Suburban,  Public  
11078,Cameron,Dalton,18,7,5,,24545.6,1,4,Suburban,Public
11079,Deborah,Beck,5,5,3,51.80,,0,0,Suburban,Private
11080,Jeff,Andersen,12,8,6,40.20,,,,Suburban, Governmental 
11081,Thomas,Hernandez,12,2,0,48.40,15859.43,0,0, Sub-urban ,Public
11082,Edward,Larsen,12,4,1,31.70,49415.17,1,-1,Urban,Private
11084,Kaylee,Foley,10,3,1,44.10,23791.62,1,3, SUBURBAN ,Private
11086,Michelle,Dixon,12,4,2,52.00,26074.11,1,4,Urban,Public
11087,Jenny,Reyes,10,4,2,61.60,,1,,Urban,Private
11088,Jean,Wolfe,-5,4,2,42.10,15083.46,0,0,Rural, public 
11089,Gina,Roberson,6,6,4,40.20,27492.03,1,5,RUR,Public
11090,George,,18,5,3,,24806.96,0,0,Urban, Homeschool 
11091,Mia,Fitzgerald,12,7,5,44.70,43276.88,1,5,RURAL,  PUBLIC  
11092,Colleen,Medina,11,8,6,57.40,15205.99,0,0,Urban,Private
11093,Judy,Davenport,8,6,4,36.70,26738.69,1,,Rural,Public
11094,Gabriella,Miller,7,7,5,,11297 EGP,,,Rural,PUBLIC
11095,  Anita   ,Howe,14,3,1,61.60,86449.37,1,5,Suburban,PVT
11096,Glenda,Jordan,10,6,4,26.10,25173.34,1,4,Rural,Governmental
11097,Wesley,Mcdowell,13,2,0,31.40,,0,0,Suburban,Gov
11098,Lori,Cross,6,4,2,48.30,17813.18,0,0,NULL,Governmental
11099,,,16,3,1,53.20,37303.18,1,,Suburb,NULL
11100,Nathaniel,Diaz,14,4,2,32.40,42692.8,1,,urban,Private
11101,Marcia,Hopkins,10,4,2,54.40,40975.06,1,,  Urban  ,Public
11102,Darlene,Duran,12,4,2,52.90,32406.73,1,3, urban ,Private
11103,Julia,Haney,13,2,0,34.30,21473.88,0,0,Suburban,Public
11104,Marvin,Collins,6,5,3,45.90,46523.41,1,4,SUB,PVT
11105,,Carroll,17,8,6,47.90,10664.91,,,RUR,Public
11106,Tim,,12,9,7,37.80,17665.84,0,0,Village,Public
11107,Gregory,Wise,25,4,2,,12196.72,,,Rural,Governmental
11108,Javier,Davis,7,2,0,48.50,17414.25,0,0,SUBURBAN,INTERNATIONAL
11109,Jeffrey,Beltran,14,6,4,52.70,,,,countryside,public
11110,Jared,Campbell,11,2,0,44.20,19842.98,1,,urban,Public
11111,Alexandria,,12,2,0,39.70,34625.39,1,1,  Suburban  ,Public
11112,Stacey,Graham,11,6,4,39.00,,1,1,Urban,Public
11113,Cheryl,Powell,7,2,0,34.30,37686.59,1,6,Urban,Public
11114,Steven,Meyer,12,7,5,20.70,"$20,976",0,0,Urban,PVT
11115,Darius,Martinez,10,4,2,52.40,30233.74,1,1,Urban,INTL
11116,Leslie,Duarte,10,6,3,50.50,15650.15,0,,Village, Homeschool 
11117,Martin,,18,2,0,51.00,22593.74,0,0,Urban,Public
11118,Carla,Hobbs,14,8,6,44.80,33430.3,1,5,countryside,PUBLIC
11119,,Anderson,14,5,3,58.00,24246 EGP,1,3,Urban,PUBLIC
11120,Manuel,Gray,18,2,0,45.60,37681.57,0,0,SUBURBAN,  International  
11121,Christy,Jacobs,12,2,0,46.50,44091.09,1,1,urban,private 
11122,James,Cummings,11,5,3,3.60,,0,0,RURAL,Gov
11123,Theodore,Mcclure,8,3,1,36.30,14886 EGP,1,3,Urban,Public
11124,Natasha,Swanson,9,2,0,,15753.53,0,0,  suburban  ,Private
11125,Jenna,Salinas,3,7,5,59.00,34659.91,1,3,Rural,  Public  
11126,Norman,Gross,13,2,0,44.30,33553.72,1,6,Sub-urban,Public
11127,Unknown,,6,8,6,55.10,18515.63,,,Rural,Public
11128,Marvin,Navarro,14,2,0,28.70,21766.66,1,,urban,  Public  
11129,Dustin,Sherman,10,6,4,48.50,77072.52,1,6,Urban,Private
11130,Joy,Bird,11,3,1,35.70,18444.86,1,1,Urban,Private
11131,Juan,Gilbert,10,5,3,18.40,32107.34,0,0,null, PUBLIC 
11132,Tracey,Townsend,15,3,1,,39182.83,1,1,  Urban  , Private 
11133,Bridget,,15,4,1,48.90,12479.74,1,2,SUB,Public
11134,Cole,Chen,10,2,0,40.60,,0,4,Rural,Gov
11135,Philip,velazquez,7,2,0,48.40,19897.51,1,4, Suburban ,Public
11137,Antonio,,7,6,4,,20114.34,1,1, Suburban ,public
11138,Gavin,Reynolds,5,5,3,30.40,13495.29,1,2,  Urban  ,Public
11139,Carlos,Shepard,12,4,2,,,0,0, Suburban ,Public
11140,Luis,Nguyen,15,4,2,37.60,19499.62,1,2,URB,Homeschool
11141,joshua,Hernandez,9,2,0,41.10,13100.95,1,1, Urban ,PUBLIC
11142,Krista,Hayes,12,5,3,39.60,26180.08,1,,Rural,Public
11143,Heather,Marsh,9,3,1,,46365.56,1,2, Urban ,public
11144,Harry,Rodgers,13,3,1,25.10,29848.21,1,3,Urban,Home School
11145,Phyllis,,14,2,0,49.60,25726.75,0,0,Urban,Private
11146,Richard,Cain,10,5,3,35.60,38479.39,0,0,Suburban,Gov
11147,Anne,Bishop,7,7,5,41.00,43699.8,1,1,City,Private
11148,John,Bray,5,3,1,,14873.35,1,3,SUB,  Public  
11149,Sheena,Gregory,14,4,2,34.60,18644.71,0,0,Urban,Public
11150,Dan,,6,6,4,37.60,37744.66,1,-1,Suburban,Homeschool
11151,Kim,Ingram,12,6,4,,19906.58,1,2,Rural,PUBLIC
11152,Jonathon,Mcdonald,13,4,2,,41544.87,1,,Urban,  Public  
11153,Miguel,Zamora,9,4,2,,"15,651.81",,,suburban,Public
11154,,Thomas,10,7,5,38.90,"19,664.83",0,0,Urban,Public
11155,Leon,Thompson,14,4,2,24.30,38374.13,1,3,URB,
11156,Gail,Landry,8,2,0,,20433.33,1,4,Urban,Public
11157,Shelly,Preston,7,3,1,,12887.76,0,0,Urban,public
11158,,Nichols,10,6,4,47.70,,0,0,Rural, public 
11159,Marvin,Drake,15,6,4,44.00,22860.68,1,1,Suburb,PRIVATE
11160,Gabriel,Contreras,16,5,3,40.00,43727.91,1,5,RURAL,Homeschool
11161,Sylvia,Bautista,10,2,0,40.80,18748.23,1,1,City,Governmental
11162,Eduardo,Harvey,8,5,3,33.30,24737.43,1,1,Suburb,Public
11163,Katrina,  Schultz   ,14,5,3,61.70,"$78,717",1,5,Suburban, Private 
11164,Molly,Washington,4,3,1,51.20,,1,,URB,Home School
11165,Alec,Bird,11,4,2,46.00,36800.59,1,2, Suburban ,Gov
11166,Lauren,Frost,10,6,4,30.90,11602.35,0,0,Rural,Public
11167,Savannah,Christensen,15,5,2,45.60,,1,2,countryside,Gov
11168,lacey,DENNIS,16,7,5,53.50,61948.16,1,5,RURAL,private
11169,Leah,Williamson,7,7,4,46.30,45951.99,1,5,  City  ,Public
11170,Anita,Anderson,11,6,4,30.50,18648.53,1,1,Rural,Public
11171,katie,Hodge,8,8,6,48.20,,1,4,Rural,Public
11173,Devon,Neal,13,4,2,29.70,21786.66,1,3,Urban,null
11174,Oscar,Hogan,9,4,2,39.80,,1,,Urban,Public
11175,Hunter,Bray,11,3,1,26.80,9219.67,0,0,Urban,International
11176,  Shelby   ,Benitez,14,2,0,37.10,18830.7,0,0,  Urban  ,Public
11177,Rose,Sullivan,16,3,1,,,0,0,Rural,Public
11178,Molly,Sawyer,12,5,3,30.00,31749.27,0,,Rural,Public
11179,Jorge,Mcneil,11,7,5,27.90,,0,0,Village,Public
11180,Jean,Duran,7,6,3,56.80,33037.15,1,3,,International
11181,Christina,  Mercado   ,16,3,1,17.10,10040.12,0,0,SUB,unknown
11182,Patty,Castro,12,7,5,46.40,,,,Suburban,PUBLIC
11183,Brittany,Hodge,11,9,7,,,0,0,Suburban,Public
11184,Edgar,Moon,11,6,4,60.50,101596.9,1,9,URB,PRIVATE
11185,Katherine,Lane,12,4,2,25.90,19127.76,1,1,Rural,PUBLIC
11186,Elijah,Donovan,13,6,4,47.20,28043.9,1,4, SUB ,public
11187,Logan,,14,4,2,53.60,23025.81,1,,  rural  ,Public
11188,TINA,Lee,16,4,2,80.20,119706.29,1,4,URB,International
11189,Jodi,Mcguire,11,8,5,45.90,,1,,City,Gov
11190,Luis,Watson,17,4,2,43.10,14921.73,1,3,  Suburban  ,Priv
11191,cathy,Harding,14,8,5,44.60,76887.59,1,5,Suburban,International
11192,,Atkins,10,3,1,51.80,,0,0,Rural,Public
11193,Steven,Chang,4,4,2,38.50,60716.45,1,5,Urban,Private
11194,,Garrison,11,3,1,40.60,28549.63,1,,URB,Governmental
11195,  Jacqueline   ,Webb,16,3,0,22.30,21771.15,1,,Rural,Public
11196,Joel,Duarte,8,7,5,18.90,,0,-3, Suburban ,Public
11197,Destiny,Elliott,11,3,1,43.10,106560.4,1,6,?,PVT
11198,Connor,,11,8,5,37.00,,,,Rural,home-school
11199,Krista,Sandoval,14,5,3,40.80,17400.53,1,,SUBURBAN,Public
11200,Judy,Wallace,9,6,4,17.90,34599.83,1,2,Suburban,Private
11201,Lorraine,Bennett,7,4,2,49.90,20853.35,1,2,Urban,Public
11202,Sue,Benjamin,13,6,4,21.40,32320.37,1,2, Suburb ,Public
11203,Tracey,Stone,8,3,1,26.70,14860.47,0,0,city,  Public  
11204,Yvonne,Carlson,4,8,6,39.70,27724.86,1,1,Suburban,public
11205,Reginald,Neal,17,2,0,43.20,18366.05,1,2,Suburban,Public
11206,Samantha,Chang,14,6,4,36.90,19325.41,0,0,urban,Homeschool
11207,Elaine,Caldwell,17,3,1,38.70,,1,-3,urban,  Public  
11208,Kelly,Cantrell,14,4,2,,"$48,399",1,1,Urban,Priv
11209,Jim,Sheppard,13,4,2,,21105.34,1,1,SUBURBAN,Public
11210,Robert,Murillo,12,2,0,29.30,"$26,873",1,1, Urban ,Gov
11211,Kristin,Rush,10,7,5,44.60,21696.07,0,0,Rural,Homeschool
11212,Jason,Cordova,12,6,4,,,1,1,Urban,  Governmental  
11213,  Noah   ,Holt,9,3,1,31.20,,,,Suburban,PRIVATE
11214,Shannon,Vega,7,3,0,36.30,28892.96,0,0,Suburban,Public
11215,Natasha,,9,3,1,49.00,15516.98,,,Suburban,Public
11216,Kristin,BAUER,15,6,4,43.30,26511.06,1,2,  Urban  ,Private
11217,  Michael   ,Whitaker,6,6,3,52.90,"53412,38",1,8,URBAN,Gov
11218,Wanda,Arnold,6,11,9,40.40,,0,0,Urban,Public
11219,Joshua,Unknown,13,7,5,40.80,17897.5,1,6,city,Public
11220,Helen,Harris,9,2,0,39.40,26180.52,1,1,city,Governmental
11221,Shane,Reed,12,2,0,43.90,31550.44,1,4,suburban, Public 
11222,Cathy,Harper,14,3,1,58.30,50054.31,1,4,Suburban,public
11223,Chase,Alvarado,12,2,0,,11690.08,0,0,URB,Governmental
11224,Donna,Short,8,6,4,,55743.37,1,,Suburban,-
11225,Cristina,Avila,15,5,3,28.00,39594.09,1,1,unknown,Public
11227,MARIA,Brooks,11,4,2,8.20,11407.55,1,2,SUB,PUB
11228,Maurice,Bray,10,2,0,23.80,18679.09,,,Suburb,Public
11229,Tanya,Lynn,12,2,0,34.80,52253.18,1,4,Urban,PUB
11230,Randall,Skinner,9,3,0,49.00,25965.74,0,0,Suburban,Public
11231,Beverly,Ramsey,5,4,2,53.70,26918.15,1,1,Urban,  Public  
11232,Elaine,Kirby,13,2,0,35.30,,,,RUR,Public
11233,Mercedes,Unknown,13,2,0,,"$44,536",1,4,Urban,Intl
11234,,Pineda,3,4,2,40.50,27382.51,0,, urban ,PUB
11235,Elaine,Clark,12,5,3,75.00,,1,2,Suburb,Governmental
11236,Johnathan,Ray,17,3,1,51.10,24285.17,1,3,Suburb,Governmental
11237,Karla,,6,6,4,31.40,17945.83,1,4,Suburban,public
11238,Jeanette,Gross,10,2,0,34.40,10955.38,1,2,  Rural  ,Gov
11239,Rhonda,Ayala,25,5,3,21.80,12890.69,1,, Urban ,Public
11240,Derrick,,16,2,0,41.00,21147.8,0,0,  Urban  ,  Public  
11241,Felicia,Buckley,15,8,6,28.40,,0,0,Rural,Public
11242,Mercedes,Espinoza,0,4,2,42.60,38837.27,1,5,  Urban  ,Private
11243,Leah,Hudson,12,6,4,,17726.24,0,0,SUB,public
11245,Kelli,Simmons,8,2,0,45.90,29131.52,0,,city,Public
11246,Janet,Le,10,4,1,52.70,19125.82,1,1,Urban,PUBLIC
11247,Oscar,Clements,12,5,3,22.70,,,,RURAL, Public 
11248,Madison,Parrish,8,5,3,35.80,33590.7,1,3,URB,Public
11249,Chase,ROTH,17,4,2,58.70,84032.22,1,4,Urban,Private
11250,Sheila,Parrish,9,3,0,51.10,49049.01,1,,Urban,home-school
11251,Jason,Morton,5,6,3,51.20,60109.82,1,4,URB, private 
11252,Christie,Figueroa,9,4,2,44.60,14557.47,,,Urban,Public
11253,Maurice,Wheeler,13,4,2,47.50,15439.67,1,4,Rural,Homeschool
11254,Gerald,Unknown,8,4,2,61.90,,1,2,Suburban,Public
11255,Wendy,Unknown,12,2,0,66.30,65227.31,1,3,Urban,  Homeschool  
11256,Amber,Burton,13,4,2,40.80,49229.81,1,2,Urban, Private 
11257,Tasha,Trevino,0,2,0,50.90,27166.09,1,3,  Urban  , Private 
11258,Elizabeth,Velez,8,2,0,17.00,8445.6,0,0,Urban,PUBLIC
11259,Jorge,Larson,12,3,0,44.10,,1,2,Urban,PUBLIC
11260,Alvin,Marquez,13,2,0,45.70,"24,297.32",1,4,Rural,Public
11261,Latoya,Diaz,9,3,1,45.70,24924.17,1,2,Urban,N/A
11262,Alisha,Schultz,11,4,2,71.30,27983.89,1,2,Urban,Gov
11263,Ian,  Harding   ,9,8,6,54.30,35864.3,1,1,suburban,Public
11264,Henry,Cervantes,13,2,0,47.10,55408.83,1,6,City,Private
11265,Madison,Forbes,12,2,0,19.60,,1,1, Suburb ,PUBLIC
11266,Christian,Crosby,9,6,4,,35433.39,1,3,SUBURBAN,Private
11267,Ruben,Curry,12,4,2,67.50,72135.23,1,2,Urban,Private
11268,Brandon,,9,2,0,18.60,37623.55,1,-1, Rural ,PRIVATE
11269,Chelsea,French,12,4,2,48.30,22204.5,1,1,Urban,PUBLIC
11270,Andre,Marsh,12,4,2,39.60,34967.76,1,2,urban,Public
11271,Tammy,,18,2,0,53.80,38673.63,1,1,Suburban,  Private  
11273,,brewer,10,2,0,37.30,25924.5,0,0,URBAN,Public
11274,Joyce,Krause,8,5,3,46.90,11478.69,0,0, Urban ,PUBLIC
11275,,Mueller,7,8,6,38.30,10659.51,0,, Rural ,PUB
11276,Shelby,Wolfe,9,5,2,47.90,17458.29,1,1,Suburban,Public
11277,Rodney,Unknown,999,6,4,46.90,12787.75,0,,SUB,Public
11278,Austin,Medina,13,3,1,42.90,27179.66,1,3,suburban,Priv
11279,April,Rojas,12,6,4,,41217.03,1,6,SUB,Governmental
11280,Charles,Barnes,9,7,5,34.70,20321.32,1,2,  Suburban  ,Public
11281,Tricia,Benson,9,7,5,42.00,,,,Urban,  Public  
11282,Jonathan,Russo,7,4,1,64.80,27858.54,1,1,city,Public
11283,Erika,Shah,8,7,5,31.50,29753.22,0,6,SUBURBAN,INTERNATIONAL
11284,Manuel,Peck,6,8,6,42.00,28667.0,1,2,Suburban,Public
11285,,Schneider,15,3,0,46.10,17212.15,0,0,  Suburban  ,Public
11286,Ray,Atkinson,17,8,6,15.30,,,-4,  Suburb  ,Public
11287,Dean,woodward,4,7,5,39.10,41669.3,1,1,  suburban  ,Public
11289,Tommy,Hunt,11,3,0,49.80,,0,,Rural,Gov
11290,Greg,Griffith,11,4,2,36.00,7512.69,,,countryside,Public
11291,Julie,Martinez,8,4,2,50.70,19388.47,1,1, Rural ,Gov
11292,fred,Humphrey,14,6,4,37.90,,,,Rural,Governmental
11293,Penny,Fitzgerald,12,11,9,32.90,,1,1,Rural,-
11294,Sylvia,Douglas,14,2,0,40.10,32429.05,1,4,Urban,  Public  
11295,Katrina,Cervantes,8,4,2,45.50,,1,5,  Suburban  ,International
11296,Michele,Torres,6,8,6,45.90,24517.78,1,,Sub-urban,  Public  
11297,Kiara,Massey,12,2,0,50.90,,1,5,Suburban,private
11298,Caitlyn,Heath,7,8,6,,17944.74,0,0,Village, Private 
11299,Carolyn,Wallace,14,3,1,26.00,20602.97,1,1,Urban,HS
11300,Casey,Unknown,3,2,0,57.10,,1,3,Urban,Public
11301,Kenneth,Montoya,9,5,3,48.10,18354.57,,,Urban, Private 
11302,Cassie,Salazar,8,6,4,46.20,37646.45,1,2,Urban,Private
11303,,Acosta,1,6,4,,31921.59,1,,NA,Homeschool
11304,Phyllis,Gray,11,2,0,47.70,,,,Urban, public 
11305,Phyllis,Stevenson,12,5,3,50.00,52108.85,1,4,NULL,Public
11306,Lance,Horne,13,2,0,38.40,"$66,990",0,0,Urban,Intl
11307,Shelley,  Soto   ,13,3,1,30.80,approx 9.3k,1,1,Suburban,Governmental
11308,Carol,Payne,-5,3,1,60.40,44650.18,1,10,Suburban,PUBLIC
11309,Carlos,Byrd,18,4,2,34.70,75034.33,1,4,City,  PVT  
11310,Christine,Mclean,15,2,0,31.00,6387.93,1,1, Rural ,  Public  
11311,Alexandria,Harding,9,3,1,52.30,22994.41,1,2,city,Public
11312,Evelyn,Unknown,10,5,3,31.40,,,,Suburban,public
11313,Darlene,Dickerson,9,3,0,42.60,29308.8,1,2,RURAL,Homeschool
11314,Alvin,Bautista,12,4,2,32.20,13655.82,1,2, rural , Governmental 
11315,Kenneth,Stevenson,7,3,1,,19930.18,0,0,Suburban,Public
11316,Julie,Murray,8,7,5,30.30,37485.01,1,2, Urban ,Private
11317,,Bauer,3,5,3,53.80,40448.73,0,0,  Rural  ,unknown
11318,Emma,Arroyo,9,3,1,45.10,24737.98,1,4,Suburban,Public
11319,Hannah,GIBSON,14,3,1,30.90,19753.71,0,0,-,PUB
11321,Tamara,West,10,4,2,53.20,24636.38,0,0,  Rural  , PUB 
11322,Phyllis,DIAZ,12,4,2,33.90,8248.11,,,countryside, Public 
11323,Stacey,Cervantes,7,4,2,17.20,25360.77,1,,suburban,Public
11324,Jasmine,Holt,11,5,3,30.90,,1,1,Rural,Homeschool
11325,Hunter,Terrell,14,2,0,60.40,15342.03,,, URB ,public
11326,Valerie,Gallegos,12,6,4,,,0,0,  URBAN  ,PUBLIC
11327,Craig,Espinoza,14,2,0,40.90,19278.68,1,5,  suburban  ,Public
11328,Wanda,Medina,15,2,0,54.30,,1,2,Suburban,private
11329,Tanner,Cunningham,13,4,2,29.60,8596.76,1,1,Suburban,Public
11330,  Michelle   ,DEAN,8,7,4,29.20,40074.49,1,,Urban,Public
11331,Kari,Petty,9,2,0,41.20,17910.47,,,  Suburban  ,PUBLIC
11332,Barbara,Welch,17,3,1,36.60,,1,1,Urban,Public
11333,Patty,Hull,12,2,0,36.10,30919.17,1,3,  Suburban  ,Homeschool
11334,Lee,Gates,11,8,5,48.00,35270.84,1,6,Rural,Private
11335,Steve,Brewer,7,4,2,64.80,"$67,771",1,3,Urban, Private 
11336,Cameron,Gonzales,10,7,5,31.00,,1,2,RUR,PUB
11337,Marc,Jensen,13,2,0,43.00,28605.19,1,1,city, private  
11338,Angela,Warren,11,6,4,49.10,31740.68,1,4,n/a,Private
11339,Marvin,Randolph,9,10,8,49.00,,1,2, Village ,Private
11340,,Peterson,9,3,1,25.20,25311.8,0,0,Urban,Gov
11341,Jonathan,Chaney,15,4,2,39.60,55504.28,1,, URBAN ,PUB
11342,Theodore,Mclaughlin,13,4,2,34.30,,1,1,countryside,Gov
11343,Cameron,Unknown,12,7,5,37.30,18829.01,1,1,,Homeschool
11344,ariana,Jensen,12,4,1,65.80,approx 78.7k,1,6,URBAN,  Homeschool  
11345,Marc,Webb,6,6,4,20.80,29776.11,1,1,Urban,Public
11346,Emily,Guerrero,11,4,2,61.30,33641.36,1,,Urban,Public
11347,Alexandra,Arnold,14,4,2,32.80,40167.82,1,3,URBAN,Public
11348,Sharon,Glass,10,7,5,25.30,,0,0,  Rural  , PUBLIC 
11349,Larry,Humphrey,14,3,1,33.50,20109.54,0,0,Suburban,Private
11350,Savannah,Sharp,12,3,1,51.80,20886.83,1,1,urban,PUBLIC
11351,brittany,,13,3,1,53.00,,1,1,Suburban, public 
11352,Ricardo,Sawyer,11,4,2,40.50,36375.45,1,,Urban,Public
11353,Beverly,Salinas,14,7,5,36.90,21369.47,1,2, Urban ,public
11354,Alvin,ROGERS,5,10,7,43.90,52327.19,1,2,Rural,Private
11355,Candice,Khan,11,5,3,41.00,25208.63,1,2,Suburb,public
11356,Bruce,Camacho,13,3,1,41.30,27079.44,1,3, Suburban ,Public
11357,  Stephen   ,Lucas,12,6,4,58.30,,0,0,Suburban,INTERNATIONAL
11358,Caleb,Nash,14,5,3,40.50,,,,Rural,Public
11359,Lacey,Park,10,7,5,49.50,"19216,42",0,6,Suburban,  Private  
11360,Jackson,Browning,9,5,2,34.50,34787.99,1,,Urban,  PUB  
11361,Karla,Chapman,5,2,0,22.20,13205.52,0,0,city,PUB
11362,Darin,REED,10,4,2,41.00,26092.44,1,2,  Urban  ,Gov
11363,,Arroyo,12,2,0,56.40,52996.56,1,5,Rural,PVT
11364,Dawn,Berry,13,3,1,49.30,69978.44,1,6,Suburban,private
11365,Travis,Cobb,5,6,3,47.00,48701.69,1,3,Urban,PUBLIC
11366,Deborah,Miranda,15,2,0,46.70,56983.32,1,5,City,Governmental
11367,Kathryn,Mckinney,7,2,0,35.50,22502.0,1,3,  Rural  ,Homeschool
11368,Joe,Barajas,10,5,3,54.50,23450.96,0,0,city,Public
11369,Alan,Ball,8,4,2,52.50,63194.16,1,8,Suburban,Gov
11370,Samuel,Gray,12,5,3,31.60,10180 EGP,0,0,Rural,public
11371,Alex,Floyd,11,9,7,,29221.32,1,2, Rural ,public
11372,Monica,Gomez,13,5,3,34.10,22470.22,0,0,  Urban  ,Governmental
11373,Lindsay,Fleming,17,3,1,38.80,,1,4, Suburb ,Gov
11374,Marissa,Peck,12,3,1,,39985.15,1,2,City,HS
11375,Crystal,Nicholson,8,4,2,51.90,52506.21,1,9,countryside,Intl
11376,Bill,Cooper,12,4,2,46.50,65235.8,1,1,Urban,INTERNATIONAL
11377,Allison,Grant,18,5,3,33.90,30832.31,1,3,Sub-urban,Public
11378,Anne,Lin,13,4,2,72.00,approx 26.5k,1,4,Suburban,PUB
11379,Alexander,French,14,7,5,,26365.51,1,1,countryside,Private
11380,Misty,Snyder,5,2,0,66.20,62996.85,1,3,URB,International
11381,Cheyenne,Unknown,12,8,6,43.50,,0,,Urban,PUBLIC
11382,Bradley,Everett,10,5,3,38.10,15996.81,0,0,RURAL,Governmental
11383,,Malone,8,7,5,26.10,,1,4,Urban,Public
11384,Gloria,Watkins,10,5,3,,26363.24,1,4,URBAN,Public
11385,Mary,,11,3,1,60.50,14885.64,1,,city,  Public  
11386,Javier,  Franklin   ,8,8,6,33.50,6352.87,,,Rural,Home School
11387,Katelyn,Sullivan,11,2,0,37.90,12387.11,,,Sub-urban,Public
11388,Calvin,Knapp,10,4,2,42.10,18874.57,0,,  Suburban  ,PUBLIC
11389,Devin,Wiggins,13,5,2,66.20,23685.06,1,3,Rural,PUB
11391,Stuart,conway,12,6,3,39.10,18469.25,1,,NA,Public
11392,Alexander,Gonzalez,14,6,4,49.50,36961.94,1,1,Urban,public
11393,Abigail,Douglas,12,3,1,53.30,29963.46,1,5,Suburban,public
11394,Cesar,Snyder,10,3,1,48.10,,1,2,suburban,International
11395,meredith,  Douglas   ,3,4,2,28.10,49715.77,1,3,Urban,Homeschool
11396,Annette,Benson,12,5,3,48.30,,0,4, Rural ,Homeschool
11397,Unknown,Charles,7,2,0,43.20,20561.76,1,3,  Urban  ,PUB
11398,Jody,Villanueva,10,4,2,,44826.92,1,4,URBAN,Private
11399,Vicki,Simon,12,3,1,33.80,15715.41,,,Suburban, Public 
11400,Sonia,Foley,15,8,6,55.20,,1,1,Rural,  Public  
11401,Allison,Meyer,17,3,1,39.20,,,,Urban,Public
11402,Tina,Johns,7,10,8,32.00,14492.07,1,1,Urban,Public
11403,,Owens,6,3,1,,51157.25,1,6,Suburb,Private
11404,Angela,Foley,12,9,7,36.90,18806.47,1,1,Rural,public
11405,Annette,Herring,11,5,3,44.20,21037.14,0,0,City,Public
11406,Victor,,6,2,0,46.80,22727.35,1,1,URB,Public
11407,Spencer,Gregory,10,8,6,52.80,44064.73,1,1,rural,International
11408,Ruben,Rhodes,13,3,1,26.40,17832.03,1,4,suburban,PUBLIC
11409,Carla,Dunn,6,2,0,73.50,38574.68,1,3,  city  ,Public
11410,Tiffany,Lindsey,7,2,0,,48016.64,1,-1,Urban,International
11411,Brad,Conrad,8,5,2,62.90,56654.91,1,1,SUB,Private
11412,Hector,Waller,10,3,1,29.10,"$18,619",0,,Urban,Public
11413,Erika,Meyer,13,6,4,37.50,13770.81,1,,Urban,PUBLIC
11414,Christina,Forbes,9,4,2,,,,,Urban,International
11415,Virginia,Joyce,11,3,0,44.80,25644.05,1,,RUR,Public
11416,,Owen,18,2,0,69.10,"$76,538",1,1,Suburban,PVT
11417,Marc,Fischer,7,2,0,57.90,38994.89,1,1, suburban , public 
11418,John,Benitez,8,7,5,31.60,20687.33,0,,Urban,Public
11419,Brandy,,13,4,2,67.50,57142.54,1,3,Urban, Homeschool 
11420,Gavin,  Mcconnell   ,14,4,2,24.30,13253.24,,,Rural,
11422,Tyler,Chen,17,4,2,29.90,24778.04,1,1,Urban,public
11423,Logan,Logan,12,5,3,52.90,18590.06,,,suburban,PUB
11424,kiara,Velazquez,3,3,1,35.60,20210.49,0,6,Urban,Public
11425,Donald,Malone,11,2,0,39.40,58218.98,1,4,Urban,private
11427,Alicia,  Leonard   ,15,2,0,40.90,,0,0,Rural,Public
11428,PATRICIA,  Bates   ,14,3,1,39.10,35320.85,0,3,  Suburban  ,NULL
11429,Jesus,Watkins,5,3,1,42.80,15137.83,1,1,  SUBURBAN  ,Public
11430,Latoya,Christensen,15,5,3,40.00,17902.26,1,3,city,Public
11431,Cassie,spencer,-5,5,3,49.00,,1,,  Rural  ,Public
11432,Shane,Moon,9,6,4,35.80,19950.6,1,3,city,Public
11433,Jonathon,Jordan,10,3,1,48.70,23177.42,1,,City,PUBLIC
11434,Beth,Mccullough,16,3,1,37.10,17556.8,1,1,countryside, PUBLIC 
11435,Candice,Ferguson,3,7,5,,,1,2,Rural,Homeschool
11436,Alicia,  Herman   ,12,3,1,20.90,23480.61,1,3,City,PUB
11438,Cindy,Browning,10,3,1,28.70,23270.12,0,0, suburban ,Gov
11439,Sean,Knapp,13,6,4,33.10,,1,4,Urban,Private
11440,Rose,Weaver,11,4,2,45.50,36181.54,1,3,Suburban,Public
11441,Maxwell,Robinson,8,5,3,46.20,,0,0,Suburb,Gov
11442,Patricia,,8,6,3,55.40,33143.4,1,4,Suburb,PVT
11443,JILL,Robertson,13,2,0,53.20,41984.2,1,2,Urban,Private
11444,Jessica,Park,8,2,0,28.60,16104.7,1,2,Suburban,Public
11445,Cory,Landry,5,9,7,45.90,34250.15,1,2,Rural,Private
11446,Miranda,Peters,11,6,4,42.50,27992.47,0,0,Suburban,PUBLIC
11447,Pamela,Porter,9,5,3,32.20,,1,5,Urban,Public
11448,Yvonne,Armstrong,6,4,2,40.30,41140.17,1,2,RURAL,Public
11449,Christopher,Lambert,11,6,4,46.10,9532.08,,,Urban,  Governmental  
11450,George,Christian,13,5,3,,15573.17,1,3,city,public
11451,Cheyenne,Nixon,11,3,1,33.30,42314.34,1,4,URB,Private
11452,Cristian,Sullivan,7,4,2,37.70,43077.07,1,1,Urban,Public
11453,Julia,Ferguson,12,4,2,49.50,73551.01,1,2, city ,home-school
11455,Alan,Haynes,18,6,4,38.20,47680.82,1,4,urban,  Private  
11456,Heather,Obrien,16,5,3,43.20,,0,0,Urban,Public
11457,Terrance,Horton,7,3,1,33.00,21598.84,0,0,  Rural  ,Public
11458,Keith,Schmitt,14,5,3,,28688.19,1,1,Urban,PRIVATE
11459,Dominique,Russo,11,2,0,20.00,40841.13,1,3,  SUB  , private  
11460,Marc,Dickerson,6,6,3,46.10,,0,0, Rural ,Public
11461,Valerie,Greene,12,3,1,36.20,51847.33,1,4,city,Home School
11462,Tanner,Sanchez,17,4,2,46.60,,0,0,Urban,private 
11463,Kurt,Moon,15,7,5,,28430.16,1,,Urban,Public
11464,Alicia,Barr,7,5,3,46.60,28453.65,1,3,suburban,Public
11465,Kurt,Sherman,11,5,3,42.10,74771.02,1,12,URB,private 
11466,Hannah,Meza,12,5,3,56.90,27122.58,1,1,Rural,Private
11467,Brenda,Sheppard,4,6,4,38.40,28635.37,1,1,Suburban,Public
11468,Marcus,Daniel,4,3,1,39.20,36384.33,1,3,Suburb,Private
11469,Cheyenne,Mcneil,11,6,4,37.50,31175.42,0,-1,Rural,PUB
11470,Marcia,Snow,11,5,2,39.60,36533.87,0,0,Urban,  Private  
11471,Dawn,Reeves,4,6,4,26.10,14561.21,1,1,SUBURBAN,Public
11472,Miranda,Meyers,12,2,0,33.50,36156.29,1,3,Suburban, Public 
11473,George,Massey,14,3,1,56.20,25195.66,0,0,  SUB  ,Private
11474,Latoya,Fitzgerald,10,5,3,59.10,21075.28,0,0,Sub-urban,PVT
11475,Grace,,11,5,3,34.30,,1,1,Urban,Gov
11476,  Marie   ,DALTON,13,2,0,51.80,35194.06,1,1, Sub-urban ,PUBLIC
11477,Edgar,Boyer,12,3,1,44.10,33914.59,1,1,SUBURBAN,Private
11478,Heather,Horne,4,8,6,31.80,15130.06,0,6,Suburb,Homeschool
11479,Jose,Barry,7,7,5,45.80,9336.05,0,0,Rural,Public
11480,YVONNE,Solis,9,3,1,43.70,72431.24,1,2,Suburban,Private
11481,Jill,Thornton,7,4,2,54.30,27538.64,1,,Village,Public
11482,Susan,Chang,16,4,2,40.00,31185.17,1,1,URB,Governmental
11483,Kent,Briggs,13,6,4,51.50,41499.42,1,3,NA,Private
11484,Mason,Li,7,3,1,38.70,22988.44,0,,Urban,PUB
11485,Toni,Browning,10,7,4,49.40,27042.95,1,2,URBAN,PUB
11486,,Glenn,15,3,1,28.90,25895 EGP,0,6,Suburban,private
11487,Wesley,Buckley,8,3,1,32.30,50532.23,1,4,Urban,Public
11488,Dorothy,Oconnell,14,4,2,46.70,11762.49,,,Suburban,Public
11489,Tammie,Swanson,15,8,6,38.50,9787.47,,,Rural,Public
11490,Unknown,Parker,15,2,0,,,1,2,SUB,PUB
11491,Isaac,Hawkins,11,6,3,,47534.67,1,6, city ,n/a
11492,Helen,Richmond,15,4,2,25.90,,0,0,Rural,Homeschool
11493,Penny,Park,9,7,5,51.10,,0,,Suburban,Public
11494,Trevor,Carter,18,5,3,32.30,22655.63,1,3,Suburban,Private
11495,Hunter,Berger,11,2,0,40.00,21004.82,1,3,City,Public
11496,Carrie,Harris,15,2,0,35.40,11626.08,1,2,Suburb,Public
11497,Tammy,Hoffman,9,5,3,62.70,59467.96,1,3,City,  Int.  
11498,Micheal,Nicholson,12,2,0,22.80,,1,1,Urban,PUB
11499,Terri,Yang,12,5,3,29.40,,1,2,Urban,homeschool
11500,Kathryn,Trevino,7,7,5,16.60,,0,0,Suburb,public
11501,James,Griffith,7,6,4,46.80,39236.06,1,2,Urban,Private
11502,Sylvia,,10,2,0,34.70,,0,,  URBAN  ,Unknown
11503,Grant,Huffman,14,2,0,67.60,98219.49,1,5,Suburban,  Intl  
11504,Wesley,Carr,4,4,2,43.00,,0,, Urban ,Governmental
11505,Rachel,Harvey,9,5,3,32.10,79842.01,1,8,URBAN,Private
11506,Tammy,Holt,15,3,0,37.20,,0,0,Rural,  homeschool  
11507,Dylan,DAVIS,6,2,0,46.80,15513.89,,,Rural,Public
11508,Christopher,Dunn,15,4,2,40.90,23721.51,0,0,Rural,Public
11509,Kristina,Ryan,6,3,1,,,1,3,Sub-urban,NA
11510,Kurt,Frye,7,7,5,39.40,45789.47,1,4,URB,PUB
11511,,Greene,10,4,2,44.90,47671.38,1,1,Urban,public
11512,Gail,  Ferguson   ,17,5,3,30.40,25759.31,1,3, Suburban ,Private
11513,Valerie,Good,0,3,1,41.00,19683.36,1,,Rural,Public
11514,Audrey,Davenport,4,2,0,,85931.42,1,4,URBAN,private 
11515,Cristian,Mcconnell,5,5,3,41.30,42537.77,1,1,Urban,Governmental
11516,Gene,Garza,14,2,0,40.70,16643.7,1,1,Suburban,Gov
11517,Paula,Conrad,6,6,4,44.70,38668.99,1,7,Suburban,Private
11518,Alexis,Higgins,1,2,0,37.30,22117.76,1,1, Urban ,Homeschool
11519,Kristina,Shaw,120,5,3,49.30,,0,0,Rural, Public 
11520,Travis,Bradford,10,3,1,19.20,33926.66,1,3,Suburban,Public
11521,brenda,Pierce,12,6,4,20.80,,,,countryside,Public
11522,Marcia,HENDRICKS,8,2,0,48.70,30501.06,1,3,URB,public
11523,Felicia,Ingram,11,6,3,54.10,43069.22,1,1,city,Private
11524,Kellie,,6,5,3,44.20,84994.41,1,-1,Urban,
11525,William,Zavala,15,2,0,54.50,42238.35,1,2,URBAN,Public
11526,Jorge,Torres,7,8,6,31.30,,1,3,NULL,Public
11527,Angel,Landry,12,3,1,31.40,14435.08,1,,Urban,Public
11528,Luis,,7,6,4,52.00,,1,2,Urban,international
11530,Marcus,Cordova,9,6,3,38.20,12912.41,1,6,Urban,public
11531,Martin,Maldonado,25,4,2,57.80,,,, urban ,Public
11532,Chad,Gentry,10,3,1,52.40,approx 46.0k,1,,Urban,  Public  
11533,,Strickland,8,7,4,14.70,31636 EGP,1,1, Urban ,Public
11534,Steven,Norris,9,4,1,45.50,42447.95,1,,city,public
11535,Kelsey,Pena,5,7,5,46.10,,,,Rural,  Gov  
11536,Wendy,Banks,10,3,1,51.30,16210.76,1,,urban,Public
11537,Mia,Castro,17,10,8,51.30,9575.98,0,0,N/A,PUB
11538,Peggy,Nunez,12,6,4,45.90,18788.06,0,0,Urban,Home School
11539,Alexandria,Hogan,14,2,0,44.80,31792.07,1,,Urban,Public
11540,Dakota,Hurley,7,10,8,43.40,,1,3,Urban,Public
11541,Shawn,Bird,10,6,4,48.60,51051.8,1,,Urban,  International  
11542,Joseph,Petersen,11,7,5,7.90,,,,Rural,Public
11543,,Pineda,8,4,2,41.10,,,,countryside,PUBLIC
11544,Diana,Hood,12,5,2,26.40,25600.42,1,2,Suburban,PVT
11545,Andrew,Hodge,13,2,0,68.50,45179.44,1,3,City,Public
11546,Micheal,Swanson,12,4,2,43.40,58157.39,1,5,Suburban,PVT
11547,Elijah,Kelly,10,7,5,42.70,10546.1,0,0,suburban,Public
11548,leon,Liu,14,6,4,55.20,,1,6,URBAN,private
11549,Courtney,Pearson,10,5,2,53.10,32923.21,0,0,Urban,Public
11550,James,Choi,9,9,7,45.80,"18186,73",0,, SUB ,PUBLIC
11551,Jean,Carroll,16,8,6,46.90,43236.79,1,6, Urban ,Public
11552,STUART,Pearson,7,2,0,73.40,53931.05,1,5,Suburban,Public
11553,John,Ford,4,4,2,51.70,11807.76,1,,City,Public
11554,Unknown,Tucker,7,2,0,30.20,20190.9,1,1,  SUB  ,Public
11555,Jamie,Jenkins,12,2,0,,18966.48,1,1,Sub-urban,Public
11556,Steven,Sandoval,15,2,0,73.90,41952.51,1,5,city,Private
11557,Rodney,Norris,8,7,5,21.40,66371.05,1,7,Urban,PVT
11558,Ana,Carrillo,17,2,0,38.40,26645.35,1,3,Suburban,Public
11559,Chris,Wallace,11,2,0,29.20,21792 EGP,1,,SUBURBAN,PUBLIC
11560,Matthew,Kirby,10,5,3,34.80,37985.07,1,2,city,Int.
11561,Gabriel,,7,4,2,23.40,26135.18,0,0,Urban,International
11562,Javier,Hall,18,9,7,43.20,,1,2,city,  Public  
11563,Dalton,Keller,10,6,4,55.10,39512 EGP,1,-1,URBAN,Public
11564,Benjamin,Mason,6,3,1,46.90,44007.78,0,0, Suburban ,Private
11565,Greg,Yoder,18,5,3,45.90,,1,2,Urban,  PVT  
11566,Wesley,Torres,12,2,0,,15743.82,1,3,Urban,Public
11567,Briana,Dougherty,19,3,1,56.50,41520.27,1,3,URBAN,private 
11568,Charles,Weeks,17,5,3,59.60,69080.11,1,1,Urban,PRIVATE
11569,Tina,Espinoza,13,6,4,67.90,119591.78,1,4,Urban,Private
11570,Gail,Tanner,14,5,3,27.40,22323.89,1,-1,  Rural  ,Public
11571,Alisha,  Kelley   ,11,6,4,38.80,43963.87,1,1,suburban,Public
11572,Maurice,Barron,13,5,3,38.30,,1,1,SUB,public
11574,Levi,Escobar,10,7,5,,29526.17,1,1,Village,Public
11575,Meghan,Burke,11,3,1,,,0,0,Suburb,Public
11576,Shelley,Guerra,9,4,2,24.10,32384.71,1,2,Urban,Public
11577,Alexander,Burton,12,6,4,53.60,,1,3,Suburban,Private
11578,Felicia,Wood,12,6,4,,"43,999.01",1,5,city,PUBLIC
11580,,Wyatt,13,4,2,42.30,,0,0,Urban,Private
11581,brad,Barron,18,4,2,45.20,"13,691.93",1,,Rural,HS
11583,Robert,Crawford,10,8,6,62.00,50438.21,1,5,SUBURBAN,private
11584,Donald,Mays,12,5,3,34.50,27321.83,0,0,Rural,HS
11585,Glen,Benson,16,3,1,69.70,30191.48,1,-1,Urban,PRIVATE
11586,Judy,Livingston,7,6,4,28.40,,,,suburban,Public
11587,Douglas,Bailey,18,3,1,36.30,53841.48,0,0,city,Private
11588,Briana,Wheeler,8,3,1,31.20,25114.84,0,,urban,null
11589,Marvin,Crosby,14,7,4,42.50,31047.96,1,4,URB, PVT 
11590,Lee,shah,11,7,5,57.00,,1,2,Suburban,Public
11591,Henry,Stephens,10,6,4,36.00,,1,3,suburban,Public
11592,Walter,Hart,6,4,2,45.90,69737.75,1,5,Urban,Intl
11593,Jacqueline,Chapman,14,2,0,32.90,,1,1,Urban,PUB
11595,Alexis,Little,5,5,3,51.20,82945.2,1,7,  Suburban  ,
11596,,Goodwin,15,6,3,76.70,48697.32,1,4,Urban,Public
11597,Bobby,York,17,2,0,45.90,26678.83,0,4,Urban,private 
11598,Tyrone,Buckley,8,4,2,47.70,26618.23,1,2,Village,PRIVATE
11599,Jackie,Sampson,14,8,6,48.50,,1,1,Rural,  PUBLIC  
11600,Isaac,Reilly,13,6,3,26.90,57325.7,1,5,SUBURBAN,Priv
11601,  Julia   ,Salazar,10,8,6,,46708.86,1,4,City,public
11602,Jaclyn,Cannon,15,2,0,44.00,,,,Sub-urban,PUB
11603,Caleb,Howard,10,3,1,59.10,29175.92,1,1,suburban,Public
11604,Melanie,Yates,12,5,3,40.20,37430.61,1,4,City,Int.
11605,Stacey,Harrington,6,8,6,39.10,22191.39,1,3,Rural,Public
11606,Tasha,Jenkins,6,3,1,38.80,35429.93,1,3,  URBAN  ,  Public  
11607,Randall,Norris,15,2,0,47.70,40562.92,1,5,Urban,PUB
11608,Tyrone,Stephens,12,3,1,61.20,32223.91,1,3,SUBURBAN,International
11609,Henry,Reeves,10,5,3,33.00,11537.37,0,0,RURAL,international
11610,Shelia,Zamora,17,4,2,55.50,19909.23,1,2,Suburban,Gov
11611,Karla,Wagner,17,4,2,18.90,25853.69,0,0,Urban,Public
11612,Tiffany,Forbes,12,7,5,53.00,26971.66,1,2,Suburban,Public
11613,Sara,Marshall,5,7,5,42.10,,1,2,Rural,Public
11614,Ryan,Arnold,10,4,2,43.30,"46938,06",1,5,Suburban,Public
11615,Donald,Myers,8,7,4,49.50,17534.57,0,0,Urban,Public
11616,Albert,French,11,4,1,36.70,,0,0,Suburban,Public
11617,Cole,Mitchell,7,4,2,23.90,50602.91,1,3,RUR,Private
11618,Teresa,Fitzgerald,6,2,0,38.50,18965.43,1,2,  Urban  ,Public
11619,Dawn,Scott,3,4,1,45.30,46873.49,1,3,suburban,  Governmental  
11620,Holly,Simmons,11,2,0,41.00,,1,3,Suburb,PRIVATE
11621,TERESA,Clark,3,7,5,35.60,,1,1, Sub-urban ,Public
11622,Billy,,9,2,0,37.80,27635.77,1,3,Urban,private
11623,Kayla,Jacobson,13,6,4,38.20,25461.56,1,2,urban,Public
11624,Cheryl,Powers,8,7,5,,31132.54,1,3,Suburban,Governmental
11625,Clayton,Fitzgerald,7,7,5,37.20,19495.03,1,2,City,PUB
11626,Jackie,Boone,10,3,1,47.80,"26,981.75",1,9,NULL,Public
11627,Leonard,Morgan,8,3,1,,29129.64,1,4,Urban,Gov
11628,Nathan,anthony,11,5,3,42.90,54502.48,1,2,Urban,INTL
11629,Jim,Unknown,7,5,3,40.20,"$20,412",1,3,SUBURBAN,Gov
11630,  Nichole   ,Richards,10,3,1,37.20,,1,,Rural,?
11631,Dana,Ortiz,9,2,0,28.50,22035.44,1,1,Urban, public 
11632,Alan,Mendez,10,5,2,47.60,36383.33,1,4,Urban,public
11633,Stephen,Herrera,16,2,0,37.20,11221.94,0,,Urban,Governmental
11634,Jorge,  Obrien   ,11,3,1,39.10,49440.41,1,3, Sub-urban ,Private
11635,Edward,Moreno,12,3,1,34.10,30055.72,1,2,  Urban  ,Governmental
11638,Helen,Camacho,10,5,3,44.30,20598.04,0,,Urban,Governmental
11639,Madison,Simmons,11,6,4,43.20,16395.97,,,urban,Gov
11640,Joseph,Guerra,13,6,4,,17408.9,,,Suburb,International
11641,Kristi,Price,9,2,0,38.80,12986.74,,,Urban,Public
11643,Marcia,Conway,9,3,0,61.70,27186.77,1,2,URBAN,Public
11644,Dominic,,9,3,1,23.80,11005.2,1,1,Suburb,PUBLIC
11645,Bruce,Mcpherson,11,6,4,,18231.78,,,SUBURBAN,Public
11646,Javier,Gilbert,9,9,7,38.90,24555.09,1,1,Unknown,Private
11647,Charlene,Olson,16,2,0,50.00,60546.23,1,4, Urban ,PVT
11648,Cindy,Greene,18,8,6,39.40,8466.43,0,,Rural, public 
11649,David,Navarro,8,3,1,31.20,84016.11,1,3,Suburban,Private
11650,Marco,Mccullough,12,2,0,,15098.08,,,Suburban,public
11651,Kevin,,14,4,2,32.20,10020.42,1,1,Suburban,Governmental
11652,Gene,Rocha,10,7,5,27.50,45098.36,1,,countryside,Public
11653,Katherine,Johnston,7,9,6,36.40,,,,Sub-urban,INTL
11654,Grant,Norman,17,7,5,47.80,68741.48,1,,Urban,home-school
11655,Carla,Hood,13,2,0,26.70,20625.99,1,4,city,Public
11656,Michaela,,12,3,1,53.90,14600.23,,,Rural, Public 
11657,Christine,Hoffman,16,3,1,29.30,approx 14.5k,,,Urban,Private
11658,,  Park   ,13,6,4,28.20,34634.01,1,1, Village ,Private
11659,Lindsey,Bray,10,5,3,,"$32,114",0,6,Rural,PUBLIC
11660,Harry,Fitzpatrick,7,6,4,28.60,20676.04,1,3,City,Public
11661,Janice,Goodwin,9,7,5,31.20,,0,2,Rural,PUB
11662,,Bryan,15,3,1,54.80,,1,4,Urban,Public
11663,Laurie,Glenn,13,3,0,33.50,22941.95,0,0, city ,public
11664,Susan,Dickerson,10,4,2,57.70,54193.79,1,1,Suburban,Private
11665,Cristina,Pace,17,6,3,39.40,,0,0,Rural,Public
11666,  Brenda   ,Walls,10,4,2,34.10,22343.39,1,4,city,Governmental
11667,Maxwell,Clayton,14,3,1,42.20,,0,0,  URB  ,Private
11668,Gloria,Richmond,11,2,0,30.60,"12562,33",1,,Suburban,Public
11669,Dominique,GILMORE,17,2,0,56.30,35372.93,1,1,  Sub-urban  ,Gov
11670,Ronald,VALENCIA,13,4,2,42.30,29129.2,1,2,  Suburban  ,Public
11671,Lawrence,roth,11,2,0,,46566.68,1,2,Urban,Public
11672,Javier,Davenport,10,2,0,25.00,,1,1,Urban,Public
11673,Sherri,Harrington,10,7,5,28.40,,,,unknown,PUB
11675,  Alvin   ,Guerra,2,2,0,61.20,52620.36,1,2,Rural,Private
11676,,Barker,12,5,3,35.90,17489.34,1,3,  urban  ,public
11677,Kari,Cervantes,9,8,6,30.70,25083.48,1,-3,Sub-urban,Private
11679,Wanda,Perez,10,6,4,31.60,19226.97,0,0,Suburb,Public
11680,Leonard,Mcpherson,11,2,0,59.80,20380.54,0,0, Suburban , Homeschool 
11681,Kiara,Parker,11,5,3,,35686.06,0,,Urban,Governmental
11682,Angel,,17,6,4,27.90,24962.48,0,0,  Urban  ,PUBLIC
11683,Duane,Delacruz,13,3,1,31.70,,0,0,Suburban,Governmental
11684,Donna,Vega,18,4,2,39.40,11906.63,0,0,countryside,  Public  
11685,Hunter,Castaneda,9,5,2,45.30,22875.35,0,4,Suburban,International
11686,Jason,Matthews,13,6,3,39.60,17190.43,1,1,Urban,Public
11687,Bill,Foster,9,5,3,28.50,18620.63,0,0,URB,public
11688,Connie,Evans,8,6,4,49.00,29817.49,1,,Village,public
11689,Tanner,Gallegos,18,5,3,40.00,,1,3,Sub-urban,Public
11690,Destiny,Price,8,3,1,48.90,37872.3,1,4,urban,  Public  
11691,Lucas,Carter,3,3,1,17.40,23217.74,1,7,Suburban,Private
11692,Brian,Doyle,8,3,1,,15116.16,0,,Urban, PUBLIC 
11693,Brittney,Mccarty,3,4,2,55.00,"24,757.14",1,,Urban,PUB
11694,Shane,Bowers,7,6,4,39.80,20131.52,1,2,rural,Private
11695,Valerie,,7,4,2,44.20,66518.13,1,8,Sub-urban,Private
11696,Tony,,11,2,0,31.00,19443.46,1,3,NULL,unknown
11697,Sean,Rodriguez,3,4,2,16.30,16368.5,,,Rural,Public
11698,Ray,Knapp,15,5,3,41.70,28282.42,1,4,Rural, Homeschool 
11699,Nicholas,Reese,4,5,3,36.90,34313.29,1,3,countryside,Gov
11700,Wendy,Dillon,10,9,6,53.50,17909.7,1,,Suburban,public
11701,Bryan,Reyes,9,4,2,25.60,15745.56,0,0,RUR,PUB
11702,Joseph,Massey,13,3,1,46.40,54829.45,1,3,Urban, Private 
11703,Hector,Fuller,12,5,3,45.00,22726.75,1,,countryside,PUB
11704,Crystal,Estrada,15,3,1,,52490.86,1,,city,International
11705,Nathaniel,Colon,9,5,3,36.50,,1,4,urban,
11706,Meredith,Chen,9,8,6,,40317.76,0,0,URBAN,public
11707,LESLIE,Logan,12,5,3,46.70,32175.18,1,3,URB,  Int.  
11708,Sue,Sharp,14,2,0,37.10,17693.7,1,,Suburban,Governmental
11710,Carrie,Good,12,5,3,24.00,26961.8,1,3,URBAN,Private
11711,Nancy,Allen,11,6,4,39.50,33171.54,1,,Rural,Private
11712,Sydney,Montes,10,7,5,49.20,28197.49,1,1,  SUB  ,Public
11713,Ray,Oconnor,12,5,3,40.80,32931.85,1,3,  URB  ,  Public  
11714,Marilyn,Nash,18,2,0,15.50,14813.29,,,Suburban,Public
11715,Glenn,Deleon,10,3,1,,57668.42,1,2,city,private 
11716,Lee,Woods,9,4,2,37.70,"19496,04",1,1,City,Public
11718,Roger,Carlson,12,9,7,53.70,35248.35,1,,RUR,PUBLIC
11719,,Pineda,3,2,0,54.20,48418.37,1,4,City,public
11720,Unknown,Washington,10,3,1,33.60,18631.75,1,2,URB,Public
11721,Miranda,Watkins,14,2,0,40.80,,1,2,  Suburban  ,public
11722,Krystal,Richards,9,7,5,,22878.4,1,7,Suburban,  Public  
11723,Gregory,Ortiz,11,8,6,29.80,12493.64,,,Rural,Public
11724,Kyle,Bautista,18,6,4,51.50,,1,2,Urban, Gov 
11725,Savannah,Roth,12,4,2,31.10,,0,0,Rural,Public
11726,jenny,Bryan,3,4,2,31.40,5645.27,0,3,SUBURBAN,Public
11727,,Daniels,5,4,2,41.20,48883 EGP,1,1,Urban,INTERNATIONAL
11728,Elijah,Walsh,10,2,0,47.10,"40,642.53",1,1,Suburban,Private
11729,,Bright,8,8,6,64.60,64558.71,1,2,  City  ,Private
11730,Dale,Robinson,11,4,1,54.20,31078.82,1,3,Suburb,Public
11731,Monica,Owens,9,4,2,63.10,23235.46,0,0,Urban,Private
11732,Audrey,Byrd,15,6,4,55.10,approx 52.2k,1,4,city,private
11733,Nathan,Carter,7,7,5,43.50,11663.22,0,0,countryside,Home School
11734,Christine,Khan,10,5,3,7.60,"$8,270",,,Rural,Public
11735,,Figueroa,11,4,2,46.80,27419.92,0,0,,Int.
11736,Jennifer,Bradford,12,4,2,37.30,32082.84,1,1,Suburban,INTERNATIONAL
11737,Brianna,Gray,0,2,0,26.00,10975.51,0,0,Rural,NA
11739,Christian,Mcfarland,11,2,0,36.40,20347.96,1,1,Suburban,Public
11740,Yolanda,Bowman,10,3,1,,37292.58,0,0,Urban,public
11741,Craig,Mahoney,14,3,0,37.60,23623.89,1,1,Suburban,public
11742,Stuart,CARR,13,3,1,,126762.87,1,9,Urban, private  
11743,mathew,Shaw,11,6,4,25.40,23745.81,0,0,Suburban,Private
11744,Stefanie,Heath,12,4,2,48.70,44929.73,1,2,URB,PUBLIC
11745,Mia,Burton,15,2,0,42.10,13402.37,1,1,Urban,Governmental
11746,Kim,Nunez,15,3,1,,35340.72,1,4,SUB,Public
11747,MARCUS,French,11,7,5,,23056.61,1,3,Urban,PRIVATE
11748,Patricia,Bautista,18,5,3,45.10,17067.46,0,0,RUR,Gov
11749,Jodi,Rios,8,3,1,32.60,75187.65,1,1,URBAN,Private
11750,Tom,Paul,6,3,1,,,1,2,Suburban,PRIVATE
11751,Stephen,,10,10,8,35.70,12463.89,0,,  Suburban  ,Public
11752,Keith,Garza,9,2,0,61.10,15777.55,,,URBAN,PUB
11753,Johnathan,Sandoval,3,3,1,38.00,28144.05,1,3,Suburban,Public
11754,Unknown,Campbell,8,5,3,31.80,27317.0,1,3,Suburban,PUBLIC
11755,Breanna,Bush,12,2,0,50.70,26699.6,1,1,?,public
11756,Roberta,Gamble,10,2,0,49.20,,1,1,Suburban,  Public  
11757,Holly,MCCONNELL,8,7,5,49.30,90625.66,1,10,urban,null
11758,Alejandro,Gordon,11,6,4,27.70,66534.83,0,,URBAN,  Governmental  
11759,Glenn,Brooks,11,3,1,43.60,31942.03,1,1,Urban,Private
11760,Cristian,Lang,13,3,1,28.20,,,,Rural,Public
11761,Deanna,Wallace,8,3,1,49.50,"71072,12",1,4,URBAN,Private
11762,Sara,Skinner,14,2,0,,55561.88,1,3,city, PRIVATE 
11763,Jody,Wise,7,2,0,42.20,31462.39,1,1,city,Public
11764,Danny,Jordan,9,4,2,38.60,49479.95,1,6, Sub-urban ,  private   
11765,Tony,Middleton,17,4,2,19.00,19499.08,1,1,Suburban,Public
11766,Kirk,Meyers,7,2,0,51.50,17533.3,1,3,urban,PUB
11767,Gerald,LANG,8,5,3,28.80,approx 18.7k,0,0,RUR, Public 
11768,Samuel,Russo,6,5,3,36.20,7302.64,,,Rural,Public
11769,Cole,Joyce,8,4,2,54.30,approx 9.3k,0,,rural,PUB
11770,Marie,Hill,11,4,2,,34514.37,1,4,Suburban,Public
11771,Ana,Newman,13,3,1,49.20,33927.82,1,3,Urban,Intl
11772,Vincent,Morgan,10,4,2,27.60,,0,0, Urban ,Public
11773,Andre,Fitzgerald,9,7,5,47.20,23743.21,1,3,  URB  ,Public
11774,Kim,collins,6,3,1,32.20,12259.57,,,  Suburban  ,Gov
11775,Ariana,Houston,8,6,4,19.10,22726.51,1,2,Urban,Public
11776,Bradley,Oliver,5,6,3,,21400.44,1,2,URB,Gov
11777,Jeffery,Hardin,13,6,4,42.50,44166.7,1,3,Suburban,Governmental
11778,Julia,Donovan,13,8,6,45.30,23476.65,1,4,SUBURBAN,Priv
11779,Phyllis,Barr,10,3,1,42.90,26009.3,0,0,urban,public
11780,Karen,Henry,12,3,1,30.10,,,,Rural,homeschool
11781,Alisha,Harris,14,5,3,48.50,11540.96,1,, Urban ,Governmental
11782,Antonio,Frank,11,9,6,45.10,24239.7,1,1,Suburb,Public
11783,Nicholas,Lutz,16,3,1,33.80,22371.79,1,1,  Rural  ,Public
11784,Bobby,Barajas,7,9,7,42.70,33771.66,1,5,URB,
11785,Patricia,Nicholson,9,4,2,,25107.88,1,1,Rural,  public  
11786,Tracey,Houston,45,5,3,41.30,38472.93,1,2,SUBURBAN,PRIVATE
11787,Tanya,Rush,13,4,2,43.80,57465.94,1,2,Rural,Private
11788,Eileen,Aguilar,5,3,1,54.60,15981.63,1,3,city,PUB
11789,Megan,Fry,16,5,3,69.50,33829.79,1,5,city,private
11790,Brandon,Reed,13,4,1,33.80,35980.48,1,4,Urban,Public
11791,Christie,Reese,17,5,3,39.80,21463.55,1,2,Suburban,Public
11792,Randall,Contreras,10,6,4,39.70,20996.84,0,,Urban,Gov
11793,Lance,Norton,9,5,3,54.90,39117.47,0,0,Urban,
11794,Spencer,Porter,13,2,0,59.30,21408.37,1,2,Rural,Public
11795,Michelle,,14,4,2,37.00,,0,0,City, Public 
11796,Kaylee,Stevens,8,5,3,17.40,"11,062.56",,-4,city,Private
11797,Sarah,Wiggins,3,5,3,40.00,,1,1,Suburban,PUB
11798,GUY,Castillo,999,3,1,,20529.37,1,1,Urban,Private
11799,Kaylee,Jimenez,11,4,2,54.70,,1,5,suburban,Public
11800,Brandi,Hendrix,16,3,1,,17886.66,,,URB, PUBLIC 
11801,,Meza,6,6,4,,26965.44,1,2, city ,Public
11802,EBONY,williams,10,5,3,50.10,11628.33,0,,city,Gov
11803,Brandy,Shaw,9,5,3,41.90,10901.78,1,2,Suburban,Gov
11804,nathan,Vega,17,4,2,42.00,19472.97,1,1,Urban,PUBLIC
11805,Beverly,,18,4,2,46.90,25905.43,1,1,URB,Public
11806,Ross,Mayer,12,6,4,35.90,10928.19,0,,Rural,  Governmental  
11807,Barbara,Diaz,14,6,4,27.40,,1,1,countryside, public 
11808,Christine,,14,4,2,36.50,10039.72,1,5,Suburban,Public
11809,Fred,Morgan,6,4,2,40.20,15240.83,1,1,Rural,Public
11810,Jean,Walter,120,2,0,63.60,26584.85,0,0,  Urban  ,Private
11811,Ellen,Gentry,7,7,5,34.40,11541.26,,,SUB, Public 
11812,Ruben,Terrell,10,2,0,46.30,19450.21,1,,Rural,Public
11813,Holly,,15,2,0,39.40,,0,,Suburban,PUB
11814,Edgar,chen,11,6,4,,20396.89,0,0,Urban,PUB
11815,Stefanie,Mcgee,14,3,1,,39463.0,0,0,SUB,Public
11816,Meghan,Hart,15,7,5,26.60,8744.83,0,0,Urban,  Public  
11817,Renee,Morton,4,5,3,,43004.37,1,1,Urban,Private
11818,Penny,Dawson,3,6,4,21.30,13476.88,0,0,Suburban,  Public  
11819,,Schwartz,15,3,1,33.40,21488.09,1,2,city,Public
11820,Darius,Clayton,15,2,0,44.50,,1,5,Urban,  Private  
11821,Catherine,Owen,11,7,5,60.80,21061.18,1,1,Urban,public
11822,Shane,Gaines,12,6,4,41.50,"72,227.20",1,7,Urban,Private
11823,Catherine,Nelson,14,5,3,30.10,25137.18,1,3,URBAN,Public
11824,Oscar,Case,14,8,6,45.60,24427.44,0,0,Suburban,International
11825,Donna,Mcdaniel,9,5,3,58.40,40669.87,1,2,Suburban, private  
11826,Alexander,Richmond,14,2,0,28.90,34518.03,1,3,Suburban,Public
11827,Morgan,Gomez,9,6,4,,32362.36,1,4,Urban,Public
11828,Noah,Jimenez,11,7,5,45.10,23044.25,0,,Urban,  PUB  
11829,Brittney,Joyce,11,8,6,25.30,7310.18,,,Rural,  Homeschool  
11831,Paige,Rodgers,8,3,1,,61220.64,1,-4,Urban,  INTERNATIONAL  
11832,Darius,Vargas,18,6,4,35.20,43681.99,1,2,unknown,international
11833,Mathew,Evans,7,2,0,40.40,31928.93,1,1,URBAN,public
11834,Madeline,Lang,12,2,0,51.40,,,,URBAN,Public
11835,Danielle,Gutierrez,13,4,2,42.90,19443.11,0,0,Urban,Public
11836,Misty,Galvan,10,2,0,35.80,16284.33,,,Suburban,Public
11837,Krista,Stokes,13,3,1,64.30,21901.74,1,3, Urban ,Public
11838,Kent,Fowler,12,6,3,43.80,15731.42,1,2,suburban,Public
11839,Donald,,7,2,0,36.60,34075.27,1,4,SUBURBAN,Governmental
11840,Kurt,Garcia,12,5,3,49.00,,0,0,Suburban,Private
11841,Molly,ali,9,4,2,58.90,70900.62,1,4,Urban,Private
11842,FRANCISCO,Cummings,17,2,0,48.50,,1,2,City, Homeschool 
11843,Paul,Mills,12,2,0,51.00,19150.81,0,,Rural,Public
11844,Latasha,Reyes,120,10,8,55.00,25786.86,1,3,Rural,Public
11845,Jasmine,Obrien,12,4,2,44.00,52152.08,1,3,City, International 
11846,Alexis,  Tyler   ,7,3,1,53.80,15075.14,1,,  Urban  ,Public
11847,Joel,Oconnell,99,3,1,,31973.55,1,,Suburban,public
11848,Paige,Everett,10,5,3,42.50,18595.26,1,1,Rural,Gov
11850,Gavin,Moody,7,3,1,37.60,26444.41,1,2,Suburban, private  
11851,Breanna,Ward,18,5,3,44.20,76273.39,1,3,NA,Private
11852,Leonard,Hess,11,4,2,25.10,,0,0,Sub-urban,Gov
11853,Juan,Unknown,9,7,5,37.90,,1,1,Rural,Public
11854,Bill,,8,3,1,34.60,18929.27,0,,urban,PUB
11855,,Santos,12,3,1,,21815.82,0,0,Suburban,  Gov  
11856,Wendy,Mcintosh,8,2,0,50.10,34937.79,1,3,city,International
11857,Stephen,Franklin,7,7,5,34.40,23135.46,0,0, Urban ,International
11858,Alyssa,Mooney,10,5,3,38.00,29836.02,1,4,Rural,PUBLIC
11859,Oscar,Willis,10,2,0,,29675.41,0,0,  Urban  ,Homeschool
11860,John,Hendricks,9,4,2,29.10,approx 24.3k,1,2,Suburban,Priv
11861,Sonya,Sherman,7,2,0,50.90,14305.04,,,Urban,Public
11862,Krista,CONTRERAS,9,3,0,71.80,80951.02,1,8,Urban,  private  
11863,Erika,Sosa,9,5,3,58.80,24931.86,0,,Suburban,-
11864,Kristen,Mcneil,8,4,2,40.00,73160.26,1,9,  URB  ,Intl
11865,Joyce,Townsend,11,3,1,22.00,18174.13,,,Suburban,Priv
11866,Jared,Ray,18,4,2,41.30,46950.2,1,2,Urban, Private 
11867,Cheyenne,Mcdonald,15,6,4,34.70,18780.18,1,,  SUBURBAN  ,Public
11868,Philip,Cordova,17,3,1,24.50,46652.1,1,6,Rural,PRIVATE
11869,  Alisha   ,,8,2,0,35.80,55073.53,1,5,Urban,Private
11870,Jeff,Franco,17,7,5,42.20,47441.18,1,3,Urban,Public
11871,Mary,Powell,11,4,2,45.10,11515.01,,, Rural ,Public
11872,Dale,Khan,14,5,3,51.60,84851.93,1,7,URB,Homeschool
11874,Donna,Webb,9,4,2,45.50,,0,0,Rural,Public
11876,Lorraine,Woodward,12,2,0,43.00,42605.83,1,4,SUB,Public
11877,Wanda,Huffman,4,2,0,16.10,10049.73,1,4,  URBAN  ,Gov
11878,Tara,Unknown,10,3,1,37.00,48061.11,1,1,  Suburb  ,  Homeschool  
11879,Tami,Dawson,-5,7,5,47.10,44937.18,1,2,Suburban,Private
11880,Unknown,Richmond,11,6,4,23.30,18774.8,1,2,Suburban,n/a
11881,Isaac,Hampton,12,4,2,47.60,,1,5, Suburban ,PUB
11882,Jodi,Christian,8,5,3,45.00,,1,,Urban,private 
11883,Donna,Case,11,5,3,60.50,,0,0,URBAN,Public
11885,Cesar,Henry,10,8,6,45.70,21033.88,0,0,Rural,Gov
11886,Sierra,Downs,8,7,5,,"52,832.19",1,10,Suburban,Private
11887,Daniel,Petersen,14,6,4,57.60,,1,2,Suburban,  Homeschool  
11888,Darius,Unknown,12,2,0,52.40,,1,4,Urban, Private 
11889,Sylvia,Campos,11,4,2,44.20,36874.45,1,1,Suburban,PUBLIC
11890,Curtis,Andrews,18,6,4,,,0,,Suburban,  Public  
11891,Madison,Lewis,12,4,2,40.70,21921.71,1,1, Urban ,Public
11892,Suzanne,,15,4,2,36.50,53830.61,1,2,URBAN,Private
11893,Janice,Aguirre,11,5,2,34.70,21823.78,1,,URB,Public
11894,Krystal,Hunter,9,4,2,48.30,46653.75,1,5,Urban,  PRIVATE  
11895,Kimberly,Sloan,7,3,1,59.40,20423.02,0,,Suburban,Public
11896,Donald,Hood,11,2,0,39.30,44209.3,1,2,urban,private 
11897,Tom,York,3,6,4,51.10,"32,403.04",1,1, SUB ,  Public  
11898,Shane,Lynch,11,6,4,28.20,,0,0,rural,PUBLIC
11899,Gary,Bennett,12,6,4,48.00,25113.99,1,1,Rural,Private
11900,LEVI,Reilly,10,5,2,38.60,5229.49,0,0,Rural,Public
11901,Phyllis,Bridges,10,3,1,28.40,,,,Rural,  Public  
11902,James,Gonzales,6,2,0,47.80,,0,,Urban,Public
11903,Sonia,Mcconnell,15,10,8,30.90,48775.64,1,3,  Suburban  ,Private
11904,Brittney,,9,3,1,37.50,11551.89,0,0,Suburban,Public
11905,Taylor,,7,6,4,36.70,16830.05,1,1,Village,public
11906,Marcus,Monroe,12,4,2,57.20,30472.74,0,0,Suburban,Public
11907,Nathaniel,Unknown,11,2,0,40.40,34069.18,0,0,  urban  ,Homeschool
11908,Thomas,Mullen,9,3,1,53.40,,0,,Rural,Public
11909,Devon,Gonzales,9,3,1,53.80,18190.94,0,0,Suburban,homeschool
11910,Sylvia,Williamson,10,9,7,64.50,25960.49,1,4,  Urban  ,Public
11911,Hannah,Jennings,15,4,2,17.50,,1,2,Suburban, Public 
11912,Rick,Raymond,12,8,6,,17525.86,1,4,Suburban,Public
11913,Lance,Bishop,10,3,1,,7803.77,0,0,Suburban,Gov
11914,,Glenn,14,5,3,45.80,22167.79,1,1,rural,  Private  
11915,Cody,Benitez,11,4,2,46.80,58262.42,1,3,Suburb,Private
11916,Tracey,Petty,12,9,7,41.80,9622.22,,,rural,  Public  
11917,Frank,Golden,11,2,0,39.20,62844.14,1,5,Urban,International
11918,Sherri,Farmer,13,6,4,62.20,,1,4,URB,home-school
11919,Cathy,Haley,9,6,4,38.40,,0,,  Urban  ,unknown
11920,Denise,Ryan,6,5,3,36.30,17377.79,1,2,SUB,PUBLIC
11921,Richard,Holder,14,4,2,12.20,,,,Rural,Public
11922,Christina,York,16,2,0,,"28,084.32",1,1,Suburban,Public
11923,Cory,Wells,7,4,2,28.00,26911.12,1,1,URBAN, Public 
11924,Christine,Diaz,11,2,0,62.10,54614.93,1,5,City,Intl
11925,Yvonne,Valencia,9,8,6,54.10,27368.68,1,,Rural,Private
11926,Troy,Whitaker,14,4,2,35.90,12709.32,1,1,Urban,Public
11927,Jennifer,DOWNS,11,5,3,,13623.78,0,0,Urban,Governmental
11928,Stacey,Vargas,18,4,1,35.70,"35877,03",1,2,Suburban,Governmental
11929,Billy,Nichols,9,2,0,42.20,,0,0,Suburban,Public
11930,Colleen,Brooks,16,4,1,43.20,27006.11,1,1,Urban,  Governmental  
11931,Jeanette,Duke,16,5,3,36.80,40159.21,0,0,Urban,PRIVATE
11932,Maurice,Espinoza,12,3,1,62.00,41034.16,1,6,Sub-urban,Private
11933,kathy,Harris,11,4,2,29.00,15087.75,0,0,URB,unknown
11934,Jane,Lowe,11,3,1,14.10,8761.43,0,0,Urban, Public 
11935,,Ferguson,11,7,5,50.90,"27938,74",1,,Urban,Public
11936,Karen,House,15,3,0,48.20,18579.93,1,5,Urban,public
11937,Trevor,Mercado,7,2,0,40.10,30835.99,1,2,Urban,PUB
11938,Duane,Quinn,10,3,0,39.20,24373.79,1,1,Sub-urban,PUBLIC
11939,Terrance,Maxwell,9,2,0,37.70,17387.8,1,1,City,Public
11940,colton,Roman,4,4,2,44.10,80642.0,1,5,suburban, Private 
11941,Bradley,Barrett,14,5,3,51.00,25831.52,1,5,Suburban,public
11942,Manuel,Beltran,14,6,4,42.80,21686.27,1,1,Urban,Private
11943,Emma,CHRISTENSEN,8,5,3,33.90,27059.37,1,1,Sub-urban,International
11944,Natalie,Hopkins,14,3,1,54.60,39792.48,1,3,  Urban  ,Private
11945,Bridget,Farrell,5,9,7,52.00,,1,6,rural,Public
11946,Kristy,Mack,11,2,0,50.10,,1,5,Suburb, PRIVATE 
11947,Latasha,York,10,3,1,38.10,,,, urban ,Governmental
11948,Jamie,Henry,11,8,6,46.70,7714.2,0,-3, countryside ,Homeschool
11949,Corey,Sweeney,11,3,1,57.40,,1,1,Urban,Private
11950,Christine,Wheeler,10,3,1,38.30,29796.32,1,1,  Urban  ,Priv
11951,paul,Escobar,9,6,4,44.80,approx 38.6k,1,-4,  Urban  ,private
11952,Ashlee,Patton,10,3,1,42.50,21338.07,0,,Suburban, PUB 
11953,Arthur,Fletcher,15,5,2,41.60,33139.67,1,2,Suburban,Public
11954,Tiffany,Christian,8,4,2,45.00,32896.0,1,2,Sub-urban, Public 
11955,Maureen,Vincent,18,7,5,73.30,14066.9,0,0,RUR,PUB
11956,Desiree,Schwartz,8,10,8,37.40,21700.08,1,1,  RUR  ,Private
11958,,Leonard,13,5,3,29.80,,1,1,RURAL,Public
11959,Brian,Cox,9,5,3,37.00,22602.6,0,0,  Urban  ,  Public  
11960,Kendra,,15,4,2,6.50,19500 EGP,1,5,Rural,Homeschool
11961,Krystal,Mooney,0,9,7,46.30,58092.11,1,2,urban,Intl
11962,Dorothy,Terrell,10,7,5,,15324.88,,,URBAN, Public 
11963,Vanessa,Hoover,15,4,2,44.10,22830.11,0,0,Urban,Public
11964,Sierra,Cooper,7,4,1,39.50,32515.32,1,2,city,private 
11965,Francisco,Owen,8,8,6,27.40,45083.56,1,2,Rural,Public
11966,Karla,Webb,13,4,2,42.90,37701 EGP,1,1,urban,Private
11967,Johnny,Kim,13,3,1,37.00,19015.55,1,2,Urban,Private
11968,Rhonda,Ward,12,6,4,59.80,,,, Rural ,public
11969,Stefanie,Vaughn,10,2,0,47.50,43993.73,1,,  Suburban  ,PUBLIC
11970,Peggy,Mejia,10,3,1,26.80,21536.46,1,1,Suburban,Governmental
11971,Troy,Wu,15,6,4,40.00,,0,0,Rural,Public
11972,Jackson,Leon,11,7,4,50.90,51926.86,1,5,  city  ,  Private  
11973,Deborah,Hooper,7,4,2,,35224.65,1,1,urban,Private
11974,Malik,Lawrence,7,6,4,36.60,,1,1,Urban,PUBLIC
11975,Janice,,16,2,0,46.50,,,,Urban,Public
11976,,Mcpherson,8,3,1,25.00,,1,3,Urban,Public
11977,Linda,Burgess,11,7,5,60.10,18173.01,1,1,Suburban,Private
11978,Jesus,Mcbride,15,4,2,,35154.88,1,1,Urban,Public
11979,Ethan,,12,7,5,49.80,43403.9,1,6,Suburban,private 
11980,Katherine,Williamson,8,8,6,30.00,32329 EGP,0,0,SUBURBAN,Public
11981,Jimmy,Welch,7,9,7,52.80,14506.39,,,Urban,Public
11982,Roger,Andrade,17,7,5,,21893.86,1,3,  Suburban  ,Public
11983,Dorothy,Mendez,7,7,5,49.50,,1,3,URBAN, PRIVATE 
11984,Audrey,Townsend,9,4,2,38.20,19309.29,1,1,Suburban,PUB
11985,Angela,Patel,12,3,1,52.60,45382.35,1,2,Urban,Public
11986,Paige,Butler,10,4,2,38.70,24463.59,1,2,Rural,Gov
11987,Michaela,Arellano,13,2,0,,38866.94,1,2,  SUB  ,International
11988,,Browning,-5,4,2,36.50,32440.31,1,3, suburban ,International
11990,Lawrence,Wood,13,5,3,50.50,,1,3,Urban,Public
11991,Michele,,13,2,0,47.80,68420.77,1,3,Urban,Private
11992,Christie,Unknown,8,2,0,24.20,9474.71,,,suburban,Public
11993,Jeffery,Houston,7,7,5,51.60,30378.59,1,,Suburb,Public
11994,NATALIE,ADKINS,11,3,1,48.20,,1,2,Suburban,Private
11995,Noah,Yoder,6,4,2,32.40,21076.25,1,1,Urban,Public
11996,Jeremiah,Wood,15,5,3,27.30,"10,033.27",0,0,Rural,Public
11997,Sue,Larsen,11,9,7,38.50,23210.55,1,1,Rural,public
11998,Leon,Mcfarland,8,2,0,39.00,46200.04,1,-3,Urban,Private
11999,Danielle,Shea,7,3,1,51.70,28093.94,1,1,URB,PRIVATE
12000,Luis,Morales,8,3,1,41.90,,1,1,Suburb,Public
12001, Grace,Okonnor,12,5,2,60.80,28694.81,1,1,Rural,Gov
12002,Rebecca,PEREZ,5,8,6,21.20,,0,0,Suburban,Public
12003,Beth,  Noron   ,17,4,2,72.70,36603.59,1,3,  Suburban  ,Private
12004,DYLAN,Hall,0,2,0,,33951.29,1,1,Suburban,PUBLIC
12005,Raven,zampson,17,2,0,39.80,11932.79,0,0,Urban,Public
12006,Theresa,Lin,9,2,0,37.80,21376.56,1,,URB,Public
12007,Nathan,,10,6,4,30.90,15713.04,0,,Rural,PUBLIC
12008,Ariel,Mclaughlin,10,6,4,29.30,,0,0,Rural,Gov
12009,Janet,Terrell,18,4,2,55.70,18734.61,0,0,Suburban,Public
12010,Brianna,gonzales,16,2,0,43.60,13937.55,0,0,SUBURBAN,Public
12011,Booke,klark,17,5,3,,78450.47,1,4,Suburban,international
12012, Stuart,Birght,12,2,0,57.80,19679.47,1,1,URBAN,  Public  
12013,Sydney,Church,15,5,3,,21190.31,0,0,SUB,Gov
12014,Glloria,everett,17,6,4,63.10,15294.12,0,0,urban,-
12015,Katherine,Hamilton,6,5,3,36.50,26120.36,0,0,Suburban,Public
12016,Allec, Santos,14,2,0,34.90,8839.78,0,0,Suburban,PUB
12017,Chase,eaton,6,5,3,34.40,35988.82,0,0,URBAN,private 
12018,Michelle,Dixon,12,4,2,50.10,26042.88,1,4, URB , Public 
12019,Ryaan,ernold,9,4,2,42.10,50179.51,1,5,Suburban,PUBLIC
12020,Feliciad,Bro-ck,12,2,0,22.20,11726.17,1,1,Suburban,  PUB  
12021,Dana,King,11,2,0,48.80,14294.94,0,0,Urban,PUBLIC
12022,Megan,ztuart,14,5,3,46.60,14069.12,1,1,Rural,PUBLIC
12023,Kari,Coffey,10,4,2,64.50,29771.14,1,1,Urban,private 
12024,  Charlene   ,Krause,7,2,0,31.40,19661.91,1,2,urban,Gov
12025,Mark,Todd,7,2,0,,15130.78,1,1,Suburban,public
12026,Jaanet,Cae,14,4,2,39.60,29114.43,0,0,Rural,Public
12027,RYYAN,Hoffman,8,5,3,,57050.01,1,1,Rural,Governmental
12028,Caroline,Marquez,11,6,4,41.30,17902.51,0,,  suburban  ,public
12029,Bran-don,Mack,3,3,1,30.20,20109.57,1,2,city,n/a
12030,, Bradford,16,4,2,29.10,,1,1, URB ,Public
12031,Chris,Waters,15,3,1,50.00,60832.94,1,5,Urban,Private
12032,  Stephen   ,Beenjamin,10,5,3,54.70,34862.42,0,0,URBAN,PUBLIC
12033,Robin,Moore,10,7,5,,40903.84,1,1,SUB,Private
12034,Austint,Daughrty,13,8,6,41.30,41637.99,0,,NA,Public
12036,Tammie,LYNN,7,5,3,32.20,44092.84,1,,-, International 
12037,Pattrick,Wilkisn,8,8,6,,16625.72,0,0,  Rural  ,Governmental
12038,Che-lsea,Wilcxo,9,3,1,,28565.59,0,2,Urban,Private
12039,Stanley,Sawyer,6,5,3,36.70,18393.47,1,1,Suburban,public
12040,Candiceh,Vincentz,10,3,1,35.70,30662.47,1,4,Suburban, Private 
12041,Sylvia,Monroen,12,2,0,38.40,28734.17,1,3,Urban,n/a
12042,Judyl,Livingston,7,6,4,23.70,20042.83,1,,Suburban,Public
12043,Lnida,,14,2,0,61.70,12152.86,0,0,Urban, Public 
12044,MEREDITH,Greene,12,3,1,59.70,26633.93,0,0,RURAL,  Public  
12045,Albert,   Tucker   ,15,5,3,36.20,28834.83,0,0,URBAN,PUBLIC
12046,Pen-ny,Greer,12,8,6,41.50,22247.21,1,, countryside ,Homeschool
12047,Marvin,,7,7,5,45.10,27809.22,1,4,URB,Private
12048,Bruce,Collier,15,4,2,30.70,16681.01,0,,Rural,public
12049,C-athy,Mroa,9,2,0,40.80,28417.91,1,3,Urban,NULL
12050,Angela,barrett,8,2,0,50.80,17136.52,0,0,SUBURBAN,Public
12051,Sarah,Nunez,12,2,0,61.10,45728.12,1,2,Sub-urban,International
12052,Danielle,Unknown,7,3,1,53.50,27468.39,1,1,urban,Priv
12053,Erika, PARRISH,8,3,0,56.00,25891.35,1,,  suburban  ,Public
12054,Jamie,Henry,11,8,6,44.10,,0,0,Rural,Homeschool
12055,Judith,Trujillo,10,3,1,,13121.82,0,0,Suburban,Governmental
12056,Selena,Perez,9,3,1,50.10,25718.35,1,-1, city ,Private
12057,Ebony,Williams,10,5,3,50.30,13126.51,0,0, URBAN ,PUBLIC
12058,Joe,Benitez,15,2,0,55.50,26098.02,1,-1,Sub-urban,PVT
12059,Suzanne,H-ill,8,6,4,36.20,64330.21,1,2,Urban,private 
12060,Leah,Greee,10,6,4,58.60,61585.92,1,2,  Urban  ,  PRIVATE  
12061,Charlottey,Nevarro,4,2,0,36.50,,0,0,Suburban,Public
12062,Karla,Webb,13,4,2,42.80,39068.94,1,1,Urban,Private
12063,Darren,Obrien,13,5,3,21.80,6871.73,0,0,Urban,Public
12064,Kattrina,Arrooyo,13,5,3,23.20,,0,3,Suburban,Public
12065,Taya,Cnway,3,2,0,49.60,23318.6,1,,  Suburban  ,  Public  
12067,Janice,Maldonado,5,4,2,39.80,18735.17,1,2,Suburban,Public
12068,jackson,Colon,12,2,0,69.00,51402.25,1,2,Urban,Public
12069,Kent,Castaneda,10,3,1,,23948.57,1,1,  Suburban  ,Public
12070,Maurice,Ramos,10,4,2,33.20,20252.3,0,3,Suburban,Public
12071,ALISHA,  Richardson   ,9,4,2,38.80,,0,,Urban,  Public  
12072,Reegina,Pineda,12,8,6,40.80,24980.75,1,2,City,PUB
12073,Tracey,Petty,12,9,7,42.20,8806.62,1,1,Rural,Public
12074,Brye,Santiago,14,6,4,33.90,34976.2,1,3,Urban,Governmental
12075,Rose,Bryant,11,3,1,50.30,29409.66,1,1,Suburb,Gov
12076,G-abriella,Christian,9,2,0,,27916.63,1,4,Urban,Governmental
12077,Krysta,Chaney,9,4,2,26.40,20250.1,1,2,SUBURBAN,Governmental
12078,Abigailo,Houstonf,7,10,8,40.10,17758.75,1,3,rural,homeschool
12081,Cynthia,Tucker,12,4,2,44.10,,1,1,Suburban,Public
12082,Peggi,Campos,11,8,6,34.50,,0,,Urban,Public
12083,Howard,Ward,17,6,4,53.40,51458.3,1,,urban,Homeschool
12084,Kelsey,Dean,4,8,6,29.90,17042.08,1,2,n/a,Private
12085,,Riley,13,3,1,41.90,,0,0,NA,PUBLIC
12086,Tonni,Walsl,16,7,5,,24918.84,1,3,SUB,Public
12087,Kaitlin,Anderson,8,4,2,61.80,76827.23,1,, Urban ,Homeschool
12088,Jerry,Coopeer,16,2,0,48.00,80036.66,1,7,URB,  Private  
12089,Toni,Meyers,16,2,0,43.80,22836.5,1,1,Suburban,Public
12090,Breanna,Skinnere,10,3,1,47.80,18439.57,1,2,City,Public
12091,Tnner,Mckinny,9,4,2,60.40,42292 EGP,1,2,Suburban,Public
12092,HANNAH,Buckley,14,3,0,52.50,,1,5,Urban,Private
12093, Guy,Garrdner,9,3,1,,,0,0,Urban,PUBLIC
12094,Patty,Frost,7,3,1,46.70,,0,0,Urban,Public
12095,Richard,Mccullough,9,7,4,51.00,85310.74,1,3,Suburban,International
12096,Kennethw,Sevenson,7,3,1,44.80,17938.67,0,0, suburban ,  Governmental  
12097,Cristian,Pruitt,16,7,5,,46912.93,1,2,Urban, PUBLIC 
12098,Jennifer,Jo-yce,12,5,3,,29076.83,1,,Suburban,Governmental
12099,Spencer,Bradley,12,2,0,37.40,36103 EGP,1,1,URB,INTL
12100,Jluie,LIU,8,2,0,59.50,30916.44,1,2,Urban,Public
12101,Edgar,CARTER,7,2,0,51.10,,1,4,Urban,Public
12102, Elijah,howe,10,4,2,54.30,54184.64,1,1,  Urban  ,Private
12103,Je,Delleon,6,4,1,43.90,14105.87,1,,Urban,Public
12104,Bil,nixon,7,5,3,,41246.53,1,3,Urban,Private
12105,Tiffany,Forbes,12,7,5,50.60,approx 27.9k,1,4,suburban,Public
12106,Vicki,Krause,12,6,4,27.80,,1,5,Urban,Public
12107,Austin,Simmosn,11,4,2,31.30,49221.85,1,3,Sub-urban,PUB
12108,Burce,Carrlol,13,3,1,46.10,,0,6,Urban,Homeschool
12109,RAY,Good,9,2,0,45.50,12666.04,0,0, City ,Public
12110,jenna,Watson,6,11,9,61.80,13148.13,1,,Rural,Unknown
12111,Mar-iah,Bro-oks,4,4,2,49.50,15039.49,1,1,Urban,Public
12112,ALVIN, Marquez,13,2,0,47.80,24223.21,1,4,rural, Public 
12113,Mity,,13,6,4,41.90,79477.74,1,5,Urban,PRIVATE
12114,,Reilly,13,6,3,23.60,55785.14,1,5,Suburban,Private
12115,Karen,WATT,10,4,2,47.00,27485.61,1,1,Rural,Public
12116,Bonnie,Castillo,8,6,4,47.70,18907.92,0,0,Urban,NULL
12117,Brianna,Bishop,12,3,1,57.60,51001.07,1,4,Urban,homeschool
12118,Sadra,Muillo,6,2,0,37.10,42939.71,1,3,Suburban, Public 
12119,Csaey,Meelton,8,8,5,49.00,16011.78,0,0,N/A,  Public  
12120,Kendra,COLLIER,11,3,0,58.80,13406.77,1,2,Rural,Public
12121,Iasac,HAMPTON,13,4,2,,,1,5,Suburban,public
12122,Heelen,West,8,3,1,36.60,29083.95,1,4,URBAN,Public
12123,Suzannen,Collierf,10,7,5,63.30,"13,605.03",0,0,Rural,PUB
12124,donna,Phelps,15,3,1,47.50,,1,7,NA,Homeschool
12125,Greg,Graves,10,2,0,,11304.79,0,0,RUR,public
12126,Merdeith,Lopeez,12,2,0,38.70,23132.69,1,5, URB ,Public
12127,Shelia,Evans,18,4,2,34.40,"9712,57",0,3,  Rural  ,Public
12128,Wal-ter,Shcneider,6,4,2,51.00,22519.79,0,,Suburban,Public
12129,Spencer,Delgado,15,4,2,27.00,22648.15,0,0,Urban,Private
12130,Kaitlin,Jackson,8,8,6,29.20,22359.37,1,3,Suburban,PUB
12132, Stuart,kelly,16,7,5,46.90,,1,,Urban,Private
12133, Dorothy,Bryant,9,5,3,27.60,,1,1,Suburban,Public
12134, Yvette,EVANS,8,3,1,12.20,18179.93,1,2,  SUB  ,Gov
12135,Sherry,Duarteg,11,3,1,22.70,"7875,79",0,0,RUR,Public
12136,Payge,Andesren,18,9,7,39.20,38431.05,1,1,  Suburban  ,Public
12137,Deborah,keller,6,4,2,45.40,39661.74,1,2,  Suburban  ,Public
12138,Jcakson,Veles,7,3,1,50.50,,1,1,Urban,Public
12139,ztephen,kaldwell,17,4,2,24.40,21343.53,0,0,Urban,Public
12140,Alyssa,Morrist,9,4,1,30.30,4450.39,0,0,RUR,Public
12141,Colleen,Gomez,16,2,0,19.90,16786.16,0,0,Suburban,Governmental
12142,Jorga,armstrongr,12,3,1,42.20,18212.1,0,0,Urban,PUB
12143,miranda,Wse,13,6,4,20.10,31460.26,1,3,Urban,public
12144,Sierra,Glover,99,3,1,40.10,,0,6,Rural,PUB
12145,Tim,Coffey,12,9,7,41.00,18596.01,0,0,Village,  Public  
12146,,Lamert,10,2,0,,17047.25,0,6,Rural,INTL
12147,Frank,Christian,13,4,2,74.90,11296.48,1,2,Urban,  Private  
12148,Magan,Walsh,13,3,1,31.00,44748.19,1,4,SUB,Gov
12149,Colleen,Watsoon,11,7,5,49.90,18181.02,1,5,City,Public
12150,Christie,casep,14,3,0,58.50,39466.25,1,1,RURAL,private 
12151,,Berry,18,4,2,27.90,,0,0,SUB,PUBLIC
12152,selna,CUMMINGS,10,7,5,45.60,18661.78,0,0,Suburban,Public
12153,Jennifera,fox,6,2,0,19.70,37256.21,1,2,Suburb,Public
12154,Jasmine,Decker,7,3,1,40.20,24239.05,0,2,city,Governmental
12155,Abigaile,Nel,17,8,6,44.70,12471.39,0,3,RURAL,Public
12156,Corey,Kirby,12,4,1,,,1,1,Urban,Homeschool
12157,Bad,greene,16,2,0,46.50,29526.17,1,2,SUB,  Private  
12158,Maxwell,Thompson,16,5,2,57.90,25382.89,1,2, urban ,private
12159,Beverli,F-rederick,0,3,1,24.00,14780.74,0,,Suburban,Public
12160,,Rocha,10,8,6,39.60,22726.02,0,0,Urban,Public
12161,Curtsi,Powes,14,5,3,46.10,"21,962.83",1,2,-,Public
12162,Krissti,Anderson,9,2,0,58.40,59465.61,1,2,Unknown,International
12163,Sonia,Miranda,11,5,3,36.30,49692.2,1,,NA,
12164,Dwayne,Gamble,12,4,2,45.40,,1,1,rural,  Gov  
12165,Kelly,  Glass   ,16,4,2,42.80,27454.98,0,0,Urban, Homeschool 
12166,Kathi,Mya,12,3,1,33.60,12540.12,0,0, Suburban ,Public
12167,Rachaael,Schwa-rtz,16,6,4,40.70,31089.4,1,1,Suburban,Priv
12168,  Trayc   ,,7,9,7,33.10,12619.97,0,0,Suburban,PUB
12169,Jaff,Faulkner,10,10,8,34.70,23636.23,0,0,Rural,HS
12170,Phylip,HIGGINS,7,2,0,36.00,26842.18,1,1,Urban,PUB
12171,Hunter,Brewer,12,5,2,50.30,59844.19,1,2,  urban  ,International
12172,Maria,Knight,12,2,0,56.30,14526.96,0,0,Urban,Public
12173,Marc,Cox,12,6,4,59.90,111272.55,1,2,Urban,Private
12174,Allne,Branch,5,3,1,30.40,15583.32,0,0,Urban,Public
12175,Coey,Monroe,16,4,2,32.00,10893.12,0,0,Urban, Public 
12176,A-ngela,Nguyen,10,5,3,38.40,43215.43,1,3,Urban, Governmental 
12177,Joshua,Evans,11,5,2,,21393.78,0,0,rural,homeschool
12178,Mrgaret,Hardin,10,6,4,45.80,,0,, RURAL ,N/A
12179,jason,Unknown,8,4,2,33.50,26320.63,1,1,Suburban,Homeschool
12180,Allen,Estraad,12,6,4,,19684.23,1,,URB,Gov
12181,Anita,Anderson,11,6,4,27.20,19320.41,1,1,Rural,Public
12182,JOY,Haper,18,5,3,37.10,,0,0,Urban,public
12183,Lynn,Brown,15,4,2,25.60,21934.67,1,,Suburb,Public
12184,Elijah,Gonzalez,8,9,7,32.30,,0,0,URBAN,Private
12185,Lnace,Hardin,10,7,5,46.80,42998.03,1,6,Suburban,Public
12186,Carol,Harriss,10,9,7,43.80,,1,3,Urban,private 
12187,Pattyv,Cross,19,3,1,27.50,,0,0, RURAL ,Public
12188,Dari-us,Knapp,10,6,4,39.70,,1,4,Rural,Public
12189,  Jeffery   ,Brock,12,8,6,40.40,,0,0,Rural,-
12190,Richrd,Pauul,14,2,0,51.00,15944.54,1,1,suburban,Public
12191,,Wa-tson,4,5,3,30.90,20952.14,1,1,Suburb,Public
12192,Chris,Fraanklin,12,7,5,33.70,47233.81,1,,Urban,PUBLIC
12193,Justin,Chapman,9,4,1,35.90,31889.95,1,4,  Urban  , public 
12194,Kndra,HOUSE,10,3,1,37.80,22739.32,0,0,Rural,Private
12195,Natasha,Avila,10,3,1,45.60,54418.54,1,3,urban,Homeschool
12196,Noah,Henderson,11,4,2,38.60,19791.71,1,2,Rural,Public
12197,Cindy,Mays,9,3,1,31.70,26700.83,1,3,Sub-urban,International
12198,Unknown,Pruitt,12,3,1,,48643.82,1,1,suburban,Private
12199,Javier,Lowe,10,5,3,42.40,25735.26,1,3,RUR,  Public  
12200,Josex,Hoover,11,6,4,,28316.54,1,1,Rural,Homeschool
12201,Maurice,barnes,14,4,2,43.50,,1,1,Suburban,Public
12202, Dana,Ortizk,10,2,0,28.40,21303.83,1,1, URB ,PUBLIC
12203,Annette,Downs,12,6,4,34.60,,0,0,urban,
12204,Alejandro,Juarez,10,6,4,48.40,39381.16,1,3,Suburban,Public
12205,Paela,perkyns,6,6,4,36.10,21871.74,1,2,City,Public
12206,Viki,luna,13,4,1,37.10,27613.69,0,0,Urban,Private
12207,Je-nny,Gordon,7,5,3,,,1,1, Urban ,PUBLIC
12208, Luis,Duran,6,8,6,45.80,17992.16,0,0,Rural,Public
12209,Wesleyt,Hurzt,9,8,6,56.60,17490.36,1,1,rural,Public
12210,Rita,Price,5,3,1,,,1,,Rural,Public
12211,Aprilq,Si-mmons,8,5,3,48.10,approx 19.7k,0,0,Suburban,PVT
12212,Phillip,Penay,7,5,3,46.00,11072.04,1,4,Suburban,PUBLIC
12213,Kevvin,Welch,15,3,1,,,0,0, SUB ,Homeschool
12214,Kent,Benzon,4,2,0,46.50,21114.53,1,1,Suburban,PRIVATE
12215,Randy,Burns,10,6,4,58.10,27245.3,1,3,  Suburban  ,Gov
12216,ztuart,Montgomeryv,5,6,4,37.80,19853 EGP,0,0,SUB,unknown
12217,Gary,Bennett,13,6,4,49.90,23157.34,1,1,Rural,Private
12218,Lin-dsay,Mccormicck,6,3,1,,29559.04,1,2,Urban,Public
12219,Jeanette,Bolton,14,2,0,38.50,24434.16,1,3,RURAL,Public
12220,Riley,Veughn,13,8,6,43.70,38280.66,1,3,Suburban,Governmental
12221,Tai,Leon,5,2,0,54.50,54099.82,1,6,Urban,INTL
12222,Lorraine,Salazar,13,5,3,30.10,30438.11,1,1,  Suburban  ,Public
12223,khad,Ho,11,4,2,41.30,,1,1,rural,public
12224,Michele,Pena,12,2,0,26.60,,1,2,Suburban, public 
12225,Babara, Vaughan,8,6,3,46.20,,1,6,Urban,International
12226,Makaylal,Pearson,18,2,0,42.20,,0,0,countryside,  Public  
12227,Colleen,Crafword,11,3,1,46.80,28006.86,1,4,Suburban, Priv 
12228,Marvin,Long,17,6,4,40.20,39301.08,1,1,Suburban,Public
12229,samantha,Mcbride,12,3,1,39.40,15092.14,1,1,Rural,Public
12230,Kenneth,Clark,9,3,1,47.50,11437.61,0,0,Urban, Governmental 
12231,Rbert,mcbryde,10,10,8,40.50,"$16,963",1,1,urban,PUB
12232,TIMOTHY,Can,7,4,2,40.40,"$21,554",0,0,Urban,Public
12233,Cassie,Unknown,13,7,5,41.70,,1,1,Rural, Public 
12234,Chad,Espynoza,5,2,0,,"8,086.60",0,0,  Suburban  ,Public
12235,Grent, Rojas,11,2,0,66.80,48507.42,0,2,Urban,private
12236,,kox,9,5,3,30.90,25684.87,0,0,Urban,Public
12237,,Ward,15,6,4,64.30,73859.26,1,4,Urban,PVT
12238,Unknown,Atkinson,11,5,3,43.40,43035.87,0,3,countryside,public
12239,Gl-enda,,16,6,4,44.70,25691.72,1,1, Suburban ,PUB
12240,Steven, Keller,13,8,6,32.80,,1,, Urban ,  public  
12241,Diamond,Hogan,11,6,4,36.50,34221.24,1,,Suburban,Governmental
12242,Coltno,Mcdow-ell,9,6,4,52.70,22523.01,0,,Urban, Home School 
12243,Staacy,CARETR,12,7,5,31.50,,1,,countryside,Governmental
12244,Devon,SALAS,6,2,0,38.50,25239.05,1,2,Urban,Private
12245,Brianna,Shea,11,4,2,50.10,,0,0,Suburban,Public
12246,Lance,Dominguez,15,5,3,18.60,34264.21,1,8,Urban, International 
12247,Virgniia,Federick,10,8,5,42.70,,0,0,Urban,Public
12248,Kelile,Pace,7,4,1,51.90,28866.7,1,7,City,Public
12249,Kattie,Wu,9,2,0,54.50,"$26,473",1,-1,suburban,Public
12250, Krista,Villanueva,11,4,2,47.50,28159.4,1,1,City,Private
12251,Sherrri,Gutierreez,25,4,2,42.40,23714.76,1,3,Suburb,Private
12252,Caleb,Gutierrez,4,4,2,46.80,21568.97,1,,  Suburb  ,Public
12253,Renee,Berton,14,2,0,,87856.79,1,7,Urban,International
12254,sierra,Hernandez,10,6,4,,16278.79,0,0,Urban,PUB
12255,Tricia,Sampson,11,3,1,39.80,38914.0,0,0,Urban,PUB
12256,Unknown,kopeland,18,2,0,44.10,25646.65,0,0,suburban,public
12257,Katelyn,Gallegos,8,7,4,42.80,13904.03,1,3,Rural,Public
12258,Susan,Williiams,8,5,3,46.10,18077.44,0,0,  Urban  ,  Public  
12259,RYAN,Nahs,15,4,2,40.10,27184.39,1,2,Suburban,  Private  
12260, Tiffany,Roh,13,5,3,,59389.99,1,2,city,Public
12261,  Briian   ,Carpenter,8,7,5,49.90,16225.89,1,1,countryside,Public
12262,Jeny,Waller,14,2,0,38.50,23885.16,1,,Rural, Public 
12263,Darreni,Clayton,11,12,10,50.00,38125.04,1,1,urban,Gov
12264,Christine,Mcdonald,10,8,6,49.20,17367.28,0,,City,Gov
12265,  Natasha   ,Humphrey,6,2,0,54.20,58392.82,1,3,City,Governmental
12266,Peetr,Meadowz,10,7,5,,17542.42,0,0,City,Public
12267,Randal,Hurzt,6,8,6,43.90,35389.96,1,3,Urban,Private
12268,Trerance,Jo-hnston,13,5,3,52.60,,0,0,Village,HOMESCHOOL
12269,Marvyn,Drakke,16,6,4,43.20,25595.77,1,1,Suburban,Private
12270,Brady,pecck,11,4,2,,9451.21,0,2,Suburban,Public
12272,Debbie,Rios,-5,3,0,64.10,39158 EGP,1,2,Suburb,PRIVATE
12273,Todd,Unknown,8,2,0,,84513.62,1,6,URB, Private 
12274, Mary,Pwoell,10,4,2,44.60,,0,0,Rural,Public
12275,Glenn,Gross,7,5,2,62.00,41704.34,1,4,URBAN,Private
12276,Jacqueline,Mclaughlin,15,3,1,27.30,13959.5,1,, Sub-urban ,Gov
12277, Riley,Benitez,12,2,0,50.00,32793.81,1,2,Urban, Private 
12278,Riardo,Everett,13,6,4,36.20,18952.58,1,2,SUB,PRIVATE
12279,Roneld,Nihols,12,5,2,47.90,,1,,Rural,Public
12280,Phyllis,Reeves,7,4,2,56.40,40493.84,1,2,City,  PUB  
12281,Audrey,Finley,13,4,2,61.20,281780.88,1,10,URB,INTERNATIONAL
12282,Kaylak,Duarta,3,3,1,35.30,17983.31,0,0,Rural,Public
12283,Geraldm,Ellis,12,4,2,56.80,30903.52,1,2,Urban,Homeschool
12284,Jerri,Duran,8,3,1,53.50,21439.17,0,0,  Suburb  ,Public
12285,Sheir,Hubbard,9,2,0,49.90,,0,2,Urban,  Gov  
12286,Gene,Oliver,11,2,0,,52228.4,1,4,n/a,Public
12287, Sarah,Rojasr,7,2,0,47.80,27459.67,0,0,Urban,Public
12288,BRYAN,Cummin-gs,14,7,5,29.60,36515.94,1,,Suburban,PUBLIC
12289,B-ill,Whaeler,8,3,1,32.70,17017.28,0,0, Urban ,Public
12290,Karen,Mann,11,7,5,45.60,17734.08,0,0,Suburb,Public
12291,Joy,Liu,9,5,3,32.20,28470.68,1,3,Urban,Public
12293,Austin,  Gillespiea   ,8,4,2,58.60,52548.11,1,1,Suburban,Private
12294,christian,Reeves,15,7,5,40.50,29844 EGP,1,4,City, Public 
12295,Cody,Briggs,12,3,1,34.10,19212.52,1,1,Suburban,  Public  
12296,Sheena,Henderson,18,6,3,28.80,15137.12,1,4,Suburban,HOMESCHOOL
12297,Regina,Donovan,15,8,6,37.80,50415.78,1,,Suburb,Governmental
12298,Jonathhon,Mason,9,5,3,48.10,23955.18,1,2,Suburban,Gov
12299,Colin,Mckinney,12,9,7,16.90,,0,-4,countryside,Public
12300,Dylaan,Davis,5,2,0,44.30,,0,0,Rural,PUBLIC
12301,,Peterson,5,2,0,56.60,,0,0,Suburban,  PUBLIC  
12302,Candice,Haasn,11,3,1,27.70,,0,0,Rural,Public
12303,Vicki,Campos,16,5,2,45.10,22447.0,1,1,SUBURBAN,Public
12304,,Fluler,14,4,2,52.00,53552.34,1,3,Suburban,HS
12305,Cassey,Shaaffer,8,5,3,23.30,25624.61,0,0,  city  ,Gov
12306,Brandy,Carr,11,5,2,46.70,52148.98,1,6,Suburban, Int. 
12307,,barrker,11,5,3,33.00,approx 51.8k,1,6, Suburban ,  Private  
12308,Brittay,Unknown,5,4,2,45.80,27975.56,1,3,Urban,Public
12309,Katthy,Ingram,13,6,4,59.10,18688.02,1,2,SUBURBAN,  Public  
12310,Vyctor,Faulkner,13,4,2,,41973.91,1,3, Rural ,International
12311,Bill,Harris,10,2,0,62.30,30760.9,1,3,Urban,Homeschool
12312, Katie,Arel-lano,12,4,2,,,0,0,Suburban, Gov 
12313,Hennah,Neeal,10,4,2,43.70,"$19,038",0,0,Urban,Public
12314,,Nixon,6,5,2,,25219.52,1,2,URBAN,International
12315,Ph-illip,Russo,0,5,3,32.70,18872.23,0,0,URB,Public
12316,Elyjah,Velazquez,5,4,2,58.20,29533.43,0,0,  Urban  ,PRIVATE
12317,KATHLEEN,Carter,12,5,3,35.10,23981.86,0,0,URB,Public
12318,kristina,G-rant,12,3,1,50.30,39311.78,1,2,Urban, PUB 
12319,Cameon,Weeks,6,2,0,53.80,22489.21,0,0,urban,Public
12320,athan,Knight,11,6,4,44.20,26628.16,1,7,Rural,Public
12321,  Sonya   ,Sherman,19,2,0,50.70,14133.25,1,3,city,Public
12322,Victor,Buckley,13,8,6,35.00,28941.61,0,0,Urban,Gov
12323,jeffrey, Parrish,18,7,5,40.50,,0,6,  Suburban  ,Private
12324,Burce,Clyton,7,9,7,,41615.89,1,4,urban,Int.
12326,Katrinas,Mcneil,9,5,3,44.60,24208.02,0,0,suburban,  Gov  
12327,Zachary,Rodriguez,9,5,2,,,0,-2,Suburban,Public
12328,Rya,Fitzpatrick,999,2,0,54.40,20962.71,0,0,Urban,Public
12329,Jenane,Callahna,7,6,4,,39738.74,1,2,  URBAN  ,Private
12330,CRAIG,Wyatt,12,7,5,49.80,34133.29,1,1,Urban,Public
12331,Kayal,Bishop,14,2,0,28.00,29216.1,1,,RURAL,Gov
12332,Tonya,Andersen,9,4,1,54.20,29794.28,1,5,Urban,public
12333,Breanna,Mora,12,6,4,44.90,27397.74,1,1,SUB,Public
12334,,Beck,5,5,3,40.20,,1,1,Urban,public
12335,Brian,Stone,16,5,3,42.70,40477 EGP,1,4,Urban,Priv
12336,dennis,Gren,13,2,0,34.40,34015.54,1,3, Urban ,Public
12337,malik,Chuurch,13,4,2,51.50,22466.16,1,,  URB  ,Public
12338,Micheal,Wisek,120,7,4,40.50,6967.1,0,0,Urban,Public
12339,Tracei,Fitzgera-ld,13,7,5,52.40,22114.43,1,,Suburban, Homeschool 
12340,Maryssa,,7,2,0,19.60,23307.9,1,5,URBAN,  PUBLIC  
12341,Mikayla,,14,2,0,54.30,51072.69,1,2,Suburban,Private
12342,J-oseph,Tucekr,6,2,0,39.70,51099.6,1,3,city,Public
12343,Reginald,EVERETT,16,5,3,33.10,26594.96,0,0,RURAL,  International  
12344,Kimbery,Berry,12,4,2,36.90,32931.03,0,0,Urban,Public
12345,Ana,WALTON,10,6,3,39.40,,1,1,URBAN,Int.
12346,  Mrie   ,Hlil,10,4,2,,"31,724.76",1,2,Suburban,Public
12347,ALEX,Marsh,10,4,2,,27224.79,1,,Urban,Public
12348,Cahd,Harpeer,12,7,5,36.60,,1,1,Rural,Public
12349,Lee,Stne,9,2,0,43.40,20580.68,1,2,urban,PRIVATE
12350,Martinz,Forrbes,7,2,0,45.50,60389.59,1,4,Sub-urban,Private
12351,Tylerw,Fields,11,4,2,62.80,41108.92,0,,Urban,private 
12352,JOZE,Vaughan,10,2,0,,41624.78,0,0,?,Private
12353,ashley,Soto,11,5,3,57.00,58795.53,1,5,  Suburban  ,Private
12354,TERRANCE,Dillon,10,6,4,34.20,25101.34,0,0,urban,  PUBLIC  
12356,Unknown,Holt,12,2,0,40.40,,1,2,Suburban,Gov
12357,Lee,Graves,7,5,3,,39039.52,0,,rural,?
12358,Kary,olzon,11,5,3,49.40,27736.43,1,1,  city  ,PUB
12359,DIANE,Owwens,12,5,3,26.50,11529.09,1,2,SUB,PUB
12360,Tami,Johnson,18,3,1,45.80,56994.9,1,3,Urban,Private
12361,elizabeth,Alvarado,14,7,5,20.80,63238.76,1,7,SUB,international
12362,Steve,Roth,5,3,1,30.80,42839.43,1,3,Urban,Public
12363,Mke,Unknown,3,5,3,27.80,24442.07,1,4,Urban, Public 
12364,Holly,Stewarti,8,8,6,43.10,"22414,35",0,0,suburban,PUB
12365,kari,Farmer,9,6,4,,"$9,525",1,2,Suburban, public 
12366,Hailey,Garrett,11,8,6,26.50,,1,,City,Public
12367,Holly,Spears,5,2,0,41.40,8797.53,0,4,city,Governmental
12369,Kaylee,Whyte,16,3,1,29.30,13637.11,1,1,Urban,Public
12370,,W-right,12,3,1,37.00,15656.43,1,5,city,Public
12371,ellen,Baure,8,4,2,71.40,49919.24,1,3,Urban,INTERNATIONAL
12372,Huntar,,7,3,1,38.70,41447.54,1,3,Urban,n/a
12373,Carolyn,Austin,14,2,0,41.30,21603.71,0,0, suburban ,Public
12374,Ariana,Richars,14,4,2,35.40,25708.86,0,0,Suburban,Public
12375,Caleb,Landri,9,4,2,52.00,66651.22,1,3,URB,PRIVATE
12377,, Sheppard,4,2,0,30.60,,0,0,Suburban,PVT
12378,Wenda,Caldwell,11,4,1,57.20,18947.09,1,,Sub-urban,public
12379,Kiara,Haney,2,6,3,46.50,14061.31,1,2,RUR,Public
12380,Tyrone,Buchanan,11,9,7,37.50,49260.92,1,2,Suburban,Public
12381,jodi,Mea-dows,10,2,0,47.70,,1,1,Suburban,  Public  
12382,Nany, Harding,16,3,1,70.60,18712.57,1,2,suburban,Public
12383,Patrycia,walter,10,7,5,34.80,41214.04,0,0,Urban,private 
12384,Erk,Youngu,8,6,4,44.60,26909.44,1,,urban,Public
12385,Miccheal,Ch-oi,11,9,6,40.30,10695.64,0,0,Rural,  Public  
12386,Javir,moody,16,5,3,23.40,25953.32,1,,URB,Public
12387,Rebekca,osborne,9,8,6,63.70,,0,0,Sub-urban,Homeschool
12388,Glenn,Jord-an,10,7,5,33.30,21381.66,0,0,Rural,Gov
12389,Jarad,Grant,-5,4,2,19.50,,1,1,SUB, Public 
12390,Regynald,Mroales,10,4,2,76.70,,0,,Urban,Gov
12391,alec,Goldne,4,7,5,48.60,16482.38,1,2,Rural,PUBLIC
12392,Alvins,Barajask,15,8,6,33.00,29574.54,1,1,SUBURBAN, Private 
12394,Samanthab,Quynn,18,4,1,40.60,,0,,Suburban,Public
12395,Andrew,,12,2,0,,51134.67,1,,Urban,Public
12396, Bethany, Nichols,11,3,1,,17978.75,0,0,  Suburban  ,PUB
12397,Racael,D-uarte,14,7,5,54.60,19756.03,0,,Rural,Public
12398,Allisn,Osbo-rne,13,4,2,28.40,56708.75,1,4,city,Private
12399,Randy,Rios,17,2,0,55.60,26777.39,1,1,SUB,Gov
12400,Phylip,  Chaman   ,9,7,5,71.20,71748.49,1,4,URBAN,Int.
12401,robin,rodriguez,18,4,2,66.60,43034.05,1,5,City,Gov
12402,Mathw,Evans,7,2,0,42.00,"30212,72",1,,Urban,public
12404,jesus,Preston,12,6,4,36.50,,0,0,Urban, Governmental 
12405,NATALIE,Gravves,16,7,5,52.40,29419.64,1,1,RUR,Governmental
12406,Keevin,Rhodes,6,7,5,58.80,51683.66,1,1,Urban,private
12407,Jams,Powe-rs,16,2,0,30.20,16292.77,0,0,urban,Public
12408,brian,Langn,16,2,0,50.80,45214.57,1,2,Urban,Private
12409,Sheenaz,Benjamyn,7,2,0,,86486.8,1,5,URBAN,International
12410,marilyn,Callahan,8,4,2,41.50,27452.26,0,0,SUBURBAN,Homeschool
12411,Loretta,Obrien,13,5,3,,32283.23,1,2,Urban,PRIVATE
12412,Lori,Fisher,7,2,0,32.70,52500.73,1,5,Suburban,PRIVATE
12413,Tommy,Duke,17,4,2,,41793.51,1,4,suburban,Public
12414,J-oe,Barber,16,6,4,,,0,0,Urban,PUBLIC
12415, Maureen,Patel,12,4,2,50.30,50087.61,1,3,Urban,private
12416, Anne,Vincent,13,4,2,27.60,26926.92,1,1,Urban,INTERNATIONAL
12417, Bryan,Roggers,12,4,2,38.00,,1,,urban,Public
12418,Gene,Rocha,11,7,5,26.30,51087.35,1,6,RURAL,PUB
12419,T-om,TRAN,15,3,1,59.40,28939.15,1,3,Urban,?
12420,Caelb,Howard,9,3,1,57.80,33281.44,1,1,SUBURBAN,Governmental
12421,Dianex,Huertaz,9,5,3,49.00,31056.66,0,0,Suburban,PUBLIC
12422,Abygail,Soa,10,2,0,62.70,,0,0,RUR,unknown
12423,Wendi,Mcinto-sh,8,2,0,53.80,32423.57,1,3, city ,  International  
12424,Dustin,Fanklin,9,4,1,39.10,46597.94,1,4,  Sub-urban  ,PRIVATE
12425,Nicolee,Fod,14,3,1,49.40,,0,0, RUR ,Public
12426,Dianay,H-ood,13,5,2,29.30,,1,2,Suburban,Private
12427,Hector,W-ilson,99,4,2,,26883.45,1,4,rural,  Private  
12428,Jaob,Taylor,11,5,3,46.80,35415.43,1,3,Urban,PVT
12429,,,9,4,2,59.00,34868.12,1,2, urban ,private 
12430,Shannon,MCDONALD,14,5,3,47.80,59193.45,1,7,Urban,Private
12431,Timothy,Frank,9,8,6,39.30,29290.28,0,0,URB,private
12432,Alvin,Mossp,11,3,1,35.00,38072.77,1,1,URBAN,Public
12433,,lowe,10,2,0,56.80,37852.3,1,3,Urban,International
12434,Bruke, Rush,17,2,0,46.80,35310 EGP,0,0,  Suburban  ,International
12435,Riley,Jennings,10,9,7,30.90,,0,0,RUR,PUBLIC
12436,Shrei,Sawier,14,4,2,66.50,,1,4,suburban,null
12437,Nata-lie,Flowers,8,3,1,48.90,25207.7,0,0,Suburban,public
12438,Larryq,Hummphrey,15,3,1,33.00,18841.32,0,0,  SUB  ,Priv
12439,TERRI,Eaton,9,7,5,41.70,31127.66,1,1,Suburban,PUBLIC
12440,Dlyan,Delacruz,120,4,2,29.70,29623.62,1,1,Suburb,  Public  
12441,Sheri,Wilcox,10,2,0,24.90,33670.62,1,3,Rural,PUB
12442,Krista,Contreras,9,3,0,72.30,73076.95,1,8,Urban,Private
12443,Pige,Can,3,5,3,,,0,0,Urban,Priv
12444,Whitney,Adikns,10,2,0,38.50,,0,,Urban,Public
12445,Hektor,Mendez,3,6,3,50.30,,0,0,Urban,  Private  
12446,Denisse,Ryan,6,5,3,35.10,17851.48,1,2,SUBURBAN,Public
12447, Savannah,Higgi-ns,18,10,8,53.10,,1,3,RUR,public
12448,Connie,Flores,4,2,0,42.70,7649.17,1,2,Suburban,Public
12449,Cidny,Mccarty,9,2,0,47.40,38545.29,0,,Urban,Public
12451,La-rry,Lopez,12,6,4,40.80,20576.94,1,1,null,Public
12452,Caroline,Mejia,10,5,3,30.60,32534.11,1,2,Suburban,Public
12453,Carla,,10,6,4,44.70,approx 43.9k,1,4,countryside,PVT
12454,Beverli,Forbes,11,5,3,38.60,23670.98,1,2,Rural,Homeschool
12455,Jas-on,Baldwn,8,3,1,39.90,25498.43,1,5,Urban,Public
12456,Tara,Velazquez,11,7,5,50.40,35202.34,1,3,Urban, Public 
12457,Sraa,Beerg,9,3,1,,,0,0,Urban,Unknown
12458,Jenniifer,shcmitt,9,2,0,44.60,56981.56,1,2,Urban,Private
12459,Barbara,Reyes,8,4,1,44.00,72591.79,1,5,Urban,International
12460,Sop-hia,Fost,12,4,2,,approx 70.6k,1,5,Suburban,International
12461,WAYNE,Bllair,7,5,3,53.30,11977.37,0,0,Urban,PUB
12462,Jade,Horton,14,2,0,20.20,34693.04,1,2,Suburban, PUBLIC 
12463,Manuel, Robertson,10,11,9,20.40,7144.65,0,0,Suburban,Public
12464,Adrienne,SCHWARTZQ,6,3,1,50.90,32998.96,1,4,Suburban,Public
12465,Braanna,KIRBY,10,7,5,38.00,22540.39,0,0,Rural,public
12466,Curtis,Farrell,11,9,7,,,1,5,Suburban,Governmental
12467,Deerek, Russell,14,3,1,44.30,26463.14,0,0,Urban,Private
12468,Melinda,Hall,6,2,0,45.00,,0,0,suburban,Governmental
12469,richard,,9,4,2,10.50,4741.55,0,0,Urban, Public 
12470,Morgan,Valentine,18,6,4,41.60,19392.6,1,5, Urban , Gov 
12471,Christopher,Shaffer,14,3,1,,24080.16,0,0,Urban,Public
12472,Danny,Reese,8,2,0,50.70,39041.25,1,2,SUB,private
12473,Gabriel,Bradford,8,8,6,35.30,,1,2,Urban,Public
12474,Mason,Berry,4,5,3,45.30,44941.34,1,3,Urban,Public
12475,Maurice,Horne,1,5,3,,28993.07,1,1,Suburban,Private
12476,Debra,Wood,13,8,6,37.60,20519.19,1,1,countryside,Public
12477,Marco,BOONE,11,5,3,,9852.53,1,2,Rural, Public 
12478,Tricia,Holt,10,4,1,31.20,,0,-3,Urban,Public
12479,Byll,Mccor-mick,15,2,0,35.40,40365.49,1,3,Suburban,Private
12480,Daryn,Welch,11,4,2,37.60,15861.65,1,1,Sub-urban, Public 
12481,Larry,Chambers,8,3,0,44.60,38681.9,1,1, Suburban ,private
12482,Sandra,Harrison,14,6,4,54.40,29123.42,1,2,Suburban,Public
12483,,Laonard,3,9,7,50.90,28933.59,1,,Rural,Public
12484,Tm,,14,4,2,42.30,13981.49,1,2,city,public
12485, Earl,Dickerson,15,2,0,55.00,105242.36,1,4,Urban,Private
12486,Jim,Pearson,11,4,2,29.80,32957.37,1,3,urban,private 
12487,Deborah,Bird,9,2,0,43.50,91107.43,1,5,URBAN, international 
12488,Hailei,Boone,10,3,1,,21819.41,1,1,Suburb,Gov
12489,  Darrell   ,Vellez,12,5,3,50.90,,1,2,Urban,Public
12490,THEODRE,Vincentc,13,3,1,48.50,8860.33,0,0,rural, Public 
12491,CASEY,Geren,12,4,2,39.60,21976.51,1,1,Rural,INTL
12492,Gary,Castillo,11,7,5,54.00,26127.4,1,3, Urban ,Public
12493,Todd,Holland,15,9,7,35.30,22493.45,1,1,SUB,Public
12494,Alvin,Guerra,6,2,0,62.00,48049.7,1,2,RURAL,Private
12495,Moran,Ga-tes,13,5,3,33.20,,0,0,rural,public
12496,Jorge,Boyer,4,4,2,38.70,23376.22,1,4,city,Private
12497,Stuuart,burgess,13,7,5,21.60,,1,1,Urban,Gov
12498,luis,Neal,17,6,4,36.50,,1,,Rural,HS
12499,Sarh,Barkre,12,3,1,,18070.24,1,4,URBAN,PRIVATE
12500, Karen,Ryan,11,4,1,50.00,18355.19,1,2,city,  PUB  
12501,Caitlin,Tornton,9,6,4,36.30,,0,0,Urban,Public
12502,Marissa,Mcconnell,5,4,2,,36713.92,1,1, Suburban ,PUBLIC
12503,Elijah,,11,2,0,41.80,32522.46,0,0,city,Public
12504,,Meadows,14,2,0,30.60,36538.95,0,0,City,PUB
12505,Traci,H-ess,16,4,2,31.40,30266.63,1,1,Urban,Gov
12506,KAITLYN,Barber,10,4,2,39.00,19815.68,0,0,Urban, Public 
12507,Olivia,cook,15,2,0,48.90,42034.46,1,1,countryside,PVT
12508,Henri,Kinght,9,2,0,44.80,14575.48,0,0,Suburban,PUB
12509,VIRGINIA,Petton,16,3,1,49.90,51557.89,1,4,Urban,Private
12510,Dakotaf,Erickkson,17,7,4,44.10,9493.63,0,0,city,public
12511,Joy,Norris,11,7,5,42.90,,0,0,Village, Public 
12512,Unknown,Cawford,12,7,5,57.20,33195.7,1,4,urban,PUB
12513,Hollyj,Pateel,9,4,2,,25431.5,1,1,Rural,  Homeschool  
12514,Kelli,Chn,10,2,0,25.80,,0,0,city,PUB
12515,Derrick,Chaney,12,4,2,46.50,20045.62,1,5,URB,Gov
12516,Karlav,Fy,9,4,2,37.70,21592.45,1,1,Urban,Priv
12517,Catherine,Fleming,15,5,3,45.80,18154.44,0,0,Suburban,HS
12518,  Stacey   ,Barker,5,2,0,60.90,20973.66,0,0,URB, Public 
12519,Caeb,W-elch,15,5,3,,14051.47,1,,RUR, PRIVATE 
12520,Carrie,,14,4,2,41.90,32431.34,1,4,suburban,PUBLIC
12521,Kurt,kohen,18,7,5,34.20,29075.7,1,3,countryside,Gov
12522,Cassandraf,Lyonsg,17,2,0,45.20,20512.85,1,,city,PUB
12523,Chadq,BIRD,15,7,5,,6965.67,0,0,Rural,Private
12524,Anddrea,Rayn,10,5,3,40.70,21683.24,1,3,  Suburban  ,Public
12525,Kristy,Rodgers,17,3,1,16.10,17814.51,1,1,suburban,Private
12526,Therresa,Murillo,9,6,4,51.60,47301.03,1,4,Suburban,PRIVATE
12527,Matthew,Benson,10,4,2,39.60,28207.85,1,,urban, Priv 
12528,wanda,Roges,4,5,3,,32597.92,1,1,URBAN,Governmental
12529,Michelle,,14,4,2,36.50,,0,3,Urban,public
12530,Tanya,Ingram,11,7,5,30.40,11344.6,1,4,URBAN,Public
12531,Kayla,Alen,11,2,0,,71083.64,1,5,Suburb,Private
12532,latoya,Wislon,10,8,6,58.60,59373.04,1,3,  Suburban  ,INTL
12533,Cristinae,Fisher,16,2,0,62.70,18912.18,0,0,Urban,Public
12534,Karla,Tanner,14,5,3,61.00,50715.48,1,2,Urban,private
12535,Miichele,Roach,18,5,3,,15002.57,1,,Rural,Homeschool
12536,Ketih,Malone,6,6,4,60.70,"$21,412",1,1,Suburban,  Private  
12537,glendax,Berri,8,2,0,38.80,31504.6,1,1,Sub-urban,PUBLIC
12538,Abigail,Taylor,14,7,5,52.10,,0,3,RURAL,  Public  
12539,zhannon,Golden,120,3,1,41.20,23184.24,1,1,urban,Public
12540,Madyson,Gryffin,8,4,2,51.80,25571.47,1,4,Urban,Public
6974,Bill,Reed,9,6,4,42.30,43554.76,1,2, City ,Governmental
3354,Levi,Mcclain,11,2,0,47.00,23333.01,1,3,  Urban  ,  Public  
9447,Jonathon,Fry,12,3,1,35.50,18307.88,1,4,urban,PUBLIC
10621,Phillip,Galloway,11,5,2,56.80,30288.7,1,4, Urban , Private 
7691,Yvette,Melton,8,3,1,51.20,30865.1,1,2,Suburban,PUBLIC
10009,Crystal,Robles,11,2,0,50.70,22656.63,1,1,Urban,INTL
7585,Christian,Fox,13,6,4,41.00,,,,  Urban  ,PUBLIC
5996,desiree,Bauer,12,8,6,40.50,14792.3,1,6,Urban,Public
6908,Tyler,Moody,6,8,5,62.20,39825.2,1,,  Suburban  ,International
6927,Raven,Ferguson,11,4,2,46.00,53029.01,1,3,Suburb,  Intl  
3928,Ana,Byrd,9,11,9,51.80,23354.08,0,0,Urban,Public
2947,Ariana,Bowers,11,5,3,,25668.96,1,2,N/A,Public
3640,Brittany,Parsons,6,4,2,41.90,27286.36,1,3,Urban,public
2791,Francisco,Carey,16,2,0,40.80,34051.14,1,,Urban,Public
6074,Bobby,Swanson,15,6,4,70.70,,1,2,urban, Private 
294,Jose,gray,8,4,1,47.50,10340.5,,,Urban,public
898,JEAN,Jordan,9,6,4,23.90,32143.66,1,5,Urban,PRIVATE
3192,annette,Baird,14,6,4,67.50,28646.58,1,5,urban,Public
1633,Elizabeth,Juarez,14,4,2,23.60,12846.24,0,0,countryside,  PRIVATE  
4093,Stacey,Frank,15,3,1,26.10,20187.43,1,3,  suburban  ,Public
2286,Natasha,Baldwin,8,3,1,54.30,12667.99,1,3,Urban,Public
67,Ariana,Bird,12,4,2,39.70,,1,1,Suburban,  private  
2874,Karla,Ramirez,8,2,0,37.30,58506.28,1,3,SUBURBAN,private 
11802,EBONY,Williams,10,5,3,50.10,11628.33,0,,city,Gov
9307,Morgan,  Figueroa   ,13,4,2,58.10,37757.4,1,5,Suburban,Public
10968,Corey,Barron,10,6,4,21.20,18559.7,,,city,Gov
5643,,Chan,9,4,2,,44553.64,1,2,URBAN,Public
1782,Becky,Yu,15,4,2,40.30,16694.46,0,0,city,PUB
2479,Raven,Chen,3,3,1,35.10,59818.2,1,2,Urban,Private
11431,Cassie,Spencer,-5,5,3,49.00,,1,,  Rural  ,Public
5281,Whitney,Stevenson,9,3,1,51.00,15421.22,,,URBAN, Governmental 
2300,Gina,Shaw,13,2,0,,25131.52,0,-4,SUBURBAN,Public
9757,Madison,Dean,9,6,4,15.00,,1,3,Rural,unknown
6649,Christy,Mclean,6,4,2,17.00,5788.93,0,0,  Village  ,Public
5415,Tonya,,16,4,2,37.10,26162.78,1,1, Suburban ,Public
11901,Phyllis,Bridges,10,3,1,28.40,,,,Rural,  Public  
3989,Dan,Osborne,8,6,3,34.80,88791.12,1,3,Urban,Private
9274,Isaac,Ball,14,7,5,50.20,21201.93,1,1,Suburban, Public 
1148,Kayla,,16,5,3,43.30,15328.99,0,, Urban ,Public
11110,Jared,Campbell,11,2,0,44.20,19842.98,1,,urban,Public
5065,Monica,Heath,8,8,5,21.80,23161.7,1,1,Village,  Public  
11584,Donald,Mays,12,5,3,34.50,27321.83,0,0,Rural,HS
12492,Gary,Castillo,11,7,5,54.00,26127.4,1,3, Urban ,Public
6537,Todd,Duran,12,3,1,14.10,16220.17,,,Rural,  Public  
3268,Gerald,Reeves,7,5,3,26.20,47422.82,1,2,rural,  PVT  
7668,Earl,dennis,17,6,3,18.90,9349.97,1,1, Urban ,HS
4608,Jorge,bauer,7,5,3,23.50,24043.95,0,0,Suburban,Public
10104,Heidi,Unknown,11,7,5,53.60,24241.88,1,1,Urban,  public  
270,Erik,Montes,8,5,3,58.00,59373.29,1,2,Suburban, PRIVATE 
8488,Adrian,Camacho,6,4,2,35.80,"$36,027",0,0,URBAN,Public
1718,Crystal,Hoover,6,5,3,33.20,"25,928.34",0,0, Urban ,Public
8845,Wendy,Ingram,10,5,2,37.50,20319 EGP,0,0,countryside,Public
1100,Sonia,Unknown,10,5,3,,52228.54,1,7, city ,International
8250,Crystal,Nelson,6,3,1,41.50,35501.07,1,1,Urban,Private
2827,Cindy,Mccarty,9,2,0,45.60,37926.56,0,0,unknown,public
6924,  Jorge   ,Ferguson,18,9,7,41.00,28727.3,1,2,SUBURBAN,Public
10298,Katrina,Bush,3,5,3,48.30,10087.58,0,0,Suburban,Homeschool
450,Jason,Higgins,9,4,2,41.40,31059.99,1,5,Suburban,Public
4142,,Gutierrez,5,5,3,38.00,38359.33,1,2,SUBURBAN,PUB
6880,Shelley,,12,4,2,30.10,28729.99,1,2,Urban,Intl
4700,Patrick,Frye,10,11,9,37.40,53708.15,1,, Suburban ,Homeschool
12199,Javier,Lowe,10,5,3,42.40,25735.26,1,3,RUR,  Public  
4663,Destiny,Ruiz,3,3,1,23.80,,0,0,Suburban,Public
633,Alicia,Weeks,12,5,3,30.90,,0,0,  Suburban  ,Governmental
1760,Jared,Blanchard,10,4,2,33.70,31760.64,1,4,Urban,Public
342,Jack,Unknown,8,7,5,41.80,,,,Village,Governmental
4200,Diane,Allen,9,3,1,37.70,32044.21,1,3,city,n/a
8501,Colton,Tate,10,5,3,31.60,24838 EGP,0,0,Urban,Public
10645,Clayton,Owen,9,2,0,33.60,25332.76,1,,Suburban,International
3586,Alex,Branch,10,5,3,39.50,11711.61,,,Village,PUBLIC
6990,Jason,Tanner,12,5,3,54.00,,0,0,Rural,Public
2245,Jose,Hoover,10,6,4,55.60,,1,1,Rural,Homeschool
11796,Kaylee,Stevens,8,5,3,17.40,11062.56,,-4,city,Private
7753,Wesley,Dickerson,120,3,0,43.30,38279.72,1,1,Suburban,Public
8354,Rodney,Blackburn,11,7,5,,30656.28,0,0,city,Private
9103,Megan,Bradley,8,6,4,46.60,62069.39,1,4, Urban ,Homeschool
3498,Abigail,Sosa,10,2,0,67.40,19239.22,1,,RUR,Public
4749,Carol,Vaughan,15,4,2,42.50,38200.77,1,1,Urban,PRIVATE
10801,,Marquez,4,4,2,45.00,35014.96,1,2,Suburban,Public
10768,Lauren,Chen,13,7,5,,41500.01,1,4,Rural,PUBLIC
5242,Ruben,PETERS,13,8,6,42.60,25150.77,1,,Suburban,Public
7375,Cassandra,Jacobs,14,8,6,39.70,approx 29.2k,1,2,Urban,Gov
6134,Jean,King,7,5,3,32.00,,1,7,Urban,  Public  
11819,Leah,Schwartz,15,3,1,33.40,21488.09,1,2,city,Public
7847,Rodney,,8,4,2,36.00,,0,0,SUB,Homeschool
2140,Cameron,,10,5,3,60.10,25768.4,0,0,URBAN,public
1506,Harry,Hess,10,2,0,38.00,12339.28,1,,Unknown,Public
1414,,Cortez,6,9,7,48.10,19135.88,1,3,city, public 
11027,Cassandra,Kennedy,14,7,5,39.80,18878.22,1,3,Suburban,  Public  
1783,Jacqueline,Mcbride,13,7,5,38.20,30308.67,0,0,Urban,Public
4100,Chase,Frederick,9,2,0,35.10,,0,,Urban,Public
10029,Holly,GRIFFIN,10,4,2,,13191.01,,,Suburban,  PUB  
10071,Edgar,Boone,13,4,2,47.90,,0,0,NA,Public
6323,William,Pena,11,4,2,41.30,48383.82,1,3,URBAN,International
2284,,Castillo,11,6,4,15.50,24550.09,0,0,Suburban,private 
5254,Kathy,Trevino,13,2,0,,88907.98,1,4,URB,private
1528,Ashlee,Khan,9,3,1,36.30,,0,0,SUBURBAN,Public
2767,April,Ross,11,5,2,41.70,28493.17,1,,Urban,Public
10817,Barbara,Meyer,14,4,1,40.70,48912.85,1,4,URBAN,  public  
7146,Gregory,Romero,7,8,6,59.30,,1,5,Urban,Private
2569,Ray,Hamilton,17,6,4,58.90,"10201,72",1,3,SUB,Gov
4722,Yvette,Murillo,10,5,3,21.20,,1,4, URBAN ,PUB
4425,,Woodward,12,2,0,42.50,27302.15,1,-1,SUB,private 
4089,Charlotte,Navarro,5,2,0,38.80,12820.22,0,,suburban,Governmental
3051,Frederick,Jenkins,8,3,1,42.90,31111.34,1,4,URB,Public
8975,Carolyn,Hayes,12,4,2,30.60,7976.05,,,Suburban,PUBLIC
8038,Tanya,Meyer,12,12,10,42.70,32833.39,0,0,rural,Public
3546,Janice,Warren,5,3,1,46.20,36799.39,1,2, Urban ,Gov
2443,Jack,Morgan,9,5,3,,12295.28,1,1,Suburban,Public
5133,,Yoder,10,9,7,71.90,22197.01,1,5,Rural,Governmental
10559,James,Weaver,15,4,1,50.90,31299.42,0,0,null,PUBLIC
5719,Maria,Norman,16,3,1,44.10,21198.46,0,0, Suburban ,Private
224,Mario,Norman,12,2,0,47.70,43263.98,1,6, Urban ,  home-school  
2412,Christie,Stuart,10,6,4,55.20,16897.51,,,Suburban,Homeschool
4620,Victor,Stewart,7,8,6,,10200.21,1,2,RURAL, Gov 
2154,Helen,Norman,7,4,1,40.50,9046.97,,,Rural,PUBLIC
9776,Nathaniel,,6,10,7,42.00,47991.01,0,0,Urban,  Private  
48,  Bobby   ,Aguirre,16,6,4,32.00,19898.68,0,0, Suburban ,Public
2285,valerie,Osborne,12,8,6,44.90,27917.14,1,5,Urban,Public
12169,  Jaff   ,Faulkner,10,10,8,34.70,23636.23,0,0,Rural,HS
9098,Austin,Wilkins,10,5,3,51.10,22190.6,1,2,Urban,private
4245,Gail,Boyer,9,5,3,37.50,19372.17,0,,Urban,Gov
