child_id,org_id,enrollment_date
1,4,2025-03-13
2,31,1970/01/01 00:00:00
3,55,2025-02-25
3,47,2025-03-08
4,29,2025-03-27
4,12,2024-11-04
4,11,11/04/2025
5,31,2025-03-21
6,57,2025-06-26
7,35,06-29-2025
7,12,"March 11, 2024"
7,10,2024-03-17
8,22,2024-07-24
8,35,2024-12-26
9,51,2024-08-27
10,40,2024-11-16
11,5,2024-07-19
12,38,2024-11-14
13,7,2025-01-20
14,27,2024-09-21
15,26,2027-12-22
16,1,22 Jan 2025
17,31,2024-09-25
18,52,2025-06-01
19,36,07-02-2025
113071,15,2024-09-28
20,43,N/A
20,54,
21,50,03 Apr 2025
22,19,2025-01-08
22,32,2025-05-25
23,17,0000-00-00
24,53,1899-12-30
24,10,2025-06-14
25,20,14/05/2024
26,30,31/02/2025
27,26,2025-01-21
28,53,2024-10-28
28,29,2024-06-28
28,31,2024-12-16
29,14,2024-05-18
30,29,2025-04-25
31,57,2025-05-11
32,48,01-06-2024
33,57,2024-07-29
34,18,2024-06-24
34,7,2024-09-20
35,48,2024-12-21
35,22,2025-07-25
35,27,2024-10-06
142270,33,2025-07-26
37,29,06-21-2024
38,12,2024-12-17
39,42,2024-01-27
40,19,25 Sep 2024
40,35,2025-04-10
40,4,2024-02-25
41,44,2025-05-09
42,31,1970-01-01
43,42,07 Nov 2024
43,16,
43,44,2024-11-15
44,34,"June 30, 2025"
45,14,2025-01-13
45,26,2025-01-23
46,41,2025-08-07
47,30,2024-11-18
48,28,2024-10-08
48,44,2025/01/12 00:00:00
48,7,2025-05-09
49,50,2024-10-28
50,20,2024-07-05
50,3,2025-03-21
50,44,04-28-2024
51,32,2024-02-17
51,54,1970-01-01
52,27,2029-12-31
53,30,
54,17,2024-08-01
54,32,2025-07-06
55,13,2024-11-05
56,25,2025-01-30
56,41,2024-04-28
57,2,2025-04-23
57,28,2024-12-03
186538,29,
59,18,2025-04-15
59,5,2024-03-01
59,44,2024-03-02
60,18,2024-12-03
61,23,2025-03-09
62,17,"March 31, 2025"
63,36,07-21-2025
64,50,2024/08/06 00:00:00
65,6,10 Oct 2024
66,50,2024-05-19
67,10,
67,6,24/07/2025
67,26,2025-01-03
68,36,2024-09-18
68,35,2025-05-31
68,27,2025-08-12
69,11,2024-09-01
70,31,2024-04-03
71,37,2024-06-15
71,32,2025-06-20
71,14,2024-10-16
72,40,2024-05-21
72,3,24/05/2025
72,9,2025-03-29
73,39,2025-02-07
73,25,20 Jan 2025
74,17,2024-12-27
75,30,2025-01-05
76,17,2024-11-07
77,13,2025-05-06
77,30,2024-09-18
77,18,2024-06-15
78,35,19 Feb 2025
79,17,2024-03-19
79,31,11 Sep 2024
80,54,2024-09-18
80,2,0000-00-00
80,1,
81,14,2025-03-16
82,32,2025-04-15
83,37,2024-05-27
83,12,2024-07-26
83,29,2024-08-10
84,53,2025-05-27
84,54,2025/03/08 00:00:00
85,29,2024-07-15
86,16,2024-08-26
87,49,2024-10-28
87,32,2024-07-08
87,28,2025-03-16
88,11,2024-12-28
89,30,2024-11-01
89,31,2024-10-31
89,27,2024-11-16
90,32,2024-08-04
91,3,2025-03-06
92,29,07-05-2025
93,17,2025-01-29
94,51,2024-07-21
95,25,2024-09-30
95,45,2024-07-17
96,40,2025-13-05
97,4,2024-05-21
98,29,2024-11-15
99,4,2024/05/18 00:00:00
100,36,2024-05-18
100,31,1970-01-01
101,29,2024-08-12
102,27,2024-07-11
103,18,2025-02-20
103,48,2024-09-03
104,12,2024-12-25
105,6,2024-04-05
105,36,2025-03-28
105,44,2025-05-10
106,27,2025-06-25
107,43,2024-04-16
107,59,2024-04-19
108,30,2025-01-20
108,53,09-29-2024
108,11,2024-02-29
109,34,2024-06-20
109,13,"May 03, 2024"
109,45,2025-05-06
110,32,2025-03-17
111,25,2025-01-17
111,24,27 Mar 2024
166361,50,2024-03-18
158873,4,2025-01-25
114,2,"October 01, 2024"
117234,54,02/08/2024
116,32,2024-03-31
116,17,2024-10-27
116,53,2024-05-05
117,17,03 Jan 2025
117,33,2024-07-09
117,12,2024-10-13
118,35,2024-10-26
119,20,2024-07-28
119,12,2024-10-17
119,7,2024-07-16
120,20,
120,12,2024-10-28
120,9,N/A
121,5,30 Jun 2025
121,51,2030-02-21
121,18,2024-10-06
122,27,2024-07-19
122,53,2024-08-08
122,15,25/04/2024
123,12,2025/07/02 00:00:00
123,29,05-11-2025
124,11,2025-02-16
125,46,2024-09-14
126,20,2024-06-30
187525,15,2025-07-31
127,6,17/06/2025
127,7,2025-01-08
128,40,2025-03-23
128,26,2024-05-15
129,12,2025-04-03
130,17,08/09/2024
131,32,2024-10-22
131,37,2024-08-03
132,39,2025-01-01
132,42,2024-06-29
132,51,2024-12-16
133,38,15 Dec 2024
134,27,04/03/2025
134,29,2025-02-09
134,41,2024-10-03
135,12,2024/03/03 00:00:00
196214,25,2024-11-25
135,41,2024-11-21
136,38,2025-02-20
137,29,2024-09-15
137,36,2024-09-26
137,3,2025-06-10
138,48,2024-01-22
139,15,2024-12-27
140,19,2024-10-13
140,12,2024-08-07
141,60,2024-05-30
141,35,2024-06-15
142,59,2024-10-16
169114,28,31/02/2025
143,29,2028-11-02
144,19,"October 12, 2024"
144,54,2024-05-14
144,23,2024-09-07
145,59,0000-00-00
146,45,2024-11-11
147,34,2024-06-15
148,27,2024-10-26
148,41,2024-12-20
148,38,2024-05-17
149,40,2024-07-14
149,42,18/06/2024
149,19,2024-09-22
150,5,2024-08-16
151,42,2025-05-30
151,20,01/05/2025
152,40,2024-09-30
153,20,2024-09-28
153,5,2025-01-20
153,31,2024-04-08
154,12,2024-11-17
154,10,2024-12-08
154,11,2025-06-22
155,25,2024-12-31
156,39,2024/06/12 00:00:00
156,6,2025-02-10
156,35,2024-10-20
157,52,04 May 2024
158,15,2025-03-23
158,37,2024-06-15
158,33,18 Mar 2025
159,54,09/11/2024
160,18,2027-06-13
161,31,2025-06-08
162,52,2024-11-28
163,17,2024-11-20
163,56,2024-06-23
164,40,07 Dec 2024
164,3,2025-05-09
165,2,
166,36,2024-08-25
167,19,2024-09-25
168,44,2024-06-28
169,28,2024-10-15
170,26,2024-09-10
170,12,2024-08-08
171,28,2025-01-17
171,3,2025-02-18
172,7,2024-07-22
172,54,2025-06-13
173,10,2024-09-14
173,9,2025-06-05
173,39,N/A
174,60,2025-05-12
174,12,2025-06-01
175,50,2024-04-11
176,54,2025-02-07
177,50,2024-09-20
178,24,2025-01-13
178,9,2025-07-02
179,26,2025-04-04
179,60,2024-11-15
179,30,2024-05-28
180,53,2024-06-06
180,38,2026-10-18
180,54,2025-05-12
181,40,
182,29,2024-08-21
182,15,2025-02-06
183,60,2024-06-08
184,44,2024-09-15
185,54,21/07/2024
186,17,2025-04-09
187,32,2025-07-07
188,24,2025-01-05
189,15,2025/02/27 00:00:00
189,36,"January 01, 1900"
189,39,2025-03-02
190,7,2024-12-25
191,32,2024-08-30
191,59,2025-08-17
192,32,2024-10-02
192,4,2024-11-12
192,60,N/A
193,50,"October 25, 2024"
194,54,2024-09-03
194,34,31/02/2025
194,19,
195,53,2024-08-11
121279,54,2025-08-22
196,28,2025-06-08
197,27,2024-11-08
198,36,
199,1,2024-08-20
199,18,2024-06-13
199,26,2024-10-07
200,9,2024-08-02
200,26,2024-07-30
200,22,2024-05-03
201,28,2024-07-18
202,38,2024-12-09
202,7,2024-10-08
203,30,2024-04-23
203,23,2024-12-05
204,54,2024-07-16
204,25,21 May 2025
205,39,2025-02-02
205,16,2024-09-03
205,40,2024-12-20
206,50,2024-11-11
207,20,2024-11-23
207,22,2024-12-24
208,45,2025-04-21
209,15,2024-07-18
210,30,2024-11-20
211,34,2024/11/22 00:00:00
212,14,"August 03, 2024"
213,41,2024-12-29
213,27,
213,38,
214,52,2025-04-24
214,31,2025-04-18
215,5,2025-06-15
216,20,2024-12-09
217,10,2025-02-09
218,25,2024-11-20
219,18,2024-04-18
220,32,2024-06-17
220,25,19/01/2025
221,57,2024-07-16
222,25,
222,47,2024-10-02
223,15,10-09-2024
224,31,2024-12-28
225,19,
225,23,2024-05-09
226,19,2024-07-12
226,16,2024-05-14
227,15,2024/08/21 00:00:00
227,30,2024-12-24
228,36,2024-10-08
229,20,2024-11-07
229,7,"July 05, 2026"
230,4,
231,3,2025-04-19
232,11,2024-08-18
233,3,26/07/2024
234,11,2024-09-03
235,25,2024-07-18
235,44,
236,40,2024-10-31
236,29,2024-04-08
237,17,2025-03-11
237,48,2024-08-06
237,42,2024-08-12
238,50,2024-06-03
239,26,2024-10-06
240,25,2025-13-05
241,54,2024-08-08
242,7,2024-07-24
242,4,
243,11,1970-01-01
244,42,2024-04-15
245,35,07-17-2024
246,51,2025-03-29
247,59,2024-02-28
248,35,2024/06/22 00:00:00
249,42,2025-01-30
249,10,1899-12-30
250,34,2024/12/20 00:00:00
250,56,2024-09-26
250,28,2024-05-27
251,40,2024-09-06
251,7,2024-10-05
252,7,2024-03-26
253,31,2024-07-12
254,50,2025-03-05
254,40,10-17-2024
254,35,2024-09-11
255,45,03-16-2025
256,53,2025-01-09
256,7,2025-01-02
257,13,11-16-2024
258,44,2025-13-05
258,12,2025-04-10
258,31,2025-02-06
259,22,2025-03-22
260,50,2024/12/31 00:00:00
260,39,2024-03-27
261,15,1970-01-01
261,20,2025-03-20
261,7,2024-04-24
262,26,2027-10-20
263,22,2024-12-27
264,47,2024-06-24
265,13,2025-06-18
266,28,
267,39,2024-07-15
268,16,2026-03-01
268,29,2024-06-20
269,22,
270,10,2025-03-04
270,26,2024-05-26
271,24,2024-04-29
272,31,2025-05-02
273,18,15 Sep 2025
274,15,2024-07-28
275,23,2025-05-11
275,51,2025-01-02
275,37,2028-02-12
276,45,2025-04-13
277,13,2025-04-26
278,18,2025-02-25
278,20,11 Dec 2024
279,19,01/02/2025
280,11,2025-09-16
280,36,03-19-2024
281,29,2026-07-11
281,12,2029-02-20
282,13,17/07/2024
282,45,2025-04-05
282,54,"January 17, 2024"
283,56,
284,2,0000-00-00
285,19,08/06/2024
285,34,2024-07-21
286,9,2024-08-28
287,30,2029-04-05
288,20,2024-08-15
288,17,"July 10, 2025"
288,32,2024-01-29
289,11,2025-02-17
289,56,2025-02-16
289,13,2025-03-26
290,23,2025-03-25
290,19,05-07-2026
291,36,2024-10-29
292,4,
293,20,20/09/2024
293,59,1899-12-30
294,26,"November 27, 2024"
295,42,2024-07-11
296,5,2025-02-25
297,14,2024-10-23
297,54,2024-02-25
298,25,2025-01-13
298,29,2024-10-02
299,12,2024-05-22
299,39,12/08/2024
300,26,2024-12-10
301,50,2024-08-22
302,54,2024-07-16
302,33,
302,7,"March 10, 2025"
303,36,2024-08-11
303,14,2024/07/13 00:00:00
303,49,26/09/2024
304,27,2024-12-02
304,30,2024-03-06
304,54,2025-08-18
305,11,2025-01-11
305,5,09-04-2025
305,36,2025-02-04
306,11,2025-02-26
306,60,2024-08-01
307,30,08/07/2025
307,20,2025-02-19
308,4,2025-04-08
309,50,2026-01-18
309,54,2025-07-05
310,20,2024-05-02
311,15,2025-06-03
311,20,2026-06-03
311,36,
312,13,2025-05-03
313,44,2025-03-09
313,53,2024-02-17
313,19,2024-12-09
314,39,2024-09-23
314,3,31/02/2025
314,6,2025-09-23
315,41,"October 19, 2024"
315,54,2024-11-20
315,52,2025-06-14
316,4,04/02/2025
316,35,2024-04-07
317,20,2025-03-19
318,7,03-18-2025
319,29,2025-01-18
320,9,
321,60,2024-08-21
322,53,02/04/2025
323,58,2025-05-17
323,17,
323,35,2025-04-15
324,50,2025-02-05
324,17,2025-02-27
324,57,2025-06-26
325,18,2024-11-08
325,13,2024-11-08
326,32,2024-01-28
327,21,2024-02-08
328,10,2024-10-31
328,32,07-06-2024
329,27,2025-03-10
329,39,2024-11-05
330,5,2024-09-26
331,40,08-01-2024
134739,9,2024-10-03
333,18,2025-03-29
334,9,
335,60,2024-07-29
335,26,2025-01-26
335,41,2024-09-18
336,37,2024-10-02
337,37,2025-06-24
338,10,
338,5,2024-10-19
339,50,2024-04-24
340,30,05 Jul 2024
341,22,2025-02-03
341,24,2024-12-30
341,44,2025/08/14 00:00:00
342,28,2024-11-28
342,7,2024-12-25
343,39,
344,29,2024-09-12
344,17,2024-09-06
344,27,
345,1,2025-05-15
346,50,2024-11-21
347,48,2025-01-02
348,12,08-14-2024
349,34,01 Nov 2024
350,26,
350,10,2024-11-08
351,38,2024-06-28
352,54,10/02/2025
353,11,2025-02-03
353,37,2024-08-30
354,17,2024-06-28
355,42,2024-08-13
356,29,2025-04-12
357,35,2024-06-20
357,50,2025-05-31
358,60,1900-01-01
358,40,2025-02-06
359,37,2024/09/02 00:00:00
359,27,2024-04-24
359,18,2024-10-22
360,42,2024-04-18
360,33,2025-03-16
361,54,2025-13-05
362,57,2024-10-28
362,6,2024-04-30
363,11,2025-01-15
363,4,2024-04-13
363,16,2024-09-07
364,20,
365,1,2024-12-11
366,7,10 Apr 2025
367,41,2024-04-17
368,53,16 Apr 2024
368,41,2024-10-09
368,12,2024-12-19
369,20,2024-07-06
369,3,2024-08-21
370,13,2024-12-21
371,4,2024-12-18
372,13,2024-05-15
372,11,2025-01-03
373,9,2024-02-12
373,39,2025-01-29
373,43,2026-04-03
374,30,2025-08-05
375,19,2024-10-13
376,7,
377,15,2024-10-15
377,29,N/A
378,12,2025-04-30
379,20,07-03-2024
380,33,2024-09-19
381,17,2024-07-29
381,9,2024-08-29
382,31,2025-01-31
382,18,2024-08-14
383,36,2025-07-15
383,59,2024-12-25
383,9,31/02/2025
384,34,2025-13-05
385,45,2024-07-11
385,3,1900-01-01
385,50,01-01-1900
386,19,2024-05-16
386,28,
386,32,2024-09-13
387,45,07 Jul 2024
388,26,"April 10, 2025"
389,48,03-06-2025
389,12,2024-05-20
389,20,23 Feb 2025
390,47,2024-12-05
390,57,2025-05-17
390,41,2024-09-24
391,51,2024-03-14
392,6,2024-10-31
393,18,2024-07-27
394,27,2025-04-01
395,24,2025-13-05
396,18,2024-08-23
396,5,2025-02-28
397,6,2024-10-09
398,40,08-31-2024
399,37,2025-01-21
399,7,2025-05-13
399,40,2025-02-28
400,37,2025-05-06
400,20,2024-10-27
401,40,2024/10/18 00:00:00
136548,15,
402,20,2025-06-28
402,29,2024-10-04
403,48,2024-06-17
404,12,2025-07-05
404,5,03-29-2025
404,32,2025-02-18
405,33,2024-08-03
406,10,2025-01-02
406,49,2024-09-14
406,31,2025-05-29
407,28,31/02/2025
407,19,2025-01-21
407,54,2024-07-01
408,27,2025-01-14
409,12,2024-12-30
409,50,2027-12-01
409,38,
410,31,2024-09-25
411,53,2025-05-20
412,51,07/11/2024
413,42,2024-07-03
413,33,2025-01-13
414,54,2024-10-09
415,50,21/05/2024
416,49,2024-01-24
417,52,2024-03-24
418,10,2024/12/05 00:00:00
419,12,"May 11, 2025"
420,49,2024-06-27
421,29,2024-09-13
421,33,2024-06-27
422,4,2024-04-29
422,19,2025-04-11
423,11,2024-11-02
423,44,01/09/2024
423,15,0000-00-00
424,17,2024-12-05
424,39,"August 26, 2024"
424,60,2025-04-23
425,26,2025-05-05
425,54,2024-11-03
426,42,2025-06-14
427,14,2028-02-09
427,41,2024-11-10
427,3,2024-10-11
428,20,2024-09-15
428,2,1899-12-30
428,37,2024-03-03
429,43,2024-10-08
429,23,
430,46,01 Mar 2024
430,44,2024-10-10
430,14,1899-12-30
431,40,2025-13-05
431,16,2025-07-03
431,15,2024-04-02
432,34,2024-05-25
432,29,2025-04-17
432,35,2024-08-30
433,27,2025-01-18
433,54,21/11/2024
434,5,2024-04-27
435,12,11 Aug 2024
436,12,2025-03-09
437,56,2025-03-17
437,50,2024-04-22
438,2,2024-09-20
439,12,2025-05-21
439,6,2024-10-05
439,11,28/06/2024
440,26,2024-12-20
440,40,2024/12/19 00:00:00
441,13,10-30-2024
442,60,2025-03-12
442,16,2024-09-10
443,22,2024-09-08
443,41,22 Apr 2028
443,20,2024-09-23
444,27,2024-09-12
444,40,2024-09-11
445,13,2025-07-10
445,11,2025-03-10
445,23,2024-01-25
446,42,2024-09-02
447,43,2025-01-24
448,3,2025-01-06
449,55,2024-05-26
449,20,2025-05-14
449,53,2024-04-27
450,38,2025-04-10
450,6,28 Mar 2024
451,17,02 Sep 2024
452,5,2024-11-22
452,40,
155886,39,2024-09-20
453,45,2024-08-21
454,7,2024-09-03
454,29,03-24-2024
454,17,
455,42,31/02/2025
455,27,09-03-2024
455,20,2028-10-30
456,36,2025-05-13
456,9,2024-12-02
456,4,2024-07-26
457,12,2024-03-19
458,27,01/04/2024
458,53,2024-12-31
458,32,2024-04-10
459,5,2024-10-27
460,18,09-28-2025
460,16,2024-10-13
461,60,2025-03-05
462,20,2024-08-10
463,50,"July 06, 2025"
464,13,11-18-2024
464,50,2024-06-04
465,27,02/08/2025
466,56,2024-12-29
466,23,2025-01-04
467,10,2025-03-02
468,17,"September 28, 2024"
468,18,2025-04-08
469,46,2025-01-17
469,57,2024-04-15
470,58,2025-06-22
179884,26,2024-06-24
472,31,2024-05-16
473,36,2025-04-14
474,33,2024-04-20
475,46,2025-10-29
476,30,2024-05-12
477,41,2025-06-19
477,33,2024-12-20
478,49,2024-04-24
479,29,31/02/2025
479,15,2024-07-02
480,11,2025-01-01
481,20,2024-11-12
482,2,2024-06-07
150392,24,2025-06-22
483,16,
484,26,2024-09-30
485,17,2024-06-09
485,5,1970-01-01
486,7,10 Jun 2024
486,4,2025-04-16
487,24,0000-00-00
487,15,2024-03-20
487,54,2024-04-11
488,60,01-09-2025
488,13,2024-09-19
185050,41,2024-11-11
489,60,17/06/2024
490,38,2024-07-27
491,18,2024-10-25
492,31,
493,32,2024-09-21
493,58,2024-06-21
493,27,2025-07-04
494,51,2024-03-08
495,53,2024-09-23
496,27,2024-05-25
497,52,2024-08-11
497,25,2024-09-09
497,50,2024-10-13
498,42,
498,12,2024-06-13
498,27,2024-08-17
499,50,2024-06-13
499,44,2024-09-02
499,34,2024-12-20
500,15,2025-01-01
501,60,
502,2,2024-03-17
502,24,06-22-2025
503,60,2024-06-02
503,51,
128540,40,
504,20,2024-10-30
505,16,2025-02-25
506,19,2024-09-09
507,3,2025-06-24
508,46,2025-03-19
509,53,2024-09-28
509,6,31/02/2025
510,12,2025-03-03
511,10,2024-05-11
512,12,09/07/2025
512,19,2025-02-25
513,28,2025-03-19
513,6,2024-06-04
514,7,2025-06-07
515,40,2024-10-20
515,9,2024-10-06
515,37,2025-03-14
516,15,2029-02-05
516,3,
516,20,"April 23, 2024"
517,36,2025-02-09
517,5,2024/06/29 00:00:00
517,60,2024-01-29
518,44,2025-06-24
519,37,1970-01-01
520,31,11-09-2024
521,18,04-29-2024
522,38,2024-11-11
522,20,"November 19, 2024"
523,36,2025-02-26
523,2,"January 28, 2025"
524,18,2025-05-01
524,52,2024-08-09
525,19,1900-01-01
526,36,2024-05-16
527,46,2024-09-11
528,59,2024-12-09
528,9,2024-06-03
529,50,2025-12-30
529,7,2024-08-18
529,54,
530,43,2024-11-23
530,39,2025-05-11
138314,38,2025-03-09
531,57,2026-01-09
531,4,2024-07-21
532,12,2024-09-07
197303,38,2025-03-18
533,18,20 Nov 2024
534,13,2025-02-21
534,50,2025-13-05
535,40,2024-10-05
536,12,31/02/2025
536,34,2024-01-25
537,38,2025-02-24
537,32,2024-09-28
537,13,2024-11-02
538,60,2024-06-21
539,31,2024-08-27
539,16,2024-04-04
539,27,2025-01-03
540,44,2024-10-10
541,12,2024-05-09
542,29,2024-05-15
542,32,19 Jul 2024
543,27,2024-05-15
544,44,2025-03-31
545,31,2024-10-25
545,56,2024-12-14
545,12,0000-00-00
546,10,2025-01-02
547,7,2025-01-16
548,12,05-22-2024
549,20,2024-08-03
550,6,"October 22, 2024"
551,29,2024-07-31
552,7,30/09/2024
552,27,2024-12-29
552,53,2024-02-27
553,17,2024-08-22
553,60,"January 08, 2025"
554,10,2024-10-13
554,30,03/08/2024
555,13,2024-09-26
556,12,2029-09-02
556,52,2024-12-18
556,48,2024-05-15
557,22,07-21-2024
557,17,2024-10-29
558,26,2024-02-21
558,38,09-06-2024
559,11,2024-08-19
560,7,"June 24, 2024"
561,42,2024-08-30
561,57,2024-06-28
561,31,2025-05-01
562,55,2025-03-04
563,54,2025-04-25
563,41,2024/09/01 00:00:00
563,34,10 Apr 2025
564,51,2025-01-04
565,28,2025-01-27
566,58,2024-08-22
166854,32,2025-08-18
566,5,2024-08-15
567,19,03 Aug 2030
568,60,2025-03-09
569,17,2024-03-30
569,10,2025-02-11
569,36,2024-12-21
570,51,2024-06-10
571,50,2025-01-25
572,31,2024-12-19
573,18,09-29-2024
574,4,2025-01-29
575,42,2024-07-01
575,56,2024-11-30
576,56,2024-06-04
577,27,2024-07-17
577,33,2024-11-27
577,40,13 Jul 2024
578,58,2024-08-23
579,35,1899-12-30
579,52,2024-04-19
579,44,2024-12-15
580,14,2024-11-06
580,34,2024-12-19
581,39,
581,17,2024-09-01
582,27,
583,28,2024-11-29
584,20,2024-08-17
585,7,2025-03-22
585,53,2025-04-26
586,27,2025-13-05
586,41,05-02-2025
587,4,2024-11-03
588,50,2024/06/16 00:00:00
588,5,29/05/2025
588,10,18 Dec 2024
589,41,2024-09-30
590,3,2025-02-06
590,30,2024-02-06
591,38,2024-07-02
592,11,2024-09-08
593,28,2025-01-21
593,29,2025-04-26
594,15,16 May 2024
595,30,2024-08-31
595,34,2024-02-11
596,46,04-14-2025
596,20,2024-12-10
596,49,2024-05-11
597,11,2024-08-28
598,19,0000-00-00
599,47,2024-08-22
599,50,2024-03-15
600,54,2024-09-02
601,42,
601,40,31/02/2025
602,46,2024-08-22
602,10,unknown
603,38,2024-03-09
604,16,2025-13-05
605,49,2024-04-19
605,7,2024-04-25
606,60,"April 19, 2024"
606,21,2025-04-12
606,10,2024-09-20
607,58,2024-07-19
607,27,2025-04-01
607,41,2025-06-30
608,39,2025-02-28
609,42,2025-08-01
610,14,2024-12-16
611,12,2024-09-11
611,2,
612,54,2024-03-31
613,24,2024-05-17
613,54,2024-06-29
613,15,2024-06-24
614,44,16/04/2025
614,6,2024-10-13
614,30,2025-13-05
615,52,2025-07-06
616,20,2025-07-14
617,21,2024-11-16
618,4,2024-05-19
618,38,2024-10-14
619,56,2025-07-16
620,12,2024-10-16
620,20,2025-08-24
620,17,2027-06-03
621,38,20/08/2024
622,53,"December 02, 2024"
623,42,2024-03-07
624,30,2024-11-09
625,7,2024-10-28
626,26,
627,20,2024-05-30
627,22,2024-10-22
627,13,2024-08-23
628,2,07 May 2024
629,1,
629,42,31/02/2025
629,48,2024-12-22
630,46,2025-05-21
630,36,2025-05-29
630,17,2025-03-21
631,29,01-01-1970
631,13,2025-08-11
631,14,2024-06-02
632,30,2024/11/24 00:00:00
633,58,2024-07-03
633,35,2024-05-14
633,18,2024-11-28
634,24,2025-05-27
634,15,2025-03-04
634,33,2025-05-02
635,20,2024-07-20
636,40,2025/06/06 00:00:00
636,60,2024-11-06
636,50,"May 12, 2024"
637,58,2024-07-25
638,6,2024-06-09
639,20,2025-02-15
640,18,
641,50,1900-01-01
641,6,2024-12-15
642,34,2025-05-27
112982,56,2025-13-05
642,33,2025-09-03
643,51,2024-09-17
643,54,2024-07-20
643,18,2024-06-12
644,60,2025-01-24
644,20,2024-07-10
644,39,2025-07-20
645,17,2024-11-20
646,5,2024-05-22
647,3,2029-09-22
648,7,2024-02-11
648,11,2025-02-17
648,6,
649,19,"November 10, 2024"
649,17,0000-00-00
649,50,2024-06-19
650,27,2024-03-25
651,42,03/11/2024
652,17,2024/03/10 00:00:00
652,53,2024-11-07
653,41,2024-11-19
653,36,2024-09-05
654,54,N/A
655,50,2025-04-27
655,31,2024-04-25
656,18,2025-04-21
657,2,2024-11-26
657,44,2026-01-08
657,39,2025-02-23
658,38,2025-03-07
658,36,2025-01-22
658,48,2024-05-19
659,6,2029-02-20
659,45,2024-10-12
659,13,2025-02-20
660,20,2024-12-21
660,26,2024-07-18
660,4,2025-04-17
661,28,2024-08-27
662,20,2024-06-11
663,18,02-19-2024
664,17,2024-12-24
664,30,2024-07-20
664,13,2024-07-15
665,4,2025-07-27
666,17,2024-07-24
666,46,2025-01-17
666,52,2025-01-04
667,18,2024-03-03
667,57,2024-07-09
667,53,2024-07-30
668,20,0000-00-00
669,59,2025-01-27
670,6,26 Jul 2025
670,9,
671,32,2024-07-12
672,32,2024-07-11
673,20,1900-01-01
674,22,2024-12-11
674,23,2025-04-27
675,41,2025-07-20
675,10,2024-06-15
676,39,2025/02/28 00:00:00
677,17,2025-13-05
678,31,2025-04-18
679,16,2024-04-19
679,60,2025-03-20
680,7,2024-12-10
680,60,2025-03-24
681,13,2024-02-18
681,3,2025-01-07
682,20,2024-07-27
683,45,2025-03-18
684,33,2025-02-08
685,26,2024-07-09
685,37,2024-06-19
685,36,
686,4,2024-10-12
687,18,20 Jun 2025
688,37,2025-12-24
688,52,2024-11-18
688,49,2025-01-12
689,39,2024-05-23
690,2,2025-02-12
690,36,09-13-2026
691,23,2024-07-31
692,20,2024-10-07
693,51,2024-12-09
693,7,2024-08-07
693,40,2024-07-01
694,59,2024-07-30
695,56,2025-03-25
696,58,2024-09-30
697,11,
698,32,2025-06-19
699,31,
700,40,
190172,22,2024-04-29
700,13,08-30-2025
701,44,"January 01, 1970"
701,17,15 Aug 2025
701,29,2024-04-19
702,51,2025-05-04
702,18,2024-10-30
703,18,
704,40,2024-07-15
705,50,2025/07/23 00:00:00
705,42,2025-02-02
706,27,2024-03-20
707,31,30 Jul 2024
707,53,2024-02-07
707,6,2024-10-24
708,5,13 Jul 2024
709,50,2024-06-07
710,27,2024-09-24
711,33,2024-03-11
712,21,2025-01-15
713,50,2025-03-29
714,59,2025-09-24
715,39,2025-07-08
716,5,2024-11-12
717,26,2024-07-06
718,17,2025-06-11
719,2,
720,53,2025-04-08
721,27,14/05/2025
722,22,unknown
723,12,2025-05-30
723,36,2024/10/13 00:00:00
724,5,
724,13,31/02/2025
724,36,2025-04-21
725,8,2029-10-23
725,27,2024-09-01
726,20,2024/05/13 00:00:00
727,18,2024-12-05
728,13,2024-11-20
728,4,2025-02-18
729,54,
729,30,2025-01-02
730,59,2025-01-26
730,27,2024-11-20
731,42,2025/04/05 00:00:00
731,24,2024-06-02
732,39,2025-06-09
733,60,2024-07-26
734,30,2024-08-28
735,30,2025-06-27
736,59,2025-01-13
736,49,
737,23,
738,7,2025-05-18
739,1,2024-12-23
740,31,30/12/1899
741,16,29 Sep 2024
742,22,2025-05-11
743,36,2025-13-05
744,11,10 Jul 2025
745,32,2025-07-02
745,38,31/02/2025
746,30,2024-02-25
746,6,
746,53,2024-05-25
747,30,2024-10-22
150779,19,2025-03-23
748,31,2024-12-24
748,19,2024-08-30
749,38,2025-05-12
750,7,2024-08-03
751,9,2024-09-10
751,27,10 Apr 2024
751,6,2024-10-06
752,60,2024-09-21
752,32,
752,9,2024-01-27
753,59,N/A
753,15,2025-01-27
754,48,2024-03-28
755,9,
755,50,2024-11-24
756,6,2024-05-26
757,6,2025-01-23
758,1,0000-00-00
759,15,2024-07-25
759,53,2024-10-19
759,13,2025-07-07
760,21,2025-06-19
761,29,2024-09-30
762,18,2024/10/18 00:00:00
763,10,2024-04-29
764,47,2024-08-26
765,53,2024-12-09
766,25,01/01/1970
767,28,2024-10-30
768,60,2024-08-25
769,42,2025-13-05
770,48,04-02-2025
770,1,2024-10-11
771,2,2025-06-24
772,32,2025-02-08
773,31,2024-05-19
773,12,2025-03-16
774,60,2025-01-24
774,45,2025-03-20
774,16,2025-06-16
775,3,01 Jan 1900
776,3,06 Jun 2025
777,60,16 May 2024
778,48,2024-10-26
778,20,
779,37,2024-11-18
779,46,2024/02/01 00:00:00
779,38,2024-08-09
780,17,2030-01-23
780,34,2024-03-10
780,1,N/A
781,17,2025-02-06
781,25,2024-06-17
781,42,2024-09-02
782,51,2024-09-21
783,37,2025-03-18
784,13,
785,54,2024-11-09
786,29,1900-01-01
787,17,2024-08-17
787,10,2025-01-15
787,7,2024-06-01
788,36,2024-12-23
788,42,31/05/2024
788,54,2025-07-27
789,27,"September 01, 2024"
790,13,2024-07-14
790,9,2024-06-15
791,32,06-18-2024
792,27,2025-04-21
792,6,2025-03-29
793,34,"August 25, 2024"
794,11,2025-09-23
795,12,2024-09-25
796,39,2025-01-06
797,12,2024-06-29
797,18,2024-05-21
797,9,2025-01-09
798,38,2025-05-31
798,18,28 Aug 2024
798,12,26 Nov 2024
799,12,2025-02-12
799,33,2024-09-30
800,14,2024/11/09 00:00:00
801,29,2024-10-20
801,28,2024-12-25
150075,44,2024-09-05
802,11,2024-05-13
803,37,2029-12-20
804,27,2024-11-19
805,56,24/06/2024
806,59,2025-04-26
807,35,0000-00-00
808,11,2024-07-24
808,39,1899-12-30
809,6,2024/09/06 00:00:00
809,54,01-11-2025
810,20,07-24-2024
811,42,2025/06/20 00:00:00
812,31,2024-08-30
813,45,2024-08-30
814,19,2024-08-05
814,50,2024-02-29
815,3,09 Jul 2024
816,31,
816,3,10-15-2024
817,43,2024-07-02
818,25,
818,20,2024-06-28
819,18,2025-04-11
819,19,2025-05-04
820,57,31/02/2025
821,6,2024-01-07
822,50,2024-04-17
822,54,2024-10-22
174475,11,2025-06-02
824,44,2024-04-21
824,42,
825,40,2024-11-09
825,44,29/06/2025
825,26,2025-03-05
826,20,2025-01-23
827,40,2024-11-12
828,4,12-06-2024
829,40,2024-06-29
829,12,2024-07-29
829,22,2025-03-03
830,27,2024-03-31
831,17,2024-06-18
831,48,2025/03/23 00:00:00
832,40,2025-02-24
832,7,
832,20,2025-03-16
833,17,2025-02-18
833,21,2024-09-17
833,13,12 Jun 2024
834,13,2025-02-27
835,43,2025-05-04
836,27,2025-05-22
837,26,2024-07-05
837,60,2024-07-14
838,57,2025-06-26
839,7,2025-06-07
840,27,2024-10-22
841,19,2024-04-14
842,28,2024/02/12 00:00:00
842,42,2024-08-22
843,60,2024-11-14
843,54,2024-09-14
843,40,2024-03-28
844,3,2024-12-04
844,6,2024-08-03
845,54,2024-05-09
846,29,2024-10-13
847,50,2024-11-17
848,20,2024-08-22
849,50,2025-06-06
850,50,2024-04-18
850,26,
851,6,2024-09-19
852,14,2025-02-20
853,6,2025-03-11
854,31,0000-00-00
854,20,2025-13-05
854,30,2025-03-01
855,42,2025-04-27
856,5,2024-03-26
857,34,2024-09-06
858,3,2024-08-11
858,7,28 Sep 2024
858,34,2029/06/30 00:00:00
859,42,"April 05, 2024"
860,7,1900-01-01
861,41,31/02/2025
862,5,2024-04-06
863,41,2024-08-12
863,27,2026-03-02
863,11,2025-12-29
864,12,06/07/2024
865,7,2024-02-09
866,42,2024-11-19
866,44,2024-12-03
866,18,2025-05-10
867,7,23 Jul 2025
868,35,2025-02-04
868,5,2024/12/19 00:00:00
868,42,2029-03-26
869,60,2027-09-28
870,55,2025-06-14
870,4,2024-10-22
871,18,0000-00-00
872,42,09 Feb 2025
872,57,2024/07/22 00:00:00
872,31,2024-09-28
873,11,2024-06-23
873,20,08/02/2025
874,55,10 Jan 2025
875,23,30/01/2025
876,27,2026-01-05
876,50,19/08/2024
877,3,08 Jun 2025
877,26,2024-07-13
878,53,2024-12-15
879,7,2025-03-09
879,19,2025-13-05
879,39,2024-09-19
880,10,2025-06-16
881,8,
882,44,2026-07-03
883,13,2025-03-21
883,48,2024-04-21
883,60,"January 01, 1900"
884,52,2024-05-24
885,35,07/09/2024
886,38,2024/08/17 00:00:00
886,48,2024/06/17 00:00:00
886,56,2024-07-09
887,20,2024-08-23
887,26,2026-03-03
888,49,31/02/2025
889,42,2024-12-26
142751,30,"September 24, 2024"
890,57,2025-03-11
891,7,2026-05-10
892,54,2024-12-08
892,50,2024-03-09
893,38,2024-06-29
894,7,2024-08-30
895,48,2024-06-27
895,12,2025-06-23
895,32,2025-07-15
896,11,03-04-2025
897,30,2025-04-28
898,41,2024-04-28
898,18,2024-12-30
899,15,2025-05-09
900,53,2025-02-22
900,33,2025-07-17
901,54,2025/08/03 00:00:00
902,18,01-01-2025
903,3,
903,10,03-22-2025
903,24,"March 30, 2026"
904,57,04-12-2024
905,20,2024-07-13
906,50,2024-11-27
907,1,06-23-2024
907,41,2025-04-16
908,40,30 Aug 2024
909,28,2025-04-28
910,7,2024-05-11
911,26,2024-11-27
912,26,2025-07-24
913,44,2024/08/08 00:00:00
914,18,2024-08-20
915,22,2025-02-12
916,30,2025-07-06
916,8,"December 21, 2024"
916,26,2025-03-16
917,12,13 Aug 2024
918,45,06-23-2025
919,28,2025-06-10
920,7,
921,12,2025-05-01
921,14,2024-02-21
922,49,2025-03-17
923,58,2024-10-25
924,29,"May 23, 2024"
925,32,0000-00-00
926,27,1900-01-01
926,19,13 Feb 2024
199093,20,2024-10-17
928,3,2024-09-30
929,20,2025/01/22 00:00:00
929,5,2024-08-07
930,6,2024-12-22
931,13,2024-09-14
932,29,
933,45,2024-02-27
933,3,2025-07-18
933,9,2024-11-06
934,30,2024-12-29
934,50,2024-07-14
935,16,2025-08-19
935,30,2024-08-07
935,13,
936,9,2024-12-25
936,58,2025-06-03
937,38,2025-03-04
938,45,2024-10-19
939,32,2024-12-26
940,48,2024-07-09
941,30,2028-08-15
941,4,2024-08-15
942,3,2025-02-07
942,10,01/03/2024
942,20,2024-04-20
943,7,2025-05-31
944,39,2024-11-25
945,57,11/09/2024
946,27,2024-02-23
947,41,2025-04-10
947,39,2024-03-21
948,20,2025-13-05
949,18,31/02/2025
949,30,2024-11-09
950,13,2024-12-18
951,32,2025/03/04 00:00:00
952,37,
953,60,2024-05-10
954,11,2024-12-03
955,20,2025-05-16
955,13,"June 22, 2025"
956,14,"November 22, 2024"
957,46,2024/12/24 00:00:00
957,15,2024-10-18
958,39,10 Dec 2024
959,44,2024-06-15
960,27,2024-06-22
961,40,31/02/2025
962,5,2025-02-23
963,48,2025-04-10
964,11,2024-11-27
965,37,"August 08, 2024"
966,36,2024-05-01
967,58,2025-02-10
967,34,2025-03-12
967,32,2025-01-17
968,43,2024-05-15
968,22,2025-04-30
968,45,2025-11-02
969,30,2024-03-11
970,50,2024-12-13
971,18,2024-05-09
972,3,2025-04-05
972,43,2025-04-07
973,36,2024-12-06
974,40,30/01/2024
975,40,2025/06/26 00:00:00
976,12,14/11/2024
977,46,2024-12-26
977,31,2024-12-22
977,50,2025-02-11
978,37,2024-12-13
979,54,2025-03-01
979,24,2024-09-03
979,2,2024-04-29
980,23,2025-04-20
981,28,09 May 2025
981,37,2025-01-29
981,33,2025-13-05
982,39,2024-05-26
983,20,2024/03/30 00:00:00
983,15,2025-01-27
984,1,2024-09-13
985,50,2024-04-16
985,31,
986,34,2024-04-16
986,32,2025-01-03
986,6,2024-07-06
987,12,2025-01-01
988,9,2025-07-23
988,38,2024-04-20
988,20,
989,24,2025-07-17
990,23,2024-02-04
990,41,1899-12-30
990,24,2029-01-19
991,12,14/06/2025
992,40,27 Mar 2024
992,12,"December 17, 2024"
993,41,2025-01-02
994,56,2024-11-14
995,17,2024-07-01
995,7,2024-12-30
996,20,2024-08-24
997,37,2025-13-05
998,38,2024/12/04 00:00:00
998,16,2025-06-03
998,23,2025-13-05
999,55,0000-00-00
1000,54,12-28-2024
1001,29,
1002,23,N/A
1002,51,2024-11-18
1003,48,2024-10-19
1003,28,2024-04-11
1003,17,0000-00-00
1004,31,2024-01-31
1004,36,2024-06-24
1004,6,2025-05-03
1005,28,2025-02-23
1006,32,2024-06-18
1007,29,2025-04-24
1007,19,2024-06-30
1007,44,2029-02-21
1008,32,2025-02-06
1009,28,2024-06-26
1010,18,2024-09-21
1011,20,2025-02-02
1012,32,"March 12, 2025"
1012,50,2025-06-24
1013,23,2025-03-12
1014,26,2024-12-18
1015,12,2024-08-09
1015,30,03/10/2024
1016,29,2024/08/30 00:00:00
1016,25,2025-02-15
1017,18,2024-10-01
1018,37,2024-06-03
128226,11,1899-12-30
1020,27,25 Dec 2024
1020,39,2024-08-07
1020,3,2024-09-09
1021,35,2025-02-07
200945,2,2024-11-01
1023,27,2024-09-20
1023,12,N/A
1024,7,2025-03-14
1025,4,2024-02-21
1025,9,07-11-2024
1025,12,0000-00-00
1026,13,2024-05-13
1027,50,2024-05-29
1028,29,2024-06-15
1028,16,2024/06/02 00:00:00
1028,24,2024-07-25
1029,29,1899-12-30
1030,16,14 Feb 2025
1031,34,2025-02-09
1031,35,2024-10-04
1032,12,2025-02-12
1033,43,2024-06-19
1034,22,2025-01-13
1034,35,
1035,19,31/02/2025
1036,5,2024-06-23
1036,41,30 Mar 2025
1036,3,2024-05-13
1037,31,2024-07-04
1037,5,2024-06-12
1038,19,2025-13-05
1039,56,2024-12-15
1040,58,11-10-2024
1040,39,2024-11-26
1040,16,2024-05-04
1041,24,0000-00-00
1042,60,09 Jan 2025
1043,42,2024-06-22
1044,44,2025-01-31
1045,6,2025-01-05
1046,27,03-10-2024
1047,34,2024-02-19
1048,13,29/04/2025
1048,51,2025-02-14
1049,56,2025-07-20
1050,37,2025-05-29
120002,7,2024-10-23
1051,29,
1052,44,2025-05-06
1053,11,2025-06-01
1053,44,2024-06-28
1053,46,2025-03-08
1054,6,2024-09-23
1055,44,2024-09-13
1056,9,29/10/2024
1056,51,0000-00-00
1056,52,2025-07-24
1057,18,2024-12-09
1058,58,"July 21, 2024"
1059,13,2024-09-09
1059,20,09-11-2024
1059,18,2025-05-04
1060,4,2024-12-31
1061,37,2024-07-26
1062,5,02/07/2025
1062,23,2024-07-23
1063,30,2024-10-25
1063,24,2024-12-27
1063,18,2025-07-09
1064,13,
1065,30,2025-04-08
1066,53,2024-06-02
1066,36,2024-11-02
1067,50,
1068,42,2025-02-19
1068,2,2024-08-06
1068,15,
1069,44,2024-06-23
1070,36,2024-10-24
1070,1,2025-05-28
1071,42,2024/08/08 00:00:00
1072,45,2024-11-09
1073,37,2025-13-05
1074,37,2024-10-31
1075,30,2024-09-20
1076,54,2024-11-06
1077,57,2024-10-29
1077,20,2024-09-01
1077,11,2024-10-20
1078,12,2024-12-21
1079,59,2024-12-15
1079,45,2025-06-14
1080,29,2024-12-10
1081,17,2025-04-08
1082,31,05/06/2025
1082,41,2024-10-21
1083,29,2025-03-15
1084,15,2024-09-29
1084,45,2025-04-18
1085,18,31/02/2025
1085,7,2025-02-17
1086,32,2025-05-23
1087,44,2024-06-06
1088,42,18 Apr 2025
1088,44,2024-10-20
1089,60,2025-03-30
1089,16,2027-10-15
1090,7,2024-11-26
1091,39,2024-05-12
1092,53,2024-11-09
1093,50,2024-12-06
1094,14,10-14-2024
1095,18,2024-12-29
1096,50,10/12/2024
1097,5,2024-02-26
1098,17,2024-12-23
1098,12,2025-05-23
1098,40,2025-05-08
1099,32,2024-06-12
1099,54,06-10-2029
1100,12,08-22-2024
1101,25,2024-05-29
1101,27,23 May 2024
1102,38,2025-03-09
1103,53,2024-12-10
1103,57,
1104,5,2025-02-11
1104,10,2024-07-15
1105,1,2025-02-02
1105,16,
1106,39,2025-03-13
1107,6,2024-06-21
1108,48,2024-04-01
1108,27,2025-06-01
1108,46,2024-03-05
1109,38,2024-04-12
1110,31,1899-12-30
1111,14,27 Feb 2025
1112,32,2024-03-26
1112,3,2025-05-20
1113,2,2024-08-23
1114,26,2024-09-13
1115,32,2024-11-02
1116,24,2025-03-27
1117,11,2024-09-04
1117,42,2025-02-16
1118,6,2025-06-03
1119,17,2024-05-14
1119,58,2025/02/06 00:00:00
1119,12,1900-01-01
1120,27,2024-08-10
1120,32,2024-06-03
1120,58,2024-04-13
1121,27,2024-10-28
1122,50,2024-09-24
1123,54,03 Nov 2024
1124,31,02-18-2025
1125,24,2024-11-13
1125,36,08 Nov 2024
1126,60,2025-03-24
1127,13,2024/07/19 00:00:00
1127,12,2025-05-11
1127,25,
1128,17,2025-01-31
1129,2,2024-08-14
1129,30,2024-03-25
1129,56,2024-05-13
1130,40,2025-01-21
1130,20,2025-03-16
1130,34,N/A
1131,45,2024-09-20
1131,33,2024-08-22
1132,3,2024-12-31
1133,9,2025-01-19
1133,30,2025-05-24
1133,38,"September 01, 2024"
1134,49,2026-10-02
1135,18,"September 08, 2024"
1136,48,2024-11-19
1136,15,2024-08-26
1136,50,31/02/2025
1137,6,2024-09-29
1138,6,2024-07-16
1139,15,2024-06-07
1140,27,2024-10-10
1140,54,2024-12-19
1141,24,2025-13-05
1141,27,2025-05-30
1141,16,31/02/2025
1142,15,04-19-2024
1143,10,2024-08-24
148687,42,09/02/2024
1145,43,2025-02-07
1145,1,
1145,30,2024-08-24
1146,50,2024-02-16
1147,34,07 Jul 2024
1148,13,2024/04/24 00:00:00
1149,27,2024-06-19
1150,25,2024-08-14
117786,53,2025-03-15
1152,15,2024-05-31
1153,8,2024-09-03
1154,24,2024-12-12
1154,48,2024-09-11
1155,52,2024-08-22
1155,48,
1156,39,2024-07-30
1156,27,2025/08/08 00:00:00
1157,32,2024-07-26
1158,34,
1159,48,2025-02-27
1159,1,2024-07-27
1160,55,2024-10-12
1160,32,2024-06-05
1160,53,2024-05-06
1161,32,2025-07-19
1161,31,24/07/2024
1161,36,09-10-2024
1162,20,
1163,25,2024-06-22
1164,7,2024-08-01
1164,54,2024-11-13
1165,30,2025-05-16
1165,12,2025-03-15
1165,13,07 Apr 2024
1166,36,04-19-2025
1166,4,2024-12-09
1167,24,2024-11-09
1168,6,2024-12-15
1169,17,2024-07-28
1170,54,
1171,18,2025-05-13
1171,6,2024-11-07
1172,32,2024-04-27
1173,60,2024-07-03
1173,10,28 Jun 2024
1173,17,2024-05-04
1174,20,2024-05-14
1174,49,2025-10-06
1174,42,2025-02-26
1175,27,2025/04/04 00:00:00
1176,7,2024-05-04
1176,13,2025-03-05
1176,33,2024-09-13
1177,26,2024-10-19
1178,24,2024-11-15
1178,12,"May 28, 2025"
1178,3,1900-01-01
1179,6,2024-10-11
1180,42,2024-06-06
1180,2,2024-02-04
1181,50,2024-06-25
1182,14,2024-11-18
1183,20,2025-02-02
1184,49,12-30-1899
1185,48,21 Apr 2025
1186,56,2024-05-04
1186,52,26 May 2025
1187,28,2024-09-28
1188,27,2025-04-21
1189,8,2025-07-06
1190,20,2025-03-13
1190,44,2024-12-08
1191,48,2024-08-25
1192,40,2025-01-11
1192,6,"March 09, 2024"
1193,30,2024-03-19
1193,19,2025-02-13
1194,32,2024-07-01
1195,35,12-05-2024
1195,3,14 Feb 2024
1196,34,"October 19, 2024"
1197,38,2024-09-13
1198,24,2024-07-23
1198,9,2024-08-21
1199,50,2024-11-06
1199,26,2025-02-08
1200,24,2024-09-25
1200,38,2024/11/15 00:00:00
1200,57,2024-10-21
1201,45,2024/09/02 00:00:00
1201,29,2024-08-10
1201,44,2024-08-13
1202,54,2024/06/03 00:00:00
1203,57,2024-08-19
1204,2,2025-02-04
1204,7,2024-05-01
1205,8,2027-03-19
1205,29,2025-07-23
1206,39,2025-06-10
1206,41,2024-11-26
1207,12,2024/10/22 00:00:00
1208,2,2024-10-18
1209,28,2024-04-11
1210,1,2025-04-19
1211,32,2024-05-01
1212,19,2025-09-03
1212,27,2024-05-28
1213,53,2024-01-16
1213,60,2024-11-20
1213,4,2024-05-07
1214,24,2024-09-07
1214,50,2024-03-04
1215,50,2024-05-04
1216,2,"February 06, 2024"
1217,41,2024-08-27
1217,46,2024-11-24
1218,29,2024-11-27
1218,39,2024-04-26
1219,26,2025-08-18
1219,36,2024-12-17
1220,29,2024-12-30
1221,20,2024-10-17
1222,27,
1223,34,2024-05-31
1224,32,06-03-2024
1224,27,
1224,41,18 Apr 2025
1225,28,2024-07-29
1225,29,18/12/2024
1225,60,2025-04-27
1226,20,2024-05-13
1226,30,23 Jan 2025
1227,21,08/03/2024
1227,9,2024-06-03
1228,27,25 Nov 2024
1228,3,2024-04-26
1229,16,"September 09, 2024"
1229,43,
1230,15,05 Aug 2025
1231,2,2024/09/03 00:00:00
1232,41,2025-06-11
1233,2,
1234,36,2024-07-28
1235,44,2024-08-19
1236,29,2025-04-21
1236,7,2025-06-21
1236,18,2024-08-16
1237,48,2024-07-12
1237,46,
1238,35,2025-05-05
1238,25,2024-12-13
1239,13,03-31-2024
1240,27,2025-07-08
1241,17,1900-01-01
1242,30,09-19-2024
1242,4,2025-03-06
1243,57,2024-05-25
1244,34,2024-11-09
1245,50,2029-03-31
1246,45,2024-03-30
1246,51,2024-04-15
1247,44,2024-10-19
1248,60,2024-06-28
1249,52,2024-09-17
1250,12,2024-11-10
1251,41,2024-07-09
1252,20,2025-09-25
1253,5,0000-00-00
1253,33,2024-04-01
1253,30,16/03/2024
1254,7,2024/11/27 00:00:00
1254,48,2024-07-05
1255,32,2024-10-15
1256,56,2025-05-13
1257,35,2024-04-10
1258,2,2024-06-04
1258,56,2024/07/07 00:00:00
1259,33,2024-10-07
1260,50,2024-03-24
1261,2,2028-01-31
1261,13,2024-09-04
1261,30,2024-12-04
1262,19,2025-01-30
1263,33,2024-08-30
1264,1,2024-04-27
1265,8,2025-07-19
1265,12,2024-06-11
1266,4,
1266,18,2024-05-14
1267,29,2024-11-19
1268,2,2024-09-30
1269,6,14/10/2024
1270,41,2024-08-27
1271,18,2024-01-19
1271,57,2024-08-17
1272,46,
1273,54,1899-12-30
1274,44,2026-01-15
1275,5,2024/09/27 00:00:00
1276,42,09-26-2027
1277,39,2024-04-18
1278,51,0000-00-00
1278,30,2025-08-18
1278,20,unknown
1279,35,2024-10-31
1279,38,31/02/2025
1280,2,04-19-2024
1280,57,2024-10-01
1281,30,08-08-2025
1282,16,2024-10-22
1282,20,0000-00-00
1282,33,2024-05-02
1283,25,2024-11-07
1283,24,2024-12-28
1284,37,2024-09-08
1284,28,0000-00-00
1285,42,2025-05-02
1286,18,1970-01-01
1287,6,2025-01-03
1288,48,2025-01-23
1288,12,2024-09-04
1289,38,2024-09-21
1289,59,2024-09-09
1289,41,26/11/2024
1290,56,2024-09-07
1291,12,23 Feb 2025
1292,42,2025-06-05
1292,44,2024-08-18
1293,54,2024-09-15
1294,39,2024-05-29
1294,57,"December 04, 2024"
1294,46,19/10/2024
1295,42,2024-05-06
1296,46,19/02/2025
1297,11,2024-10-23
1298,4,2025-05-28
1298,29,2024-06-11
1299,56,2025-03-16
1299,59,27/01/2024
1299,13,09-13-2024
1300,30,2024-04-15
1300,1,2024-09-04
1300,24,2025-01-12
1301,31,2024-06-24
1301,47,2025-03-09
1302,35,2025-01-27
1303,51,
1304,60,2025-02-23
1305,16,2024-08-24
1306,37,2024/08/29 00:00:00
1306,50,2024/12/03 00:00:00
1307,20,2024/09/28 00:00:00
1307,60,2024-11-03
1308,38,2025-13-05
1309,15,2024-10-19
1309,38,2024/06/04 00:00:00
1310,2,
1311,26,2024-04-06
1312,17,2024-12-13
1312,44,"July 08, 2024"
1312,3,22/01/2025
1313,45,2025-02-05
1314,11,
1315,16,2025-05-16
1315,27,2025-01-27
1316,25,2024-11-19
1317,7,2025-01-02
1318,44,29 May 2025
1318,18,2024-08-27
1319,44,06/06/2024
1319,8,2024-08-17
1320,46,2024-12-02
1321,54,2030-04-25
1322,9,
1322,20,2024-06-06
1323,27,2025-03-01
1324,9,2024-04-24
1325,5,2024-10-20
1325,13,2024-07-29
1326,50,2024-09-29
1326,13,2024-11-07
1327,11,2024-10-30
1328,6,2025-01-17
1329,4,1900-01-01
1329,12,2024-05-21
1330,16,2024-08-27
1330,20,
1331,35,2025-01-20
1332,7,2024-09-05
1332,32,2025-03-29
1332,51,"October 06, 2024"
1333,23,2024/02/22 00:00:00
1334,36,2024-08-21
1335,4,10/11/2024
1336,29,2024-06-18
1337,50,2025-01-28
1338,32,2024-11-08
1338,27,2025-07-26
1338,36,11-02-2024
1339,13,2024-11-25
1340,53,"December 12, 2024"
1340,50,2024-09-23
1341,33,2024-03-17
1341,24,15/08/2024
1342,3,2024-07-19
1342,44,2024-09-17
1343,29,
1343,40,2025-05-02
1343,13,01-11-2025
1344,50,13/10/2024
1345,59,2024-07-06
1345,3,2024-09-08
1345,18,2024-12-17
1346,29,
1346,33,2025-02-01
1347,44,2024-10-23
1348,16,2024-08-20
1349,36,2024-10-10
1349,52,2025-01-01
1350,7,2024-03-28
1351,41,2024-04-20
1351,30,2025-06-12
1352,40,2024/12/13 00:00:00
1353,54,2024-10-08
1354,27,2025-02-04
1355,47,2024-11-30
1356,6,
1357,23,2024-10-06
1358,3,11 Feb 2025
1358,28,2025-03-17
1358,12,2024-09-29
1359,18,2024-11-22
1360,27,2025-01-09
1360,42,25 May 2024
1361,19,2025-01-06
1361,48,2024-04-28
1362,30,2025-04-07
1363,57,2025-03-04
1363,20,2025-02-01
1364,33,2024-03-04
1365,47,2024-08-09
1366,31,2024-03-31
1367,25,2024-06-12
1368,56,2024-11-17
1369,54,2024-10-15
1369,31,2024-05-20
1369,17,2024-12-19
1370,9,2024-11-22
1371,41,2024-07-06
1372,36,2025-03-13
1372,46,29 Mar 2025
1372,22,2024-04-14
1373,19,2024-07-06
1374,54,2024-06-04
1374,32,2024-02-12
1375,13,2024-08-29
1376,16,2024-10-09
1376,35,2025-03-27
1377,32,2024-07-18
1378,20,2025-03-07
1378,26,2024-06-13
1379,40,2024-06-15
1380,44,2025-02-05
1381,4,0000-00-00
1382,23,2024-11-05
1382,28,2024-05-08
1383,24,2025-03-09
1384,11,2025-06-02
1385,54,2025-01-29
1386,23,2024-06-05
1386,12,01-01-1970
1386,42,2024-10-23
1387,17,"December 30, 1899"
1388,13,2024-10-20
1389,48,2024-08-18
1390,38,2025-02-10
1390,40,2024-09-10
1390,16,2024/04/02 00:00:00
1391,54,2025-07-16
1391,4,2024/12/01 00:00:00
1392,36,2024-04-03
1392,10,2024-11-26
1392,35,"August 05, 2024"
1393,54,2025-03-31
1393,38,2024-06-18
1394,18,2024-06-04
1394,31,25 Dec 2024
1394,12,2024-04-30
200408,32,2024/11/24 00:00:00
1396,20,
1397,42,"June 01, 2024"
1398,16,2024-10-04
1398,19,2024-08-31
1398,9,2024-04-05
1399,32,2024-08-11
1399,20,2024-04-09
1399,10,2024-12-29
1400,54,2025-04-07
1400,34,2025-08-31
1401,11,2025-06-10
1401,31,2024-12-11
1402,22,2024-12-19
1403,10,2024-05-10
1403,48,2024-10-16
1404,7,2025-02-14
1404,55,2024-07-21
1404,17,2024-10-23
1405,34,2024-10-14
1406,43,2024-08-17
1407,7,"May 20, 2025"
1407,42,2024-06-07
1407,10,2025-01-11
1408,39,2024-09-09
1408,31,2025-02-15
1409,5,2024-05-12
165628,40,2024-03-23
1409,2,2025-06-21
1410,3,2024-08-23
1411,54,
1411,17,2025-04-12
186523,46,2024-05-07
1412,25,2024-11-16
1413,42,2025-04-10
1414,14,"May 16, 2025"
1414,49,2029-08-24
1415,36,2025-01-08
1416,22,2024-04-02
134463,3,13/01/2025
1417,49,2024-11-19
1418,36,2024-07-24
1418,29,2025/02/17 00:00:00
1419,10,2024/03/15 00:00:00
1419,3,2025-03-06
1420,20,2025-02-02
1420,52,2024-06-27
1421,5,2024-10-30
1421,24,2024-12-24
1422,23,2024-12-01
1423,52,2024-08-12
1424,23,03 Oct 2024
1424,39,2024-10-26
1425,7,2025-01-27
1426,54,2025-01-12
1426,43,2024-06-03
1426,50,2024-11-19
1427,13,2025-04-26
1428,34,
1429,44,01-01-1970
1430,37,2024-12-16
1431,15,2024-06-11
1432,20,"April 11, 2024"
161617,34,2024-10-31
1434,30,2025-03-22
1434,51,2025-02-12
1434,57,06/06/2024
1435,45,2024-06-18
1435,34,2024-09-26
1436,53,31/02/2025
1437,23,2025-01-03
1437,7,2024-06-22
1438,49,2024-10-03
1439,7,2024-06-01
1439,53,2024-07-05
1440,53,2025/01/27 00:00:00
1441,8,2024-11-03
1441,42,2024-08-18
1442,34,"July 08, 2024"
1443,19,2026-12-05
1443,11,"November 09, 2024"
179573,37,2024-07-28
1444,6,2024-12-23
1445,20,2024-06-27
1446,29,2025-03-31
1446,50,01-02-2025
1446,16,01/01/1900
1447,12,2025-03-06
1447,6,2024-04-17
1448,44,05 Dec 2024
1449,41,2025-08-17
1449,11,2024-06-21
1449,57,2024-04-01
1450,18,2024-06-07
1450,45,2024-06-16
1450,17,2024-05-08
1451,32,2025-03-11
1452,54,2025-05-24
1453,18,1900-01-01
1453,13,02/05/2027
1454,12,2024-07-12
1455,50,
1455,13,2024-05-25
1455,46,N/A
1456,30,0000-00-00
1456,20,2025-03-30
1456,44,2025-04-13
1457,7,N/A
1457,31,"December 30, 1899"
1457,40,2024-10-29
1458,2,2024-12-21
162458,28,2024-10-04
1459,18,2024-06-29
1459,6,2024-10-13
1460,58,2025-11-28
1460,5,2025-05-31
1461,45,2024-12-15
1461,54,2024-10-25
1462,12,2024-11-29
1463,7,11-14-2024
1463,38,2024-03-25
1463,30,2025-03-07
1464,24,1900-01-01
1465,24,2025-02-08
1465,7,1899-12-30
1465,30,29 Oct 2024
1466,6,14 May 2024
1466,50,2024-08-09
1467,29,2024-08-21
1467,53,2024-06-01
1467,19,2024-03-01
1468,51,2025-02-26
1469,5,
1470,7,2024-07-04
178727,58,1970-01-01
1471,56,2024-03-16
1471,37,2025-03-29
1472,28,2024-02-28
1472,39,2025-01-06
1473,39,2024-12-07
1473,5,"May 30, 2025"
1474,8,05-18-2024
1475,32,2024-08-13
1475,22,2024/08/21 00:00:00
1476,54,2024-10-10
147745,50,31/02/2025
1478,41,2024-10-04
1479,4,28 Apr 2025
1480,39,2024-12-18
1481,32,2025-06-19
1481,19,2024-12-08
1481,16,2025-09-05
1482,50,2024-09-28
1483,24,2025-06-09
1484,53,2024-10-27
1485,32,2024-08-16
1486,29,2024-10-31
1486,31,02-13-2028
1487,44,N/A
1488,1,19/04/2025
1489,13,2025-02-23
1490,29,2025-04-02
1490,43,2024-02-27
1491,13,2024-03-08
1492,38,2025-03-24
1493,20,2024-07-11
1494,25,2025-01-05
1495,27,2024-08-12
1495,18,2025-06-10
1495,40,10-07-2024
1496,50,2025-01-13
1497,12,2024-07-16
1497,4,1899-12-30
1497,50,2024-09-24
1498,27,2024-09-12
1499,39,2025-01-03
1500,38,2025-04-16
1501,48,2024-11-06
1501,33,2024-03-21
1501,54,2024-08-10
1502,18,2025-05-02
1503,27,05 May 2024
1503,17,2024-04-19
1504,20,16/12/2024
1505,19,05-29-2025
1505,32,2025-03-12
1505,52,05-23-2024
1506,15,
1506,26,2024-11-13
1506,57,2024-09-06
1507,59,2024-06-28
1508,51,2024-11-13
1509,54,"September 24, 2024"
1509,37,2024-04-13
1509,40,2024-11-13
1510,13,"December 09, 2024"
1511,34,2024/09/18 00:00:00
1511,59,2024-07-04
1512,28,2024-04-11
1512,40,2025-01-18
1513,9,2024-05-08
1514,51,2025-07-29
1515,29,2025-02-23
1516,49,01/01/1900
1517,12,31/02/2025
1518,9,
1519,31,2025-05-09
1520,50,04-21-2024
1521,34,2024-07-19
1522,41,2025-04-23
1522,29,2024-11-27
1523,32,2024-11-16
1524,11,2025-07-30
1525,3,2024-09-22
1526,35,2025-04-12
1526,27,2025-08-01
1526,23,2024-03-15
1527,7,"February 04, 2024"
1528,16,2024-09-23
1528,38,10-18-2024
1529,16,2025-03-13
1530,43,2025/01/15 00:00:00
1530,9,2024-08-08
1530,37,2024-09-06
1531,20,0000-00-00
1531,37,2025-06-06
1531,54,2024-03-05
1532,41,2024-07-07
1533,60,2024-07-21
1533,34,2024-07-13
1533,37,2025-03-03
1534,27,"February 15, 2025"
1534,37,2024-11-05
1535,35,2024-04-25
1536,13,2024/12/07 00:00:00
1536,30,
1537,56,2025-04-10
1538,35,2024-09-20
1538,17,2024-09-04
1538,31,2025-06-02
1539,4,
1540,17,2024-08-24
1541,13,2024/12/14 00:00:00
1541,52,
1541,46,2024-09-04
1542,2,2024-08-18
1543,10,2024/12/21 00:00:00
1543,31,2024-12-05
1544,29,2024-07-29
1545,26,2025-03-27
1546,54,"July 02, 2030"
1547,7,2024-11-22
1547,13,2024-04-06
1547,9,2025-01-20
1548,5,2024-08-21
1548,20,1900-01-01
1548,10,24 Sep 2024
1549,36,22 Mar 2025
1549,60,2024-10-19
1549,42,2024-09-08
1550,42,2025-04-16
1550,14,02-02-2025
1551,37,2025-05-26
1552,17,2025-08-19
1553,38,2024-01-18
1553,34,2024-12-16
1554,20,05 Oct 2024
1555,36,2024-08-06
1556,18,
1556,31,2030-06-10
1557,31,2024-10-07
1558,44,2025-04-29
1558,4,2024-10-15
1559,45,2024-11-20
1560,18,2024-10-31
1561,42,2025-04-18
1562,59,2025-02-28
1563,30,2024/12/15 00:00:00
1564,20,2024-10-06
1564,49,21 Mar 2025
1565,31,2024-05-25
1565,44,2025-03-26
1565,34,2024-12-18
1566,54,2025-03-23
1567,12,2024-12-31
1568,15,2024-01-31
1568,14,31/02/2025
1568,60,
1569,57,N/A
1570,30,2025-06-21
1571,32,2024-05-06
1571,42,2024-12-02
1571,34,2025-07-20
1572,22,13/05/2024
1572,19,2024-01-29
1572,38,2024/11/26 00:00:00
1573,42,
1573,50,2025-03-27
1574,40,2025-07-17
1575,43,2024-09-19
1576,58,2024-03-16
1576,48,"December 02, 2024"
1577,42,2025-05-23
1578,30,2024-10-12
168766,46,2025-13-05
1579,35,1899-12-30
1580,30,2024-12-15
1580,53,
1581,15,2024-08-12
1582,15,2024-11-27
1582,12,10 May 2025
1582,16,2024-10-02
1583,53,1900-01-01
1584,59,2024-07-06
1585,20,2025-05-22
1585,50,2024-06-12
1586,25,2025-03-06
1586,17,2024/11/04 00:00:00
1587,26,2024-10-27
1587,22,2025-03-10
1588,53,"July 27, 2025"
1588,52,2024-06-23
1588,4,2024-10-11
1589,13,2025-08-08
1590,12,10-12-2024
1590,41,2025-03-23
1591,43,"March 03, 2025"
1592,57,2024-08-19
1593,32,28 Jul 2024
1594,35,2024-02-22
1594,27,1900-01-01
1594,26,20 Dec 2024
1595,11,2024-10-11
1596,13,01 Feb 2025
1596,6,2024-07-10
1596,31,2024-07-24
1597,11,2024-09-18
1598,20,2024-08-07
1599,57,2024-04-29
1600,60,2025-06-13
1600,44,
1601,7,2025-04-28
1602,5,2024-07-31
1603,7,2027-07-28
1603,18,21 Sep 2024
1603,37,2024-09-29
1604,13,30 Oct 2024
1605,43,2024-04-19
1605,16,2025-01-05
1605,10,2025-06-24
1606,12,0000-00-00
1606,40,2024-09-11
1606,48,2024-07-28
1607,29,2024-01-24
1608,4,2025-05-09
1608,5,
1608,26,2025-01-20
1609,6,2024-06-18
1610,32,
1611,58,2024-07-10
1611,3,
1612,30,2024-08-30
1612,26,03-07-2024
1612,7,2024-10-19
1613,16,24/06/2025
1614,6,N/A
1614,27,2025-01-28
1614,33,2025-05-20
1615,30,2024-09-20
1615,6,"September 22, 2024"
1615,25,2024-11-30
1616,12,2024-04-29
1616,35,2024/12/13 00:00:00
1617,22,2024-05-24
1618,15,2024-12-16
1618,29,2025-04-30
1619,60,2024-06-01
1620,45,2024-11-20
1621,36,N/A
1621,46,2025-02-26
1622,35,"May 05, 2024"
1623,59,2025-03-27
1623,4,2024-05-30
1624,4,2024-05-02
1625,44,2025-05-30
1626,10,2024-10-25
1626,5,2024-05-07
1627,37,2024-09-03
1627,5,2025-05-06
1628,17,2024/12/07 00:00:00
1629,8,31 Oct 2024
1629,59,2024-03-20
1629,54,2025-03-31
1630,52,2024-12-09
1631,50,2025-12-04
1631,7,2024-06-12
1632,38,"August 17, 2024"
1633,53,2024-11-20
1633,36,2025-01-21
1633,29,1970-01-01
1634,24,2025-07-30
1635,20,07-07-2024
1636,20,2025/04/10 00:00:00
1636,6,N/A
1636,57,2025-03-12
1637,18,2024-05-16
1638,17,"April 21, 2025"
1639,20,2025-01-08
1640,42,2025-04-01
1641,12,2025-02-26
1641,43,2025-06-24
1641,60,2024-02-04
1642,6,2025/06/28 00:00:00
1643,47,2024-11-23
1644,35,2024-06-19
1644,39,2024-07-07
1645,20,2024-12-01
1645,17,2024-10-26
1645,10,2024/09/18 00:00:00
1646,26,2024-12-10
1646,50,2025-07-12
1647,4,2024-04-23
1647,19,2025-05-12
1648,50,2025-04-13
1648,58,01/11/2024
1648,22,2025-01-20
1649,13,2024-10-20
1649,32,"February 19, 2025"
1649,54,2025-04-09
1650,30,1900-01-01
1651,31,2025-08-17
1652,34,2024-08-17
1653,59,04 Oct 2024
1654,12,2024/03/13 00:00:00
1655,11,21/02/2025
1656,30,2025-01-09
1657,52,2024-06-14
1657,27,2024-09-05
1657,43,N/A
1658,27,2025/04/19 00:00:00
1659,37,2024-07-01
1660,34,2025-07-04
1660,35,2024-05-22
1661,12,2024-05-21
1661,15,2025-03-10
1662,44,02-17-2025
1662,27,2024-08-30
1663,58,2024/10/29 00:00:00
1664,7,2024-04-24
1664,58,2024-10-24
1665,20,2024-08-31
1666,34,
1666,53,2024-03-14
1666,25,"October 31, 2024"
1667,44,04 Dec 2024
1667,1,
1668,29,2025-02-20
1668,59,2024-02-28
1669,44,2025-07-12
1670,57,2024-12-14
1670,31,2024-12-15
155843,25,22/09/2024
1671,59,2025-05-22
1672,13,2024-02-18
1672,29,02/05/2025
1673,15,2024-09-12
1674,13,2024/03/28 00:00:00
1675,50,2024-09-17
1675,27,2025-08-04
1675,20,"July 04, 2025"
1676,50,2025-01-28
1677,13,"November 01, 2024"
1677,6,2025-05-19
1678,9,2024-07-23
1678,4,"July 15, 2024"
1678,49,2024-12-28
1679,39,28/04/2024
1680,30,2024-11-17
1681,34,N/A
1682,39,2024-09-18
1683,53,2024-12-30
1683,22,2025-01-11
1683,27,2025-04-09
120126,30,2024-06-21
1684,32,2024-02-21
1685,4,2024-08-30
1686,50,
1687,45,2025-03-17
1687,50,2025-02-08
1687,20,2024-07-13
200320,16,2024-05-11
1688,29,2025-05-30
1688,32,"May 05, 2024"
1689,9,09-23-2024
1689,17,30/08/2024
1690,13,2025-04-10
1691,34,2024-11-26
1691,2,2024-12-27
1692,30,07-16-2024
1692,18,2024-02-18
1693,31,28/05/2024
1693,54,2024-04-12
1693,34,2024-12-19
1694,32,2025-05-05
1695,40,2024-11-23
1695,57,2024-06-24
1695,9,2025-08-12
1696,35,
1697,18,2024-03-09
1698,29,24/09/2024
1698,43,2024-11-08
1699,48,2024-04-28
1700,21,
1701,22,2025-01-16
1702,40,2024-11-06
1702,44,2024-06-07
1702,31,2024-08-12
1703,30,
1703,24,2024-04-14
1704,18,2024/11/23 00:00:00
1704,44,2025-05-11
1705,8,2024-03-07
1706,48,2024-10-03
1706,12,04-12-2025
1706,29,"October 06, 2024"
1707,12,2025-08-20
1708,39,2025-03-30
1709,24,2024-11-30
1709,58,2024/08/09 00:00:00
1709,31,2025-02-18
1710,30,1899-12-30
1711,29,2024-05-26
1712,3,2024-03-26
1713,2,2025/07/19 00:00:00
1714,21,05 Mar 2025
1714,32,2024-09-13
1714,52,2024-10-02
1715,44,
1716,45,2024-07-30
1717,50,2024-03-24
1717,13,"March 11, 2025"
1717,46,"January 22, 2025"
1718,3,2024-09-28
1718,40,2024-10-11
1719,29,"August 11, 2024"
1719,38,04 Dec 2024
1720,7,2025-07-13
1721,4,2025-07-13
1722,43,2025/04/03 00:00:00
1723,52,2030-01-16
1723,6,2025-06-09
1723,13,2024-10-10
1724,45,2024-04-22
1724,5,2025-04-20
1724,3,2025-04-09
1725,60,2025-01-09
1726,54,2024-07-12
1727,7,2024/03/24 00:00:00
1728,10,0000-00-00
1728,39,2025-01-03
1729,9,2024-07-13
116010,32,2024-11-14
1729,34,2025-01-15
1730,52,2024/05/19 00:00:00
1730,55,2024-10-28
1731,8,2025-03-13
1731,53,2024-10-30
1732,53,2024-06-22
1732,3,2024-06-30
1732,11,2024-10-05
1733,41,2025-03-01
1734,40,2024-08-19
1735,27,2024-06-10
1735,32,2024-02-07
1735,60,2024-08-07
1736,27,05-18-2025
1736,32,2024-09-02
1737,1,2025-05-03
1738,28,2024-12-30
1739,7,2024-02-17
1740,6,08-19-2024
1740,20,2024-07-01
1740,42,23/01/2027
1741,15,2024-06-13
1742,41,2025-01-12
1742,32,2024-11-06
1743,6,2024-05-19
1744,37,02 Oct 2024
1744,19,2025-02-08
1744,16,08/08/2024
1745,33,2024-10-30
1746,17,2025/06/22 00:00:00
1747,24,2024-06-11
1747,12,2024-08-27
1748,41,2024-06-01
1749,34,25 Jun 2024
1750,5,18/02/2025
1751,40,2024-09-03
1751,39,
1752,45,2024-08-26
1752,49,2024-08-21
1752,44,2024-09-14
1753,26,2024-12-07
1753,42,2024-02-22
1754,20,2024-05-21
1754,48,2024-08-24
1754,14,2025-04-10
1755,2,2024-09-17
1756,37,2025-03-14
1756,30,04/07/2024
1756,36,2024-05-18
1757,4,2024-10-30
1757,57,09 Mar 2025
1758,44,2024-10-31
1758,15,2025/02/07 00:00:00
1759,2,2024/07/03 00:00:00
1759,10,2024-10-21
1759,58,2024-09-24
1760,38,04 Jul 2024
1761,31,2024-08-20
1761,15,2025-05-24
1762,7,2025-03-08
1763,59,10/08/2025
1764,5,2025-01-10
1764,50,31/02/2025
1765,18,1900-01-01
1765,13,2025-02-09
1766,10,
1767,50,2024-12-23
1768,17,2024-12-05
1768,12,2024-12-11
1769,33,10 Jan 2025
1770,34,2025-06-06
1771,20,2024-11-27
1771,28,17 Apr 2024
1771,19,2025-01-06
1772,50,
1773,34,2024-05-09
1773,39,2024-11-03
1774,44,31/02/2025
1774,42,2024-06-03
1775,42,2024-04-26
1775,41,2025-02-06
1775,60,2025-06-21
1776,44,
1776,58,2025-04-21
1777,50,1900-01-01
1777,44,2024-12-27
1777,37,2025-04-09
1778,13,2024-08-25
1779,25,2024-09-04
1780,48,2025-04-29
1781,41,2024-10-09
1782,4,2025-01-04
1783,59,2025-01-26
1783,20,2025-03-10
1783,50,2024-06-18
1784,52,2024-08-06
1784,6,2024-05-30
1785,58,2024-09-15
1786,20,2025-02-24
1787,33,2025-06-11
1787,50,2024-10-23
1787,49,2025-03-15
1788,45,2024-04-29
1789,31,2025-01-14
1789,53,2025-02-20
1790,10,2024-06-10
1791,17,05-29-2025
1792,54,2025-04-03
1792,50,2024/09/29 00:00:00
1793,13,2024-12-29
1793,17,2024-11-23
1794,7,2024-12-09
1795,20,2024-08-27
1795,48,2024-05-10
1796,37,2024-07-27
1797,23,2025-03-16
1798,31,27/02/2024
1799,43,2025-04-15
190944,34,2024-09-19
1800,30,"February 24, 2024"
1800,7,2025-07-13
1801,12,2024-10-11
1802,30,2025-03-13
1803,35,27 Oct 2024
1804,31,2025-03-05
1805,27,2025-05-03
1805,15,2024-05-13
1806,41,
1807,17,2025-01-25
1807,50,2024-06-14
1808,38,"July 04, 2024"
1809,12,2025-03-14
1810,29,16/06/2024
1810,36,2024-08-02
1810,34,2024-09-02
1811,43,2024-12-07
1812,36,2025-05-17
1813,53,2025-01-05
1813,19,2025-06-11
1814,51,06-05-2024
1815,30,2024-10-18
1816,43,2025-03-16
1817,33,
1817,36,2025-05-16
1817,53,
1818,38,2025-06-05
1818,3,03-06-2025
1819,47,2024-05-28
1820,32,2024-08-16
1821,53,2025/01/22 00:00:00
1822,4,2024-11-09
1823,28,"December 04, 2024"
1824,18,2024-10-20
1825,6,2025-01-22
1825,49,2024-05-18
1825,54,2025-04-25
1826,44,2024-07-12
1827,44,2024-04-03
1827,38,
1828,17,2024-07-06
1829,32,12/02/2025
1830,50,2025-02-08
1831,30,2025-04-19
1832,32,2024-11-06
194785,12,03-19-2024
1832,7,31/02/2025
1833,7,2024-05-11
1833,41,28/04/2025
1834,5,
1835,32,21/02/2025
1836,41,2024-09-07
1837,51,2024-08-13
1838,20,"July 06, 2024"
1839,34,2025-02-18
1840,49,31/02/2025
1841,32,2024-04-29
1841,4,2025-04-21
1842,54,2024-02-13
1842,19,2024-02-15
1843,14,
1843,40,10/05/2025
1844,18,2024-08-13
1844,5,2025-04-10
1844,9,2024-05-07
1845,30,2025-05-26
1845,45,2024-06-03
1846,32,2025-03-21
1847,7,2025-04-16
1848,39,2025-01-19
1848,18,2024/05/25 00:00:00
1848,31,"December 25, 2024"
1849,50,"May 05, 2024"
1849,7,2024-11-29
1850,7,2025-13-05
1850,15,2025-06-23
1851,20,2024-07-27
1851,7,1899-12-30
1851,52,2025-02-13
1852,41,2024-10-06
1853,50,11/05/2024
1853,43,2025-01-08
1854,40,2024-09-07
1854,45,06 Jun 2025
1855,31,2024/02/26 00:00:00
1856,40,04-11-2025
1856,15,1970-01-01
1857,18,2024-04-09
1858,10,
1859,57,"July 31, 2025"
1860,50,16 Jun 2025
1860,7,2025-02-27
1861,27,N/A
1862,18,16/10/2024
1863,39,2024-10-11
1864,16,2024-12-23
1865,16,2025-03-17
1866,41,2024-05-21
1866,7,2025-06-06
1867,34,2024-11-24
1868,25,2024-06-18
1869,45,12 Mar 2025
1870,7,2024/09/28 00:00:00
1871,31,2024-04-07
1872,35,1899-12-30
1873,14,2024-09-09
1874,24,2024-11-05
1875,58,2025-06-29
1876,30,2024-05-07
1877,27,2025-05-26
1878,17,2025-05-23
1878,14,2025-05-03
1879,3,2024-05-23
1879,54,2024-09-13
1879,20,2025-05-31
1880,15,24 Dec 2024
1881,59,2025-13-05
1882,40,2025-01-15
1883,24,2025-01-23
1884,20,2024-07-20
1885,19,2025-01-29
1886,7,2024-08-03
1886,30,26/05/2025
1886,46,20 Sep 2024
1887,27,2024-11-17
1888,12,18/03/2025
1889,42,19/05/2025
1890,20,1970-01-01
1891,13,2024-11-28
1892,42,2024-05-06
1893,42,2024-06-28
1894,57,2024-07-09
1895,29,
1896,23,2025/04/29 00:00:00
1897,7,12-01-2024
1897,5,10/02/2025
1898,29,31 Jul 2025
1899,20,2024-09-08
1900,50,13/08/2024
1901,10,2024-10-15
1902,10,2024/04/01 00:00:00
1903,10,2024-04-23
1904,3,2025-04-19
1904,58,2025-05-28
1905,12,2024-08-28
1906,26,2024-07-23
1907,12,26 Mar 2024
1907,16,2025-05-11
1907,46,N/A
1908,58,2025-04-18
1908,36,2024-09-29
1908,41,2024-08-17
1909,44,2024-05-30
1909,31,2024-10-05
1910,23,2024/09/16 00:00:00
1910,12,"March 02, 2025"
1911,39,2024-11-03
1912,32,2025-01-30
1913,2,2025-09-08
1914,11,
1915,20,2025-02-08
1916,20,2024-12-15
1917,32,2025-07-22
1918,52,2024/09/12 00:00:00
1919,4,2024-05-31
1919,36,"March 07, 2025"
1920,3,2024/06/21 00:00:00
1920,4,2024/05/13 00:00:00
1920,52,
1921,52,2024-03-07
1922,26,2026-11-24
1922,23,2024-04-18
1922,48,2024-08-16
1923,31,2025-04-29
1923,40,2025-03-30
1924,44,2024/05/07 00:00:00
1925,4,"October 19, 2024"
1925,29,2024-12-05
1925,44,19/02/2025
1926,29,2025-04-12
1926,14,1899-12-30
1927,41,2024-06-20
1928,54,2024-09-16
1929,18,2024-12-22
1929,4,2024-11-21
1930,50,2024-09-04
1931,52,2024-08-17
1932,4,2024-08-25
1933,4,2024-04-27
1934,4,2025-12-04
1935,31,2024-11-04
1935,14,2024-04-25
1935,16,2024/09/18 00:00:00
1936,54,2024-06-03
1936,16,2027-07-15
1936,7,2025-03-28
1937,6,2024-05-24
1937,27,
1938,39,
1939,37,2028-06-23
1940,29,09-16-2024
1941,31,
1942,19,2025-07-04
1943,53,2025-05-15
1943,24,2025-04-12
187670,17,2024-08-10
1944,32,2025-09-07
1945,33,2024-09-29
1946,17,2025-03-28
1947,6,"September 27, 2024"
1948,38,2024-03-21
1948,12,2025-02-17
1948,6,2024-03-06
1949,3,2024/08/17 00:00:00
1950,31,2025-06-02
1950,29,2024-02-13
1950,30,2024-11-04
1951,44,05-22-2024
1951,39,0000-00-00
1951,19,2025-13-05
1952,11,2024-06-20
1952,39,2025-08-27
1952,43,2024-07-03
1953,16,2025-03-25
1953,44,2024-06-14
1954,10,"February 16, 2025"
1955,39,2024-01-20
1956,32,2024-06-11
1956,57,31/02/2025
1956,4,04-30-2024
1957,54,2024-10-14
1957,42,2025-01-14
1958,6,2025-04-25
1959,24,2024-05-20
1959,42,2025-03-17
1959,30,2025-03-27
1960,54,2024/06/22 00:00:00
1961,13,2024-05-25
1961,56,2024-09-16
1961,16,2024-11-21
1962,46,04/08/2024
1963,14,11-19-2024
1964,54,2024-09-23
1965,2,2024-08-06
1966,38,2025-08-31
1967,21,2025-06-07
1967,16,2024/07/20 00:00:00
1967,17,2024-09-14
1968,9,2024-09-06
1968,32,2025-04-15
1968,38,2025-01-23
1969,48,2024-09-04
1970,3,2025-06-25
1971,28,1970-01-01
1972,24,
1973,29,2024-08-16
1974,4,2025-05-24
1974,12,2024-08-15
1975,45,10-18-2024
1975,58,2025-06-11
1976,18,2024-07-17
1977,27,21 Jul 2024
1977,24,2025-05-26
1977,41,04-09-2025
1978,3,2025-06-28
1979,38,2024-09-06
1980,25,2025-02-20
1980,45,2025-05-08
188002,30,
1981,32,2024-03-28
1982,25,2030-04-23
1982,34,
1983,43,2025-03-16
1984,12,15/12/2024
1985,7,2025-07-27
1986,6,N/A
1986,19,2025-06-24
1986,20,2024-07-01
1987,24,2025-04-23
1988,28,"July 19, 2024"
1989,47,"March 15, 2025"
1990,28,2024-10-30
1990,30,2025-07-02
1991,35,2025-06-22
1991,41,01-06-2025
1992,24,2025-03-25
1992,12,11-25-2024
1992,16,2025-06-25
1993,7,2025-03-28
1994,14,2024-11-14
1994,37,
1994,60,05-10-2024
1995,25,2025-07-28
1996,13,11-03-2024
1997,20,2024-04-23
1997,44,2024-12-03
1997,35,12 Jun 2024
163625,54,2025-01-05
1999,49,2025-05-21
1999,26,2024-06-27
2000,50,2025-01-31
2001,1,2025-03-11
2002,9,2024-01-25
2003,56,
2003,52,2024-12-08
2004,37,2025-08-30
2004,26,2024-05-26
2005,27,2024/10/11 00:00:00
2006,13,2024-09-04
2007,16,2024-11-22
2007,20,2024-04-09
2008,27,2024-06-04
2008,31,2024-09-02
2009,30,2028-08-08
2010,27,2025-02-06
2010,54,2024-09-21
2010,35,2024-04-15
2011,13,2024-09-30
2012,50,2025-13-05
2012,41,2024-08-04
2013,36,2025-07-03
2013,10,2024-07-09
2014,46,2024-08-30
2014,52,"September 02, 2024"
2015,50,2024-09-18
2015,14,2025-05-15
2016,20,2024/04/11 00:00:00
2016,27,2025-03-14
2017,59,2024/06/08 00:00:00
2017,9,
2017,13,2025-01-20
2018,30,2024-05-03
2018,9,N/A
2018,32,04-05-2025
127894,21,2024-10-18
2020,41,2025-01-21
2021,41,19/07/2025
2021,30,08-22-2024
2022,10,2025-02-05
2023,31,2024-12-12
2023,9,2024-08-25
141433,27,1900-01-01
2024,56,05/04/2024
2025,26,2024-06-09
2025,5,09-22-2024
2026,44,2025-02-16
2026,23,2025-05-01
2027,26,
156863,13,N/A
2027,11,2024/05/27 00:00:00
2028,20,
2028,43,2024-07-06
2028,10,2025-04-29
2029,28,2024-12-19
2029,57,2025-02-23
2029,59,2024-06-30
2030,33,2024-11-29
2031,9,2025-02-13
2032,18,2024-07-07
2032,35,2024-09-14
2032,20,2024-10-05
2033,18,2024-08-07
2034,4,2024-09-21
2034,36,"May 03, 2025"
2035,9,
2035,44,2024-09-11
2036,35,2028-03-21
2037,50,2024-07-09
2037,7,2025-03-12
2037,53,2024-05-28
2038,37,2025-05-06
2038,29,2024-11-03
2038,18,2024-09-16
2039,59,2024-09-04
2040,20,"May 14, 2025"
2041,50,2024-11-20
2041,40,2025-06-02
2041,58,2025-09-12
2042,18,2025-03-11
2043,14,"March 27, 2025"
2044,4,2024-07-12
2044,20,2025-12-19
2045,11,2024-06-22
2045,14,2024-07-20
2046,15,"April 06, 2025"
2046,27,"July 04, 2024"
2046,30,
2047,18,2024-11-05
2047,11,2025-04-20
2048,48,2024-10-28
2048,51,2025/02/11 00:00:00
2048,5,2024-05-13
2049,45,2024-02-26
2049,35,"September 11, 2024"
2049,34,12-25-2024
2050,33,2025-03-28
2051,37,"October 31, 2024"
2051,7,2025-01-31
2051,8,2025-01-17
2052,15,2024-03-21
2053,17,29 Aug 2024
2053,10,2025-13-05
2053,18,2025-06-12
126310,53,2024-12-17
2055,27,2025-08-08
2055,50,2024-08-21
2056,60,2024-10-29
2057,56,2024-05-25
2058,39,2024-07-10
2059,38,2024-12-12
2059,39,2024-07-04
2059,23,2024-02-06
2060,27,2024-11-13
2060,53,2025-06-20
2060,13,2024-11-01
2061,5,2024-06-26
2062,31,2024-07-30
2062,18,2024-09-21
2062,20,2024-04-14
2063,50,2025-07-27
2063,32,2025-03-06
2063,60,06-02-2024
2064,25,2025-05-14
2065,9,2025/01/30 00:00:00
2066,30,2024-06-14
2067,7,2024-07-14
2067,42,
2067,16,2024/03/31 00:00:00
2068,27,
2069,10,2025-04-02
2070,19,25/02/2025
2071,20,
2071,53,2025-04-06
2072,52,2024-08-08
2073,27,2024-04-26
2073,58,2024-05-18
2073,59,2024-06-02
2074,23,"July 03, 2025"
2075,50,2024-11-17
2076,18,2025-04-13
2077,20,"August 19, 2024"
2077,13,2024-03-12
2077,31,2025-03-17
2078,21,2024-10-22
2078,26,2025-01-30
2079,31,0000-00-00
2080,32,
2081,57,2025-06-11
2082,28,2024-04-12
2083,35,2024-06-04
2083,40,2027-01-02
2084,2,01/01/1900
2085,51,
154704,30,2025-04-02
2087,38,2024-09-05
2087,18,"August 23, 2024"
2087,4,2025-05-05
2088,9,01 Mar 2025
2089,55,2025-03-09
2089,32,2024-11-13
2089,10,2024-09-03
2090,9,2024-11-27
2090,20,01 Aug 2024
2090,12,2024-08-18
2091,40,2025/02/15 00:00:00
2092,58,2024-10-16
2092,44,2025-05-02
2092,43,1970-01-01
2093,39,2024-12-06
2094,20,2025-07-06
2095,13,04 Jan 2025
2096,30,2024-06-24
2096,9,2024-10-22
2096,13,2025-05-11
2097,12,"March 27, 2024"
125038,12,2024-06-15
2098,42,2026-11-27
2098,57,2024-06-03
2099,5,2025-06-21
2099,33,2024-12-17
2100,57,2024-02-26
2101,31,2024-11-16
2101,20,2024-09-25
2101,35,2025-03-05
2102,60,2025-06-28
2103,32,2024-09-24
2104,14,27 Jul 2024
2105,41,0000-00-00
2106,27,2024-10-06
2107,40,
2108,7,2025-02-25
2109,9,2025-04-23
2109,13,03-21-2024
2110,50,2025-07-04
2110,44,2025-13-05
2111,30,2025-03-07
2112,2,2024-05-26
2113,4,2025-05-04
2114,15,2024-05-07
2115,17,2024-11-07
2115,15,2025-04-23
2116,37,2025-02-25
2117,54,05-28-2024
2118,6,1970-01-01
2119,50,2025-06-17
2120,28,2025-06-18
2121,13,2024-10-26
2121,40,2025-05-01
2121,12,2025-07-13
2122,33,2025-01-19
2122,27,08-19-2024
2123,7,2025-03-12
2123,50,
139235,17,2024-05-20
2125,53,09/01/2025
2125,6,06/03/2025
2126,18,2024-04-21
2127,35,2024-06-25
2128,13,2025-01-06
2129,20,2025-01-15
2129,26,2025-05-10
2130,60,2024-08-06
2130,17,2024-10-20
2130,44,
2131,28,
2132,47,2024-07-08
2133,11,2025-01-02
2133,20,2024-12-06
2133,23,04-22-2025
2134,34,2024-10-12
2135,48,2025-06-08
2136,4,2024-08-22
2136,9,2024-12-14
2136,57,2025-13-05
2137,29,2025-01-05
2137,30,0000-00-00
2137,22,"December 18, 2024"
2138,42,2024-08-09
2138,29,2024-09-07
2138,55,2024-12-11
2139,18,2024-10-05
2139,44,2024-11-05
2139,5,2025-04-24
2140,11,
2141,41,2024-06-09
2141,50,2025-03-13
2142,35,11 Sep 2024
2142,25,08-15-2024
2142,9,2025-03-16
2143,46,2024/10/19 00:00:00
2144,52,20 Jan 2025
2145,50,2024-01-15
2145,29,2024-10-15
198496,14,
2146,4,2024-12-29
2147,6,2024-09-20
2148,10,"July 18, 2024"
2149,50,2025-01-26
2150,4,"August 14, 2024"
2150,3,2024-07-30
2151,14,2024/08/25 00:00:00
2152,33,2025-02-10
2153,10,2024-08-26
2154,60,2025/04/14 00:00:00
2155,18,21/09/2024
2156,49,2025-01-05
2156,17,2025-01-05
2156,18,2024-12-11
2157,58,2024-02-06
2158,10,2025-03-23
2159,19,2025-06-06
2160,31,2024-10-11
2160,28,"October 05, 2024"
2160,33,2024-09-03
2161,6,2025-05-30
2161,40,08-13-2024
2161,52,2024-12-01
2162,22,2024-12-05
2163,15,2024/12/01 00:00:00
2164,42,16 Aug 2025
2164,26,2025-02-09
2164,11,2024-10-07
2165,10,2025-13-05
2165,35,2025-02-06
2166,27,2024-04-27
2166,9,2024-05-10
173027,19,2025-06-22
2167,39,
2168,58,2024-04-26
2169,21,2025-05-01
2169,40,2025-03-15
2170,36,2024-04-05
2171,37,2024-05-25
2172,14,2025-07-11
2172,54,2024-03-27
2172,6,2024-09-05
2173,28,2024-09-04
2173,53,2024-10-15
2173,51,
2174,53,
2174,9,2024-10-06
2175,20,2025-01-28
2175,7,2024-06-03
2175,18,2024-07-23
2176,15,2025-04-12
2177,56,0000-00-00
2177,51,2025-03-06
2177,22,2024-03-12
2178,58,2025-02-17
2179,3,2024-08-25
2180,20,2024-07-20
2181,23,2024-05-26
2181,32,"February 08, 2025"
2182,32,1899-12-30
2183,6,2024-04-14
2184,20,2025-05-08
2185,12,2025-02-22
2185,56,2025-04-07
2186,3,2025-01-16
2186,1,2024-08-04
2187,16,2025-02-22
2188,16,2025-07-12
2189,54,2024-06-11
2190,27,2025-03-17
2190,54,2024-06-09
2191,27,2025-06-10
2192,9,2025-02-28
2192,40,2024-12-23
2193,13,2025-08-08
2193,26,
168968,20,2024-09-10
2194,26,19/09/2024
2194,29,2024-06-04
2194,19,2024-06-04
2195,39,2025-02-12
2195,59,2025-01-29
2195,13,2024-12-05
2196,4,22/06/2024
2196,27,2025-03-26
2197,59,2025-06-12
163019,42,2024-06-06
2199,29,2026-01-08
2200,54,"February 06, 2024"
2201,12,2024-10-27
2201,15,2024-11-24
2202,34,12 Aug 2024
2202,59,2024/07/10 00:00:00
2202,13,2025-04-09
2203,58,2025-08-23
2204,50,
2205,30,2025-07-27
2206,1,2024-02-26
2206,30,2025-01-12
2207,18,2024-02-21
2208,17,2024-05-07
2208,27,2024-06-16
2208,20,2024-11-18
2209,40,05-07-2025
2210,29,01-14-2025
2211,28,2024-09-02
2212,11,03/09/2025
2213,20,2024-06-24
2214,55,2024-07-16
2215,60,2025-07-10
2215,40,2024-10-26
2216,10,2025-01-23
2217,7,2024-11-09
2217,5,2025-08-15
2218,15,2024-09-03
2218,37,2024-11-29
2218,9,2025-02-05
2219,20,
2220,29,"June 08, 2024"
2221,60,2024-04-11
2221,15,09-11-2024
2221,20,2025-03-12
2222,38,2024-08-17
2223,16,2024-11-10
2224,44,2024-12-03
2225,36,2024-10-23
2226,35,27 Jul 2025
2227,33,2025-04-14
2228,29,2025-03-11
2229,40,N/A
2230,58,2024-11-05
2231,42,2025-07-13
2231,4,06/10/2024
2231,5,2024-06-12
2232,40,2025-02-20
2233,42,2024-10-14
2234,38,2024-04-30
2234,15,0000-00-00
2235,58,2025-03-21
2235,3,2024-08-20
2235,57,2025-01-07
2236,41,02-29-2024
2236,13,2024-10-12
2237,12,2024-05-27
2238,59,04-20-2025
2238,25,07/06/2025
2239,31,2025-02-09
2240,12,2025-06-24
2240,10,2025-03-27
2241,28,01-29-2025
2241,23,2024-11-05
2242,9,2024-11-12
2243,37,2025-01-18
2244,56,01-10-2025
2245,50,2024-10-08
2246,11,2024-11-22
2247,40,2026-04-13
2247,30,2024-12-11
2248,35,2024/05/26 00:00:00
2248,11,2026-03-13
2249,32,2024-02-23
2250,53,2025-04-02
2250,20,2024-06-08
2250,25,2024-11-01
2251,21,2025-05-12
2251,36,2029/11/06 00:00:00
2251,7,
2252,22,2025/01/14 00:00:00
2252,52,14/12/2024
2252,57,2024-02-23
2253,7,"September 22, 2024"
2253,11,2024-06-19
2254,53,2024/03/25 00:00:00
2254,35,"November 08, 2024"
2254,18,2025-02-17
2255,60,2024-12-23
2255,29,2024-05-24
2256,46,2024-06-05
2256,10,2025-03-14
2256,18,30 Apr 2025
2257,20,2024-10-11
2257,37,2024-04-22
2257,38,2024-10-06
2258,29,2024-12-04
2259,30,2024-09-08
2260,13,2025-05-06
2260,32,2024-11-24
2260,60,2025-02-11
2261,54,2024-11-11
2262,58,2024-06-22
2263,11,
2263,1,2024-10-17
2263,37,
2264,31,2024-11-27
2264,27,09-25-2024
2265,53,1970-01-01
2266,53,2024-09-13
2266,20,2024-04-19
2267,37,2025-06-23
2268,36,2024-12-27
2269,57,2024-05-26
2270,47,2024-08-15
2270,31,2024-03-09
2270,4,1970-01-01
2271,18,2024-11-15
2272,12,2024-04-30
2272,47,2025-02-13
2272,50,2025-01-26
2273,42,2025/01/18 00:00:00
2273,27,2024-08-03
2274,12,2025-07-10
2274,31,2025-08-16
2274,41,2025-05-04
2275,3,2025-02-11
2276,18,09-01-2025
2277,56,2024-08-01
2277,33,12-01-2024
2277,45,2025-05-29
2278,3,2025-01-24
2278,17,2025-02-26
2278,37,2024-10-26
2279,13,2024-09-04
2280,35,2024-12-05
2281,27,2025-04-24
2281,30,2025-07-27
2282,37,0000-00-00
2283,20,2025-01-19
2284,57,2025-07-16
2285,12,0000-00-00
2286,44,2024-12-29
2286,31,2025-06-18
2286,50,1900-01-01
2287,53,04-05-2025
2287,4,2024-06-05
2288,40,2024-02-16
2289,54,2025-01-19
2290,53,2024-05-08
2291,17,05/01/2025
2292,30,2025-01-05
2293,27,2024-07-01
2294,52,2024-09-26
2295,48,26/02/2025
2296,59,2024-09-25
2296,54,2025-01-24
2296,16,2028-09-04
2297,35,2024-08-03
2298,5,01-12-2025
2298,60,2024-05-10
2299,7,N/A
2299,36,10/10/2024
2299,29,2024-10-15
2300,15,2024-06-21
2300,20,2025-01-07
2300,4,2025-04-15
2301,15,2025-01-10
2301,34,2025-07-26
2301,38,2024-03-19
2302,46,2024-10-16
2303,32,2024-04-15
2303,28,07 Aug 2024
2304,6,2025-02-15
2305,26,2024-03-24
2305,2,2024-07-23
2305,9,2024-09-21
2306,38,09-12-2024
2307,42,2024-09-15
2308,15,2024-09-30
2308,27,2024-05-23
2309,54,2024-06-28
2309,60,2024-11-07
2310,38,2024-07-26
2311,24,2025-01-25
2312,18,2024-09-13
2312,16,2024-04-28
2313,32,2024-11-18
2314,45,2024-09-01
2314,2,2030-08-06
2315,47,03 Sep 2024
2316,49,07-04-2024
2317,11,2024-08-11
2318,46,2024-09-18
2319,28,2024-05-05
2319,15,2024-05-02
2319,38,2025-05-13
2320,13,2024-11-28
2321,20,2024-08-24
2321,37,2024-11-12
2321,7,2025-03-29
2322,45,2024-11-26
2323,48,N/A
2323,27,2024-09-08
2323,17,2024-11-12
2324,60,
2324,4,"December 10, 2024"
2324,29,22 Apr 2025
2325,52,2025-13-05
2325,37,2024-11-26
2325,27,2027-08-28
2326,20,19/01/2025
2326,60,2024-10-17
2327,32,2026-01-16
2328,33,2025-03-16
2328,44,2024/11/20 00:00:00
2329,54,2025-03-29
2329,20,2024-09-05
2330,3,0000-00-00
2330,60,2025-03-10
2331,20,1900-01-01
2331,32,2025-06-08
2332,36,2024-02-19
2332,50,
2332,54,2024-10-29
114650,5,31/02/2025
2333,50,2024-03-28
2333,9,2024-09-18
2334,19,30 Dec 1899
2335,9,2025-04-27
2336,35,
2337,18,2025-08-18
140688,25,
2339,4,2024-07-05
2340,54,unknown
2341,12,2025-04-18
2342,24,03-30-2025
131153,26,2024-09-06
2343,12,2024-08-27
2343,43,2024-06-11
2343,26,2025-03-22
2344,40,2024-09-24
2344,48,2024/05/27 00:00:00
2344,7,2024-10-18
2345,57,2024-11-17
2346,9,2025-13-05
2347,24,2024-07-15
2347,55,2025-02-02
2347,23,2024-06-15
2348,17,2024-11-01
2348,8,2024-12-22
2348,20,2025-08-21
2349,12,2024-07-03
2350,7,
2351,7,2025-03-26
2351,34,2025-01-22
2351,30,2024-07-08
2352,43,2025-06-28
2353,30,2024/06/17 00:00:00
2354,9,2024-08-28
181814,39,2024-06-04
2355,11,2025-03-14
2356,38,2025-06-21
2357,33,2025-01-30
2358,2,05/11/2024
2359,26,2024-06-09
2360,12,2024-12-12
2361,40,2024-05-05
2362,2,2024-06-05
2362,4,2024-10-04
2363,20,2024-09-28
2364,15,2024-10-16
2364,20,2025-01-25
2364,12,2025-01-01
2365,48,2024-08-19
2365,39,"April 08, 2025"
2366,45,
2367,36,2025-04-25
2367,34,2024-10-03
2367,4,2025-02-27
2368,41,2024-06-15
2369,27,2024-03-20
2369,28,2024-12-06
2369,32,2025-03-26
2370,54,2025-01-29
2371,41,2024-11-23
2371,7,
2372,32,1899-12-30
2372,54,2024-05-08
147566,39,20/04/2024
2374,33,2024-10-28
2375,13,09-20-2024
2376,40,2024-12-20
2376,35,2024-09-17
2376,30,2025-03-12
2377,4,2024-06-18
2377,40,2025-04-22
2377,8,
2378,4,2024-09-24
2379,28,2025-06-01
2380,9,2024-07-28
2380,36,2025-01-18
2381,42,2024-08-23
2382,50,2024-06-23
2383,39,2025/03/11 00:00:00
2384,45,2024-07-24
2385,8,2024-11-14
2386,7,2024-09-18
2387,42,10 Jan 2025
2388,20,"January 27, 2025"
2389,49,2024-08-22
2390,34,2024-03-29
2390,3,2024-05-27
134788,7,04-02-2025
2392,6,0000-00-00
2392,42,19/06/2024
2393,38,2024-07-27
2393,14,2024-07-24
2394,48,"April 12, 2025"
2394,2,2025-06-09
2394,27,2024-03-26
2395,30,2024-09-11
2395,33,26/10/2024
2396,45,2024-04-25
2397,31,2025-01-05
2397,15,2025-01-08
2397,34,2024/09/25 00:00:00
2398,38,09 Dec 2024
2399,42,2025-02-16
2400,15,26 Jul 2024
2401,29,2024-12-30
2402,18,06-08-2024
2403,14,0000-00-00
2403,41,2024-10-26
2403,12,2024-07-23
2404,13,2025-01-03
2404,40,2024-05-04
181403,3,2024-04-06
2405,29,2024/06/27 00:00:00
2405,34,2024-06-24
2406,46,2025-07-22
2406,32,2024-10-20
2407,52,2024-11-18
2408,12,2025-01-11
2408,39,2025-04-28
2409,52,2024-04-24
2409,30,2024/08/15 00:00:00
2410,12,2024-12-01
2410,3,2024-07-03
2410,13,2024-09-04
2411,34,2025-02-05
2411,43,2024-06-06
2411,20,15 Oct 2024
2412,39,2024-04-11
2413,18,2025-04-07
2414,10,2024-04-28
2414,45,2025-04-14
2415,4,2024-08-28
2416,18,2025-06-15
2417,12,2024-06-23
2418,28,2024-05-07
2418,32,2025-02-20
2419,20,2024-02-17
2420,44,2024-07-17
2421,59,2024-10-31
2421,11,2024-08-19
2422,53,2024-06-12
2422,30,2025-06-29
2423,30,2024-08-22
2423,41,2024-07-01
2423,49,2024-08-16
2424,30,12-10-2024
2425,29,2025-02-03
2425,32,2024-11-18
2425,6,0000-00-00
2426,45,2025-13-05
2426,29,28 Feb 2025
2427,47,2025-01-02
2427,17,
2427,39,2025-05-17
2428,20,2025-03-05
2429,28,2025-13-05
2430,19,0000-00-00
2431,4,2025-13-05
2432,41,2025/08/19 00:00:00
2433,31,2024-09-20
2433,5,2025-07-03
2434,41,2024-09-24
2435,30,2024-09-29
2435,13,2025-03-30
2436,2,2024-11-21
2437,17,2029-11-27
2438,42,2025-10-15
2438,12,2024-09-14
2438,13,2026-12-25
2439,39,2025-06-20
2440,4,2025-09-26
2441,37,2025-04-16
2442,3,2024-06-05
2443,37,N/A
2444,36,2025-01-10
2445,20,2025-01-25
2446,32,2024-06-05
2446,9,05 Feb 2025
2447,19,2024-07-10
2448,50,31/02/2025
2448,10,2025-07-21
2449,10,2024-04-07
2450,26,2024-03-26
2450,50,2024-09-07
116086,42,2024-05-07
2451,42,2024-04-01
156274,7,2024-08-05
2453,29,2024-05-09
2454,58,30 Jan 2024
2454,42,2024-09-15
2455,39,N/A
2455,7,19 Apr 2025
2455,32,2024-07-11
2456,6,2024-03-12
2456,40,2024-08-16
2457,17,2024-12-02
136857,32,2024-12-25
2458,15,2024-11-10
2459,40,2025-05-28
2459,20,2025/07/13 00:00:00
2460,36,2025-05-10
2461,37,19/07/2024
2462,46,17/08/2024
2463,12,2025-03-06
2464,23,2025-06-18
2464,31,2025-01-01
2465,2,2024-12-11
2466,46,2024-12-21
2467,53,2024-12-11
2468,38,2024-09-17
2469,35,2024-11-14
2470,3,2025-01-26
2470,20,2026-03-22
2471,50,2024-06-20
2472,60,10-28-2024
2473,39,10/12/2024
2474,6,2024-12-01
122362,46,2025-05-10
2476,32,2025-02-06
2477,6,2025-06-13
2477,25,2024-12-26
2478,1,2025-03-10
2479,27,1900-01-01
2479,12,2024-09-23
2479,35,2024-10-20
2480,51,2024-04-07
2481,27,2024-04-23
2481,37,2024-07-07
2481,5,2024-04-28
2482,46,2025-01-20
2483,8,2024-07-17
2483,25,2024-09-29
2483,15,2025-03-07
2484,13,2024-12-15
2485,19,2024-10-24
2485,2,2024-09-16
2485,54,2024-10-16
2486,11,2024-10-18
2486,30,2024-09-20
2487,12,1899-12-30
2487,3,2024-09-03
2487,15,2024-02-18
2488,3,2024-05-23
2488,52,03/09/2024
2488,42,2024-07-08
2489,6,2024-06-28
2490,44,2024-06-07
2490,6,2024-06-26
2490,32,26/06/2024
2491,17,2024-12-28
2491,50,2024-11-12
2492,10,2024-11-28
2493,38,2024-12-01
2494,12,2025-01-03
2495,34,04/03/2024
2495,3,2024-10-08
2496,29,11-27-2024
2496,24,2024-07-21
2496,57,2024-04-02
2497,44,2025-01-04
2498,20,2024-09-02
2499,26,2024-07-01
2499,47,2024-10-03
2500,22,2024-02-08
2501,7,2025-08-11
2502,5,
2503,38,2024-03-21
2504,41,2025-01-25
2504,25,2024-05-15
2504,27,2025-02-15
2505,34,27 Mar 2025
2505,43,2025-09-18
2505,53,"April 24, 2025"
2506,9,2025-05-12
2506,51,2024-10-25
2507,20,2024-04-29
2507,48,2025-07-28
2508,40,05-01-2025
2509,12,05-19-2024
2510,36,2025-04-17
2511,3,2025-04-15
2512,59,"September 29, 2024"
2513,7,02-27-2025
2513,44,2024-08-31
2513,11,2025-06-05
2514,45,2024-08-15
2514,44,2024-06-24
2515,48,2029-07-24
2515,32,2024/11/19 00:00:00
188827,35,2025-01-10
2516,16,2024-09-12
2517,53,1899-12-30
2518,40,1900-01-01
2519,42,2025-07-21
2520,20,2025-04-28
2521,8,2025-13-05
2522,20,2024-12-26
2523,20,2024-12-28
2524,26,01 Jan 1900
2524,37,03-05-2025
2525,41,2024-09-02
2525,58,2024-09-29
2526,31,2024-09-03
2527,53,N/A
2527,48,2024-09-29
2527,28,2024-09-28
2528,22,2024-12-13
2529,5,2025-01-04
2530,53,2025-07-15
2531,54,2026-12-26
2531,27,2024-05-19
2532,50,2024-05-21
2533,54,2024-05-29
2534,20,07-01-2024
2535,2,2024-12-17
2536,6,2024-08-28
2537,32,2024/02/22 00:00:00
2537,17,2025-06-06
2538,38,2024-12-26
2539,32,2024-09-24
2540,26,2024-03-13
2540,20,2024-04-16
2540,21,2024-04-14
2541,50,2024-03-14
2541,10,2025-05-15
2541,57,2025-03-09
2542,12,2024-06-12
2542,29,2024-12-07
2542,13,2024-11-03
2543,29,2024-08-27
2543,31,2025-04-21
2544,17,2024-07-13
2545,12,2024-11-19
2545,20,08-31-2024
2545,59,2025-03-10
2546,40,2025-04-23
2546,50,2024-09-18
2547,51,2025-04-20
2547,53,2025-06-23
2547,44,2024/12/13 00:00:00
2548,33,26/02/2025
2549,17,2025-02-13
2549,30,2025-02-06
2549,16,
2550,20,2024-04-26
2550,25,2025-06-29
2550,9,2024-09-04
2551,50,2024-07-23
2551,44,2025-03-11
2552,20,2024-07-07
2553,35,2025-08-23
2554,23,"November 17, 2024"
2555,47,2024-05-23
2556,20,"December 06, 2024"
2557,11,2024-11-12
2558,22,2025-04-28
2559,26,2025-05-01
2559,5,2025-04-12
2559,29,2024-07-30
2560,11,2025-06-09
2560,53,2025-13-05
2561,2,2025-05-19
2561,5,2025-03-18
2562,54,2024-10-23
2562,27,2025-05-27
2562,6,
2563,35,2025-02-22
2564,40,0000-00-00
2565,28,2025-03-11
2566,7,2024-07-24
2567,50,
2568,42,20 Oct 2024
2569,27,"August 04, 2024"
2570,43,20 Jun 2024
2571,29,2025-02-25
2572,2,24 Jun 2024
2573,27,2024-08-07
2573,9,2025-02-23
2574,28,2024-06-17
2575,39,2024-09-29
2576,18,2024-04-19
2577,2,2025-02-27
2578,15,2025-05-02
2578,50,2025-04-02
2579,56,2025-07-12
2580,52,2024-06-27
2580,32,2024-05-11
2580,40,"August 29, 2024"
2581,50,2024-12-11
2581,19,2024-08-10
2582,25,2024-09-06
2583,3,2024-11-12
2584,12,2024-09-14
2585,24,2025-08-12
2585,29,26 Nov 2024
2585,12,2025-07-13
2586,45,2025-03-24
2586,53,2024-12-16
2587,29,2024-03-12
2587,10,2025-07-16
2587,51,2024-11-23
2588,4,2025-07-28
2589,50,2024-04-16
2590,57,2025-13-05
2591,49,2024-05-09
2591,29,2024-11-09
2591,35,2025-06-21
2592,54,2025-02-07
2593,41,2024-04-10
2594,45,2024-08-07
2594,50,2024-12-03
2594,39,2024-06-28
2595,6,2024-09-08
2596,34,2025-07-22
2597,30,2024-12-27
2598,7,16/03/2025
2599,31,2024/11/03 00:00:00
2600,17,0000-00-00
2601,18,
2602,29,"May 13, 2024"
2602,40,2025-01-26
2603,54,2025-06-20
2603,20,2024-08-15
2604,25,2024-12-19
2604,2,2024-11-16
2604,9,2024-10-15
2605,30,2025-03-23
2606,44,2024-03-19
2607,57,2025-01-13
2607,60,2025-05-27
2608,29,2024-04-19
2608,27,2024-03-12
2609,53,"June 15, 2024"
2610,44,04-15-2024
2611,13,2024-09-20
2612,29,2025-02-22
2613,49,2024-12-12
2614,12,1900-01-01
2615,36,2025-02-09
2615,2,2024-07-09
2616,49,2024-09-06
2616,60,2025-04-02
2617,40,2024-04-16
2617,1,2025-06-14
2617,15,15 Jun 2024
2618,27,2024-05-05
2619,27,2025-04-28
2619,54,2025-02-02
2619,5,2024-04-18
2620,42,2025-04-28
2621,25,2024-07-19
2621,50,2024-11-07
2621,39,2024-10-15
2622,17,2024-07-19
2623,13,2025-01-16
2623,32,"January 01, 1900"
2624,42,2024-07-27
2624,27,2024-04-04
2625,52,2024-04-19
2626,10,2024-10-20
2626,6,"March 12, 2025"
2626,32,2024-08-23
2627,56,2024-01-23
2628,10,2024-02-07
2628,16,2024-04-24
2629,49,2025-06-02
2629,2,N/A
2629,5,2025-04-03
2630,13,2024-12-11
2631,21,2025-01-19
2631,60,2026-04-06
2632,54,2024-02-12
2632,4,
2633,15,2024-07-10
2634,4,2025-13-05
2635,3,N/A
2635,32,1970-01-01
2635,16,2024-08-29
2636,28,2024-07-17
2637,15,2024-10-18
2637,1,"April 14, 2024"
2637,41,2024-12-20
2638,51,2024-01-27
168067,20,2024-12-09
2640,38,2024-11-08
2640,18,31/02/2025
2641,10,2024-10-04
2642,48,unknown
2642,41,2025-01-25
2643,35,08 Apr 2025
2644,35,2025-06-10
2644,5,2025-01-11
2645,2,2025-03-21
2645,10,2025-04-02
2645,4,
2646,51,2024-09-04
2647,49,2025-01-05
2648,42,05/11/2024
2649,41,20/12/2024
2650,44,2025-03-05
2651,31,
2651,16,2024-09-30
2651,18,2024-10-09
2652,24,2025-08-11
2652,10,2024/12/13 00:00:00
2653,54,2024/04/10 00:00:00
2654,31,2025-01-08
2654,26,12-07-2024
2654,8,2025-03-16
2655,13,2025-03-01
2656,60,
2656,3,2024-03-23
2657,30,2025-06-10
2658,31,2024-11-02
2659,42,2024-08-02
2659,44,2025-12-26
2660,45,2024-07-26
2660,14,2024-11-05
2661,12,2025-01-16
2662,53,2025-02-13
2662,12,2024-07-09
2662,7,2024-10-21
2663,9,2025-01-13
2663,13,05-01-2024
2664,17,2024-10-18
2665,34,2024-11-14
2665,59,2024-12-17
2665,42,2024-11-11
2666,13,"August 16, 2024"
2667,51,2025-05-14
2668,18,2024-09-03
2668,44,10/12/2024
2668,54,2025-07-24
2669,52,2025-04-19
2670,17,2024-01-27
2671,28,11-23-2024
2672,4,2024-04-28
2672,52,2024-08-20
2672,50,21/03/2025
2673,36,2024-07-20
2674,17,2025-02-17
2675,31,2024-04-13
2676,17,2024-04-26
2676,28,2024-07-05
2676,38,2025-06-20
2677,27,2025-03-07
2678,31,N/A
2679,37,2024-06-17
2680,18,2025-03-28
2681,16,2024-09-14
2681,44,2024-11-06
2681,14,2025-02-11
2682,20,2025-02-07
2683,46,2024-12-30
2683,53,2025-03-17
2683,26,2025-01-21
2684,9,"January 02, 2025"
2684,17,29 Jun 2024
2684,7,2024-03-02
2685,51,2024-09-20
2685,50,2024-01-27
2685,12,2024-12-07
2686,41,2025-02-06
2687,38,2025-01-28
2687,12,0000-00-00
2688,6,2030-06-12
2688,28,2025-13-05
2689,26,2024-08-10
2689,31,2025-05-18
2690,4,2024-11-26
2690,19,2024-07-05
2690,20,2025-13-05
2691,16,30/05/2024
2691,36,2024-07-15
2691,7,2024-06-20
2692,30,2025-12-09
2692,42,
2693,4,2024-11-09
2694,18,2024-11-05
2695,2,2024-12-22
2696,34,2025-05-18
2697,45,2024-07-31
2698,29,2024-06-12
2699,38,2025-01-06
2700,20,2025-04-15
2701,55,2025-02-07
2702,47,12/02/2024
2702,4,2024-08-09
2702,2,2024-05-07
2703,20,
2704,39,2024-11-19
2704,27,2025-03-06
2705,54,2024-06-16
2705,17,2024-07-15
2706,18,2024-11-02
2707,18,2024-07-07
123687,17,2024-11-07
2709,38,2025-13-05
2709,50,24 Aug 2024
2709,2,2024-07-10
2710,13,2025-02-20
2710,20,2024-11-28
2711,36,"October 24, 2024"
2712,39,05/06/2025
2713,42,2025-05-18
2714,18,08/03/2024
2714,20,2025-05-19
2715,4,2025-02-15
2716,57,01-22-2025
2717,48,2025-06-28
2717,60,2025-13-05
2718,34,2024-12-20
2719,6,2025-03-31
2720,39,2024-12-16
2720,26,2024-12-06
2721,9,2025-01-12
2722,32,25 Jan 2025
2722,28,2024-10-19
2723,50,2024/09/15 00:00:00
2724,14,2024-02-26
2724,50,05/07/2025
2724,35,
2725,6,2024-08-16
2726,5,2024-04-16
2726,3,
2726,39,2024-12-20
2727,16,2024-09-02
144865,26,2024-09-21
2728,6,2024-09-18
2729,50,"April 14, 2024"
2729,20,2024-05-28
2730,50,2024-07-03
2731,49,2025-06-12
2732,13,2024-02-12
2733,9,2024-03-14
2734,56,
2735,54,2024-12-13
2735,31,2024-09-05
2736,59,2024-11-21
2737,2,2024-04-26
2737,29,10-14-2024
2737,20,2025-02-18
2738,38,2024-05-08
2739,27,2024-12-25
2739,10,2024-11-27
2739,12,2025-01-24
2740,16,"May 07, 2025"
2741,16,2024-10-05
2742,13,01-23-2025
2742,17,"December 30, 1899"
2743,3,
2743,18,2025-03-06
2743,20,2024-09-27
2744,52,2024-12-14
2745,19,
2745,31,2025-01-22
2746,4,03-25-2024
2747,23,2024-07-10
2748,60,2024-12-17
2749,32,2024-10-19
2750,6,2024-05-23
2750,28,01/08/2024
2751,53,2024-10-02
2752,29,2024-05-05
2753,56,2025-06-02
2754,37,2024-12-07
2755,40,2024-07-14
2755,13,2024-05-13
2755,33,2029-03-26
2756,4,2024-07-26
2757,13,2024-08-07
2757,14,2025/02/01 00:00:00
2757,24,0000-00-00
2758,26,2025-02-05
2759,20,2025-05-21
2760,20,
2761,5,2024-11-25
2762,44,2024-05-01
2762,32,2024-12-27
2762,17,04-27-2024
2763,18,2024-09-09
2764,41,2025-02-19
2764,18,"October 24, 2024"
2765,37,2024-08-29
2766,37,2025-04-26
2767,26,2024-11-12
2767,31,2025-02-10
2767,42,2024-03-14
2768,44,2024-05-21
2769,32,2024-10-12
2769,10,2024-12-24
2770,51,2024-08-04
2771,36,2025-02-14
2772,41,2024-01-15
2773,46,2024-08-18
2773,31,2025-01-20
2773,56,2024-03-01
2774,51,2025-06-15
2774,17,2025-04-26
2774,30,2024-04-30
2775,9,2024-10-29
2775,38,2024-07-27
2775,16,2024-07-09
2776,7,2025-03-12
2777,36,31/02/2025
2778,53,"April 22, 2025"
2779,12,2025-13-05
2780,26,2024-07-31
2781,11,2024-08-12
2781,50,2024-08-02
2782,54,2024-07-25
2782,41,2028-03-31
2783,44,2025-02-02
2783,53,2024-05-08
2783,20,2025-04-23
2784,54,2025-03-14
2785,36,"May 21, 2025"
2786,33,2025-01-12
2787,17,2025-01-15
2787,20,2024-08-08
2787,5,2024-05-24
2788,48,N/A
2788,20,2025-06-09
2789,16,2024-10-22
2790,37,2024-03-18
2791,19,2024-10-28
2792,44,2025-08-09
2793,4,2024-03-26
2794,52,2024-11-19
2795,32,2024-06-23
2796,18,2025-04-26
2797,36,0000-00-00
2798,46,1899-12-30
2798,45,2025-05-06
2799,40,
2800,23,2024-03-06
2800,44,2024-08-10
2800,12,09-26-2024
2801,54,2024-05-23
2801,20,2024-03-28
2801,23,2024-04-06
2802,46,2024-11-08
2803,36,2024-06-24
2803,12,17/07/2024
2803,20,2025-05-31
2804,14,0000-00-00
2804,17,2025-04-29
2804,12,2024-12-07
2805,34,06-14-2024
2806,46,2024-04-13
2807,57,2025-03-13
2808,5,2025-05-07
2809,39,2024-03-23
2810,42,2024-11-27
2810,15,2024-03-25
2811,29,2025-02-07
2811,38,2024-10-11
2812,60,2024-09-11
2813,13,19/03/2024
2813,36,2024-12-14
2814,37,2024-02-11
2815,18,2024-09-28
2816,24,"June 29, 2024"
2816,42,2024-08-17
2817,29,2024-11-13
2818,44,2024-12-29
2818,26,2024-04-13
2819,60,04-26-2025
2819,43,2024-12-31
2819,12,2024-02-15
2820,16,2024-12-13
2821,7,"February 19, 2025"
2822,50,2025-01-20
2823,33,10-03-2024
2823,2,2025-02-12
2823,32,2025-08-14
2824,60,13 Jan 2025
2824,26,2025-01-04
2825,32,2024-12-29
2825,27,2024-03-21
2825,44,2024-11-28
2826,41,2025-02-19
123911,34,2025-05-14
2827,4,2024-06-10
2827,29,2025-05-17
2828,56,2024/10/27 00:00:00
2829,57,
2830,15,2024-11-04
2830,37,2024-04-16
2830,17,2025-04-14
2831,50,2024-06-20
2831,5,
2832,54,2024/03/04 00:00:00
2833,42,2024-09-22
2834,41,2025/01/24 00:00:00
2835,41,13/11/2024
2836,44,2025-02-13
2837,12,2024-12-06
2837,28,2024-03-15
2838,4,2025-06-01
2839,3,2024-04-03
2840,1,31/02/2025
2841,12,2024-12-22
2842,19,19 Feb 2024
2842,11,2028-04-09
2842,54,2024/07/08 00:00:00
2843,28,2024-12-30
2844,12,unknown
2845,44,2024-10-08
2845,54,2024-11-19
2845,32,2024-07-04
2846,29,2025-01-17
2846,48,2025-03-30
2846,45,2024-06-11
2847,20,2024-12-21
2848,6,2024-06-24
2848,39,2024-12-07
2848,43,2025-07-27
2849,29,
2849,13,2025-05-31
2850,56,2024-12-23
2851,20,2025/02/12 00:00:00
2852,23,"October 26, 2024"
2852,53,2025-02-20
2852,27,2024-12-02
2853,55,2024-05-26
2854,29,2025-01-02
2855,34,31/02/2025
2855,12,2024-04-23
2855,42,2025-06-30
2856,44,2025-06-15
2857,33,2024-11-18
2858,32,2025-03-09
2859,9,
2860,30,1899-12-30
2861,39,2025-07-21
2862,27,2025/05/04 00:00:00
2863,37,2024-06-13
2864,48,2024-07-12
2865,28,2024-12-12
2865,18,2024-06-10
2865,15,2024-12-16
2866,29,2025-07-26
2866,5,2025-04-06
2867,46,
2868,53,2024-11-01
2868,40,2025-06-27
2868,51,"March 24, 2025"
2869,12,2024/07/09 00:00:00
2870,52,2025-03-16
2870,54,2025-02-25
2871,55,2024-12-23
2872,32,2025-06-18
2872,26,2024-10-12
2872,18,23/11/2024
2873,41,2024-03-07
2873,31,2024-06-30
2874,9,2024-12-11
149625,29,2025-04-28
2876,30,2025-06-14
2877,50,30 Aug 2024
2877,45,2024-11-19
2878,30,2024-04-08
2878,12,2025-13-05
2879,34,2024-05-14
2879,42,2024-06-11
2879,53,
2880,20,2025-01-14
2880,52,2025/07/17 00:00:00
2881,41,2024-09-30
2881,42,2025-01-29
2882,30,2024-05-30
2883,29,2024-05-29
2883,32,2025-13-05
2884,12,2025-02-10
2884,41,2025-07-06
2885,33,2024-10-21
2886,8,2024-08-08
2886,4,2024-06-01
2887,7,2025-01-05
2888,7,2025-06-05
2889,19,2025-02-18
2890,4,31/02/2025
2890,43,"September 18, 2024"
2891,36,2024-03-29
2892,2,2024-08-30
2893,16,2024-07-31
2893,58,"May 06, 2024"
2893,28,0000-00-00
2894,13,"July 03, 2024"
2895,28,2024-05-26
2895,50,2028-05-11
2896,12,2024-10-11
2897,13,2025-02-23
2897,52,31/02/2025
2898,46,27 Jan 2025
2898,1,2024-12-28
2898,29,2025-05-13
2899,48,2025/03/30 00:00:00
2899,43,2024-11-16
2899,12,2024-07-13
2900,19,2024-06-19
2901,45,2030-01-10
2902,51,2024-10-11
2902,52,2025-03-25
2902,43,2024-07-30
2903,34,1899-12-30
2904,18,2024-12-06
2905,46,2025-04-10
2905,35,2024-09-21
2905,37,2025-06-10
2906,7,2024-04-08
2906,13,2024-12-08
2907,34,2024-05-30
2908,48,2024/08/02 00:00:00
2909,16,
2909,26,2024/12/04 00:00:00
2910,13,2024-02-04
2910,42,31 Oct 2028
2911,27,2024/07/04 00:00:00
2912,7,2024-10-04
2913,58,2024-08-20
2914,20,
2915,31,2025/01/12 00:00:00
2915,54,2024-06-20
2916,18,2024-12-23
2917,32,2025-06-16
2917,31,2025-01-22
2918,42,2024-07-29
2919,37,2024-09-05
2920,34,2025-03-10
2920,12,2025-02-12
2921,41,2025-04-18
2921,31,"January 18, 2025"
2921,35,08-12-2024
185499,44,2024-10-07
2923,34,2025-03-19
2924,29,2024-10-12
2925,53,2025-02-19
2925,54,2024-05-03
2926,12,2025-05-24
2927,34,2025-02-25
2928,42,2025-07-18
2928,30,2024-07-20
2928,7,2024-08-01
2929,44,2025-03-05
2929,29,2025-02-13
2930,42,2024-06-20
2931,33,2024-05-19
2932,52,"January 18, 2025"
2932,17,2024-09-07
2932,15,2024-11-07
2933,44,2025-07-18
2934,29,2024-09-17
2935,40,2028-10-25
2936,29,2024-04-27
2936,28,2024-11-09
2937,5,2024-08-05
2938,37,2024-07-16
2939,13,2024/12/09 00:00:00
2940,7,2025/07/11 00:00:00
2940,44,04/02/2024
2941,34,10 Dec 2024
2941,54,2024-10-04
2941,3,2025-04-24
2942,12,2024-07-19
2943,44,2024-02-23
2943,7,2024-09-30
2943,20,2025-01-28
2944,24,2024-06-26
2945,20,2025-02-22
2946,38,2024-11-30
2947,29,2024-09-24
2948,31,2024-09-06
2949,50,2024-09-21
2949,56,1899-12-30
2949,12,2025-02-18
2950,17,2024-10-06
2951,35,2024-03-08
2952,34,09/05/2024
2952,28,2024-04-09
2953,28,
2954,24,2025-06-01
2955,12,2025-13-05
2956,48,2024-07-07
2957,37,2025-04-22
2958,41,2025-02-03
2958,20,2024-10-28
2959,27,2024-06-15
2960,59,2025-07-11
2961,54,2024-05-01
2962,16,N/A
2962,32,2029-07-11
2962,28,24 Dec 2024
2963,43,"September 24, 2024"
2964,56,2025-07-02
2965,52,2024-09-27
2966,51,2024/11/22 00:00:00
2966,40,2025-02-16
2967,17,2024-07-03
2967,50,2024-08-26
2967,52,2025-01-17
2968,53,"October 26, 2024"
2969,33,2025-06-03
2970,14,2024-11-14
2971,60,
2972,46,2024-11-14
2973,12,2025-05-03
2973,41,2025-03-05
160924,10,2024-12-03
2974,50,2025-02-13
2975,40,05-03-2025
2975,49,"September 27, 2024"
2975,52,2024-04-29
2976,20,2025-01-02
2976,41,2024-10-15
2977,57,14 Apr 2025
2978,10,2025-06-05
2979,21,2024-05-30
2980,54,2024-12-30
2981,50,2024-05-22
2981,2,31/02/2025
2982,13,2024-12-05
2983,20,2025-06-06
2984,9,2025-02-27
2985,18,2024-09-27
2986,38,31/02/2025
2986,4,2024-02-27
2986,32,2024-04-16
2987,41,2024-09-07
2988,17,2024-09-23
2989,34,2024-10-05
2990,20,2025-01-23
2991,39,30 Apr 2025
2992,54,"March 21, 2025"
139365,56,2024-07-21
2993,18,2024-11-07
2993,38,2025-01-05
2994,1,unknown
2994,35,2025-01-26
2995,41,N/A
2996,41,2024/08/29 00:00:00
2997,60,01/05/2025
2998,19,2024-11-10
2998,4,10/09/2024
2999,25,2025-04-12
3000,7,"November 26, 2024"
3001,21,2025-03-26
3002,30,22/05/2025
3003,48,2024-06-10
3004,35,2025-07-05
3005,11,2024-09-05
3005,7,2024-09-28
3006,10,2024-11-19
3007,30,2025-02-26
3007,5,2025-02-25
3007,45,2025-08-15
3008,4,05 Sep 2026
3008,15,01-04-2025
3008,18,2024-12-02
3009,27,2024-04-11
3009,60,2024-09-29
3010,59,2024-10-24
3011,23,2024/11/22 00:00:00
3012,32,03-23-2025
3013,32,2024-06-14
3013,11,31 Jan 2024
3014,17,2024-07-16
3014,12,2025-04-01
3014,41,2025-03-16
3015,7,2025-04-26
3016,31,2024-09-01
3017,20,2024-08-08
3018,18,2025-04-19
3019,29,2025-13-05
3020,24,06 Oct 2024
3021,7,"March 20, 2025"
3021,40,05-15-2024
3022,6,2024-02-27
3023,33,2025-04-23
3023,2,2024-06-05
3023,30,2025-03-05
3024,44,2024-08-28
3024,23,2024/08/07 00:00:00
3024,28,
3025,14,2024-04-11
3026,53,2024-06-14
3027,60,2025-01-02
3027,41,
3028,29,2025-06-30
3029,1,2025-02-09
3030,26,2025-04-04
3031,27,2024-09-20
3032,26,13/09/2024
3032,20,2025-10-16
3032,10,2025-08-08
3033,18,2024-08-01
3033,9,30/09/2024
3034,44,2024-03-31
3035,60,2024-07-12
176495,41,2025-02-10
3036,38,2025-02-20
3036,36,
3037,44,2024/04/03 00:00:00
3038,2,2025-05-22
3039,20,2025-05-27
3040,16,2024-03-19
3041,7,2025-04-13
3041,36,01-04-2025
3042,13,2025-03-18
3043,38,31/02/2025
3043,27,
3044,14,2027-11-07
3044,41,2024-01-27
3044,9,2024-03-19
3045,1,2024-09-17
3046,42,N/A
3047,2,2024-11-28
3048,50,2024-11-17
3049,25,2024-06-05
3049,26,04-24-2025
3050,41,05-03-2025
3051,60,2024-12-08
3052,16,2024-12-14
3053,20,2024-06-14
3054,10,31/07/2024
3054,7,17 Dec 2024
3055,58,2025-06-08
3056,22,2024-04-10
3057,9,2024-04-20
3058,32,03/09/2024
3059,1,1900-01-01
3059,39,2024/10/08 00:00:00
3059,36,2024-10-04
3060,18,2025-06-09
3061,35,
3062,54,
3062,29,2025-06-23
3063,25,2024-09-21
3063,11,2024/08/31 00:00:00
3064,25,"May 05, 2024"
3064,30,2024-08-16
3065,27,2025/05/18 00:00:00
3066,27,2025-07-16
3066,1,31/08/2025
3066,9,03-12-2025
170422,40,
3067,54,2025-03-14
3067,30,2024-10-29
3068,29,1900/01/01 00:00:00
3068,13,2024-05-26
3069,12,2025-03-02
3070,11,N/A
3071,10,"October 05, 2024"
3072,30,2024-11-12
3072,58,2024-06-10
3072,13,2025-04-27
3073,17,2025-05-15
3074,4,2029-03-28
3075,20,2025-03-28
3075,37,2024/07/28 00:00:00
3075,40,2024-12-05
3076,12,2024-07-24
3076,38,2024-07-03
3076,39,2024-08-31
3077,54,2024-11-23
3078,5,2025-01-30
3078,48,2024-02-18
3079,2,1899-12-30
3080,9,2025-07-23
3081,1,2024-11-17
3081,15,2024-11-17
3082,51,2024-07-01
3082,14,"May 31, 2025"
3083,38,2024-06-26
3083,13,2025-05-07
3083,3,2025-02-17
3084,32,2024-08-29
3085,40,11-19-2024
3085,33,2025-05-01
3086,51,2024-08-26
3087,58,2024-11-01
3088,18,2024-09-18
138101,51,2024-12-06
3090,46,2024-05-29
3091,39,2024-08-27
3092,29,
3092,50,2024-12-03
3093,32,1970-01-01
3093,30,26 Dec 2024
3094,12,16/08/2024
3095,28,2024-09-21
3095,34,15 Sep 2024
3096,53,2025-02-25
3097,57,2024-07-03
3097,54,2024/08/21 00:00:00
3098,57,2025-03-04
3098,44,2025-02-17
3099,11,2025-03-08
3100,5,2024-03-19
3101,5,03 Apr 2025
3101,35,2024-04-15
3102,7,2025-07-04
3102,44,2025-01-27
3102,13,01 Sep 2024
3103,26,2024-11-13
3104,15,2024-03-21
3104,31,2025-07-29
3105,49,2025-02-13
3105,53,2024-10-12
3105,31,2024-09-24
3106,40,09-19-2024
3106,5,2024-06-02
3107,22,2024-01-25
3107,54,2024-08-28
3108,50,2025-01-06
3109,34,2024-06-04
3110,29,2024-05-19
3111,20,2024-05-29
3111,29,2025-03-15
3111,28,04 Apr 2025
3112,42,
3113,18,"February 28, 2024"
3114,18,2024-07-18
3115,29,2024-08-13
3115,55,2024-07-03
3115,41,"June 28, 2024"
3116,50,
3116,3,N/A
3116,41,2025-03-01
3117,2,1970-01-01
3117,20,13/08/2025
3118,3,2024-07-31
3119,9,2024-06-13
3120,37,2024-07-08
3121,14,2028-06-04
3122,54,2024-08-13
3122,27,2025-05-02
3123,51,27 Dec 2024
3124,31,2024-07-28
3124,27,2025-06-18
3125,58,2025-03-18
3125,48,2030-08-05
3125,27,2025-08-20
3126,5,2025-06-30
3127,35,2028-02-03
3127,54,09/02/2025
3128,6,2024-03-21
3129,50,2024-07-24
3130,31,2024-05-12
3130,37,2025-08-13
3130,7,2024-06-16
3131,30,2024-07-19
3132,30,2025/01/29 00:00:00
3133,18,2024-05-16
3134,40,2024-12-20
3135,15,2024/11/14 00:00:00
3136,58,0000-00-00
3137,36,2024-02-07
3137,19,2025-02-17
3137,13,2025-02-12
3138,31,2024-12-07
3138,48,2025-04-09
3138,50,2025/03/04 00:00:00
3139,5,2024-12-17
3139,32,2024-07-19
3139,46,27/08/2024
3140,26,2024-03-07
3141,53,2024-12-03
3141,31,2024-07-02
3142,16,2025-06-04
3142,18,2024-12-30
3142,26,2024-07-27
3143,39,2024-09-29
3143,34,2024-08-31
3144,23,2025-01-02
3145,15,
3146,26,2024-06-22
3147,4,2025-06-01
3147,42,2024-08-30
3147,35,
3148,53,2024-09-19
3148,35,2024-07-09
3149,29,2024-08-13
3149,31,2025-07-11
3149,20,2025-03-25
3150,52,2024-08-08
3150,11,2025-07-05
193852,23,2024-04-30
3151,41,2024-06-10
3152,43,2025-03-25
3153,40,2025-04-16
3153,7,2025-02-15
3154,38,2024-10-14
3155,44,2024-11-09
3156,32,2024-09-27
3156,48,2025-06-10
3156,2,2024/08/22 00:00:00
3157,50,2024-11-08
3157,53,2024-03-28
3158,12,2024-04-30
3159,32,2025-13-05
3160,30,2024-02-19
3161,36,"June 29, 2028"
3161,28,14 Jun 2025
3161,29,10-11-2024
3162,50,2024-08-17
3162,30,2024-12-04
3162,51,2024-06-02
3163,13,2024-11-05
3163,29,2024-10-23
3163,30,2025-03-14
3164,44,2024-06-04
3165,42,2024-08-03
3165,50,05/02/2025
3166,27,2025-01-15
3166,38,2024-12-19
3167,57,2024/08/19 00:00:00
3167,34,2024-11-23
3167,39,2024-11-02
3168,45,2024-06-03
3168,30,2024-07-18
3169,23,2024-03-30
3170,7,2024-11-22
3171,7,2024-11-16
3172,52,
3173,20,2024-12-02
3174,52,2024-08-26
3175,59,2024-08-08
3176,53,2024-09-18
3177,47,2025-03-15
3178,2,2024-03-15
3179,20,2024-10-20
3180,12,2024-12-10
3180,8,24 Feb 2024
3180,9,2025-01-12
3181,39,2024-07-03
3181,13,2024-12-27
3182,23,06 Aug 2025
3183,34,2024-10-26
145084,41,2024-07-31
3184,53,2025-06-26
3184,29,2024-09-26
3184,38,
3185,39,2025-06-25
3185,28,"December 04, 2024"
3186,41,2025-05-29
3187,44,11/07/2025
3187,5,2024-05-08
3187,50,2024-06-05
3188,19,2024-05-14
136680,13,2024-03-06
3190,38,2024-10-17
3190,29,2025/01/09 00:00:00
3191,53,2025-07-15
3192,26,2024-08-04
3192,14,11-06-2024
3192,12,2024-12-15
3193,9,07/10/2024
3194,52,2024-09-26
3195,2,2024-07-17
3196,59,24/06/2024
3197,12,2025-03-14
3198,23,2024-05-04
3199,32,2024-06-25
3199,35,31/02/2025
3200,50,2024-09-06
3201,19,2025-07-10
3202,28,2024-09-11
3203,28,2024-07-22
3204,42,2025-02-10
3204,24,2024-10-20
3204,20,2024/09/06 00:00:00
3205,36,2024-11-28
3206,51,2024-05-11
170315,34,2024-09-06
3207,3,2024-08-22
3208,20,1970-01-01
3209,58,2025-06-06
3210,23,
3211,60,"October 29, 2024"
3211,51,2025-06-05
3212,29,2024/03/11 00:00:00
3213,18,2025-04-25
3213,60,2025-06-03
3214,20,2024-04-29
3214,7,2024-09-26
3214,6,2024-04-02
180277,12,31/02/2025
3216,60,2025-04-03
3217,4,"July 07, 2025"
3218,27,2024-04-18
3219,54,2025-01-28
3220,50,18/06/2025
3220,18,2024-10-18
3221,21,2024-10-04
3222,35,2024-07-23
3222,9,2024-06-02
3223,29,2025-05-07
3223,44,30/12/2024
3223,12,2024-03-23
3224,42,2025-05-04
3224,34,2024-11-01
142523,15,unknown
3225,44,2025-02-16
3226,39,2024-08-26
3226,47,unknown
3227,41,2025-07-30
3228,38,1900-01-01
3229,38,2024-02-07
3230,6,2025-03-09
3230,43,2024-11-25
3230,32,2028-02-25
3231,41,2025-07-05
3232,31,2024-07-26
3232,51,N/A
3232,37,2024-12-11
3233,60,"February 23, 2025"
3233,20,2024-03-23
3234,30,2025-05-05
3234,1,"September 09, 2024"
3235,23,2024-04-06
3236,53,2025-01-28
3237,50,2024/12/04 00:00:00
3237,7,2025-02-26
3238,36,2025-07-29
3238,20,2024-05-17
3239,41,2024-07-31
3239,31,2024-03-24
3240,38,07 Jan 2025
3241,34,11-16-2024
3241,51,2024-12-21
3241,45,1900-01-01
3242,45,2024-10-25
3242,5,2024-03-25
3243,54,2024-07-29
3244,15,2024-11-21
3245,7,2025-06-08
3246,38,2025-05-21
3246,13,0000-00-00
3247,13,2024-06-19
3248,58,2024-10-26
3248,59,2024-10-08
3249,51,2024-06-29
3250,9,2025-05-11
3251,26,2025-07-08
3252,60,2024-08-27
3253,44,2024-06-13
183521,39,2024/04/20 00:00:00
3255,20,2024-07-07
3255,2,2024-05-24
3256,49,2024-03-25
3256,50,
3257,39,2024-04-16
185347,31,2024-07-11
137233,55,"April 07, 2025"
3258,34,2024-12-15
3259,60,2025-02-03
3259,8,
3259,53,2024-12-27
3260,47,16 Apr 2025
3261,25,2025-04-28
3262,40,2025-13-05
3262,57,2024-05-12
3262,51,2025-01-24
3263,22,0000-00-00
3263,30,2029-09-09
3263,9,2024-11-15
3264,5,N/A
3265,40,2024-12-23
3266,17,2025-02-10
3266,18,2024-10-08
3266,60,2025-06-20
3267,12,2024-10-31
3267,32,2024-10-19
3267,5,2025-10-22
3268,34,2025-03-07
3268,8,2024-06-07
3269,21,2025-02-05
3269,12,2024-07-11
3270,17,2024/10/28 00:00:00
3271,9,2024-05-31
3272,59,2024-09-04
3272,30,2024-12-03
3272,31,
3273,26,2024-04-20
3273,7,2024-11-29
3274,4,2026-01-12
3275,22,2025/03/30 00:00:00
3276,36,2024-09-09
3277,39,2024-08-12
3278,18,2024-11-29
3278,10,"December 10, 2024"
3279,37,2025/02/04 00:00:00
3280,13,2025-04-30
3280,31,2025-03-24
3281,12,2025-04-08
3282,16,2024-11-15
3283,60,31/02/2025
3283,26,2025-02-17
3283,48,2024-08-03
3284,7,02-07-2025
3284,60,2024/12/08 00:00:00
3285,38,2024-07-30
3285,32,2025-06-14
3286,15,2024-11-21
3287,7,2024-06-29
3288,60,2024-10-11
3289,31,2024-06-17
3290,35,2024-05-19
3291,14,2024-07-04
3292,30,2024-09-28
3293,60,2025-05-08
3294,60,2024-05-23
3294,2,2025-07-31
3295,12,2024-04-13
3295,51,19 Apr 2025
3295,38,2025-01-29
3296,5,05/09/2024
3297,49,
3298,35,2024-10-28
3298,32,11 Dec 2024
3299,20,2024-10-04
3299,41,2025-01-11
3300,6,2025-01-04
3301,26,2024/11/27 00:00:00
3301,7,2028-09-04
3302,18,2024-08-11
3303,40,2024-09-06
3303,32,2024-11-23
3304,9,2024-07-20
3304,23,2025-08-05
3304,11,2024-03-22
3305,13,2024-12-25
3306,12,2025-05-14
3307,51,2024-07-03
3307,5,2024-09-01
3307,50,2025-04-02
150268,34,2024-01-19
3309,50,23/05/2024
3310,39,2025-05-29
3311,42,2024-11-13
3312,50,2025-02-13
3313,38,2024-04-12
3313,3,2024/05/03 00:00:00
3313,5,2025-11-18
3314,5,2025-05-06
3314,46,2025-02-27
3314,20,"February 24, 2025"
3315,50,25/02/2024
3316,7,2024-07-22
3317,53,31/02/2025
3318,19,2025-05-05
3318,51,2024-11-12
3319,31,"December 30, 1899"
3320,13,2026-01-08
3320,35,2024-12-10
3321,25,2024-12-27
3321,46,2024-10-30
3322,18,09-06-2024
3322,53,2024-10-17
3323,41,1900-01-01
3324,54,2024-05-30
3324,34,2024-03-29
3324,23,2024-07-15
3325,17,"August 28, 2024"
3325,53,2024-09-12
3326,54,
3327,27,2024-01-29
3328,17,07-20-2024
3328,28,2024-03-02
3329,15,02-01-2025
3329,51,2024-04-12
3329,11,2025-05-14
188473,12,2024-07-05
179166,50,2024/08/04 00:00:00
3331,57,2024/10/07 00:00:00
3332,39,2024-05-15
199041,1,2024-06-30
3332,31,1970/01/01 00:00:00
3333,53,2024-07-20
3334,42,2025-05-02
3335,18,1970-01-01
160613,7,2024-06-23
3337,5,2024-09-17
3337,39,"February 05, 2025"
3337,42,2025-03-10
3338,18,2024-05-23
3339,16,2025-04-29
3339,17,2024-05-05
3339,60,2024-05-27
3340,20,2025-01-04
3340,19,2024-08-13
3340,43,2025-07-21
3341,44,2025-01-09
3341,14,2024-08-09
3341,40,2024-05-25
3342,50,2024-12-29
3343,46,2024-06-20
3343,4,2024-10-28
3343,44,2024-03-06
3344,57,2024-05-07
3344,48,2024-08-21
3344,14,2024-12-27
3345,4,2024-11-17
3346,25,1900-01-01
3347,12,2024-08-30
3347,33,2025/03/24 00:00:00
3348,30,2024-07-11
3349,23,2025-03-12
3350,18,09-08-2024
3350,31,2024-03-17
3350,49,2025-04-10
3351,60,2024-10-10
3351,44,2024-10-14
3351,53,2025-03-21
3352,20,2024-10-03
3353,30,2025-01-03
3354,20,
3355,29,2025-02-14
3355,48,"November 19, 2024"
3356,13,2024-09-12
3356,60,2024-09-24
3356,18,2024-02-29
3357,53,2024-06-08
3357,57,2024-07-07
3357,18,2024-09-08
3358,54,2024-05-25
3359,11,"September 15, 2024"
3359,58,2025-05-31
3359,43,2025-06-19
3360,21,2025-05-10
3360,35,2025-04-06
3360,55,2025-02-28
3361,19,30 Dec 1899
3362,39,2024-11-04
3362,13,1900-01-01
3362,5,31/02/2025
3363,60,2025-03-12
3364,28,2025-04-29
3364,27,2024-08-03
3365,48,11-07-2025
3365,27,03 Sep 2024
3365,11,2025-04-19
3366,42,2024-09-22
124220,30,2024-08-30
3368,20,2025-02-16
3368,2,2025/05/13 00:00:00
3369,45,2025-03-31
3369,9,2024-08-14
3369,4,2024-12-02
3370,4,2025-01-17
3371,36,24 Aug 2024
3371,7,03/04/2025
3372,16,2025/09/30 00:00:00
3373,51,2025-02-24
3374,35,2024-05-29
3375,31,2024-06-29
3376,6,2025-04-23
3376,48,1899-12-30
3376,41,2025-02-07
3377,53,2025-02-03
3378,13,2024-04-16
3379,42,2025-08-02
3380,12,2025-03-25
3381,20,"January 16, 2024"
3382,11,2029-02-20
3383,2,2025-03-15
3383,9,2024-09-21
3384,48,2025-01-07
3385,45,2025-02-15
3386,20,06-23-2025
3386,28,2024-12-08
3386,54,2025-04-02
3387,28,2025-02-03
3388,50,2024-03-30
3389,11,2024-04-16
3390,16,2024-05-15
3391,13,2024-11-06
3391,25,2024-03-06
3392,31,2024-04-20
3393,32,2024/06/30 00:00:00
3394,41,2024-12-10
3394,20,2025-07-09
3395,36,2024-08-12
3395,52,2024-03-12
3396,50,2024-09-12
3396,30,31/02/2025
3397,44,2024-11-03
3397,48,
3398,4,2024-08-19
3398,41,04 Mar 2025
3399,53,2024-12-22
3400,19,2025-02-13
3401,42,2024-08-13
3401,16,21 Jan 2025
3401,36,2024-11-29
3402,58,2024-07-16
3403,20,
3403,2,23 Aug 2024
3404,20,1970-01-01
3404,54,0000-00-00
3405,41,2024-12-04
3406,13,2025-02-22
3406,28,2024-02-20
3406,18,
3407,4,2024-10-19
3407,35,2025-02-06
3408,43,2024-12-18
3408,60,2024-10-05
3408,6,2024-07-16
3409,22,19 Jun 2024
3410,20,2025-03-27
3411,44,2024-02-16
3411,47,10-06-2024
3411,12,2027-09-16
3412,30,2024-08-11
3413,40,2025-04-14
3414,19,2025-11-17
3414,28,2025-03-23
3414,20,02-04-2025
3415,40,2024-03-09
3416,56,2024-09-12
3417,29,2024-10-28
3418,5,29 Nov 2024
3419,17,12-11-2024
3420,50,2024-08-08
3421,25,2025-08-03
3421,23,14/02/2025
3422,29,2024-11-10
3423,13,2025-13-05
3423,56,2024-03-26
3423,9,2024-10-31
3424,27,2024-12-05
3424,17,2024-04-01
3424,43,N/A
3425,36,2024-10-25
183123,30,2025-05-14
3427,29,2024-03-22
162655,37,"September 07, 2024"
3429,4,2024-08-10
3430,43,"December 30, 1899"
3430,18,
3431,31,2025-02-28
3432,39,08 Apr 2024
3433,7,2024-02-22
3434,7,2024-08-25
3434,30,2025-05-03
3435,8,2025-04-03
3436,50,"August 04, 2024"
3436,21,2024-05-21
3436,23,2024-04-07
3437,49,2024-07-28
3437,29,28/08/2024
3438,12,2024-04-11
3438,50,23/07/2025
3439,4,2024-07-29
3439,10,2024-10-18
3440,7,
3441,6,2025-02-11
3441,3,03-22-2025
3441,44,2024-10-03
3442,17,11 Jun 2024
3442,10,2024-09-21
3442,15,28/11/2024
3443,4,2025-04-12
3444,60,2024-09-18
3444,26,2024-05-04
3444,49,2024-02-29
3445,7,2026-04-23
3446,58,2024-04-25
3446,27,2025-08-17
3446,60,
3447,58,2024-09-11
131167,37,14/11/2024
3448,26,2024-08-15
3449,39,2024-08-07
3449,27,2024-08-21
194948,37,2024-05-21
3451,31,2026-11-01
3452,30,2025-01-09
3453,20,2024-10-23
3454,44,2024-08-23
3454,8,2025-07-04
3455,6,10-10-2024
3455,53,2025-05-09
3455,29,2024-07-05
3456,11,
3457,28,0000-00-00
3458,12,2025-04-14
3458,20,2025-01-13
3459,38,2025-02-12
3460,24,2024-12-25
3461,49,2025-06-17
3461,53,2025-02-02
3461,58,"November 29, 2024"
3462,49,2024-04-29
3463,12,2024-09-10
3463,34,2025-03-02
3463,58,04-20-2024
3464,38,2025-06-18
3464,6,2024-07-20
3464,44,2025-01-26
3465,42,2030-04-06
3466,60,2025-01-03
3467,3,13 Sep 2024
3467,27,2025-08-22
3467,20,2024-07-22
3468,24,2024-09-29
3468,26,2024-12-26
3468,47,30/01/2024
153063,39,2024-09-09
3469,55,2025-05-10
3470,12,2024-08-01
3470,11,2024-05-02
3471,41,2025-06-27
3472,30,2024-09-12
3472,29,2024-05-01
3473,27,2024-11-06
3473,44,"September 11, 2024"
3474,37,2024-07-21
3475,12,2024-05-03
3475,54,"August 17, 2024"
3476,31,2024-08-08
3477,39,2025-04-01
3477,29,2025-05-03
3477,30,
3478,35,23/03/2025
3478,23,2025-06-15
3479,20,2024-06-18
3479,41,2024/10/26 00:00:00
3480,44,2024-09-09
3480,34,2024-06-11
3481,4,2024-05-08
3481,15,2024-08-04
3481,29,2024-03-15
3482,55,2024/08/29 00:00:00
3483,20,2024-05-08
3484,23,08 Jun 2025
3485,27,31/02/2025
3485,48,"August 11, 2024"
3486,25,2024-08-13
3487,32,2025-01-07
3487,54,2025-01-14
3488,5,2025-06-11
3489,20,2024-10-16
3489,28,05/06/2025
3490,27,2024-09-09
3490,34,2024-05-20
3490,5,2025/06/24 00:00:00
3491,40,2025-04-28
3491,10,2024-07-25
3491,20,2024-06-06
3492,49,0000-00-00
3492,41,2024-04-12
3492,27,2025-01-18
3493,40,2024-05-22
3494,45,22/06/2024
134330,17,2024-12-02
3495,31,2025-10-31
3496,32,
3497,44,2024-08-21
3498,53,
3499,40,2024/12/24 00:00:00
3500,37,01 Aug 2024
3501,6,2025-05-27
3502,30,2025-01-19
3503,32,2024-07-10
3504,48,2025-04-10
3504,11,2025-03-09
3504,32,2030-02-26
3505,27,2024-04-30
3506,34,2025-12-26
3506,53,2026-10-09
3507,7,2024-10-10
3507,27,2025-03-24
3508,44,2024-12-27
3508,57,2024-12-17
3509,38,2024-09-02
3510,54,2025-13-05
3510,17,N/A
3511,37,2025-03-17
3512,50,2026-01-21
3513,46,2025-06-07
3513,30,2024-10-14
3513,60,2024/05/12 00:00:00
3514,57,2024-07-18
3514,49,24 Sep 2024
3514,12,2025-02-25
3515,54,2024-12-06
3515,38,"June 25, 2024"
3515,37,2024-12-29
3516,18,2024-12-29
3516,58,2024-08-08
3516,12,2025-05-08
3517,53,12-25-2024
3518,12,2024-07-19
3518,39,2024-11-27
3518,13,2024-09-26
3519,32,2024-02-22
3520,43,2024-03-14
3521,27,2024-04-02
3522,12,10/12/2024
3523,29,2024-11-20
3524,44,2024-06-10
3524,1,2025-06-21
3524,2,2024-12-22
3525,31,2025-13-05
3526,56,2024-11-16
3526,54,2024-12-08
3526,13,2024-10-21
3527,60,"September 18, 2024"
3527,30,2024-11-06
3528,55,2024-03-06
3528,4,2024-07-21
3529,41,2025-05-24
3529,32,2025-01-13
3530,20,02/09/2024
3531,50,2024-11-20
3532,17,2025/02/02 00:00:00
3532,25,20/12/2024
3532,7,2024-07-12
3533,26,2024-08-08
3534,29,2024-10-18
3534,9,2028-04-14
3534,18,2025-02-12
3535,11,2024-03-04
3536,32,2025-03-07
3537,46,2024-06-19
3538,12,2024-12-25
3539,17,2027-12-12
3539,50,31/02/2025
3539,54,2024-09-21
3540,2,2024-06-05
3541,3,2025-01-05
3541,58,26/01/2025
3542,7,2024-06-19
3543,48,2024-08-07
3543,6,2024-05-08
3543,43,18 Mar 2025
3544,52,2024-07-05
3545,3,2025-06-30
3546,21,2024-10-08
3546,14,2025-01-01
3546,60,2024-12-01
3547,41,2024-11-28
3547,44,2024-03-23
3547,40,2024-08-12
3548,11,2024-06-21
3548,7,2025-01-06
3549,31,2024-10-20
3549,29,2024-11-26
3550,26,2024-07-16
3550,6,2025-04-08
3551,38,2024-03-18
3551,50,2025-04-06
3551,20,18 Oct 2024
3552,7,2024-01-30
3552,17,2024-09-11
3553,53,2025-03-21
3554,38,2025-07-08
3555,10,2024-12-06
3555,29,2024-11-25
3556,25,
3556,20,2025-07-08
3556,32,2025-03-01
3557,41,2025-01-21
3558,40,2025-01-01
3558,11,2024-06-19
3558,58,2024-07-10
3559,54,
3559,13,2025-01-24
3559,28,2024-09-16
3560,51,2025-03-26
3561,38,2025-02-27
3561,17,2025-01-08
3562,20,2024-06-01
3563,9,
3563,59,2025-01-05
3563,24,2024-09-18
3564,18,10 Jul 2024
3564,14,N/A
3564,20,2025-02-23
3565,35,2025-13-05
3566,15,2024-07-24
3567,40,2024-04-26
3568,1,2024-10-23
3568,57,2025/02/15 00:00:00
3569,41,2025-06-25
3570,27,2024-09-15
3571,38,2024-07-21
3572,53,2025-02-28
3573,48,01-01-2025
3574,13,
3575,31,2024-03-28
3576,7,2024-11-05
3577,34,21 Jan 2024
3578,49,2024-12-10
3579,7,2025-12-21
3580,2,2025-01-14
3581,7,2025-05-26
3581,30,2024-07-01
3582,33,2025-03-05
3583,38,2025-04-14
3584,11,2025-03-14
3584,40,2025-01-08
3584,3,2025-06-18
3585,32,2025-05-24
3586,35,2024-11-15
3587,36,01 Mar 2025
3588,53,2024-11-16
3589,35,2024-06-16
3589,60,2024-08-12
3589,10,2024-08-12
3590,49,2025-06-08
3590,4,2024-12-12
3591,44,2024-07-03
3592,56,"June 02, 2025"
3592,16,2024-04-27
3592,37,08-18-2024
3593,37,29 Dec 2024
3594,17,23/11/2024
3594,47,2024-12-13
3594,2,2025-07-16
3595,60,2025-06-20
3595,50,2025-05-06
3595,32,2024-07-20
3596,58,2024-12-15
3596,52,2024-09-18
3596,51,2025-02-08
3597,56,2024-06-11
3598,60,31/02/2025
3599,29,2024-10-28
3600,57,
3601,30,2024/09/12 00:00:00
3602,41,2024-11-20
3602,42,2024-07-18
3603,54,2025-02-18
3604,36,2024-11-25
3604,48,2025-03-03
3604,20,2024-11-02
3605,57,
3606,50,2024-08-29
3607,7,2025-04-15
3608,18,2024-05-18
3608,5,
3609,54,"April 16, 2025"
3610,6,2024-12-17
3610,54,2024-08-24
3611,7,2024-07-10
3612,15,2024-07-11
3613,54,2025-03-02
3614,46,2024/10/24 00:00:00
3615,31,2025-04-27
3616,41,2026-05-25
3616,34,2025-01-13
3616,48,2024-09-18
3617,2,2024-11-29
3618,44,
3618,5,2028-10-31
3618,7,2024-08-14
3619,4,2024-11-08
3619,2,2024-04-06
3619,20,01-06-2025
3620,53,2024-08-31
3620,40,2024-04-10
3621,14,2025-05-04
3622,41,2024-07-10
3623,34,2025-02-07
3623,2,2024-06-15
3623,9,2025-04-15
3624,45,2025-04-08
3625,5,N/A
3626,27,2024-05-03
3627,12,2024-12-23
3627,45,2025-01-02
3628,50,2025-06-24
3628,47,2025-05-24
3628,15,2024-12-31
3629,60,2025-01-28
3629,22,31/02/2025
3630,31,2025-03-28
3630,54,N/A
3631,60,2024-09-21
3631,20,2024-11-08
3632,42,2024-11-20
3633,47,12 Apr 2025
3633,26,2024-07-01
3634,56,2024-11-14
3635,25,2024-09-19
3636,8,2025-04-19
3637,3,2025-03-07
3638,1,2025-13-05
3638,11,2024/07/20 00:00:00
3638,29,2024-11-21
3639,48,2025-01-14
3640,8,2025-01-15
3641,54,2024-01-23
3641,29,2025-02-14
3642,7,
3643,29,0000-00-00
3644,19,2025-07-10
3645,7,2024/06/14 00:00:00
3645,50,2025-04-30
143252,10,2024-02-03
3647,32,02-20-2024
3647,55,2024-09-21
3647,53,31/03/2025
3648,11,2024-08-18
3648,30,2024-02-06
3648,10,
3649,4,2025-05-22
3650,16,2024-10-27
3651,17,2024-05-27
3652,43,2024-12-30
3652,49,2025-07-15
3653,38,2024-09-22
3653,3,2024-08-07
3654,52,31/02/2025
3654,44,2024-11-11
3655,9,17 Aug 2024
3655,23,2024-07-10
3655,36,2025-05-05
3656,52,2024-06-23
3656,18,
180073,42,2025-02-23
3657,29,2024-12-24
3658,28,1899-12-30
3659,6,2025-10-24
3659,48,2025-01-27
3660,41,2024-12-16
3660,12,2025-07-27
3661,13,
3662,51,2025-05-25
3663,39,2024-12-18
3664,60,2024-12-22
3664,20,2025-04-06
3665,30,2024-07-17
3665,59,2024-12-25
3665,35,2025-05-13
3666,27,2024-08-09
3667,42,2025-04-03
3668,44,2024-04-03
3669,60,2025/02/19 00:00:00
3669,4,2025-02-17
3670,26,2024-06-07
3671,30,2025-05-28
3672,36,2024-04-02
3673,29,2025-03-30
3674,16,2024-11-28
3674,6,"March 30, 2025"
3674,54,2024-11-20
3675,12,2024-10-05
3676,12,2024-11-13
3677,17,2024-06-13
3678,15,2024-12-19
3678,21,1970-01-01
3679,12,1899-12-30
3680,24,2025-04-26
3681,17,2025-01-03
3682,8,"January 22, 2025"
3683,41,2024-11-12
3683,40,2024-10-25
3683,32,2025-07-17
3684,36,2027-10-21
3685,16,2024-12-02
3686,54,2024-08-24
3687,9,2024-07-12
3688,20,13 Nov 2024
3688,10,"December 15, 2024"
3689,20,2024-07-20
3690,2,2024-03-31
3691,31,2025/06/11 00:00:00
3692,51,2024-07-24
3693,44,2024-07-29
3694,7,1899-12-30
3695,19,03 Mar 2024
3696,12,05-07-2025
3697,17,2024-08-19
3698,53,2024-10-16
3699,3,2024-06-21
3700,39,2024-08-25
3700,40,2025/06/19 00:00:00
3700,45,2025-13-05
3701,17,2024-08-25
3702,54,
3702,37,2024-05-09
3703,35,2024-03-06
3703,28,2025-02-28
3703,13,2024-05-03
3704,19,31/07/2024
3705,49,15/12/2024
3706,26,2025-03-05
3707,51,2025-08-06
3708,44,11-18-2024
3708,19,2025-05-22
3709,45,23 Oct 2024
166996,26,2025-03-27
3711,12,2025-02-03
3712,54,2024-07-13
3712,32,2025-06-07
3712,41,2024-06-05
3713,21,2024-11-24
3714,46,27 Jul 2024
3714,25,2025-03-14
3715,14,1970-01-01
3715,58,2024-06-16
3715,57,
3716,60,2028-06-11
3716,17,01/01/1900
3716,55,2024-04-13
3717,52,2024-06-22
3717,26,2024-09-14
3717,55,2025-01-10
3718,31,2024-11-29
3718,34,2025-03-20
3719,29,2024-09-29
3719,46,2025-01-13
3720,26,31/02/2025
3720,43,2025-04-08
3721,24,
3721,26,04-14-2024
3721,39,2024-11-18
3722,10,12-24-2024
3722,43,24/10/2024
3723,7,2025-03-08
3724,16,31/02/2025
3725,17,2024-09-23
3725,55,2028-03-04
3725,51,2025-01-19
3726,24,2024-10-19
3727,53,2024/11/26 00:00:00
3728,7,
165914,36,
3729,18,2024-08-19
3729,13,2024-12-04
3730,29,04-19-2024
3730,6,2024-11-14
3731,42,25 Jun 2024
3732,34,2025-03-10
3733,16,2024/12/29 00:00:00
3734,57,2025-03-02
3735,20,2025-05-11
3736,39,2025-03-29
3737,20,2024-05-30
3737,9,2025-06-10
3738,6,2024/09/26 00:00:00
187753,49,"September 04, 2024"
3739,45,2024-12-15
3740,19,2025-01-30
3741,17,2029-02-08
3742,15,
3742,57,1970-01-01
3743,57,2024-01-20
3744,40,
3745,36,2024-11-16
3745,41,2024-11-09
3746,28,2025-03-12
3747,1,2025-04-16
3747,17,2025-05-28
3747,8,2024-03-28
3748,34,2025-07-02
3748,6,2024-09-12
3748,13,2024-10-07
3749,32,2024-10-14
3750,18,2024-06-09
3750,34,2024-08-16
3751,30,2024-04-20
3751,11,2025-04-20
3751,54,2024-11-16
3752,35,2024-09-11
3753,27,2024-11-04
3753,7,
3753,32,26 Jul 2024
3754,3,2024-08-21
3754,22,29/07/2024
3754,43,2025-03-16
3755,20,2024-05-01
3756,29,2024-12-17
3757,39,2024-12-08
3757,15,2024-09-17
3758,11,2024-11-06
3759,30,10-15-2024
3759,28,
3759,7,31/02/2025
3760,58,2024-05-31
3761,35,2025/05/07 00:00:00
3762,17,2025-02-28
3762,54,2024-12-26
3763,53,2025-02-02
3763,9,2027-06-17
3764,26,2025-07-12
3764,11,2025-05-30
3764,30,
3765,6,2025-04-09
3765,60,2024-10-17
3766,15,2025-01-03
3767,6,2024-07-14
3767,27,2024-10-24
3768,12,2024-05-12
3769,4,2024-05-10
3770,57,2024-09-08
3770,10,2025-05-08
3771,35,2025-01-04
179665,37,2024/11/02 00:00:00
3773,21,31/02/2025
3774,11,08-25-2024
3775,50,06 Jun 2026
3775,53,2025-06-17
3776,15,01 Jan 1900
3777,58,2024/09/30 00:00:00
3778,24,2024-04-11
3779,27,2024-04-14
3779,6,2025/02/13 00:00:00
3779,17,2025-03-13
3780,10,2024-02-28
3780,32,2025-05-02
3780,27,2024-09-02
146431,15,2025-04-12
3782,5,2024-03-05
3783,7,2024-09-24
3783,23,2024-12-18
3783,58,
3784,51,2025-01-04
3784,56,2024-10-23
3784,48,2024-12-30
3785,17,2025-04-22
3786,29,2024-12-15
3787,13,2025-07-05
3788,5,2024-12-24
3788,60,1900-01-01
3789,28,2025-03-03
3790,30,2024-07-31
3791,50,2025-05-28
3792,18,2025-01-15
3792,38,2024-06-16
3793,58,2024-12-27
3794,32,15/08/2024
3794,4,11-14-2024
3795,52,2025-06-25
3795,23,2025-04-15
3795,33,0000-00-00
3796,25,2024-05-12
3796,10,2025/04/20 00:00:00
3796,8,2024-04-27
3797,9,"June 30, 2024"
3797,19,2024-02-08
3798,20,2024-12-12
3799,11,31/03/2025
3799,14,2024-10-09
3800,13,2025-04-13
3801,59,2024-09-06
3802,57,2025-06-15
3803,43,N/A
3804,21,02-13-2024
3805,20,2025/07/24 00:00:00
3806,39,2024-10-27
3807,22,2024-09-11
3807,49,2024-04-09
3807,31,2024-10-01
3808,44,2025-07-12
3809,23,2025-05-06
3809,32,2026-06-18
3810,37,2024-02-26
3811,60,2024-06-20
3812,32,2025-07-29
3813,27,2025-01-02
3814,26,2025-04-07
3815,48,02-20-2024
3815,4,
3815,43,2024-05-09
3816,6,2024-12-12
3816,15,2024-06-24
128667,7,2024-04-27
3817,2,2024-05-01
3818,54,2025-03-05
3818,29,2025-04-24
3818,12,03-02-2024
3819,3,31/02/2025
3820,24,2024-05-13
3821,12,2024-02-11
3822,40,2024-08-20
3823,16,2025-02-15
3824,35,2024-11-23
3825,40,2025-05-11
3826,46,"April 18, 2025"
3826,32,2025/04/06 00:00:00
3826,60,2024/09/24 00:00:00
3827,42,2024-09-11
3827,32,
3828,13,2024/07/11 00:00:00
180516,12,2024-10-04
3829,27,2024/10/23 00:00:00
3830,38,2024-07-05
3831,42,0000-00-00
3831,20,2024-12-06
3832,20,16 Jan 2025
3832,48,2024-07-09
3833,53,2024-10-26
3833,19,2024-02-13
3833,42,16/08/2024
3834,47,2024-11-03
3835,10,30 Dec 2024
3836,20,2025-02-04
3837,35,2024/06/29 00:00:00
3838,60,2024-11-23
3838,34,2024-12-06
3838,15,26 Apr 2025
3839,5,2024-05-11
3839,59,2024-09-06
3839,27,2024-09-27
3840,15,2024-10-20
3841,9,2025-02-23
3842,6,2024-04-15
3843,5,2025-02-05
3844,17,2024-09-10
3845,38,2024-06-16
3845,32,2024-11-24
3845,9,"December 24, 2024"
129791,31,2024/11/11 00:00:00
3846,17,2024-04-21
3847,32,2024-12-22
3848,27,2025-02-05
3849,34,2025-03-21
3850,50,31/02/2025
137467,42,2025-04-30
3852,44,05 Aug 2024
3853,30,07-01-2024
3853,42,2024-06-17
3854,26,2030-01-01
3854,27,2025-03-05
3854,46,2025-02-08
3855,31,2024-04-19
3855,30,2025-03-26
3855,53,
3856,18,2025-06-22
3857,9,2025-13-05
3857,32,2024-09-21
3857,14,2024/07/03 00:00:00
3858,29,2024-06-20
3859,6,2025-05-14
3859,29,2025/03/20 00:00:00
3860,37,2024-09-16
3861,58,2024-11-20
3862,37,1970-01-01
3862,16,2024-12-04
3863,45,2030-07-25
3863,24,2024-10-07
3864,16,2025-03-10
3865,31,15 Feb 2025
3865,44,09-12-2024
3866,43,2024-08-01
3867,32,2024-12-03
3868,1,2024/09/09 00:00:00
3869,15,07-12-2025
3869,12,2025-06-25
131327,42,
3871,59,2025-01-06
3871,23,31/02/2025
3872,45,2024-03-18
3873,32,12-30-1899
3873,35,2024-06-01
3874,42,2024-05-29
3875,42,2025-01-21
164054,12,14/01/2025
3877,35,0000-00-00
3878,36,05-21-2024
3879,26,2024-10-02
3880,18,2024-08-26
3881,16,2024-09-27
3881,57,2025-03-08
3881,38,2025-01-27
3882,12,2025-13-05
3883,4,2024-08-12
3884,24,2025-01-12
3884,26,2024-08-16
3884,33,2024-01-24
3885,49,2025-02-17
3885,19,2025-01-24
3885,36,2024-12-14
3886,17,
3886,50,2024-10-16
3887,3,2024-05-05
3888,20,N/A
3888,31,2024-12-15
3888,46,2024-07-22
3889,20,24 Aug 2024
3890,41,20/07/2025
3891,46,2024-12-18
3891,18,
3891,41,"February 16, 2025"
3892,15,2024-04-15
3892,60,2024-09-17
3892,43,2024-08-06
3893,44,2024-03-01
3894,14,2024-06-01
3895,51,09/02/2025
3896,43,2024-08-25
3896,3,2024-07-02
3897,12,08-15-2024
3897,7,2024-08-09
3897,29,2024-12-28
3898,34,2025-02-06
3899,48,2025-04-29
3900,50,15 Jan 2025
3900,11,0000-00-00
3900,19,2024-08-28
3901,27,2024-11-25
3902,48,2025-07-29
3903,15,2027/07/23 00:00:00
3904,51,2025-01-23
3904,50,11/05/2025
3905,53,12/08/2024
3906,26,2024-12-09
3907,18,2024-10-07
3908,54,2025-05-10
3909,25,2025-01-27
3910,25,2024-06-11
3911,29,2024-12-18
3911,4,"October 30, 2024"
3911,54,2024-04-21
3912,13,2024-03-04
3913,27,0000-00-00
3914,18,2024/10/19 00:00:00
3915,28,2024-06-27
3916,39,1970-01-01
3917,50,2024-06-17
3917,23,2024-06-28
3918,60,2024-04-22
3918,9,2025-01-20
3919,18,2025-08-08
3919,20,2026-04-10
3920,18,2024-05-11
3921,36,"August 19, 2024"
3922,8,2025-01-25
3923,30,2025-02-12
3924,31,2024-06-10
3924,20,20 May 2024
3924,12,08-26-2024
3925,20,2025-02-23
3925,29,2024-06-08
3926,32,2025-06-07
3927,17,2024-04-15
3928,2,2024-09-13
3928,28,2024-10-03
3929,29,2025-03-19
3929,7,2024-10-08
3929,20,2024-10-20
3930,7,
3930,57,27/12/2024
3930,56,
3931,9,2024-12-30
3931,40,"April 24, 2025"
3932,5,04 Sep 2024
3933,35,2025-05-09
3933,3,2024-07-14
3934,9,2025-04-10
3934,42,2025/01/07 00:00:00
3934,14,2024-06-12
131345,32,2024-09-28
3936,12,2025-02-16
3937,51,"February 05, 2025"
3938,50,2025-02-15
3939,46,2025-01-26
3939,13,30 May 2024
3939,3,2024-09-25
3940,18,2025-05-17
3940,53,02/03/2028
3941,6,2024-09-12
3941,60,2024-06-15
3941,10,2024-09-20
3942,31,2024-11-26
3943,55,2024-09-29
3944,43,2025-02-26
3944,52,2025-04-19
3945,6,2025-03-01
3946,38,2024-10-08
3947,42,
3948,59,2025-08-01
3948,35,2024-02-24
3949,56,2024-09-23
3949,30,
3949,11,2024-11-23
3950,3,2024/12/05 00:00:00
3950,35,2025-03-31
3951,47,14 Oct 2024
3952,50,2025-02-08
3953,20,07/11/2024
3954,1,22 Apr 2024
3954,27,2024-06-29
3955,26,2024-06-23
3956,49,0000-00-00
3957,39,2025-01-25
3957,18,
3957,38,"October 29, 2024"
3958,57,2025-01-26
3958,28,1970-01-01
188950,10,
3959,26,2024-07-07
3959,45,2024-12-27
3959,36,2024-08-24
3960,28,2025-05-20
3960,27,2024-09-21
3961,7,2025-03-24
3962,38,
3963,20,2024-12-01
3964,5,2024-05-07
3964,9,2025-01-10
3964,6,2024-07-24
3965,7,2024-09-28
3966,20,
3967,29,2024-08-21
3968,38,2025-13-05
3969,39,2025-02-19
3969,29,2024-09-01
3969,35,2025-01-03
3970,17,2024-02-24
180086,60,2024/10/20 00:00:00
3970,20,2025-13-05
3971,22,2025-01-16
3972,12,2024-07-26
3973,58,2024-08-05
3973,39,03/02/2025
3974,57,24 Aug 2024
3974,50,2024-11-29
3975,30,2024-12-29
3975,50,2024-09-01
3976,5,2024-08-30
3977,42,2024-11-22
3977,51,2027-09-23
3977,55,12/11/2024
3978,11,2025-05-11
3979,36,2024-10-02
3979,16,2024-07-22
3980,29,2024-09-21
3981,19,2025-07-07
3982,33,2024-08-11
165227,45,2030-04-12
3983,30,2024-02-10
3984,4,2024-03-22
3985,4,"September 19, 2024"
3986,31,2024-10-10
3987,21,2024-10-18
3987,32,2024-11-15
3987,15,2024-12-11
3988,40,2024-10-20
3989,3,2025/05/21 00:00:00
3990,12,2024-07-24
3990,48,20/02/2025
3991,43,2024-09-20
3992,38,2024-01-21
3993,31,
3994,42,2025-03-05
3995,52,2025-06-06
3995,45,02/05/2024
3996,1,1970-01-01
3997,10,2024-11-21
3997,11,2025-04-04
3997,5,2024-08-04
3998,47,21 Jun 2024
3998,41,0000-00-00
3999,15,1899-12-30
4000,7,13 Sep 2024
4000,4,2025-03-13
4001,7,2024-06-21
4001,26,2025-04-01
4002,4,2025-04-08
4003,49,01-03-2025
4004,45,2024-12-25
4004,20,23/09/2024
4004,4,
189009,17,2025-05-22
4005,20,2024-12-23
4005,58,2025-04-16
4006,42,2024-03-20
4007,11,2024-11-02
4008,13,2024-07-11
4009,48,2024-08-13
4010,39,2024-12-13
4010,44,2025-05-26
4010,17,21 Feb 2025
4011,24,"August 26, 2024"
4011,27,2024-09-01
4011,56,2024-11-11
4012,14,2025-01-16
4012,12,2024-04-09
4012,32,2025-01-15
4013,54,"December 21, 2024"
4013,52,
4013,48,2024-12-10
4014,50,1970-01-01
4015,50,2024-04-09
4015,4,02-09-2025
4016,7,
4017,27,2024-08-26
4017,13,2024-12-17
4017,30,2024-11-16
4018,54,2025-04-26
4019,35,2024-05-17
4020,12,2024-04-17
4021,51,2024-04-15
4021,23,2024-07-24
4022,25,
4023,58,1899-12-30
4024,41,N/A
4025,12,01-01-1970
4026,30,2024-07-29
4027,13,2025-02-08
4028,10,2024-02-17
4028,50,2024-03-08
4029,27,2025-03-02
4030,58,2024-11-29
4031,29,2025-02-21
4031,52,28 Feb 2024
4031,31,2024-07-19
4032,42,2024-02-13
4032,15,2024-10-27
4033,48,2025-04-16
4034,49,2024-09-08
4035,2,2024-02-25
4036,38,2024-12-05
4036,52,2025-03-30
4036,39,2025-07-07
4037,57,2024-03-30
4037,12,2025-05-21
4038,3,"December 31, 2024"
4039,16,2025-06-08
4039,27,2025-02-08
4040,52,2024-11-24
4041,20,2025-07-05
4042,30,2027-07-08
4042,26,11 Apr 2025
4043,23,
4044,35,2024-05-21
4045,18,2024-10-26
4046,25,31/02/2025
4047,21,2024-11-10
4047,29,2024-03-15
4047,54,2024-10-22
4048,17,2024-11-21
4048,36,1970-01-01
4049,45,2024-10-19
4049,27,2025-03-06
4049,54,2024-06-30
4050,39,2025-03-19
4051,27,2024-02-03
4052,20,2024-09-11
4053,32,2024-12-04
4053,53,2025-05-04
4054,15,2024-10-20
4055,22,"June 04, 2025"
4055,17,2025-03-30
4055,39,2024-10-29
4056,27,2024-10-02
4057,32,2024-11-01
4058,56,"January 13, 2025"
4058,23,2024-07-26
4059,12,2025-06-21
4059,20,2025/01/25 00:00:00
4059,59,2024-07-05
4060,35,2024-12-11
4061,50,2024-10-30
4062,31,2025-02-07
4063,13,2024-12-26
4064,50,0000-00-00
4064,48,2024-09-20
4064,25,2024-12-01
4065,9,02-27-2024
4066,42,2024-06-30
4067,45,2025-01-10
4067,28,2024-10-08
4068,13,2024-10-24
4069,19,2024-08-24
4069,11,2025-01-18
4070,13,08 Nov 2024
4070,59,2024/07/27 00:00:00
4070,38,2024/12/01 00:00:00
4071,7,2024-05-21
4072,50,1900-01-01
4072,7,
4073,50,2024-01-11
4074,36,2025-02-24
4075,37,2024-11-20
4076,46,08 Dec 2024
4076,19,25/01/2025
4077,50,02-13-2025
4077,12,2024-11-08
4077,38,0000-00-00
4078,24,2024-10-30
4078,34,12-15-2024
4078,3,2024-09-10
4079,31,28 Jul 2024
4080,18,03/06/2024
4081,7,"December 07, 2024"
4081,11,
4082,4,2024-08-17
4083,33,2024-04-16
4083,9,2024-10-27
4083,18,13/03/2024
4084,10,2029-02-12
4085,50,2025-07-03
4086,42,2025-02-13
133737,54,2024-05-24
4088,4,2024-12-19
4089,40,2025-02-19
4090,27,2024/09/04 00:00:00
4091,53,2025-02-14
4091,14,19/06/2024
4092,30,1900-01-01
4092,41,2024-12-22
4093,60,2025-04-22
4094,23,2024-02-28
4095,20,2025-06-17
119698,59,04 Dec 2024
4095,53,2024-12-15
4096,27,2024-06-23
4097,9,2024-10-31
4097,5,2026-04-02
4097,6,2024-06-30
4098,25,2024-09-13
4099,53,2025-01-12
4100,57,2024-09-30
4101,49,2024-12-19
4102,18,2024-11-26
4102,43,24/02/2024
4103,2,2024-09-25
4103,39,2024-08-06
4104,6,2024-08-26
4104,4,2024-05-21
4104,21,2024-11-21
4105,8,"November 09, 2024"
4106,41,2024-06-20
4106,9,2024-05-11
4107,6,2025-05-02
4108,45,2026-05-17
4108,42,2024-06-03
4108,56,2027-02-09
4109,36,2024-05-01
4109,17,2024-11-13
4110,11,2024/11/04 00:00:00
4111,2,2024/12/23 00:00:00
4112,50,2024-06-20
4112,12,2025-02-07
4112,42,
4113,44,2025-06-29
4114,40,20/05/2024
4114,20,2024-02-11
4114,18,2025-06-19
4115,34,2025-02-12
4116,14,2024-12-02
4116,30,2025-04-17
4117,36,2024-12-12
4117,29,2025-01-30
4118,42,2028-04-24
4118,41,2024-06-18
4119,53,2024-09-26
4119,14,01 Jan 1970
4119,25,2025-02-25
4120,7,2024-02-26
4121,8,2024-01-31
4122,6,2024-11-13
4123,15,2025-03-07
4124,60,2025-05-19
4124,50,2025-02-08
4124,28,2024-07-28
4125,41,
4126,43,2024-12-15
4127,16,2024-06-18
4128,28,31/02/2025
191546,26,2024-09-08
4129,18,
4130,35,2024-06-28
4131,39,2024-08-13
4131,13,2024-07-15
4132,41,2024-07-29
4133,30,05-03-2025
4133,32,2024-07-08
4133,54,2027-06-14
4134,23,2024-06-30
4135,53,1970-01-01
4136,33,0000-00-00
200192,50,2024-05-24
4136,45,10 Oct 2024
4137,17,2024-07-22
4138,15,2024-06-23
4138,30,2024-10-24
4139,54,2024-10-20
4139,4,
4140,11,31/02/2025
4141,33,09-15-2024
4141,7,2024-12-15
4142,50,2024-03-28
4142,28,2024-05-06
4142,54,2025-01-07
4143,12,2024-11-22
4143,18,2024-08-26
4144,16,"March 17, 2024"
4145,20,2025-02-11
4146,39,2026-01-26
4146,42,2025-09-05
4147,43,2024-11-04
4148,42,2024-02-04
4148,4,2024-10-29
4148,39,2025-04-30
4149,59,2024/11/10 00:00:00
4150,12,2024-07-21
4151,51,2024-07-02
4152,54,2024-07-07
4153,37,2025/01/23 00:00:00
4154,12,19/05/2025
4154,45,2025-02-27
4155,18,2024-08-15
4155,2,2024-12-15
4156,35,"June 15, 2024"
4157,38,2024-09-07
4157,40,1900-01-01
4158,51,30/12/1899
4158,13,04 Feb 2025
4158,37,02/07/2024
4159,39,2024-05-26
4160,14,2024-11-30
4160,39,2024-04-04
4160,31,2025-03-29
4161,57,2024-11-12
4162,46,2024-08-16
116582,27,N/A
4163,11,2025-04-12
4163,15,12-29-2024
4164,28,2024-07-21
4164,24,"November 23, 2024"
4164,29,2025-05-29
4165,18,15 Sep 2024
146297,50,2024-10-25
4167,26,2025/06/08 00:00:00
4168,33,2024-10-18
4168,34,2024-08-17
4169,29,2024-02-24
4169,49,05/06/2025
4169,44,2024-10-12
4170,37,2025-07-05
4171,49,13 Apr 2025
4172,5,2024-01-31
4172,46,2025-04-29
4172,6,2024-04-19
4173,20,08-15-2024
4174,16,2025-04-19
4175,56,2024-08-10
4176,54,2024-09-29
4176,25,08-20-2025
4177,7,2025-01-22
4178,17,2025-02-03
4179,55,09-03-2024
4179,35,2024-05-22
4180,7,2024-07-29
4180,33,2024-11-19
4181,31,
4182,7,1900-01-01
4183,2,2024-05-11
4184,35,2025-07-09
4185,29,2024-05-14
4185,17,2025-03-16
4186,34,"January 18, 2024"
4187,37,2024-06-17
4188,32,2025-02-04
4189,28,28 Nov 2024
4190,6,2024-11-14
4191,20,2025-05-10
4192,24,2025/06/19 00:00:00
4192,11,2024-11-08
4192,15,2025-05-01
4193,26,25/05/2024
4193,42,27 Aug 2025
4194,12,2024-10-07
4194,31,2024-10-14
4194,41,2024-09-12
4195,48,2025-01-01
4195,41,2024-02-29
4196,54,2025-01-28
4196,11,2024-04-01
4196,6,19 Aug 2024
4197,46,29/05/2025
136283,40,2024-08-08
4198,12,31/02/2025
4198,32,"May 20, 2025"
4199,37,2025-06-10
4199,6,2024-11-20
4200,12,1900-01-01
4201,18,2025-07-11
4202,36,2024/10/02 00:00:00
4202,12,2024-05-31
4203,55,
4203,35,2024-04-26
4204,49,2024-07-28
4205,46,01/01/1900
4206,4,04/12/2025
4207,16,"December 18, 2024"
4207,35,1899-12-30
4208,41,2025-07-07
150998,49,
4210,42,2025-05-11
4210,50,2024-06-27
4211,54,2024-11-30
4212,12,2024-07-01
4212,38,2024-05-30
4213,27,2024-07-16
4213,23,2025-01-17
4214,27,2024-04-14
4215,24,2025-08-03
4215,39,2025-04-13
4215,55,16 Mar 2025
4216,38,2024-06-02
4217,34,2025-06-02
4218,19,2024-11-01
4219,27,02-14-2025
4220,29,
4220,26,2024-10-17
4221,30,2025-03-09
4221,4,2025-13-05
4221,37,2024-09-04
4222,50,0000-00-00
4223,20,2024-12-25
4224,7,2024-07-12
4224,60,2024-06-12
4224,8,2024-09-29
194423,31,06-12-2024
4226,14,"October 16, 2024"
4227,30,07 May 2024
4227,29,2024-07-08
4228,37,2024-08-28
4229,8,2024-04-11
4230,27,2024-06-01
4230,15,2025-06-05
4231,29,2025-01-15
4231,7,2024-12-27
4232,8,2024-09-30
4233,27,2024-11-30
4234,28,2024-08-11
4234,12,2024-10-14
4234,15,2025-13-05
4235,35,2025-02-02
4236,27,2024-06-05
4237,32,05-02-2025
4238,30,2024-03-04
4239,4,2025-08-18
4240,20,
4240,59,24 May 2024
4241,19,2024-10-18
4242,32,2024-03-17
4242,42,2025-02-12
4243,52,2025-01-15
4243,31,0000-00-00
4243,20,2024-10-19
4244,27,2024-06-13
4245,40,2025-07-21
4245,50,25 Jan 2025
4245,54,
4246,7,2025-01-03
4246,54,2025-03-31
4247,31,2024-09-24
4248,30,04-30-2024
4249,16,2025-04-20
4250,37,2024-08-30
4251,31,2030/06/23 00:00:00
4252,52,04/01/2025
4252,18,
4253,2,03-31-2025
4254,17,"February 02, 2030"
4254,12,2025-05-13
4255,11,"October 03, 2024"
4256,20,2025-06-05
4257,14,10-14-2024
4258,29,25 Jun 2024
4258,42,2024-08-16
4259,40,2024-08-28
4259,33,2024-12-24
4259,1,2025-05-15
4260,36,2024-03-21
4261,41,2024-03-30
4262,27,2025-05-09
4262,38,2025-09-07
4263,12,2024-10-10
4264,25,02 Jan 2025
4264,10,N/A
4264,35,"January 01, 1900"
4265,28,2024-08-23
4266,55,2025-01-03
4267,50,09-10-2024
4267,30,2025-03-15
4268,4,2024-11-20
4269,46,2025-13-05
4270,50,08-24-2024
4271,57,2024-10-04
4272,32,05-14-2024
4273,3,"October 27, 2024"
4274,33,2024-10-02
4274,40,24/09/2024
4274,27,"June 26, 2024"
4275,42,2024-09-11
4276,38,2024-12-19
4277,40,2024-05-01
4277,35,2025-02-25
4278,6,2024/04/02 00:00:00
4278,3,2024-10-17
4279,29,2024-12-29
4280,38,08/04/2025
4281,34,2025-04-12
4281,19,2024-09-26
4282,46,03 Nov 2024
4283,1,0000-00-00
4283,18,
4284,36,2024-02-03
4284,4,"June 10, 2024"
4285,59,2024-04-29
4285,18,2025-01-30
4286,52,2024-11-05
4287,18,2024-04-30
4288,5,2024-05-12
4289,3,2024-08-03
4290,27,2024-05-21
4290,18,2025-13-05
4291,27,2025-01-01
4291,12,04/10/2024
4292,24,2025-06-22
4292,11,2024-07-28
4292,39,2024-09-18
4293,9,2024-07-06
4294,29,2024-10-01
4295,54,2025-06-13
4296,6,2025-01-09
4296,19,2025-01-06
4296,30,2025-05-09
4297,18,
4298,56,2024-04-03
4299,22,2025-06-15
4299,37,2024-11-24
4299,32,
4300,58,09 Feb 2024
4300,18,2024-04-03
4300,9,2030-02-26
4301,32,02-24-2025
4302,28,2024-09-14
4303,37,2025-04-25
4303,15,2024-07-01
4303,13,2025-03-11
4304,42,24/05/2024
4305,53,
4306,14,2024-05-04
4307,36,31/05/2024
4308,31,01-13-2025
4309,6,2024-04-24
4310,56,2025-03-04
4311,11,2024-06-22
4311,44,2025-02-22
4311,4,N/A
4312,20,2024-04-25
4313,31,2025-05-19
4314,54,2025-03-30
4314,60,2024-11-07
4315,30,2024-08-14
4315,23,2024-10-09
4316,42,2025-01-19
4317,29,2025-05-30
4317,54,2024/07/12 00:00:00
4318,11,
4319,47,1900-01-01
4320,32,2024-03-15
4321,59,2025-05-06
4321,20,"July 02, 2024"
4321,50,2025-07-10
4322,49,2024-08-10
4323,38,2024-08-07
4323,55,2025-05-06
4324,15,2025-07-06
4325,9,2025-07-03
4325,54,2024/11/09 00:00:00
4325,13,2024-10-26
4326,44,2025-13-05
4326,41,01 Dec 2024
4326,27,2025-04-02
4327,31,
4328,50,02 Aug 2024
4329,16,2025-05-19
4330,29,"July 15, 2024"
4330,41,2024-01-06
4330,58,2025-02-04
4331,36,"October 04, 2024"
4332,16,2024-04-26
4332,14,2024-10-06
4332,5,2024-08-29
4333,36,2025-04-16
4334,39,2024-03-03
4334,27,2024-09-21
4334,54,2025-01-09
4335,47,2024-12-29
4335,4,2025-04-05
4335,51,2025-02-08
4336,15,11 Oct 2024
4337,3,2025-06-08
4337,39,2024-12-16
4337,32,2025-02-25
4338,30,2024-07-01
4339,48,N/A
4340,27,2025-02-17
4341,20,2025-03-17
4342,6,2025-02-26
163441,34,2024-05-07
4344,20,1900-01-01
4344,7,0000-00-00
4345,35,2024-06-30
4345,25,2024-09-20
4345,43,2025/06/27 00:00:00
4346,50,2024-06-05
4347,13,2025-09-08
4347,6,2024-10-09
4347,32,1899-12-30
4348,7,2025/01/09 00:00:00
4349,35,2024-04-25
4350,40,2025-08-16
4351,59,11-05-2024
4352,56,27/05/2025
4353,20,2024-10-11
4354,60,2024-02-23
4355,51,
4356,29,0000-00-00
4356,3,"August 13, 2024"
4357,41,2025-05-20
4357,29,
4357,35,2024-03-16
4358,38,2025-04-28
4359,8,26/06/2024
4359,25,2025-06-12
4359,23,2024-07-14
4360,35,2024-06-01
4361,59,2024-11-27
4361,50,2024/12/14 00:00:00
4362,42,2024-07-21
4362,10,2024-12-01
4362,57,30/11/2024
4363,35,04-14-2024
4364,36,16/12/2024
4364,45,2024-05-02
4365,12,12-30-1899
4365,2,2025/07/19 00:00:00
4365,30,2024-05-05
4366,35,2024-05-10
4367,27,2026-02-08
4368,3,2025-01-21
4368,7,2024-02-18
4369,30,07 Jun 2024
4369,60,1900-01-01
4369,4,13/02/2025
4370,34,2025-05-24
4371,53,2030-03-29
4372,30,2025-02-08
4373,45,2024-09-12
4374,20,07-05-2024
4375,41,0000-00-00
4376,50,2024-07-30
4376,10,2024-11-02
4376,29,2024-08-14
4377,30,2024-07-08
4378,15,2024-02-04
4379,55,31/02/2025
4379,53,2025-02-28
4380,6,2024-12-12
4380,17,2024-02-26
4380,12,07-28-2024
4381,9,2024-05-02
4381,60,17/01/2025
4382,44,2024-05-22
4383,32,
4384,49,2025-05-04
4384,13,2024-09-18
4384,48,2024-04-17
4385,15,2024/07/07 00:00:00
4386,50,2025-03-21
4387,3,2024-11-19
4387,15,2024-11-05
4387,2,2025-02-11
4388,27,2025-02-13
127011,9,2024-09-09
4389,35,2024-03-21
4390,35,2024-09-06
4390,7,2024-09-06
4391,54,2024-07-04
4392,13,2024-08-10
4393,18,2025-07-27
4393,10,2024-12-11
4394,34,2024-08-29
4394,14,2025-04-13
4394,17,2025-01-21
4395,36,2024-09-25
4396,20,2025-08-10
4397,55,
4397,24,
4397,30,
4398,6,2024-07-12
4399,17,2024-08-06
4399,35,2024-09-28
4400,10,2024-07-05
4401,3,2024-05-06
4401,59,2025-13-05
4401,7,2025-01-14
4402,5,2024-08-27
4402,50,2024-11-10
4402,29,2024-11-24
4403,32,2024-04-19
4403,41,2024-12-05
4404,29,2024-08-20
4404,54,2024-10-31
4404,10,2025-05-25
4405,17,2024-02-18
4406,18,2024-07-31
4407,41,2024-07-29
4408,19,2025/02/17 00:00:00
4408,41,2024-07-26
4409,17,10-31-2024
4410,4,2024-01-07
4411,9,2024-08-06
4412,28,2025-03-06
4413,13,2025-03-25
4414,18,2025/07/18 00:00:00
4415,7,2025-02-06
4415,29,07-13-2025
4416,17,2025-04-17
4417,49,30 Nov 2024
4418,29,2024-04-14
4418,23,2024-10-04
4419,20,2025-02-13
4420,52,2025-07-15
4421,26,2024-08-28
4422,52,2025-01-06
4423,53,2025-06-04
4423,18,2024-11-17
4424,47,2025-07-01
4424,39,unknown
4425,41,
4425,60,
4425,58,2025-07-21
4426,56,08-19-2024
4427,55,2024-09-11
4428,53,2024-04-12
4428,49,"March 30, 2025"
4429,49,2024-10-09
152064,54,2024-10-24
4430,37,2024-12-27
4431,44,2025-01-17
4432,39,23/10/2024
4433,27,2024-11-22
4434,27,"April 20, 2024"
4434,42,2024-07-31
4434,12,2024-07-30
4435,13,2025-06-07
4436,29,2028-03-02
4437,35,2024-08-09
4438,22,2025-06-25
4438,14,2024-12-12
4438,15,2025-01-30
4439,25,2024-12-16
4440,4,2024-07-31
4440,20,1899-12-30
4441,38,2024-10-11
4442,19,2024-07-17
4442,3,2025-02-26
4442,60,2024-12-04
4443,43,2024-12-21
4444,53,2025-06-28
4444,20,04-23-2025
4444,29,2025-03-29
4445,7,08-02-2026
4446,54,2024-06-20
4446,20,2024/02/19 00:00:00
4447,2,2025-01-04
4448,49,2024-05-18
4449,44,2024-08-10
4450,10,2025-02-23
4451,20,2024-12-25
4451,53,2024-09-30
4452,53,2024-12-25
4453,31,2024-07-05
4454,42,11-04-2024
4455,41,2025-06-06
4456,17,2025-01-25
4456,52,2024-11-21
4456,7,02/11/2024
4457,2,2024-05-21
4458,60,2024-09-03
4458,20,2024-07-17
4458,26,2024-02-27
4459,51,2024-05-14
4459,37,2024-09-11
4460,24,29/11/2024
4460,52,2024-09-08
4460,16,2024-08-14
4461,24,"January 26, 2025"
4462,12,2025-06-18
4463,36,2027-02-16
4463,20,18/10/2024
4463,24,2024-04-15
4464,16,2024-11-03
4465,50,2025-02-19
4466,12,2024-07-12
4466,17,2024-04-03
4466,15,2024-09-10
4467,31,
4467,3,2024-12-25
4468,28,02-23-2025
4469,18,2024-09-25
4469,29,2024-10-01
4470,26,
4470,11,2024-08-28
4470,7,2028-09-13
4471,57,2024-06-14
4471,29,2025-12-28
4471,39,20/11/2024
4472,43,2030-01-02
4473,4,2024-07-04
4474,39,2024-02-17
4475,32,2025-02-21
194417,11,2024-11-01
4477,15,2024-01-30
4477,29,
4478,37,2025-02-12
4479,38,"June 13, 2024"
4480,33,2024-10-24
4480,12,2025/02/13 00:00:00
4480,30,2025-04-30
4481,17,2024-10-24
4481,41,2025-01-06
4481,29,2024-12-03
4482,7,2024-08-14
4483,50,2024-11-18
4483,39,2024-12-06
4483,54,14/01/2025
4484,33,2025-03-03
4485,29,07-27-2025
4485,41,2024-05-11
4485,53,2025-04-29
4486,60,12-20-2024
4487,32,2025/01/19 00:00:00
4488,30,2025-05-04
4489,44,2025-02-26
4490,13,07-31-2024
4490,29,2025/02/24 00:00:00
4491,42,
4491,19,2024-07-20
4491,15,2025-07-02
4492,10,2027-03-05
4493,28,2024-08-01
4494,27,03/09/2024
4494,31,0000-00-00
4494,20,2025-06-29
4495,52,2024-04-02
4496,53,05-23-2024
4497,60,2025-03-27
4497,53,2025-07-22
4498,7,2025-05-07
4498,6,2024-03-05
4498,16,2024-05-02
4499,23,2024-02-05
4499,12,2024-09-25
4499,51,2025-05-14
4500,30,2025-02-07
4500,11,2025-04-27
4500,36,2024-12-23
4501,3,2024-09-27
4502,31,2025-01-04
4502,42,2024-08-22
4502,2,2024-09-13
4503,53,2024-12-29
4503,20,2025-02-28
4503,33,2024-09-25
4504,34,2025-07-10
4505,38,2024-09-06
4506,39,13 Sep 2024
4507,18,2024-10-26
4508,50,2025-02-16
4508,48,04-29-2024
4508,34,2024-12-09
4509,15,2024-10-20
4510,18,2024-12-12
4511,50,2025-05-17
4511,44,2024-12-26
4512,42,2024-07-05
4513,38,2024-08-12
4513,44,2024-02-03
4513,19,2025-03-17
4514,20,20/01/2025
4515,9,2024-08-28
4516,12,2024-07-31
4516,14,2025-01-16
4517,60,2025-06-10
4517,45,2025-08-09
4517,46,2024-09-25
4518,39,2024-09-01
4519,17,2025-01-03
4519,6,2024-08-21
4520,13,02 Apr 2025
4521,29,2025-02-11
4522,26,2024-09-27
4523,29,02 Apr 2025
4524,7,2024-12-06
155254,1,2024-06-17
4525,7,
4525,14,2025-06-04
4526,23,2025-06-11
4527,28,05-11-2027
4527,7,2024-11-09
4527,12,2025-05-27
4528,32,
4529,38,"November 01, 2024"
4529,34,2024-10-13
4529,39,2024-07-19
4530,17,2024-04-13
4531,32,2024-11-12
4531,41,2025-08-15
4531,37,2024-06-18
4532,5,28 Apr 2025
4532,12,2024-06-21
4533,18,2025-03-22
4533,54,2024-07-18
4533,24,2024-06-30
4534,52,2024-12-08
4535,41,2024-10-01
4535,31,2024-11-08
4535,38,"August 13, 2024"
4536,40,2025-02-18
4537,45,"July 15, 2024"
4537,18,2025-06-07
4537,52,2024-11-28
4538,33,2024-09-15
4539,20,07-26-2024
4540,31,2025-05-08
4541,55,2025-04-10
4542,44,2025-01-23
4542,5,2024-06-16
4543,48,2025-04-10
196945,50,2024-11-15
4543,45,2025-06-22
4544,2,2024-12-16
4545,16,2029/10/25 00:00:00
4546,43,2024-11-12
4546,34,11 Mar 2025
4547,13,2024-09-14
4547,52,2024-07-14
4548,5,2024-10-15
4549,17,2024-08-15
4549,14,2024-11-01
4550,53,0000-00-00
4550,22,2024-06-21
4550,49,
4551,48,2024-10-08
4551,6,2024-12-31
4552,2,2024-11-08
4553,24,2025-05-29
4554,41,19/01/2024
4555,56,
4555,52,2024-11-01
4555,31,2025-01-28
4556,20,"January 02, 2025"
4557,20,31/02/2025
4558,13,24 Apr 2025
4559,17,31/02/2025
4559,27,1970-01-01
4559,32,2025-05-22
4560,12,2025-07-29
4561,15,2024/07/16 00:00:00
4562,27,2025-04-22
4563,57,2025-03-31
4564,48,2024-02-24
4564,18,2024-12-13
4564,20,2024-11-13
4565,18,2024-10-08
4566,17,"December 19, 2024"
4567,54,2024-11-01
4568,33,2025-01-28
4568,19,2024-07-28
4569,3,2025-05-13
4570,13,2024-10-22
4570,31,2024-09-05
4571,56,2024-04-09
4572,28,2024-03-05
4572,18,2025-03-24
4573,14,2025-03-14
4574,16,2024-12-22
4575,7,2024-08-03
4575,46,2024-10-11
4576,48,31 Mar 2024
4576,31,2024-12-13
4577,13,
4578,6,2025-02-11
4579,2,2024-12-20
4580,41,2025-03-10
4581,2,2024-05-09
4582,20,2025-05-31
4582,40,2024/06/11 00:00:00
191391,31,2025-04-19
4583,25,2025/04/14 00:00:00
4584,21,2024-06-05
4585,32,31/02/2025
4585,50,2024-02-08
4585,42,2025-02-27
122147,19,2024-08-11
4587,23,2024-09-05
4588,20,2024-12-26
4588,13,2025-13-05
4589,36,2024-06-07
4589,45,2024-08-15
4590,13,"September 25, 2024"
4590,29,2025-06-28
4590,60,0000-00-00
4591,50,24 Sep 2024
4592,30,2025-13-05
4593,40,2024-08-14
4593,51,2027-12-07
4594,57,2025-01-13
4595,16,2024-11-22
4595,30,28/11/2024
4595,4,14 Mar 2025
4596,33,20/04/2024
4596,16,2024-12-07
4597,8,29 Jul 2024
4597,42,2025-06-28
4598,42,2024-08-24
4599,13,2024-10-14
4599,50,2024-09-27
4599,29,2024-07-21
4600,4,2024-07-10
4601,35,2026-10-01
4602,35,2025-04-21
4602,36,2024-07-15
4603,35,2024-01-27
4603,46,2024-11-30
4604,12,2024/12/28 00:00:00
4604,54,2025-06-07
4604,37,2024-08-26
4605,27,2025-06-11
4606,54,2025-02-27
4607,6,2025-03-28
4607,44,2025-05-20
4608,40,2024-09-14
4609,19,2024-10-29
4609,45,0000-00-00
4610,6,2025-06-04
4610,26,2025-02-17
4611,34,2026-05-26
4611,23,"March 16, 2025"
4612,29,2025-04-15
4613,2,2024-12-02
4613,41,N/A
4613,51,"October 25, 2024"
4614,13,
4615,54,2024-07-29
4616,45,2024-07-13
4616,20,2024-10-09
4617,59,2024-06-24
4618,16,2024-09-27
4619,59,2024-11-24
4620,42,2024-11-04
4621,12,2024-07-21
4622,54,2024-05-08
4623,7,2025-03-18
4623,54,2024/05/08 00:00:00
4624,57,
4625,6,2024-06-03
4626,29,2024-08-01
4626,39,2024-03-02
4626,18,2024-03-26
4627,11,"October 22, 2024"
4627,31,2025-05-09
4627,44,2024-09-24
4628,38,2024-12-14
123418,27,2025-07-03
4630,54,2024-12-01
4631,16,"April 04, 2024"
4632,29,2025-02-24
4632,48,2024-06-21
4632,16,2024-01-16
4633,49,0000-00-00
4634,20,2024-11-28
4634,5,2024-05-11
4635,2,2025-01-16
4636,56,04-10-2025
4636,27,2024-11-12
4636,44,2024-08-24
4637,21,16 May 2025
4638,30,2024-06-15
4638,45,2024-01-09
4639,38,2024-10-13
4639,31,2024-06-28
4639,37,2025-03-13
4640,18,2024-12-07
4640,19,2025-03-30
4641,5,31/02/2025
4642,20,2024-06-25
4643,20,2024-12-25
4643,16,2024-12-29
4643,28,2024-04-29
4644,51,27 Jan 2025
4645,48,2024-12-25
4646,36,2024-05-08
4646,6,21/02/2025
4646,12,13 Feb 2025
4647,20,2026-10-21
4647,49,22 May 2024
4647,29,2024-12-13
4648,20,2025-03-08
4648,15,2025-01-15
4649,51,16 May 2024
4650,11,1899-12-30
4650,36,2024-07-20
4650,16,2025-01-01
4651,20,2024-09-02
4651,29,2024-12-29
4652,27,2024-09-18
4652,51,1900-01-01
4652,31,2024-11-23
4653,50,2024-09-25
4654,8,2024-06-19
4654,13,2024-12-03
4655,16,2024-03-05
4656,45,2025-01-20
4656,5,2024-11-19
4657,50,2025/03/18 00:00:00
4658,12,2024-09-20
4659,33,2025-04-16
4660,9,2024-02-29
4661,29,2025-12-09
4661,37,2024-09-17
4662,59,2025-05-26
4663,51,2024-07-17
4664,56,2025-04-29
113904,39,
4665,37,2024-02-14
4666,37,2025-03-10
4667,48,2024-09-12
4668,9,2024-07-09
4668,11,2025-03-01
4668,18,10-10-2024
4669,25,2025-07-03
4670,11,2025-04-21
4671,18,2025-04-03
4671,26,2024-10-18
4672,36,2024-09-20
4673,20,2024-10-22
4673,12,23/02/2024
4674,6,2025-07-06
4675,7,1899-12-30
4676,20,2025-04-27
4676,9,04-11-2030
4676,19,2024-09-19
4677,44,2024-07-18
4678,7,2025-05-08
4679,15,2024-10-01
4680,35,2024-09-27
4681,58,2024-06-19
4681,30,2025-04-11
4682,7,2025-02-22
4683,52,2024-05-29
4683,7,2025/01/09 00:00:00
4683,34,2024-02-03
4684,50,2024-02-28
4684,20,2024-08-17
4684,17,2024-10-03
4685,42,
4686,50,2024/12/30 00:00:00
4687,29,2025-06-04
4688,23,2025-09-10
4689,20,2024-11-15
4689,42,2025-04-16
4689,18,2024-04-23
4690,31,2024-04-26
4690,20,2025-02-03
4691,30,2024-08-12
4691,10,2024-08-13
4691,27,2025-01-29
4692,28,2025-04-14
4693,50,2025-01-06
4694,39,2024-07-25
4695,34,2025-04-18
4695,15,2024-09-23
4695,4,2025-08-02
4696,2,2024-12-27
4696,16,2025-01-14
4697,20,2024-11-24
4698,16,2024-10-14
4699,28,2024-12-28
4700,50,2024-11-27
4701,30,21/03/2025
4702,29,2024-05-25
4702,26,2024-06-21
4703,59,2024-03-20
4703,19,2024-06-25
4704,18,16 Feb 2024
4704,59,2024-10-03
4705,41,2025-06-12
4706,50,2024-06-21
4707,41,2024-06-26
4707,54,2024-11-19
4708,32,2024-08-18
4708,3,2024-09-23
4708,2,2024-02-26
4709,9,2024-06-13
4710,24,2025-07-24
4711,13,21/11/2024
4712,38,2025-07-27
4713,42,25/08/2024
4713,13,
4714,35,2025-02-16
4715,54,2024-03-15
4716,4,12-14-2024
4717,25,2024-11-12
4717,34,2025-03-22
4718,50,2024-04-15
4719,18,06 Mar 2025
4720,31,"June 25, 2024"
4721,29,2024-09-28
4722,10,2024-05-09
4723,6,2024/04/03 00:00:00
4724,34,2024/02/27 00:00:00
4724,20,
165867,60,2024-05-21
4725,3,2025-03-24
4725,17,2025/03/11 00:00:00
4725,37,2024-03-21
4726,54,2024-03-30
4727,26,2024-01-19
4728,20,2024-11-24
4728,32,2024-11-09
4728,50,2025-05-03
4729,50,2024-07-15
4730,39,2024-09-07
4731,7,2025-07-29
4732,37,2024-08-03
4733,2,2024-12-15
4734,50,2025-02-19
4734,35,2024-08-09
4735,53,2025-03-05
4736,4,2025-03-30
4737,43,2025-02-04
4737,40,2024-12-05
4737,33,2024-07-08
4738,19,2024-07-17
4739,20,07/12/2024
4740,53,2025-01-30
4740,3,2024-06-12
4740,4,2025-02-13
4741,37,2024-01-19
4742,39,
4743,49,2024-04-05
4743,22,22 Mar 2025
4744,30,06/05/2025
4744,55,02 Oct 2024
4745,50,2025-02-25
4746,54,2025-03-05
4747,57,2024-10-25
4747,52,2024-11-13
4748,53,2025-03-22
4749,20,2024-06-28
4750,27,2024-10-30
4751,27,2024-10-31
4752,28,2024-10-17
174913,46,2024-11-03
4753,55,2025-03-13
4754,3,2025-05-08
4754,29,2024-11-25
4755,44,
4755,42,2024-05-08
4755,36,2024-06-23
4756,42,2024-09-12
4756,60,2024-05-05
4757,32,13 Nov 2024
4758,30,2024-06-17
4759,53,2025-04-18
4760,30,26/01/2025
4761,46,"February 12, 2025"
4761,40,2024-05-26
4762,44,2024-09-09
4762,20,2025-02-05
4763,54,08-25-2024
4763,49,2024-10-03
4763,41,2024-11-07
4764,12,2024-07-25
4765,28,2024-11-29
4765,4,2024-08-24
4765,44,01/06/2024
4766,4,2024-07-23
4767,54,2025-01-24
4768,38,2025-01-22
4768,20,2024-06-14
4769,6,2024-08-30
4770,42,"October 01, 2024"
4771,57,2025-02-05
4772,15,2024-04-17
4772,17,2024-09-04
4772,34,17 Sep 2024
4773,20,2025-03-04
4773,12,2024-11-02
4774,17,2024-11-04
4775,7,2024-11-08
4776,17,2029-06-07
4777,20,08 Feb 2024
4777,1,2024-09-10
4778,4,2024-09-03
4778,40,2025-02-10
4779,30,2024-09-07
4779,40,2024-09-16
199585,4,2025-04-15
4781,51,2024-07-28
4782,17,19/03/2025
4783,38,2025-02-03
4784,13,2024-09-17
4784,12,03 Nov 2025
4784,27,2024-03-05
4785,17,2025-01-25
4786,4,"January 09, 2025"
127688,3,2024-11-05
4787,23,2025-04-24
4787,26,2025-01-20
4788,35,2025-01-07
4788,33,2024-06-28
4789,39,2024/11/14 00:00:00
4789,56,2025-02-26
4789,9,2024-11-16
4790,12,2025-06-24
4791,56,2024-07-12
4792,57,08-18-2024
4793,16,2025-08-12
131408,47,2025-02-27
4794,16,03-19-2025
4795,36,2024-10-24
4795,49,2024-09-14
4796,43,2024-04-30
4797,3,2025-06-24
4797,2,03-22-2024
4798,26,2025-07-18
4799,34,01/08/2024
4800,36,2024-08-02
4801,31,2024-11-05
4802,24,2024-03-12
4802,54,2025-03-11
4803,10,2024-10-14
4803,4,2024-09-12
4804,44,2024-09-19
4804,49,2025-02-05
4805,49,03/02/2025
4805,20,2025-13-05
4806,29,2024-08-26
4807,46,2024-12-15
4808,32,2024-12-01
4809,28,2025-05-26
4809,31,2025-01-30
4810,42,2024-12-02
4810,17,2024-10-07
4811,41,2024-11-25
4811,39,2024-07-15
4812,3,2025-05-10
4813,4,2025-03-30
4814,49,2024-04-12
4815,13,10/03/2024
116947,3,
4815,18,2025-01-30
4816,30,2024-12-23
4817,12,2024-07-07
4818,27,10/08/2024
4819,40,2025-06-30
4819,10,2024-08-18
4820,34,2025-03-02
4821,29,2025-05-25
4822,32,2025-05-23
143274,32,2024-04-07
4824,18,2024-12-07
4825,46,2024-07-17
4826,15,1899-12-30
4826,26,2024-08-10
4827,23,2025-02-01
4827,50,10/11/2024
4827,44,2024-10-05
4828,50,2024-11-26
4829,26,0000-00-00
4830,54,2025-06-19
4831,60,2024-09-24
4831,20,2024-11-28
4831,26,2024-08-20
4832,37,2024-05-14
4833,8,03-24-2024
4833,29,2025-05-09
4833,7,2024-09-23
4834,12,1899-12-30
4835,42,2025-06-01
4835,36,2024-05-12
4836,41,2024-09-11
4837,6,2024-09-04
4838,5,2025-01-15
4839,50,2024-09-10
4839,42,2024/11/13 00:00:00
4839,16,2024-07-17
4840,36,2024-03-26
4841,38,2024-06-18
4842,52,2024-05-11
4843,50,2024-03-09
4844,52,2025-13-05
4845,4,2025-06-28
4845,7,"March 17, 2025"
4845,42,05-25-2024
4846,25,2024-07-20
4847,34,31/02/2025
4847,50,07 May 2024
4848,5,2024-11-02
4848,38,2025-05-26
4849,10,2024-11-14
4850,5,
4850,39,2024-12-06
4850,16,2025-06-01
4851,6,2024-07-26
4852,50,2025-01-09
4852,38,2025-05-25
4853,36,2025-01-10
4853,35,2024-05-10
4854,49,2025-02-21
4854,13,2024-11-15
4854,24,"June 10, 2024"
4855,20,2024-11-09
4856,44,
4857,11,2024-04-11
4858,20,12-30-1899
4859,53,2025-02-10
4860,25,2024-06-25
4861,29,2025-02-18
4862,34,"October 25, 2027"
4863,43,23 Sep 2024
4864,34,2024-05-05
4864,17,2024-09-16
4864,16,2026-01-26
4865,38,"May 05, 2024"
4866,29,2024-10-27
4866,9,2024-11-09
4866,39,"August 26, 2024"
4867,40,2024-12-20
4868,2,2024/11/27 00:00:00
4869,44,2025-01-17
4869,5,2024-08-03
4869,24,2024-07-24
4870,6,01-13-2025
4871,44,02/07/2024
4872,50,
4872,54,2024-03-06
4873,32,10-07-2024
4874,57,2024-08-09
4875,33,2024-05-20
4875,28,2024-10-13
4875,56,2025-03-19
4876,59,2024-11-08
4877,26,2024-04-24
4878,18,2024-05-31
4879,23,1970-01-01
4879,55,"May 10, 2024"
4880,28,2024-01-21
4881,4,10 Jul 2024
4881,17,2024-09-12
4882,7,2024-09-28
4883,18,2024-04-19
4884,22,2024-04-10
4884,51,2025-04-16
4885,58,2025-04-14
4885,54,2024-11-05
4885,56,2024-04-19
4886,44,21 Apr 2025
4886,20,2024-08-10
4887,4,2024-11-03
4888,13,2024-07-02
4888,3,2024-11-24
4889,50,29/11/2024
4890,28,1970-01-01
4891,52,2024-12-25
4892,31,2024-09-05
4892,24,"November 02, 2024"
4892,60,
4893,10,2025-07-06
4893,13,2024-07-28
4894,49,2024/09/07 00:00:00
4894,17,2024-10-31
4894,29,2025-05-02
4895,57,2025-04-05
4895,29,2025-06-16
4895,31,2024-03-11
4896,6,2024-08-26
4897,29,N/A
4897,54,2024/09/27 00:00:00
4898,31,2024-10-18
4899,20,06-09-2024
4900,38,0000-00-00
4901,38,2024-07-31
4901,4,
4901,18,2024-07-09
4902,17,2025/07/06 00:00:00
123328,16,0000-00-00
4904,50,2024/06/01 00:00:00
4905,56,
4905,31,2024-06-13
4905,11,2024-11-29
4906,5,2024-08-23
4906,39,
4906,4,2024-12-08
4907,36,2025-07-02
4907,23,2024-05-21
4907,40,1970/01/01 00:00:00
4908,16,2024-07-31
4909,56,03 Jun 2024
4909,30,2025-04-27
4909,39,2024-10-19
4910,54,N/A
4910,14,21 Jun 2024
4911,37,2030-02-14
4912,17,2024-11-10
4912,49,2024-04-20
4912,7,2024-09-22
4913,40,2024-08-02
4914,44,2024-08-19
4914,16,13/08/2024
4915,39,2025-12-03
4916,19,2025-03-25
4916,14,2024-11-29
4917,50,16 Oct 2024
4917,60,2024/10/29 00:00:00
4917,13,2024-05-04
4918,30,20/05/2024
4919,39,2024/10/26 00:00:00
4919,2,2024-12-06
4920,44,2024/07/06 00:00:00
4921,29,2024-11-27
4921,19,
4922,9,2024-11-01
4922,24,2024-10-08
4922,35,2024-11-16
4923,11,
4924,4,2025-02-02
4925,16,2025-07-06
4925,39,2024/07/18 00:00:00
4926,26,2025-04-05
4927,50,10/02/2025
4927,60,2024-10-25
4927,31,2024-10-27
4928,54,2024-12-31
4928,27,2025-06-29
4929,55,2024-04-08
4930,7,2025-04-24
4930,36,2024-07-08
4930,43,2025-13-05
4931,18,2024-08-17
4931,45,2025-05-16
4932,12,2024-04-11
4933,27,2025-02-09
4934,3,1900-01-01
4935,20,2024-07-10
4936,12,31/02/2025
4936,52,2025-05-05
4936,50,2024-10-25
4937,22,2025-01-15
4937,33,2025-01-14
4938,37,2025-05-19
4939,17,2025-06-14
4939,34,2024-04-05
4939,60,2025-06-19
4940,41,2024-07-30
4940,16,2024-08-29
4940,37,2024-09-09
4941,18,
4942,29,2025-05-17
4942,35,2024-12-28
4943,30,2024/06/27 00:00:00
4944,10,2024-09-21
4945,18,2024-03-20
4945,2,
4946,1,31/02/2025
4946,44,2024-10-09
4946,25,2024-11-08
4947,30,2024-04-01
4948,15,2025-06-18
4948,60,2025-08-01
143888,19,2024-10-08
140626,39,01 Oct 2024
4949,13,2025-07-25
4950,31,2025-01-19
4950,6,"September 29, 2024"
4951,60,2024-09-17
4952,19,2024-10-26
4953,34,2024-06-17
4954,23,2024-10-13
4954,41,2024-07-15
4954,29,2024-03-17
4955,57,2024-09-27
4956,47,2025-04-22
4957,52,2024-05-17
4957,6,2024-10-05
4958,58,2025-03-10
4959,17,2025-02-10
4959,13,2025-02-07
4960,40,2024/09/20 00:00:00
4960,33,2025-01-08
4961,54,1900-01-01
4962,34,2025-01-21
144578,50,
4962,51,2024-12-27
4963,28,2025-06-11
4963,16,2024-08-15
4963,13,2024-06-14
4964,53,2024-12-16
4965,13,2025-07-03
4966,27,2024-06-05
4967,32,2024-10-04
4968,46,2024-08-16
4968,17,2024-09-28
4969,54,2025-01-02
172977,16,
4970,12,0000-00-00
4971,21,2024-07-08
4971,38,2025-06-16
4972,30,2025-07-01
4972,32,07-03-2024
4972,41,05-29-2025
4973,54,
4973,29,2025-02-18
4973,38,06-20-2024
4974,27,2024-05-14
4975,38,
4976,20,2025-03-03
4976,23,"August 24, 2024"
4977,54,2024-10-03
4977,17,2025-04-22
4978,45,19 May 2025
4978,18,2024-09-22
4979,53,2025-07-01
4980,20,2024-09-26
4981,60,2025-03-10
4981,57,2024-08-29
4981,47,2025-04-15
4982,7,2024-07-29
4982,20,31/03/2025
4983,32,2024-09-08
4983,57,2024-09-23
4983,47,2024-10-06
4984,31,2025-06-30
4985,13,
4986,26,2025-02-21
4987,50,2025-01-11
4987,3,2024-10-10
4987,54,1970-01-01
4988,48,2024/07/13 00:00:00
4988,52,2025-08-09
4989,29,2024-02-24
4989,57,2025-13-05
158789,45,07-28-2024
4990,38,01 Nov 2024
4991,45,2024-08-17
4992,54,2024-09-19
4992,7,2025-03-29
4993,37,
4994,54,15/01/2025
4994,4,09-25-2024
4995,4,2024-03-03
4996,5,2025-02-22
4996,29,2024-02-03
4996,12,01-09-2025
4997,27,2025-02-27
4997,44,03-21-2025
4998,51,2024-03-11
4998,31,2024-05-08
4999,29,
4999,31,2025-05-13
5000,27,12-04-2029
5001,50,2025-04-27
165534,29,06-23-2024
5001,13,2030-04-12
5002,14,2024-07-31
5003,60,2024-06-15
5004,28,
5004,17,unknown
5005,38,23/08/2024
5006,37,2025/02/06 00:00:00
5006,10,2025-01-28
5007,18,12 May 2025
5007,58,2024-06-07
5008,6,24 Feb 2024
5009,33,2024-08-10
5010,36,2024-08-03
5011,11,2024-10-29
5012,7,2024-04-02
5013,12,2024-11-23
5013,7,2024/07/05 00:00:00
5013,46,2025-09-01
5014,54,16 Mar 2024
5015,40,2025-06-19
5015,42,2024-12-02
5015,6,"April 15, 2024"
5016,15,
5017,21,2024-10-24
5018,10,2024-07-31
5019,51,2024/11/15 00:00:00
5019,16,2024-08-28
5020,20,2024-09-20
5020,4,2024-04-08
5021,50,2024-07-05
5021,3,12-05-2024
5022,36,2025-02-05
5022,38,23 Mar 2025
5023,28,2024-07-12
5024,13,2025-13-05
5025,13,2024-11-27
5025,17,2025-03-21
5026,27,2024-10-12
5027,50,2024-09-05
5028,7,2024-07-15
5028,50,1900-01-01
5028,4,2025-03-11
5029,13,24 Oct 2024
5030,38,2024-01-14
5031,21,2025-02-19
5031,51,2024-09-23
5032,49,07-16-2024
5032,15,2025-05-31
5033,25,2024-04-05
5033,54,2024-11-16
5033,38,N/A
5034,29,26 Apr 2024
5034,57,2024-06-07
5035,35,1899-12-30
5036,54,31/02/2025
5036,15,2024-05-12
5036,18,2024-05-31
117464,10,2025-01-07
5038,20,2024-12-23
5039,12,2025-01-17
5040,54,2024-06-23
5041,39,12 Feb 2024
5042,20,2025-04-15
5043,57,2024-12-11
5044,47,06-07-2025
5044,43,2025-10-29
187319,19,2024-09-07
5045,4,10/10/2024
5046,59,2024-10-11
5047,28,2024-07-26
5048,60,15/01/2025
5049,28,2025-03-26
5050,44,2024-03-31
5051,32,2024-09-26
5051,14,2025-03-20
5052,50,23/08/2024
5053,27,2024-06-16
5054,16,1899-12-30
188388,58,2024-04-15
5055,45,2025-01-09
5055,7,2025-04-21
5056,31,2025-07-08
5057,51,2024-11-08
5057,35,2024-10-08
5058,20,2024-09-07
5058,60,2027-05-14
5058,23,2024-05-16
5059,14,03-24-2025
5060,9,2024-06-08
5060,22,2025-09-02
5060,32,0000-00-00
5061,32,
5062,53,2025-01-01
5063,3,2024-06-12
5063,50,2025-03-25
5063,20,24/02/2024
5064,60,2025-04-03
5065,4,2025-13-05
5066,29,2024-07-19
5066,44,2025-01-25
5067,52,2024-08-16
5067,36,2025-04-11
5068,58,2025-13-05
5069,42,2024-06-18
5070,50,2025-13-05
5071,11,2025-02-04
5072,4,2024-06-07
5073,20,2025-03-19
5073,31,2025-13-05
5074,4,2024-05-06
5074,7,2024-06-09
5075,5,2025-02-26
5076,5,2024-04-04
5077,10,2025-04-20
5078,17,2024/08/11 00:00:00
5079,27,2024-10-26
5080,50,2024-09-13
5080,57,2024-11-11
5080,41,
5081,53,2025-02-08
5082,7,2025-01-02
5083,11,2024-04-12
5084,3,2025-06-17
5085,35,2024-09-15
5086,20,"July 03, 2024"
5086,32,N/A
5087,17,2025-05-08
125486,19,2025-02-26
5089,39,2024-10-28
5090,20,2024-06-16
5091,40,
5091,20,03 Feb 2025
5092,27,2024-02-01
5093,17,2025-02-08
5094,9,18/09/2024
5095,26,2025-07-06
5096,18,2024-07-18
5096,26,2024-09-23
5096,53,2025-01-06
5097,42,2024-12-01
5098,36,"July 23, 2024"
5099,41,2024-03-29
5100,14,2024-07-22
5100,18,2024-08-25
5100,38,2025-05-01
5101,29,
5102,4,04-01-2024
5103,30,2024-07-06
5104,11,"June 26, 2024"
5104,54,13 Aug 2024
5104,38,2025-02-13
5105,31,2024-11-18
5105,28,2024-03-19
5106,45,1900-01-01
5107,14,2024-08-15
5107,29,2024-06-06
5108,12,2024-12-24
5109,32,2024-10-13
5109,20,31/02/2025
183815,25,2025-02-08
5110,39,2024-12-30
5111,44,2024-07-29
5111,7,2024/12/14 00:00:00
5111,12,2024-08-22
5112,29,
5112,30,2024-07-21
5113,27,2024-06-08
5113,30,2024-02-07
5114,36,2024-10-12
5115,9,2024/10/16 00:00:00
5116,50,2025-09-02
5117,38,2025-04-04
5118,14,30/12/1899
5118,13,2024-10-22
5119,44,2025-03-10
5120,18,27/07/2024
5120,58,2024-05-03
5120,1,
5121,28,2024-09-22
5121,13,2025-02-10
5122,34,2024-07-17
5123,17,2024-12-01
5124,10,2025-02-06
5125,58,2024-10-09
5125,39,"July 16, 2024"
5126,35,10-24-2024
5127,15,2024-03-12
5128,28,2024/12/04 00:00:00
5128,31,2024-11-10
5128,41,2025/01/25 00:00:00
5129,29,2026-05-10
5129,54,2024-12-03
5129,31,
5130,29,2024-11-11
5131,7,2024-10-06
5132,58,2024-03-14
5133,42,2025-10-08
5134,4,1970-01-01
5135,39,11 Jan 2025
5136,7,2024-10-07
5136,10,2026-10-28
5137,30,2025/01/15 00:00:00
5138,20,2025-01-12
5139,50,2024-04-28
5140,39,2024-07-10
5141,26,2029-04-19
5141,28,06 Dec 2024
5142,42,2025-04-17
5142,44,1899-12-30
5143,27,2024-11-04
5144,18,2025-06-04
5145,35,2025-06-01
5146,15,1900-01-01
5146,43,2029-03-27
5147,54,03-05-2024
5148,12,2025-04-15
5148,29,20/04/2025
5149,50,2024-10-02
5149,7,2024-10-08
5150,2,2024-12-09
5151,38,2024-06-02
5152,32,2025-05-17
5153,16,2025-03-13
5153,6,2024-09-23
5154,3,2025-06-04
5155,60,2024-11-20
5156,30,2024-09-20
5156,57,2024-10-21
5156,25,2024-03-23
5157,37,2024-08-03
5157,38,2024-05-18
5158,35,2024-11-29
5159,28,0000-00-00
5159,44,2024-10-01
5159,53,2024-02-10
5160,12,
5161,39,2025-05-31
5162,48,2025-04-21
5163,14,14/02/2025
5164,19,2024-10-11
5164,53,2024-05-03
5165,38,
5165,28,2024-06-09
5166,19,2024-06-11
5167,27,2025-09-16
5167,31,2024-10-05
5168,44,2024-03-29
5169,50,2024-04-13
5170,53,2025-03-12
5171,7,28/06/2024
187105,5,
5173,51,2025-02-21
5173,60,01-30-2025
5174,4,2025-02-22
5175,20,2025-07-27
5176,44,09-03-2024
5176,40,2025/08/16 00:00:00
5176,6,2024-10-11
5177,52,2024-10-31
5177,13,2024-07-21
5178,46,"August 26, 2024"
5179,35,"April 19, 2024"
5179,53,2024-12-02
5179,2,2024-07-08
5180,13,2025-04-06
121387,29,2024-08-23
5182,37,2024-12-29
5183,31,"September 03, 2024"
5184,58,2024-11-04
5184,35,2025-07-04
5185,36,2025-04-30
5186,3,2024-09-04
5186,44,2025-01-31
5186,29,2025-04-23
5187,50,2024/10/02 00:00:00
5188,54,2024/08/03 00:00:00
5189,24,2025-05-01
5190,29,2025-05-09
5190,37,2024-09-17
5191,57,2024-12-14
5192,48,2024-08-11
5193,12,2025-04-29
5193,20,N/A
5194,31,29 Jul 2025
5194,49,2024-08-26
5194,7,2025-03-26
5195,45,2025-03-10
5195,35,2024-12-15
5196,25,2025-01-01
5196,54,
5197,30,2025-02-22
5198,20,2026-08-12
5199,39,2024-07-25
5199,19,2025-03-06
5199,3,1970-01-01
5200,52,2024-07-14
5201,50,2024-08-17
5201,29,2024-02-25
5201,28,2025-06-06
5202,60,2024-09-13
5203,51,14/07/2029
5203,38,03-22-2024
5203,33,N/A
5204,50,2024-05-26
5204,18,0000-00-00
5204,26,2024-11-25
5205,13,N/A
5205,29,2024-02-18
5206,2,2024-05-21
5206,50,1970-01-01
5207,21,2024/10/16 00:00:00
5207,18,2025-02-08
5207,26,2025-04-20
5208,8,2026-04-15
5208,7,2024-03-02
5209,22,2025/08/27 00:00:00
5209,54,2024-03-02
5209,41,"June 12, 2025"
5210,52,2025-06-19
5210,43,2025-13-05
5210,29,2024-02-24
5211,55,2024-12-02
5212,15,2024-12-01
5213,30,2024-07-03
172155,11,2024/10/18 00:00:00
5215,3,2025-03-11
5216,50,2025-03-07
5216,12,2024-09-17
5216,13,"January 01, 2025"
5217,11,2024-10-20
5217,50,1970-01-01
5217,52,2025-02-03
5218,20,2024-05-02
5219,23,2024-08-24
5220,26,2024-09-23
5220,54,2024-12-02
5220,33,2024-05-29
117640,44,2024-09-16
5221,32,2025-01-08
5221,50,2025-01-13
5222,11,2024-05-08
5223,52,2025-01-06
5224,45,2024-07-15
5225,42,2024-06-05
5226,12,2024-07-02
5226,29,2024-06-09
5226,16,2024-12-27
5227,45,2025-03-02
5228,45,2024-09-24
5228,31,2024-09-26
5229,20,12 Jul 2025
5229,23,2025-04-24
5230,1,2025-13-05
5230,7,2025-01-09
5231,6,
5231,29,2025-01-26
5232,30,2024-10-02
5233,27,2030/02/05 00:00:00
120433,4,2025-02-01
5234,39,2025-06-06
5235,6,2025-13-05
5236,8,2024-01-23
5237,41,2024-07-15
5238,37,2024-10-21
5239,55,2025-01-16
5239,23,"December 10, 2024"
5239,11,2025-01-17
5240,25,2024/05/22 00:00:00
5240,16,2024-09-11
5241,32,2024-04-19
5242,16,N/A
5243,7,"February 09, 2025"
5243,6,1970-01-01
5244,17,2024-09-04
5245,54,2024-05-30
5245,20,2025-01-07
5245,38,
5246,50,1970-01-01
5247,37,2024-07-03
5247,20,2024-10-19
5247,18,2025-02-11
5248,60,2025-07-13
5249,38,2024-12-09
5249,28,2024-08-02
5250,20,2024-06-29
5250,52,2024-05-08
5251,23,2025-01-19
193064,43,2024-03-11
5252,51,20/10/2024
5252,55,2024-06-18
5253,40,"February 17, 2024"
5253,3,2024-09-29
5254,11,2025-04-27
5255,13,2025-07-18
5256,54,2024-04-25
5256,29,2024-10-02
5257,50,2025-02-06
5257,54,2024-09-21
5258,37,2025/01/19 00:00:00
5259,47,2024-03-04
5259,31,2024-12-07
5259,7,2024-03-06
5260,29,2024-11-21
5260,18,1899-12-30
5261,13,2024-12-22
5262,30,2025-13-05
5262,51,02 Aug 2024
5262,42,2024-07-25
5263,6,22 May 2025
5263,28,2025-07-23
5263,39,2024-12-06
5264,18,2025-04-15
5265,39,2024-03-10
5266,18,2024-10-24
5266,11,2024-05-08
5266,19,2025-04-17
5267,10,2027-04-24
5268,10,2024-05-13
5268,7,2024-08-13
5269,6,2025-06-26
5270,32,2024-06-05
5270,20,2024-12-18
5270,31,2030-05-03
5271,30,2024-07-03
5272,40,1899-12-30
5273,37,2024-11-20
5273,36,10 Jun 2025
5274,40,2024-05-15
5275,42,2024-11-05
5275,37,2024-08-05
5276,52,2024-05-27
5277,12,2025-06-11
5277,42,2025-06-24
5277,6,2024-07-07
5278,54,2024-12-13
5279,34,2024-03-08
5279,46,2024-10-19
5280,36,2024-05-29
5281,5,2024-09-03
5282,9,2025-05-08
5282,44,2024-10-25
5282,23,"April 02, 2024"
5283,45,2025-06-29
5284,18,
5285,42,2024-03-25
5286,17,1900-01-01
5286,11,
5286,35,2024-12-17
5287,12,2024-05-11
5287,48,1970-01-01
5287,35,2024-07-16
5288,13,2025-05-23
5288,12,2025-06-12
5288,5,2025-03-16
5289,40,2024-11-14
5290,52,11-24-2024
5291,26,29 Jun 2024
5292,22,2024-03-01
5292,44,2024-10-19
5293,20,2024-08-07
5293,36,2024-10-08
5294,39,2024-09-04
5294,36,2024-08-05
5295,4,01-01-1900
5295,11,2024-10-04
5296,8,2025-03-24
5297,46,2025-04-10
5298,6,11/05/2024
5299,8,2024-11-28
5300,30,2024/09/05 00:00:00
5300,3,2024-10-29
5301,10,2024-06-26
5301,13,2025-04-23
5302,32,2024-09-03
5303,7,2024-05-19
5304,35,2024-06-29
5305,18,2025-06-29
5305,9,31/02/2025
5306,37,2024/09/15 00:00:00
5307,10,2024-05-07
5308,48,"September 05, 2024"
5309,48,2024-08-02
5309,13,11-03-2024
5310,32,2024/09/17 00:00:00
5311,34,2024-04-30
5312,31,09-25-2024
5313,7,2025-04-11
5313,54,2024-07-07
5313,12,2025-01-04
5314,32,2024-10-25
5315,18,2024-05-13
5315,27,30 Jul 2025
5316,31,2025-02-28
5316,27,2025-05-10
5316,58,2025-02-18
5317,48,2024-10-27
5318,48,29 Aug 2024
5318,50,2024-08-07
5318,18,2025-01-06
5319,54,2025-03-26
5319,13,2024-02-07
5320,4,2025/01/22 00:00:00
5321,11,2024-07-16
5321,27,07/12/2024
5321,20,2024-10-28
5322,53,2025-01-03
5323,4,"January 01, 1900"
5324,47,2025-09-04
5324,53,2024-11-22
5325,24,2024-03-24
5326,33,06/03/2025
5327,38,2024-10-27
5328,10,2024-06-30
5329,58,2024-08-19
5330,13,07/11/2024
5331,42,05/09/2029
5332,35,01 Oct 2024
5333,26,2024-12-01
5333,18,08 Oct 2024
5334,9,2025-06-03
5334,42,2024-11-06
5334,31,2025-04-12
5335,34,2024-07-04
5335,27,2025-04-05
5336,4,03-11-2025
5337,35,2025-09-15
5338,58,2024-05-27
5339,30,2025-04-24
5339,50,2025-12-13
5339,44,
5340,5,2025-04-15
5341,32,2025-06-04
5341,29,19 Sep 2024
5342,34,30/01/2025
5343,39,2025-05-12
5343,13,"November 22, 2024"
5344,14,06-22-2025
5345,26,30/01/2024
5345,28,2024-03-05
5346,18,"September 11, 2024"
5347,12,2025-05-24
5347,20,2025-08-06
5347,36,2024-09-09
5348,27,31/02/2025
5349,54,2024-10-26
5349,20,2025-01-11
5349,58,2025-01-24
197119,34,2024-06-19
5350,58,2025-06-10
5350,29,08-07-2024
5351,20,2024-10-17
5352,28,"November 22, 2024"
5352,20,2024-07-06
5352,44,04 Jan 2025
5353,41,2025-05-29
5354,43,2024-03-10
5354,44,2024-12-19
5355,10,21/01/2025
5356,31,2024-04-26
5357,4,05-16-2025
5357,34,2025-08-04
5358,19,"July 02, 2025"
5358,28,"May 03, 2024"
5358,33,2025-05-10
5359,13,2025-06-07
5360,45,2024-10-02
5361,32,N/A
5362,42,2025-04-19
5363,11,2024-06-14
5363,18,06-09-2025
5364,38,2024-06-06
5365,38,2025-04-13
5365,28,2029-10-08
5365,15,2024-02-23
5366,14,31/02/2025
5366,15,2024-08-26
5366,40,2025-03-26
5367,3,2024-08-05
5368,29,2024-05-27
5369,3,15/12/2024
5369,50,2025-01-29
5369,32,1899-12-30
5370,29,2025-04-16
5370,44,2025-03-01
5370,9,
5371,54,2024-09-25
5372,53,2024-08-04
5372,50,2025-03-09
5373,36,2024-07-05
5373,30,2024-11-29
5374,18,2024/08/19 00:00:00
5374,10,2025-01-30
5375,34,2025-04-22
5376,37,2025-02-17
5377,9,2024-08-14
5377,47,2024-11-16
5378,7,2025-06-19
5379,4,2025-08-09
5380,42,2024-09-28
201824,17,2024-09-18
5381,35,2025-05-17
5381,12,06-21-2024
5382,12,2025/05/16 00:00:00
5382,57,2024-07-24
5382,29,2025-05-03
5383,9,1899-12-30
5384,17,2025-02-24
5385,3,2024-05-05
5385,31,2024-08-09
5386,9,2024-05-23
5386,3,2025-07-02
5386,6,2024-12-02
5387,44,2024-09-01
5388,51,2024-09-26
5389,23,2024-08-09
5390,24,2025-06-05
5391,23,"April 15, 2025"
5392,23,2025-07-19
5393,38,2024-09-30
5394,16,2024-11-28
5394,6,2024-05-13
5395,50,
5396,1,1899-12-30
5396,52,2024-12-06
5396,41,2025-04-27
5397,52,2025-03-16
5398,11,31/02/2025
5398,10,2025-05-14
5399,7,2024-09-08
5399,27,2024-12-09
5400,29,2024-07-27
5401,31,2025-06-09
5401,46,2024-09-21
5402,46,2025-02-23
131596,27,2024-04-30
5402,59,2025-02-08
5403,50,2024-11-17
5404,50,2024-10-23
5404,42,2024-04-11
5405,40,2024-06-11
5406,32,2024-03-14
5406,54,2025-02-13
5407,44,2024-12-20
5407,50,2024-11-18
5407,39,2024-11-16
5408,52,2024-06-01
5409,41,
5410,29,2025-04-21
5410,42,2024-07-02
5410,20,2024-11-25
5411,7,2024-10-31
5411,6,2025-02-06
5411,60,2024-04-21
5412,42,2024-12-24
5413,40,2024-05-09
5414,22,
5414,57,2024-07-17
5414,3,2024-08-30
5415,31,2025-05-12
5416,45,2025-07-17
5416,19,2024-03-25
5417,17,02-19-2024
5418,29,2024-07-07
5418,50,2025-03-27
5419,30,2024-04-18
5420,30,"August 12, 2024"
5421,55,03-10-2025
5421,40,2024-06-26
5421,15,2024/04/10 00:00:00
5422,43,2024/05/13 00:00:00
5423,13,1970-01-01
5424,13,2024-12-23
5425,20,2024-07-05
5425,32,
5425,30,2024-10-19
5426,42,2025-05-06
5427,35,2024-07-24
5428,37,2024-12-04
5429,13,2024-10-07
5429,35,2025-01-10
5430,44,01/01/2025
5430,4,02-16-2024
5430,40,2025-07-27
5431,40,2029-02-10
5432,15,31 Mar 2025
5433,29,2024-09-17
5434,2,2024-08-31
5435,20,2025-02-07
5436,56,2025-08-12
5437,20,2024-02-23
5438,59,2024-09-14
5439,50,2024/09/13 00:00:00
5439,42,2024-12-09
5439,28,2024-11-26
5440,35,2024-10-14
5440,32,2024-10-10
5441,22,2024-11-28
5441,15,2024-06-16
5442,13,"June 03, 2024"
5442,5,
5442,16,2026-01-29
5443,17,2024-06-09
5443,49,2025-05-23
5443,27,2025-06-27
5444,34,"May 09, 2024"
5444,12,2024-11-04
5445,53,2025-01-02
5445,50,04 Jul 2024
5445,10,2025/05/16 00:00:00
5446,57,
5446,29,03 Nov 2024
5446,50,"August 26, 2024"
5447,14,2025-08-02
5448,42,2024/10/14 00:00:00
5449,12,25 Nov 2029
5450,54,0000-00-00
5451,46,2024-02-05
5451,28,2024-09-14
5452,28,08/06/2025
5453,54,2024-07-01
5453,17,
5453,4,"June 17, 2024"
5454,17,2025-02-19
5455,7,2024-08-16
5455,5,2024-10-01
5456,50,31/02/2025
5457,54,2024-10-04
5457,4,2025-03-15
5458,56,2024-11-02
5458,3,2025-07-24
5458,15,2024-04-09
5459,50,2025-05-11
5459,38,08/06/2024
5459,10,2025-02-20
5460,29,2024-04-16
5460,36,
5460,13,2024-10-04
152791,32,2024-04-19
5462,17,2024-11-01
5463,13,N/A
5464,41,05-22-2025
5465,53,
5465,38,2025-01-18
5466,31,2025-03-21
5466,7,2025-07-19
5466,27,2024-12-25
5467,44,2024-08-18
5467,34,2025-04-27
5467,30,2024-05-07
5468,16,2024-11-23
128173,26,2024-04-02
5469,57,2024-12-24
5469,39,2025-06-26
5470,41,2025-13-05
5471,7,2024-12-03
5472,29,2025-04-05
5472,6,05-08-2024
5472,50,31/02/2025
5473,50,2024-06-10
5473,38,2024-09-07
5474,54,N/A
5475,31,2025-07-17
5475,9,27/12/2024
5475,43,2025-03-08
5476,37,2024-05-12
5477,18,2025-03-08
5478,10,2025-04-02
5479,33,2024-10-12
5480,4,2024-05-23
5481,24,2024-10-07
5481,40,2024-08-21
5482,35,1899-12-30
5482,40,"March 11, 2024"
5483,20,2024-05-28
5484,6,2024-11-17
5484,36,2025-01-25
5484,42,2025-07-21
5485,44,2024-02-07
5486,53,"March 09, 2024"
5487,28,2025-07-04
5488,27,20/09/2024
5488,46,2026-05-31
5489,42,2024-06-29
5490,20,
5491,19,2024-11-27
5492,20,"September 18, 2024"
5492,53,2024-11-19
5492,35,2025-05-02
5493,54,2025-04-02
5494,37,2024-06-25
5495,58,2024-07-20
5495,54,
5495,29,2024-12-27
5496,37,2024-12-11
144058,42,2024-08-06
5498,8,2024-01-23
5499,48,2024-08-22
5499,15,05-29-2024
5500,12,08 Aug 2024
5501,50,2024-02-25
5502,17,2025-04-25
5502,29,2024-10-16
5502,54,2024-12-25
5503,29,2025-03-08
5504,47,2025-01-25
5505,57,2024-04-22
5506,34,2024-06-11
5506,5,2025/01/25 00:00:00
5507,7,10 Feb 2025
5508,54,2024-03-22
164683,29,2025-04-30
130765,9,2024-10-11
5511,29,
5511,33,2025-03-03
5511,31,2025-03-19
5512,26,2024-05-16
5512,30,"March 12, 2024"
5512,38,2024-12-08
5513,44,2024-02-13
5514,7,
5514,34,2024-10-09
5515,37,18 Feb 2025
5516,54,2025-02-19
5516,46,05-24-2024
5517,39,2024-08-01
5518,43,0000-00-00
5518,3,2024-08-05
5519,16,2025-05-04
5519,48,2025-01-17
5520,37,2024-10-10
5520,38,2024-07-26
5520,13,2024-04-21
5521,9,"June 18, 2024"
5521,28,2024-09-23
5521,15,2024-07-30
5522,17,2025-01-03
5523,50,2025-04-10
5524,34,2024-12-05
5524,27,2025-01-15
5525,25,2024-03-22
5526,29,2024-11-02
5527,38,2025-08-23
5527,27,2025-03-11
5528,42,2024/09/30 00:00:00
5529,27,2024-06-21
5529,31,2024-10-11
5529,20,2024-08-01
178011,38,2024-05-09
5531,9,2025-06-24
5532,32,2025-02-03
5532,38,08 Jun 2024
5533,32,"October 21, 2024"
5534,18,2025-04-06
162643,2,2024-12-01
5535,20,20/12/2024
5535,29,2024-10-05
5536,8,2025/02/04 00:00:00
5537,20,2025-04-09
5538,60,2025-04-25
192844,59,2024-10-06
5540,22,2024-07-16
5541,35,2024-12-15
5542,27,2024-08-21
5543,30,2025-04-11
5543,31,2024-12-27
5543,20,2024-09-25
5544,12,"March 16, 2025"
5544,51,2024-07-27
5544,9,2024-11-28
5545,30,2024-06-30
5545,41,2024-09-19
5545,48,
5546,12,"April 16, 2024"
5547,21,14 Mar 2024
5548,27,2025-13-05
5548,42,2025-01-20
5548,39,2025-11-16
5549,5,2024-12-31
5550,38,2024/10/18 00:00:00
5551,19,
5551,16,2025-03-28
5551,40,2024-12-04
5552,12,2027-03-22
5553,15,2024-10-18
5554,38,07/12/2024
5555,9,2024-07-12
5556,27,2024-10-06
5557,53,"January 19, 2025"
5558,26,2027-02-26
5559,15,2025-04-15
5559,4,
5559,11,2024-08-09
5560,60,
5561,5,2024-03-17
5561,23,2024-12-22
5561,10,2024-05-02
5562,37,2025-03-09
5563,57,2024-10-07
5563,50,2024-05-20
5563,23,2025-06-21
5564,31,2024-12-04
5564,6,2026-06-24
5565,5,2024-08-09
5565,16,15/10/2024
5566,11,2024-10-22
5566,12,2024-12-20
5567,30,08-01-2024
5567,48,2025/03/19 00:00:00
5567,17,2024-12-21
5568,38,24/09/2024
5568,31,2025-02-17
5568,28,2024-06-29
5569,17,2025-02-28
5570,28,2024-07-06
5570,4,2024-04-21
5570,27,2025-06-11
5571,60,2025-05-05
5571,20,2024-02-19
5572,25,2025-06-13
5573,30,2024-11-10
5574,4,2024-06-14
177604,28,2024-10-25
5575,25,2025-02-22
5575,15,03-22-2025
5576,38,
5577,14,2024-12-25
5577,35,2024-10-14
5578,44,01/02/2024
5579,39,19 Aug 2024
5580,14,1900-01-01
5581,38,2025-07-19
5581,16,2024-11-29
5581,4,2024-04-16
5582,30,2024-11-21
5582,15,2024-06-24
5583,26,2025-06-24
5584,54,09-20-2024
5585,31,2025-04-27
5586,38,2025-04-28
5587,57,2024-08-24
5587,29,2025-03-23
5587,17,2025-02-03
5588,18,2025-03-25
5589,19,N/A
5589,17,
5590,39,28/01/2025
5591,10,2024-11-29
5591,27,2025-13-05
5591,16,05-05-2025
5592,6,2024-10-05
5592,8,"April 05, 2025"
5593,6,2024-11-30
5594,30,2025/02/24 00:00:00
5595,34,2024-08-27
125816,32,2024-05-20
5596,28,N/A
5596,41,
5597,12,2025-03-11
5598,42,
5598,27,
5599,13,2024-10-14
5599,32,2024-08-08
5599,38,2025-08-20
5600,44,2024-06-25
5600,39,2024-10-14
5600,20,N/A
5601,4,2024-03-10
5601,17,2024-09-10
5601,41,2025-02-07
5602,37,2024-09-08
5602,24,10-01-2024
5603,3,2024-11-30
5604,52,"February 14, 2025"
5604,31,
5605,44,2025-01-08
5605,48,
5605,7,2024-08-16
5606,34,2024-04-13
5606,32,2024-02-26
136083,37,2024-10-05
5607,53,20/03/2025
5607,19,2025-09-01
5608,20,2024-05-21
5609,35,N/A
5610,60,2024-07-29
5611,7,2024-10-17
5611,25,2024-11-13
5611,58,2024/06/16 00:00:00
5612,25,2024-03-27
5613,57,2025-03-24
5614,16,2024-06-06
5614,29,2024-07-08
5614,1,2024-08-08
5615,50,2024-08-16
5616,54,2024-11-30
5617,59,2024-10-28
5618,19,2024/05/07 00:00:00
5619,6,31/02/2025
5620,44,2024-10-24
5620,35,06-15-2024
5621,51,
5621,36,2024-04-04
5621,27,2024-08-01
5622,54,2024/07/21 00:00:00
5623,53,2024-07-14
5623,4,2024-06-15
5623,29,2024-12-10
5624,7,2024-12-24
5625,2,2024-10-19
5626,42,"April 25, 2025"
5626,20,2024-05-28
5626,26,2025-03-08
5627,39,2025-04-19
5628,44,2028-07-05
5628,19,
5629,57,
5630,57,
5631,44,2024-08-13
5631,16,2025-03-14
5631,20,2025-05-24
5632,59,2024-11-13
5632,15,2024-06-20
5633,6,05/08/2025
5634,4,2024-03-15
5634,40,2024-10-02
143966,34,2025-01-11
5635,42,2025-05-22
5635,15,2024-12-13
5635,14,2024-11-27
5636,43,12-30-1899
5637,20,2024-12-26
5638,18,2024/08/26 00:00:00
5639,53,03-30-2025
5639,37,01-20-2025
5639,47,03 May 2024
5640,9,2024-12-22
5641,38,2024/07/05 00:00:00
150090,20,2024-01-30
5642,39,2025-03-05
128202,49,2025-04-06
5644,44,unknown
5645,34,2024-03-25
5645,25,2024-08-02
5645,32,2024-06-02
5646,27,2025-04-29
5646,5,
5647,4,"May 30, 2024"
5647,56,2025/05/11 00:00:00
5647,54,19 Mar 2024
5648,34,2025-03-13
5648,18,2024-10-26
5649,22,01-28-2025
5649,17,2024-08-03
5650,17,2024-07-18
5651,13,2024-08-28
5651,18,2025-02-26
5651,53,2024-12-04
5652,18,2024/12/04 00:00:00
5652,2,2024-03-01
5653,12,N/A
5653,60,2024-07-27
5654,35,20 Sep 2024
5655,50,12-10-2024
5655,39,2025-03-20
5655,14,2024-06-29
5656,60,0000-00-00
5656,21,2024-08-21
5657,38,2025-05-26
5658,17,2025-05-17
5659,7,2024-11-05
5660,37,03-01-2025
5661,34,2025-07-08
5662,37,2025-02-16
5662,45,2024/12/13 00:00:00
5662,60,"November 02, 2024"
5663,40,
5663,46,2024-09-05
5664,24,"July 14, 2024"
5665,7,"April 27, 2024"
5665,29,2025-01-22
5665,48,2024-09-10
5666,4,2024/12/06 00:00:00
5666,54,2024-07-21
5666,53,2024-03-23
5667,53,30 May 2025
5667,42,2024-12-10
5668,29,2025-02-06
5668,11,2024-09-09
5669,33,1899-12-30
5670,38,0000-00-00
5670,48,2024-03-26
5671,41,2024-10-17
5671,7,2024-07-14
5672,42,2024-09-09
5672,50,2024-10-09
5672,3,03-03-2024
5673,16,2025-06-19
5674,58,2025-05-10
5675,11,2024-05-26
5675,37,2024-06-03
5676,30,"October 23, 2024"
5677,9,06-02-2024
5678,41,2024-09-22
5678,2,2025-04-10
5679,20,2024-12-28
5679,12,2024-08-07
5679,18,2024-03-18
5680,22,2025-02-01
5681,18,0000-00-00
5682,31,2024-08-01
5683,45,2025-01-07
5684,13,2025-02-24
5684,14,17/08/2024
5685,31,2024-02-25
5686,32,2024-08-23
5686,18,2024-02-10
5686,49,N/A
5687,39,2025-13-05
5687,44,2025-02-26
5688,29,2024-11-15
5689,19,
5690,46,2024-06-19
5690,4,2024/11/19 00:00:00
5691,3,2025-02-05
5691,18,2024-08-22
5692,54,2024-10-20
5693,58,2025/08/26 00:00:00
5694,1,2025-05-24
5694,15,2024-05-12
5695,27,2024-04-05
5695,30,2025-02-04
5696,18,0000-00-00
5696,60,1900-01-01
5697,54,16/02/2024
5698,44,2025-02-27
5698,11,2024-11-21
5698,41,
5699,10,"September 01, 2024"
5700,11,2025-03-22
5701,37,2024/12/09 00:00:00
5701,31,2024-10-26
5702,36,2025-04-07
5703,44,2025-04-28
5704,8,2025/01/19 00:00:00
5704,49,2025-05-23
5705,12,2024-03-26
5706,10,2024-06-07
5706,30,N/A
5706,53,2024-08-29
5707,4,2024-08-21
5708,5,2024-06-05
5709,43,2024-03-03
5709,38,2024-09-30
5710,17,2025-03-14
5711,41,2025/01/25 00:00:00
5712,2,2024-06-06
5713,36,2024-03-13
5713,15,
5713,28,2024-02-21
5714,10,2024-05-17
5714,25,2024-05-26
5715,50,2024-06-19
5716,7,2024-10-10
5717,29,2025-04-04
5718,13,2024-08-17
5718,7,2024-11-05
5719,38,2026-12-15
5719,11,"December 14, 2024"
5719,57,2024/12/21 00:00:00
5720,10,2024-03-03
5721,2,2024-10-11
5722,13,2024-12-03
5722,26,2024-08-20
5722,27,2024-08-12
5723,6,2024-08-12
5724,38,2025-02-27
156783,59,2024-06-07
5725,15,2024-12-09
5726,7,2024-09-21
5726,17,2024-03-03
5726,31,2024/04/11 00:00:00
5727,27,0000-00-00
5728,41,2025-04-15
5728,51,2024-04-28
5729,59,2024-06-27
5730,60,2024-12-26
5731,37,2025-02-10
5732,20,04 Mar 2025
5733,51,2024-08-14
5733,19,04-11-2024
5734,16,2025-06-07
5735,38,06-02-2024
5735,24,2024-08-09
5735,59,2025-03-27
5736,28,"July 26, 2024"
5737,15,2025-01-30
5737,9,2025-04-05
5737,51,2024-06-18
5738,51,2025-07-13
5739,26,2024-05-11
5739,32,2024-06-04
5739,36,2024-07-29
5740,2,2024-09-17
5741,33,2025-01-09
5742,30,17/10/2024
5743,58,2024-05-07
5743,26,09/10/2024
5744,51,2025-05-09
5745,20,2024-09-01
5745,29,2024-01-28
5745,43,2025-02-18
5746,25,2024-11-29
5747,31,2026-03-18
5747,56,2025-04-20
5748,15,2024-03-31
5748,3,2024-09-17
5749,24,2024-08-12
5750,45,2025-10-31
5750,20,2025-05-09
5750,50,2025-04-25
5751,7,2025-02-09
5752,41,
5752,56,2024-11-16
5753,18,2024-04-23
5753,14,"January 08, 2024"
5754,27,2024-06-19
5754,36,2025-05-09
5755,33,2024-12-25
5755,30,2024-02-15
5756,60,"January 28, 2025"
5757,26,2024-11-21
5758,20,05-05-2024
5758,6,"October 20, 2024"
126530,5,2025-04-11
5759,29,"March 14, 2025"
5760,27,2025-07-23
5761,32,2025-06-06
5762,29,21 Jun 2024
5763,39,04-03-2025
5763,18,2025-01-31
5764,54,2024-12-12
5764,51,2024-06-30
5764,16,2025-05-27
5765,31,2025-05-09
5766,20,2025-01-16
5766,30,2024-10-15
5766,38,2024-12-19
5767,44,
5767,18,2024-05-17
5768,54,2024/11/24 00:00:00
5769,54,2024-09-14
5769,25,2024-07-15
5770,52,"June 23, 2025"
5770,35,2024-11-16
5771,6,2025-05-06
5771,54,2025-04-19
5771,41,2025-06-01
5772,59,
5773,8,2024-04-12
5774,40,2024-03-04
5775,40,2025-07-27
5775,38,2025-06-10
5776,30,2024-11-12
5776,42,2024-10-16
5776,26,2024-02-27
5777,52,2024-06-17
5778,37,1900-01-01
5779,38,2024-10-21
5779,15,13/05/2024
5780,23,2024-12-20
5781,37,2025-04-15
5782,32,2025-08-12
5783,3,2025-04-20
5784,31,0000-00-00
5785,47,2025-03-20
5785,7,2024-07-18
5786,20,1900-01-01
5787,11,2025-04-09
5788,27,2024-08-03
5788,51,2024-03-01
5788,42,11/07/2024
5789,8,
5789,9,"March 19, 2025"
5790,27,2024-10-11
5791,10,13/11/2025
5792,41,2024-08-03
5793,24,2024-03-28
5794,45,"April 06, 2025"
5795,40,2025-01-25
5796,55,2024-12-16
5797,5,2024-06-14
5798,36,17/01/2025
5799,38,28 Jul 2024
5799,54,"October 14, 2024"
5800,51,2024-11-29
5800,11,11/10/2024
5801,24,2024/08/08 00:00:00
5801,27,2024-10-10
5802,50,13 May 2024
5803,3,2024-11-14
5804,2,2024-04-08
5805,40,"January 20, 2025"
5805,31,02 Sep 2024
5806,17,2024-08-11
5806,7,"September 23, 2024"
5806,39,2025-02-05
5807,20,2024-12-11
5808,57,27/12/2024
5808,50,05-22-2024
5809,18,2024-02-17
5809,9,2024-05-16
5810,51,2024-12-18
5811,21,2030-06-09
5811,40,2024-12-21
5811,18,2025-08-16
5812,38,2024-06-18
5813,49,2024-09-06
5814,11,2025-03-14
5814,20,"March 08, 2024"
5814,47,2024-04-30
5815,60,2025-03-18
5815,3,2024-09-02
5815,42,2024-01-07
5816,51,01-31-2025
125187,36,2024-09-12
5816,44,2024-05-21
5817,32,2024-05-25
5818,29,2024-05-06
5819,38,2025-04-23
5820,10,N/A
5821,2,2024-08-11
5822,7,"March 09, 2025"
5822,5,04-19-2025
5822,27,20 Jul 2024
5823,4,2025-08-16
5823,13,2025-07-12
5824,27,2025-03-13
5825,31,2024-12-06
5826,5,2025-03-06
5827,35,03/10/2024
5828,24,21/11/2024
5829,21,2025-05-20
5829,58,2024-12-01
5830,7,2025-03-21
5830,32,2024-06-12
5831,44,0000-00-00
5831,7,2025-09-18
5831,37,2025-02-23
5832,19,2024/04/28 00:00:00
5832,34,2024-12-23
5833,30,2024-08-01
5833,28,2024-07-23
5833,35,2024-09-13
5834,54,2025-05-04
5835,42,2024-12-12
5835,12,2024-12-24
5836,36,2024-12-30
5837,30,02-03-2025
5838,7,1899-12-30
5838,54,
187002,6,24/04/2025
5839,17,31/02/2025
5839,53,2024-09-12
5840,4,2025-02-03
5841,21,2025-05-05
5842,15,2025-06-21
5843,7,2024-09-03
5844,28,2024-10-30
5844,30,2025-04-06
5845,50,2024-08-18
178961,41,2024-06-27
5846,26,"April 13, 2028"
5847,7,18 Jul 2024
5848,51,2024-11-24
5849,51,
5850,50,2024-04-25
5851,18,2024-05-28
5852,36,2025-05-08
5852,3,2024/05/24 00:00:00
5853,25,2024-12-30
5854,35,2024-11-09
5855,10,2025/08/11 00:00:00
5856,44,04-02-2024
5857,6,2025-04-27
5858,54,2024-11-28
5858,60,2024-08-04
5859,23,2030-01-28
5860,35,2024-10-27
5861,15,2024-12-24
5862,5,2025-04-06
5862,48,2025-04-03
5862,47,2025-02-18
5863,4,2024-08-05
5863,42,2024-05-22
5863,32,2025-02-16
5864,13,2024-06-29
5865,5,2024-07-22
5865,20,2024-10-24
5865,43,2025-07-28
5866,12,01 Jul 2024
177369,29,2024-08-06
5867,13,2025-03-23
5868,30,2025-01-12
5868,7,2024/09/19 00:00:00
5868,26,20 Mar 2025
5869,18,2024-07-25
5869,2,2024-06-12
5870,39,2025-01-23
5871,7,2024-09-18
5872,10,2024-12-02
5872,59,2024-07-01
5873,56,2025-01-09
5874,38,2025-01-14
5875,36,2024-07-15
5876,45,
5877,24,2024-08-03
5878,44,2024-12-02
5878,60,08-24-2024
5878,37,2025-07-15
5879,2,
5879,39,2024-08-12
154912,20,22 Nov 2024
5881,16,2025-01-08
5881,55,2025-08-21
5881,9,2024-08-10
5882,39,2024-07-06
5883,24,2025-04-10
5884,5,2024-03-27
5885,58,N/A
5886,17,2024-10-25
5887,24,2024-12-16
5887,17,11-25-2024
5888,19,2024/05/23 00:00:00
5888,13,2024-12-16
5888,25,2024-09-19
5889,31,2024-08-31
5890,6,N/A
5891,50,2024-06-06
5892,36,2024-07-10
5893,13,2024-11-19
5893,34,2024/07/05 00:00:00
5894,13,2024-07-16
5894,36,2025-13-05
5895,49,"June 07, 2024"
5896,7,2024-09-18
5897,44,2027-02-28
5898,26,2024-11-13
5899,27,
5900,43,2025-06-09
5901,50,2024-04-12
5902,59,2025-05-07
5903,25,06-17-2025
5904,10,2024-12-14
5904,22,2024-06-08
5905,39,2024-09-29
5906,4,18 Oct 2024
5906,58,2024-11-12
5907,5,2025-02-04
5908,56,2024-07-27
5908,6,2024-09-16
5908,35,2024-06-12
5909,50,2024-06-15
5910,25,2024-04-03
5910,42,2024-06-18
5911,56,2025-01-27
5911,47,11 Dec 2024
5912,30,2025-02-20
5913,37,2025-04-05
5913,4,2024-06-11
5913,13,2024-05-14
5914,13,2024-12-12
5915,52,2024-04-23
5916,10,2024-05-15
5917,22,15/03/2024
5917,35,2024-09-06
5918,2,2024-05-03
5919,50,2024-10-09
5920,36,2025/07/27 00:00:00
5921,60,2025-02-09
5922,53,2025-04-02
5923,19,2026-12-13
5923,6,2025-01-29
5924,50,2025-03-29
5925,12,28/12/2024
5926,51,2025-06-17
5927,5,2024-11-05
5928,57,2024-12-31
5929,22,2024/07/29 00:00:00
5930,37,2024-07-14
5930,31,2024-11-07
5931,27,2025-03-31
5932,10,2025-04-07
5933,22,2024-04-26
5934,12,
5935,29,2024-11-08
5935,18,2025-01-02
5935,36,2024/05/22 00:00:00
5936,28,2024-03-14
143712,38,"June 19, 2025"
5938,30,2024-05-30
187139,13,2025-06-17
5938,45,2024-06-02
5939,38,2024-06-13
5940,38,2024-06-04
5940,4,"September 01, 2024"
5940,13,2025-05-18
5941,12,2025/05/23 00:00:00
5941,24,2025-06-13
5941,7,2024-12-09
5942,7,2024-04-14
5942,18,2024-12-23
5943,9,
5943,40,2025-02-15
5943,44,2025-04-13
5944,20,2024-07-30
5945,50,2025-01-16
5945,33,04-16-2025
5946,10,1899-12-30
5947,56,2025-12-14
5948,31,05-11-2024
5948,19,"March 07, 2024"
5949,11,2026-02-11
5950,52,2024/04/29 00:00:00
5950,39,2024/06/19 00:00:00
5951,36,2025/02/13 00:00:00
5952,8,10 Jun 2025
5952,49,2025-01-21
5953,6,
5954,24,2024-07-30
5955,31,2024-12-22
5956,9,2024-09-07
5957,9,2024-03-31
5958,39,2024-12-19
5959,10,30/08/2025
5960,11,2025-13-05
5960,26,"January 15, 2024"
5961,29,2024-09-14
5961,32,2025-02-03
5961,43,2024-06-18
5962,50,
5963,21,2024-05-07
5964,29,
5965,16,2024-08-23
5966,46,04/09/2024
5967,13,09 May 2024
5968,25,"January 18, 2025"
5969,15,2025-03-26
180238,51,2024-09-28
5970,30,2025/05/14 00:00:00
5970,20,2024-09-26
5971,35,2025-09-06
5972,53,2024-10-08
5973,21,2024-08-17
5973,33,2025-07-01
5973,17,2024-09-28
5974,32,2024-10-07
5975,6,2024-06-02
5975,5,2024-04-15
5975,31,2024-12-25
5976,43,2025-08-21
5977,23,2024-09-22
5978,51,07-24-2024
5979,38,2024-12-23
5980,15,2024-04-20
5980,7,2024-10-03
5980,20,2024-09-04
5981,54,1899-12-30
5981,6,
5981,24,2024-08-18
5982,55,2025-02-19
5982,7,2024-02-21
5983,54,17 Dec 2024
5984,54,19 Aug 2024
5985,16,2024-08-17
5985,35,04-12-2024
5986,55,2024-11-10
5987,9,2025-03-30
5987,3,
5988,35,2024-04-10
5989,30,2024-11-03
5990,43,2025-03-09
5990,50,21/07/2024
5991,3,2024-06-19
5991,60,
5991,53,1899-12-30
5992,54,2024-01-11
5992,31,2025-05-28
5993,8,2024-05-29
5994,17,2025-13-05
5995,53,1970-01-01
5996,11,2029-10-04
5996,52,2024-06-18
5997,42,2024-05-27
5997,27,2024-08-27
5997,3,2025-04-18
5998,49,2024-09-28
5999,56,2024-06-09
6000,34,N/A
6001,1,2024-03-31
6001,27,2024-06-30
6001,7,2024/06/01 00:00:00
6002,15,2024-05-06
6003,42,2024-10-04
6004,41,2024-08-23
6005,59,2025-04-29
6006,32,2025-02-28
6007,60,
6007,25,2025-05-26
6007,39,08-17-2025
6008,55,2024-01-27
6009,30,2025/07/15 00:00:00
6009,31,2024-03-27
6010,56,2024-10-03
6010,36,2024-11-26
6010,28,
6011,60,2025-02-06
6011,6,2025/05/15 00:00:00
6011,27,18/01/2025
6012,13,
6013,7,2024-03-13
6013,10,03-05-2024
6013,42,2024-10-31
6014,20,2024-10-01
6015,60,2024/07/02 00:00:00
6016,11,2028-08-31
6016,5,2024-11-18
6016,21,2024-08-28
6017,30,2025/02/09 00:00:00
6017,36,2024-09-04
6017,34,2025-05-08
6018,36,2024-07-23
6018,40,08-17-2025
6018,53,2024-06-17
6019,50,0000-00-00
6019,13,02/04/2024
6019,51,2024-10-20
6020,58,2025-02-02
6021,10,2024-04-10
6022,40,03-27-2025
6022,49,2025-03-18
6023,29,2025-02-08
6024,7,2025-02-10
6024,32,2024/09/04 00:00:00
6025,23,2025-05-28
6025,40,2025-01-13
6026,28,05/08/2024
6027,38,2024-10-30
6027,50,12-29-2024
6028,34,2025-03-13
6028,13,2024-05-26
6029,30,2028-03-17
6030,13,06/01/2025
6030,28,"March 09, 2024"
6030,8,2025-01-17
6031,49,14/03/2025
6031,13,2025-01-19
6032,40,2024-06-22
6032,18,2025-01-25
6033,32,
6034,29,2025-06-14
6035,30,2024-05-12
6036,44,2025-02-12
6036,42,2025-05-05
6036,50,13 Feb 2025
6037,19,08-30-2024
6037,12,2024-09-16
6038,53,2024-11-03
6038,26,2025-01-17
6039,24,2024-04-29
6039,2,2024-09-07
6039,26,2025-04-30
6040,3,2025-06-26
6041,49,2025-06-06
6042,9,2025-01-25
6043,17,0000-00-00
6044,50,2024-04-16
6045,12,2025-04-04
6045,15,10/08/2024
6046,32,"November 04, 2024"
6046,6,2024-10-31
6047,54,2025-01-07
6048,17,03 Mar 2025
6048,15,2024-02-12
6049,2,2024-07-06
6049,34,2024-04-22
6049,5,2025-01-24
6050,60,13/02/2024
6050,40,2024-10-06
6051,45,07/02/2025
6051,27,14/11/2024
6052,41,2025-05-01
6053,19,2024-05-30
6054,44,2025-01-20
6055,39,"February 25, 2025"
6056,13,2024-12-12
6057,4,2028/06/18 00:00:00
6058,20,2024-10-10
6059,20,2024-12-10
6059,36,2025-03-02
6060,42,2025-01-13
6061,5,2024-06-07
6062,15,02/05/2024
6063,14,2024-04-18
6064,50,2025-02-01
6065,26,2024-04-26
6066,28,2024-11-16
6066,50,2024-04-26
6066,26,2024-12-02
6067,9,2025-01-15
6067,13,2024-07-20
6068,57,2024-12-13
6068,27,2024-07-16
6068,20,
6069,7,2024-05-12
6069,38,2024-06-07
6070,38,2024-05-11
6070,36,2025-01-05
6071,22,2025-01-17
6072,7,2025-01-19
6073,42,2025-04-28
6073,24,2024-03-25
6074,7,04-23-2025
6075,42,2025-02-12
6076,36,2024-04-30
6077,17,13 Mar 2025
6078,13,
6078,8,2025-03-26
6078,31,2025-02-23
6079,17,2024-08-10
6080,16,
6081,33,"December 30, 1899"
6082,32,2025-06-19
6083,7,2024-04-18
6083,41,2025-05-10
6083,19,05 Dec 2024
6084,60,2024-08-27
6085,20,2024-11-14
6086,44,02/10/2024
6086,54,2025-05-15
6087,15,2024-11-03
6088,34,15 Dec 2024
6089,16,2024-07-11
129214,53,"February 22, 2025"
6090,57,2024-05-03
6091,8,31/02/2025
6092,43,2024-12-04
6093,7,
6093,38,2024-08-05
6093,33,2024-08-22
6094,12,2024-09-07
6094,8,2028-09-08
6095,46,02/11/2024
6095,18,2024-08-27
6096,12,2025/03/19 00:00:00
6097,7,2024-11-09
6097,53,
6098,12,2025-03-20
6099,52,2025-05-21
6100,30,2024-09-03
6101,3,2024-06-04
6101,43,2025-03-07
6102,55,2024-09-05
6103,18,2026-06-02
6103,14,04/12/2024
6104,4,1899-12-30
6105,34,2024-06-15
6106,20,2024-09-21
6106,18,2024-04-07
6106,27,2024-07-10
6107,2,2024-05-30
6108,53,2025/01/07 00:00:00
6109,51,2024-10-15
6110,41,2024-12-07
6111,28,2024-12-18
6111,49,2024-09-20
6111,37,11-13-2024
6112,3,2025-06-12
6112,17,2024-03-21
6113,19,2024-09-27
6114,49,29 Sep 2024
6114,4,2024-05-22
6114,20,2025-04-05
6115,54,2024-08-27
6115,4,2024/08/11 00:00:00
6116,6,2024-08-28
6116,29,2024-09-25
6117,34,2024-11-25
6117,53,"May 28, 2024"
6117,36,2024-07-11
6118,44,2024-04-04
6119,36,2024-11-17
6120,1,
6121,1,2024-07-11
6122,29,2024-12-13
6122,26,"December 08, 2024"
6123,7,2024-05-08
6124,30,
6125,35,2024-11-17
6126,29,2025-13-05
6127,9,2024-03-20
6128,17,2024-08-18
6128,11,2024-12-05
6128,44,2025-05-31
6129,18,28/12/2024
6130,41,2025-02-23
6131,42,2025-06-06
6131,39,25/09/2024
6131,12,2025-05-26
6132,50,2025-08-01
6132,48,2024-05-26
6132,27,2025-01-26
6133,29,2024-01-30
6134,14,"October 05, 2024"
6134,10,"May 10, 2024"
6135,51,
6135,55,2024-11-16
6136,50,2024-09-24
6137,18,2024-09-21
6137,50,01/10/2024
6137,8,
6138,46,2024-12-27
6138,41,2025-01-08
6138,55,2024-07-05
6139,27,2024-07-24
6139,1,2024-12-18
6139,43,2025-04-26
6140,12,
6140,59,2024-10-08
6140,58,
6141,38,2025-06-14
6141,54,2024-08-20
6141,37,2025-02-04
6142,13,2024-03-13
6143,18,2024/11/02 00:00:00
6143,7,2024-09-12
6144,7,N/A
6145,3,
6146,10,2025-01-04
6147,39,2024-08-22
6147,12,2024/11/22 00:00:00
6147,7,2024-06-01
6148,60,2025/02/14 00:00:00
6148,49,2025-04-05
6149,32,2025-05-31
6149,55,2024-09-15
6149,59,
6150,38,2024-04-09
6151,6,2025-06-03
6151,28,2025/03/20 00:00:00
6151,41,2024-05-03
6152,39,2025-02-17
6153,10,2025-03-21
6153,25,26 Sep 2024
6154,6,2024/09/28 00:00:00
6154,14,2025-01-25
6154,18,2024-01-07
6155,20,2024-01-27
6155,8,03-11-2025
6155,32,2024-06-07
177578,5,2024-11-05
6156,20,2025-02-06
6157,49,2024-04-24
6157,12,2024-11-04
6157,5,2025/06/27 00:00:00
6158,7,2025-04-18
6158,42,N/A
6158,54,2025-03-08
6159,10,2024-04-06
6160,48,
6161,12,
6162,20,2024-05-12
6162,7,2024-10-21
6163,28,2024-06-11
6163,12,2025-06-02
6164,60,25 Jan 2025
6165,20,2024-06-19
6166,42,2024-03-06
6167,30,2025-05-02
6168,20,2025-06-09
6169,54,2024-12-14
6170,53,2025-01-07
6171,33,2025-02-14
6172,32,2025-07-29
6173,60,2024-03-09
6174,37,16 Mar 2025
6175,28,2024-12-08
6175,12,2025-01-08
6176,26,2025-04-19
6176,6,2025-01-10
6176,46,04/02/2024
6177,24,"December 03, 2024"
6178,54,2025-06-22
6179,17,"December 04, 2024"
6180,51,2024-08-13
6180,48,2024-05-11
6181,18,2025-05-18
6182,13,2025-01-30
6183,3,2024-10-30
6184,57,2024-09-24
6185,27,2025-01-26
6185,31,08-21-2024
6186,54,05/01/2025
6187,13,2024-11-22
6188,50,2024-04-28
6189,12,2025-01-17
6190,7,2024-05-01
6190,28,2024-06-24
6191,5,2024-06-02
6191,7,2024-08-07
6191,60,2024/12/14 00:00:00
6192,41,"May 01, 2024"
6192,35,2025-13-05
6192,21,0000-00-00
6193,12,2025-04-30
6194,41,19/07/2024
6194,47,2025-03-31
6195,27,2024-10-04
6196,16,2024-12-22
6197,20,2024-10-14
6197,46,2024-06-29
6197,36,2024-12-16
6198,19,"October 06, 2024"
6199,44,2024-06-01
6200,32,2025-02-20
6201,3,2024-05-24
6202,31,2028-07-31
6203,52,2024-09-06
6204,38,2024-04-07
6204,29,2025-01-24
6205,20,
6206,4,2024-11-19
6206,34,2024-06-13
6206,27,2024-08-07
6207,50,2024-03-10
6208,24,2025-01-23
6208,18,2024-06-23
6208,14,
6209,42,2024-08-03
6209,31,2024-05-09
6209,59,2024-06-18
6210,3,2025/05/17 00:00:00
6211,10,2024-12-13
6212,18,07-24-2024
6212,11,2024-09-14
6212,4,2024-07-14
6213,40,2025-08-19
6214,32,"August 01, 2025"
6215,6,05-15-2024
6216,7,2024-08-13
6216,12,2024-12-11
6217,11,2024-05-16
6218,10,31/03/2027
6218,29,2024-12-01
6218,25,2025-01-03
143747,18,1899-12-30
6219,53,2025-04-29
6220,31,31/02/2025
6220,52,2024-06-30
6220,48,2024-12-06
6221,21,2025-01-28
6222,30,2024-10-15
6223,30,19 Apr 2025
6224,30,2024-11-29
6225,37,2025-03-12
6225,12,2024-09-13
6226,7,2024-04-04
6226,15,2024-11-29
6226,11,
6227,21,2025-03-09
6227,27,2024-09-03
6228,42,2024-03-16
6228,45,2024-09-11
6229,21,2025-03-15
6230,20,2024-04-07
6231,27,2024-08-01
6231,53,2024-12-07
6232,37,2025-02-03
6232,28,03-14-2025
6232,51,2025-07-17
6233,50,2025-03-19
6233,20,"February 17, 2025"
6234,10,2024-03-02
6234,17,2025-03-29
6235,48,2024-05-27
6236,27,2024-05-01
6237,20,2024-07-01
6237,60,1900-01-01
6238,7,2024-08-08
6239,42,2024-08-21
6239,30,2024-05-30
6240,20,2024-09-05
6240,44,2024-02-11
6241,28,2025-02-06
6242,13,2024-08-14
6242,29,2024-08-12
6243,18,2024-05-15
6244,2,
6245,51,
6246,54,1899-12-30
6247,28,06-02-2025
6247,18,2024-10-22
6247,30,2025-01-17
6248,40,2024-07-19
6248,13,2025-06-26
6248,9,2025-04-09
6249,29,2024-11-03
6249,6,19 Aug 2024
6250,32,15 Jan 2025
6250,57,2025-03-26
6250,24,2024-03-07
6251,60,04/05/2024
6251,17,"March 14, 2025"
6251,12,
6252,28,
6252,54,2024-10-31
6252,53,2025-03-18
6253,34,2024-11-05
6253,4,2025-03-04
6253,6,2024-04-01
6254,12,2024-12-29
6254,30,2025-13-05
6255,54,2024-01-23
6256,6,2025-01-10
6256,2,2024-09-30
6256,47,2025-01-03
6257,51,N/A
6258,49,2024-07-08
6259,7,04-12-2025
6259,54,2025-07-23
6260,20,2024-07-19
6260,13,2025-02-15
6261,51,2025-03-30
6262,50,2025-02-01
6262,23,"April 17, 2025"
6263,18,2024-12-11
6264,39,2024-07-20
6264,28,2024-08-03
6264,12,0000-00-00
6265,12,2025-01-14
6265,32,2025-04-24
6265,27,2024-06-15
6266,22,2024-11-28
6266,10,2024-09-27
6266,28,2025-01-23
6267,33,30/01/2025
6267,34,2024-06-30
6268,37,2025-05-12
6269,31,2024-12-18
6270,27,2024-08-15
6270,49,2024-04-03
6270,44,2024-11-05
6271,59,0000-00-00
6272,16,2024-06-12
6273,52,"March 19, 2025"
6274,60,2025-01-27
6274,18,2024-11-29
6274,49,2025-04-23
6275,15,2024-05-01
6276,29,2024-09-30
6277,15,2024-12-30
6277,13,2024/04/11 00:00:00
6277,31,2024-09-28
6278,60,2024-05-01
6278,59,2024-10-15
6278,42,2024-07-06
6279,5,2024/06/27 00:00:00
6280,49,2024-10-09
6281,40,2024-10-01
6282,6,1899-12-30
6283,57,12-06-2024
6283,20,2024-03-20
6283,60,2025-13-05
6284,4,2024-12-16
6285,7,2024-01-25
6286,51,31/02/2025
6287,18,2025-07-02
6287,53,2024-11-13
6288,40,2024-09-19
6288,14,2025-01-18
6288,41,06 Aug 2024
6289,58,2024-06-08
6289,47,2025-03-22
6290,36,2024-10-17
6290,24,2024-05-29
6290,60,2024-01-04
6291,52,2024-12-09
6291,16,2024-12-08
6292,45,2024-09-13
6292,29,2025-06-24
6292,7,2025-05-11
6293,38,2024-05-27
6294,16,2024-09-17
6294,39,
6295,28,2025-06-07
6296,9,"May 17, 2024"
6296,44,2024-07-08
6297,32,2024-08-29
6297,10,2025-09-19
6298,48,2024-11-15
6299,58,2025-02-21
6300,10,0000-00-00
6301,7,2025-13-05
6301,22,2024-08-11
6301,50,
6302,18,2025-06-14
6303,32,01 Mar 2025
6304,9,2024-03-08
6304,26,2025-04-07
6305,39,25/06/2025
6306,55,2025-04-07
6307,20,2024-02-04
6307,13,2024-05-07
6307,60,2025-01-11
6308,5,1899-12-30
6309,19,31/02/2025
6310,30,0000-00-00
6310,29,2024-03-28
6311,40,2026-08-30
6312,42,2025-06-16
6313,17,31/08/2024
6314,54,2024-09-15
150183,18,2024-12-16
6315,44,2024-06-14
6316,6,"July 25, 2024"
6317,42,0000-00-00
6318,40,2025-13-05
6319,31,2024-08-30
6319,44,2025-05-18
6320,35,2025-03-11
6321,5,2024-11-22
6322,4,2026-11-19
6323,38,2024-02-29
6323,24,2025-06-11
6323,1,2024/09/07 00:00:00
6324,50,2024-11-21
6325,23,2025-01-15
6325,7,2024-10-09
6325,57,"June 10, 2024"
6326,30,03-07-2025
6326,54,2024-08-03
6327,19,
6327,4,2024/06/20 00:00:00
6327,44,"July 13, 2025"
6328,37,2025-01-09
6328,60,12-03-2024
6329,34,2024-12-22
6330,54,2025-01-09
6331,53,2024-05-08
6332,7,2024-08-06
6333,11,2025-07-06
6334,60,2024-07-12
6335,21,2024-11-02
6336,18,
6337,42,2024-10-12
6338,38,2024-11-23
6338,42,2025-01-03
6339,12,2024-01-24
6340,26,
6340,7,2025-05-02
6341,44,2025-02-06
6342,31,2024-10-08
6343,42,2024-09-18
127689,15,25/05/2025
6344,10,2024-09-22
6345,35,2024-03-30
6345,4,2024-10-03
6346,23,2024-01-26
6347,26,0000-00-00
6348,54,2024-09-11
6349,12,2024-02-15
6349,31,2024-07-29
6350,30,2024-10-09
6350,26,2024-10-26
6351,44,2024/06/26 00:00:00
167429,20,2024-06-27
6351,31,29 May 2024
6352,10,
6353,28,2024-05-18
6354,58,27/03/2025
6355,38,2024-08-29
6355,8,2024-08-10
6356,37,2025-05-22
6356,32,2025-01-25
6357,38,1970-01-01
6358,53,2024-11-04
6358,10,2024-10-28
6358,23,07-26-2024
6359,32,2024-07-16
6359,50,2024-06-25
6360,4,2024-05-25
6361,60,2029-10-24
6361,4,"August 07, 2025"
6362,39,2024-08-28
6363,4,2024-08-13
6363,13,2024-08-13
6363,3,2024-10-17
6364,34,2024-06-19
6365,17,N/A
6366,57,2025-08-04
6367,16,2024-06-01
6368,49,2024-02-15
6369,26,2025/05/17 00:00:00
6370,4,2025-01-19
6371,30,2024-01-26
6372,15,2028-11-17
6373,38,31/08/2025
6373,42,2025-03-16
6374,20,2025-02-14
6375,12,2024-08-09
6375,43,2024-03-26
6375,49,2025-01-04
6376,10,0000-00-00
6377,5,0000-00-00
6377,7,"November 24, 2024"
6378,15,26 Jan 2025
6378,7,28/06/2024
6378,4,2025-06-01
6379,32,2025/06/19 00:00:00
6379,20,0000-00-00
6380,28,2026-03-31
6380,13,2025-01-27
6381,55,31/02/2025
6382,52,08/07/2024
6383,2,2025-02-27
6384,26,1900-01-01
6385,11,2025-03-11
6386,10,2025-01-31
6387,29,2024-12-29
6388,2,2025-06-21
6389,20,2025-05-03
6389,50,1970-01-01
117326,48,2024-05-10
6390,52,17 Nov 2024
6391,42,2024-04-29
6392,27,2024-05-29
6393,14,2024-07-27
6393,3,20/08/2024
6393,40,2024-11-07
6394,60,2025-05-07
6395,40,2025-01-04
6395,19,2025-01-13
6395,54,"November 05, 2024"
6396,60,2024-08-26
6397,16,2024-08-22
6398,24,2025-07-14
6399,18,1970-01-01
6400,44,2024-12-21
6400,4,2028-07-19
6400,2,2024-05-12
6401,13,2025-04-05
6401,54,2024-08-09
6402,38,N/A
6402,47,2024-02-27
6402,12,2025-09-03
6403,14,2024-09-07
6403,59,2024-03-15
6404,41,04/09/2024
6404,12,2024-07-01
6404,48,09-08-2024
6405,2,
6406,32,2024-11-08
6406,7,2025-01-15
6407,13,05 Jul 2024
6408,20,24/08/2024
6409,34,2025-05-19
6410,34,2024-09-05
6411,41,2025-06-16
6412,15,N/A
6413,30,2024-08-07
6414,31,2024-03-09
6415,50,2025-05-15
6416,21,2025-07-06
6416,7,05 Nov 2024
6417,29,2025-03-27
6418,12,2024-04-30
6419,5,07-12-2025
6419,34,2024-04-06
6420,15,2024-12-01
6421,44,2024-10-18
6422,32,05-04-2025
6423,50,2024-06-18
6424,16,2024-09-08
6424,5,2024-03-23
6424,11,2024/11/27 00:00:00
6425,5,2024-10-15
6425,49,2024/07/27 00:00:00
6426,54,2025-01-18
6426,11,2024-04-16
6427,27,
6427,17,2024-03-24
6427,29,2025-02-01
6428,43,2024-07-27
6428,35,2025-07-17
6429,32,2024-08-03
6430,1,2024-06-15
6431,43,2024-10-15
6431,7,2027/12/04 00:00:00
6431,50,2025-01-04
6432,51,2024-03-27
6433,12,2024-09-19
6433,27,2024-10-12
6433,4,
6434,27,04-28-2024
6434,20,"August 21, 2024"
6434,50,2024-09-28
6435,30,2024-08-09
6435,38,2025-01-11
6436,24,2025-03-16
6437,40,2025-01-07
6438,30,2024-10-08
6438,57,unknown
174553,32,2025-01-05
6439,60,2024-11-25
6440,58,2024-09-08
6440,11,2025/05/21 00:00:00
6441,5,"May 14, 2025"
6441,32,2027-10-10
6442,42,31/02/2025
6443,6,0000-00-00
6444,27,2024-12-17
6445,15,2025-01-27
6446,10,2025/01/03 00:00:00
6446,40,09 Aug 2024
6446,21,2024-08-13
6447,44,2024-09-24
6447,29,2024-09-11
6447,13,2024-07-30
6448,26,2024-10-12
6449,23,2024-09-26
6450,20,2025-01-06
6450,11,2024-09-01
6451,27,2024-10-19
153333,3,2025-04-14
6452,10,2024-09-09
6453,49,2025-02-27
6454,34,"December 30, 1899"
6455,9,2024-06-20
6456,34,2024-03-28
149148,57,2025-04-10
6458,50,2025-06-11
6459,20,"October 30, 2024"
6460,33,2025-08-22
6460,29,2025-02-18
6461,12,2024-04-17
6462,13,2025-03-02
6462,41,2025-01-01
6462,6,2024-11-24
6463,28,2024-12-18
6463,54,2025-04-25
6464,56,2024-02-07
6465,2,05-16-2024
6466,45,2024-12-16
6467,48,2024-05-18
6468,54,2025-06-22
6469,53,0000-00-00
6470,30,03-27-2024
6471,42,12-29-2024
6471,29,2024-11-07
6471,17,2024-06-08
6472,29,2025-01-05
6472,36,"August 13, 2025"
6473,16,2024-11-01
6474,44,2024-11-28
6474,53,10 Jan 2026
6475,53,2024-10-01
6476,54,N/A
6477,19,2025-09-17
6478,18,
6479,43,2024-04-01
6479,12,03-09-2025
6480,44,2024-12-26
6481,42,2024-12-10
6482,12,2025-03-26
6483,22,2024-05-14
6484,51,31/02/2025
6485,50,11-05-2026
6486,33,2025-05-27
6486,31,
6487,3,2024-08-11
6488,30,2024-11-12
6488,42,2024-04-11
6489,16,2024-05-15
6490,44,"July 27, 2024"
6490,54,2025-04-13
6491,8,2025-01-24
6492,57,2025-07-27
6493,6,2025-02-21
6493,45,2025-02-06
6493,53,2024/02/19 00:00:00
6494,7,N/A
6495,16,10 Jul 2024
6495,22,06 Aug 2024
6495,2,2024-08-20
6496,26,2024-05-18
6497,44,2025-03-30
6497,4,2024-07-30
6497,58,2025-03-04
6498,27,2025-08-27
6499,3,2024-10-12
6500,6,
6500,49,2025-05-23
6501,53,2024-12-20
6502,41,2024-10-03
6503,38,01-28-2025
6504,7,
6505,25,26/12/2024
6506,12,
6506,60,2025-05-05
6506,22,2024-05-04
6507,54,2024-11-24
6507,40,2024-05-10
6508,15,2024-09-05
6509,31,2024-08-16
6510,59,"November 13, 2024"
6511,7,2025-03-18
6512,37,N/A
6512,42,2024-09-19
6513,27,unknown
6513,8,16/04/2024
6513,17,2024-09-21
6514,54,2025-03-17
6514,31,31/02/2025
6514,46,2025-02-11
6515,23,2024-10-06
6515,33,2024-02-12
6516,6,2024-05-30
6516,39,2024-08-01
6516,44,2025-01-20
6517,29,2024-10-02
6518,60,2024-11-18
6518,40,2024-09-20
6519,19,31/02/2025
6519,5,2024-07-06
6520,50,01-11-2025
6520,32,2025-01-01
6520,26,2024-11-28
6521,35,2024-09-27
6522,50,"August 05, 2024"
6522,9,
6522,29,2024-07-09
6523,54,2025-05-19
6524,38,2024-08-24
6525,19,2024-08-27
6526,50,2024-04-08
6526,24,2024-08-22
6527,6,2025/01/13 00:00:00
6528,27,2025-04-09
6528,16,2024-03-04
6529,3,
6529,42,20 Sep 2024
6530,38,2025-06-22
6530,49,2024-07-07
113277,2,2024/08/22 00:00:00
6531,37,2024-05-14
6532,39,0000-00-00
6533,47,1900-01-01
6534,36,2024-07-15
6535,35,2025-05-31
6536,36,2025-06-13
6537,7,2024-01-04
6538,57,
6539,51,0000-00-00
6540,10,2025-06-19
6540,36,2024-08-01
6540,27,2024-12-19
6541,42,2024-12-12
6542,46,2024-06-06
6542,54,2024-08-08
6542,20,2025-06-09
6543,56,2025-04-05
6544,31,2024-11-23
6545,17,2024-08-22
6545,29,2025-09-03
6546,42,2025-03-07
6547,47,2024-06-01
6548,13,2025-03-01
6549,40,2025-02-14
6549,46,2025-04-26
6549,49,2025-01-01
6550,32,2024-05-14
6551,20,2024-11-23
6551,45,2024-10-04
6552,15,2024-09-08
6553,35,2025-02-12
6554,22,2024-02-06
6555,20,2025-01-30
6556,3,2025-06-18
6556,28,04 Jul 2025
6556,24,0000-00-00
6557,28,2025-01-01
6557,21,2024-12-28
6558,36,
6559,16,2024-09-01
6560,3,2024-10-05
6561,54,"September 08, 2025"
6562,58,2024/11/14 00:00:00
6562,42,2024-09-01
6563,29,2024-06-03
6563,34,2025-06-13
6564,20,2025-07-05
6565,50,2024-05-09
6566,14,2024-07-11
6567,59,2024-12-16
6567,30,02/09/2024
6567,10,2025-03-11
6568,13,2024-09-15
6569,20,07-14-2024
6569,12,2024-07-05
6569,29,2025-05-18
6570,34,24 Apr 2024
197862,27,0000-00-00
6571,11,2024-03-22
6571,32,2024-01-30
6572,40,2025-07-03
6573,27,2025-07-17
168649,50,09-25-2024
6574,1,2024-08-24
6574,58,2024-09-06
6575,17,
6576,57,08-18-2024
6577,25,2025-04-23
6578,58,2024-06-14
6579,13,2024-11-17
6580,30,2024-06-05
6580,25,2024-08-17
6580,55,2025-04-06
6581,4,2024-02-09
6582,50,2030-04-20
6583,4,2024-11-25
6584,53,2024-04-18
6584,40,2024-10-10
6584,20,2024-07-21
6585,15,2024-11-10
6586,23,2025-05-27
6587,42,2024/11/05 00:00:00
6588,12,2024-09-22
6588,55,2024/12/18 00:00:00
6588,52,2024-06-20
6589,54,0000-00-00
6589,35,1899-12-30
6589,11,08-19-2024
6590,33,N/A
6590,16,31/02/2025
6591,57,2024-12-04
6592,19,2024-06-30
6593,54,2024/07/02 00:00:00
6593,39,2025-03-22
6593,48,
6594,30,2024-01-25
6595,27,2024-08-15
6596,2,2025-04-11
6597,40,03/02/2024
6598,10,2024-10-24
6598,14,2024-07-09
6599,7,2024-04-01
6600,54,2024-07-30
6600,11,2025-04-03
6600,30,05-08-2025
6601,30,2025-07-14
6602,30,2024-11-05
6603,18,2024-09-07
6604,10,2025-03-25
6605,26,2024-05-08
6606,13,2024-10-13
6606,57,2025-09-07
6607,42,26 Jul 2024
6607,52,"August 02, 2024"
6607,45,2024-12-13
6608,56,2024-08-15
6609,29,N/A
6609,32,2025-06-15
6610,56,2024-08-23
6611,20,2024-06-12
6611,32,2024-07-01
6611,53,2024/05/02 00:00:00
6612,7,2025-05-26
6612,51,2025-03-15
6612,24,2024-11-20
6613,58,2025-04-14
6614,16,2024-07-29
6614,6,2025-03-30
6614,50,2024-12-23
6615,30,04-20-2025
6616,35,2024-10-11
6617,20,2024-10-09
6617,7,2025-02-21
6618,34,2025-03-11
6618,36,2024-11-05
6619,10,2025-07-16
6619,27,2029-12-28
6620,25,2024-01-23
6621,35,01-01-2025
6622,54,2024-07-13
6622,31,2024-04-24
6622,36,2025-01-14
6623,40,2025-02-09
6624,32,2024-03-29
6624,40,2025-05-22
6624,15,2025-07-05
6625,47,2024-08-14
6626,50,2024-09-30
6627,28,2024-06-21
6628,25,2025-03-25
6629,53,2025/01/24 00:00:00
6629,49,2024-08-01
6629,45,2024-09-05
6630,36,2024-11-27
6630,20,2024-09-29
6630,60,2025-13-05
6631,20,2024-04-29
6632,20,2024-01-26
6633,17,2024-08-15
6634,8,2025-08-21
6635,48,2024-12-25
6636,13,2024/09/11 00:00:00
6637,20,
6638,18,2024-03-08
6639,43,2024/06/05 00:00:00
6639,18,2024-08-05
6639,6,2024-08-01
6640,28,
6640,27,2025-12-16
6641,44,2025-04-27
6641,26,28/09/2024
6642,12,2025-03-19
6643,14,2024-08-30
6643,18,2025-03-10
6644,24,2024-11-10
6644,35,2024-04-11
6645,46,"March 05, 2024"
6646,4,2025-04-25
6647,34,2024-09-28
6648,20,2024-11-16
6648,37,"August 04, 2024"
6649,60,2025-05-18
6649,49,
6649,39,
6650,45,2024-12-13
6650,11,2024/07/23 00:00:00
6650,53,
6651,10,2026-05-10
6651,53,2025-07-11
6651,30,2025-12-30
6652,29,1899-12-30
6653,10,2025-01-30
6654,32,2024-12-30
6655,27,2024-10-31
6656,4,08-06-2024
6656,29,2024-07-11
6657,53,2025-04-28
6657,2,2025-01-30
6657,12,2024-06-05
6658,15,2024-05-07
6658,17,06-19-2025
6658,18,2024-04-24
6659,18,2024-12-08
6659,20,2027-11-17
6660,16,2024-09-18
6660,32,0000-00-00
6660,49,2025-04-14
6661,28,2024-05-24
6661,12,2025-03-20
6661,6,03-29-2024
6662,28,2025-02-19
6663,51,2025/01/26 00:00:00
6663,16,2024-06-13
6664,7,N/A
6665,39,2024-08-23
6666,54,2024-07-11
6667,37,2025-04-08
6667,10,2024-11-01
6668,32,2024-06-27
6668,20,2024-04-02
6668,42,
6669,25,2024-09-05
6670,18,2025-04-01
6670,47,2025-01-02
6671,42,2024-08-26
6672,29,2024-09-12
6673,54,2024-05-30
6673,39,2025-02-05
6674,37,2024-11-10
6674,30,08-14-2024
6675,54,2025-06-16
6676,50,2025-04-22
6676,17,2027-11-14
6677,29,
6677,20,2024-11-07
6678,48,2024-01-19
6678,18,2024-12-28
6679,25,2024-05-03
6680,45,2024-07-30
6681,34,2024-12-12
6682,16,2024-06-09
6683,13,2024-08-10
6684,4,2024-06-30
6685,13,2024-02-26
6686,6,2024-11-23
6687,31,2024-06-17
6687,19,2026-04-27
6687,27,2025-01-05
6688,31,2024-11-02
6688,59,2024-06-08
6689,39,2024-12-21
6689,36,2024-10-16
6690,42,31/02/2025
6690,10,2024-05-25
6690,36,2024-06-03
6691,23,2024-06-14
6691,53,2025-01-10
6692,9,2025-04-08
6692,5,2024-08-15
6692,32,2024-04-09
6693,9,31/07/2024
6693,32,23/10/2024
6694,4,2024-07-26
6695,20,2024/05/25 00:00:00
6696,29,2025-03-23
6697,17,2024-11-26
6697,26,1970-01-01
6698,30,2024-11-28
6698,21,2025-01-28
6699,19,
6699,43,2024-08-18
6699,47,2024-11-14
6700,41,2025-02-20
6701,6,2025-03-14
6702,33,2024/05/18 00:00:00
6702,18,03-03-2024
6702,30,2024-12-11
6703,13,2025-02-26
6703,23,2025-01-24
6704,16,"September 27, 2024"
6704,27,2025-05-22
6704,36,2024-12-01
6705,24,N/A
6705,29,1899-12-30
6705,41,2024-10-28
6706,23,2024-03-02
6706,4,2024-12-27
6706,50,2025-03-04
6707,26,31/02/2025
6707,40,N/A
6707,35,2024-05-29
6708,57,2025-06-21
6709,53,2025-01-02
6710,60,2024/08/24 00:00:00
6711,42,2024-08-28
6712,32,2024-11-03
6712,10,1900-01-01
6713,16,2024-02-10
6714,32,2024-02-24
6715,49,"August 31, 2024"
6716,36,2025-04-08
6717,11,1900-01-01
6717,30,2025-02-14
6718,37,2024-09-19
6719,42,2024-03-23
6720,60,2025-03-07
6721,27,08 Dec 2024
6721,29,2024-01-25
6722,26,2024-11-19
143032,34,2024-05-15
6723,41,2025-04-12
6723,27,2024-08-09
6724,22,2025-02-01
6724,60,
6725,20,2024-04-17
6725,17,2024-07-21
6725,36,
6726,35,2025-04-12
6727,60,2025-12-01
6727,56,2029-02-01
6727,6,2025-06-28
6728,40,2025-05-04
6728,25,2025/02/07 00:00:00
6728,18,03 Dec 2024
6729,4,2024-05-03
6729,23,11/02/2025
6730,35,2024-11-11
6730,15,2024-10-12
6731,7,2024-06-07
6731,37,23 Nov 2024
6732,38,18/08/2024
6732,51,2025-05-26
6733,57,2024-09-23
6733,58,"May 04, 2024"
6734,41,2025-07-19
6735,35,16 Oct 2024
6735,41,2026-03-21
6736,5,2024-10-27
6736,18,01 Jun 2025
6737,27,2024-10-01
6738,17,2025-05-17
6738,11,"December 04, 2024"
6738,57,2024-05-01
6739,55,
6739,12,2025-05-13
6740,31,2024-02-28
6741,60,2024-12-31
6741,22,2024-09-04
6742,44,2024-07-28
6743,50,2025-04-07
6743,6,2024-03-29
6744,50,2024-09-27
6744,48,2025-01-26
6745,54,2025-01-07
6745,13,2024-12-01
6745,41,2025-01-27
6746,4,"October 18, 2024"
6747,36,2025-01-24
6747,20,2024-11-20
6748,12,18 Mar 2025
181469,3,2025-07-08
6750,30,2024-04-18
6751,17,2024-07-15
6751,57,2025-02-19
6751,16,2024-09-22
6752,12,2025-02-04
6753,28,"September 20, 2024"
6754,33,2024-12-19
6754,9,"June 26, 2024"
6755,45,2024-07-16
6756,36,2025-01-04
6756,33,2024-07-14
6757,53,2025-06-23
6758,18,03-07-2025
6758,49,
6758,7,2024-07-10
6759,57,2024-10-19
6759,7,2025-05-05
6759,52,2024-09-02
6760,35,2025-06-02
6761,53,2024-11-24
6761,59,"March 13, 2025"
6762,41,"March 01, 2024"
6762,10,2025-04-05
6762,44,2025-09-07
6763,13,2024-04-11
6764,60,2024-10-09
6765,35,2024-04-05
142924,45,2025-03-27
6767,42,2025-04-29
6768,38,2025-06-20
6768,37,2024/08/21 00:00:00
6768,3,2024-09-29
6769,30,2024-08-06
6770,39,2024-05-28
6770,52,2025-01-23
6771,37,2024-11-22
6771,53,2024-10-22
6772,14,2025-03-29
6772,48,2025-04-25
6772,9,2025-01-31
6773,1,06/01/2025
6773,17,2024-07-14
172447,17,2024-10-21
6774,42,2024-10-03
6774,12,2025-06-30
6775,22,27/09/2024
6775,3,2025-07-17
6775,7,2025-01-24
6776,17,2025-03-18
6777,13,2025-04-09
6777,50,2025-06-10
6777,44,14 Aug 2025
6778,53,2024-06-28
6779,3,2024-10-28
6779,57,2025-08-03
6779,2,2025-03-17
6780,30,2025-01-09
6780,23,2024-11-02
6781,20,2025-02-14
6782,28,
6783,26,2024-06-08
6784,17,2025-07-13
6785,31,2024-07-28
6786,57,2025-04-27
6786,17,2024-04-08
6787,41,24 Jul 2025
6787,20,2024-03-27
6788,34,2024/06/19 00:00:00
6789,34,31/02/2025
6790,52,2024-06-05
6791,27,2024-12-08
6792,10,2024-12-03
6793,59,23 Jul 2024
6794,14,2025-04-18
6794,3,01/07/2025
153686,31,2025-02-28
6796,3,2025-02-12
6797,13,2024-09-18
6797,1,2024-12-08
6797,32,2025-05-12
6798,55,2025-08-30
6798,31,11 Feb 2024
6798,36,2025-01-31
6799,46,2025-08-06
6800,40,2025-01-07
6800,8,
6801,34,08/05/2025
6802,27,2024-06-10
6802,14,2025-03-16
6802,13,16/01/2025
6803,59,05/04/2025
6804,27,2024-05-20
6804,19,31/02/2025
6805,20,2025-04-19
6806,4,2025-01-12
6807,1,"November 30, 2024"
6808,7,2024-05-30
6809,17,2024-09-17
6810,20,2024-11-19
6810,18,2025-02-25
6811,46,2024-09-09
6811,26,17 Sep 2024
6811,29,2025-08-14
6812,33,2024/11/15 00:00:00
6812,9,2024-06-01
6813,5,2024-10-15
6813,6,29 Mar 2024
6814,2,10-03-2024
6814,53,2024-07-01
6815,57,05-06-2025
6816,50,2024-04-19
6816,13,1900-01-01
6816,22,06/06/2024
6817,41,2024-04-28
6817,10,2024-08-31
6817,54,2024-07-24
6818,29,2025-03-27
6819,18,2025-03-03
6820,46,
6821,36,2024-09-22
6822,25,17 Oct 2024
6822,19,2024-07-01
6823,44,2025-03-10
6824,12,12/09/2024
6824,52,07/05/2025
6825,50,2024-09-14
6826,44,2024-08-23
6826,8,24/01/2025
6826,39,04/06/2024
6827,49,2025-03-12
6828,9,2025-02-03
6829,18,0000-00-00
6829,7,2025-13-05
6829,31,
6830,38,2024-07-15
6831,30,2024-10-23
6832,20,2024-04-28
6832,56,0000-00-00
6832,38,2025-03-08
6833,18,2025-02-28
6834,7,"July 17, 2025"
6835,58,31/02/2025
6836,3,2024-11-26
6836,43,02/02/2024
6837,30,2024-08-22
6837,28,2024-12-08
6837,5,2025-07-30
6838,44,2025-07-07
6838,34,2024-05-09
6839,13,2024-03-10
6840,18,"August 16, 2024"
6841,10,2024-03-02
6841,29,N/A
6842,24,2025-03-28
6842,12,2025-04-29
6842,54,17 Mar 2025
6843,29,2024-11-20
6843,54,2025-04-13
6843,15,2024-11-09
6844,44,31/02/2025
6845,19,12-23-2024
6845,14,07 Jun 2024
6846,27,2025-05-19
6847,49,2024-12-22
6847,43,2025-08-18
6847,2,2025-05-23
6848,50,1970-01-01
6848,17,28/02/2025
6849,57,2025-03-12
6849,28,2024-07-17
6850,12,"February 29, 2024"
6851,31,2024-06-26
6852,57,2024-04-16
6853,42,2024-06-19
6854,60,2025-03-06
6854,10,17/07/2025
6855,16,2024-04-11
6855,41,2024/11/22 00:00:00
6855,19,2027-07-05
6856,23,2025-02-12
6856,41,2024-05-20
6857,45,2024-10-22
6857,29,0000-00-00
6858,14,2025-02-21
6859,12,2024-09-27
6859,23,02/09/2024
6859,4,2024-06-21
6860,36,2024-05-10
6861,29,2025-02-21
6862,2,2025-05-29
6863,30,2025-02-26
6864,28,2024-07-13
6865,60,2025-04-17
6866,44,1900-01-01
6867,57,"May 29, 2024"
6867,28,2024-09-19
6868,28,2024-06-12
6869,26,2025-10-30
6870,26,2024-08-13
6871,15,17 Nov 2024
6871,2,2024-04-14
6871,49,2024-08-21
6872,43,2024-12-07
6873,30,2024-05-16
6874,49,27 Oct 2024
6874,11,
6874,5,14/10/2024
6875,1,2025-03-20
6876,32,2024-10-21
6876,16,2025-03-24
6877,29,N/A
6877,53,2025-04-11
6877,17,1899-12-30
6878,53,2024-07-07
6879,50,31/02/2025
6880,51,1970-01-01
6881,21,10/11/2024
6882,19,2024-10-27
6883,48,2025-04-02
6884,5,2024-09-19
6885,25,2024-04-19
6886,39,2024-04-06
6886,12,2024-12-27
6886,53,2024-11-19
6887,15,2024-05-03
6888,3,"March 12, 2024"
6889,7,08 Dec 2024
6889,49,2024-09-10
6890,20,2025-03-28
6891,50,07/08/2024
6892,39,2025-05-30
6892,7,2024-05-02
6893,32,"July 10, 2024"
6894,36,2024-05-19
6895,18,2024-09-08
6895,13,1900-01-01
6895,44,2024-12-30
6896,24,2024-09-07
6897,45,2024-04-03
6898,22,28 Jul 2025
6898,13,2024-03-20
6899,41,2025-06-17
6900,30,2024-12-17
6901,27,2025-01-22
6901,15,2024-02-14
6902,54,2024-08-02
6903,17,02-05-2025
6904,27,2024-04-29
6905,37,2024-10-29
6906,23,2024-04-08
6906,54,2024-08-12
6906,49,2025-03-04
155058,13,31/02/2025
6908,26,"August 06, 2025"
6909,30,2024-09-03
6910,18,2024-06-12
6911,25,"December 01, 2024"
6911,16,2024-04-16
6912,1,2024-12-25
6913,1,2025-04-12
6913,41,19/06/2024
6913,7,2025-08-20
6914,38,2024-09-16
6914,50,2024/07/01 00:00:00
6914,30,07-21-2024
6915,23,2024-05-10
6915,53,2025-06-12
6916,45,2024-07-31
6916,29,
6917,17,1899-12-30
6918,7,2025-03-24
6919,8,04/09/2025
6919,7,04-11-2025
6919,4,31/02/2025
6920,13,0000-00-00
6921,42,2025-08-29
6921,17,2024-09-27
6922,46,2024-12-19
6922,7,2025-01-24
6923,20,02-07-2025
135789,50,2024-06-09
6923,15,"May 22, 2024"
6924,9,2024-08-17
6924,4,2025-02-03
6924,17,unknown
6925,54,2025-05-05
6926,42,2025-02-27
6927,43,2024-04-13
6928,29,2024-12-31
144793,33,2025-03-19
6929,42,1899-12-30
6929,57,2024-07-01
6930,20,2025/01/10 00:00:00
6930,30,2025-03-11
6930,51,31/02/2025
6931,44,2025-02-27
6932,47,2024-12-20
6932,22,2024-08-02
6933,12,2025-04-12
6933,33,
6934,59,2025-04-14
6935,43,2024-12-30
6936,33,2024-07-18
6936,27,05-23-2024
6937,37,2025-03-11
6938,37,2024-10-04
6939,16,2024-12-14
6939,3,2024-08-17
6940,54,2025-03-03
6940,10,2024-03-16
6940,41,2024/11/16 00:00:00
6941,57,2025-03-31
6942,29,2025-05-01
6943,31,2024-10-04
6944,54,2025-02-21
6944,2,2024-10-26
6945,37,2025-06-03
6945,13,2024-03-26
6945,18,05/12/2024
6946,12,2025/03/18 00:00:00
6946,60,31/02/2025
6947,35,2025-06-18
6947,41,2024-03-10
6948,20,03/07/2024
6949,3,2025-02-10
6949,54,2024-01-30
6950,4,
6950,50,1899-12-30
6951,58,01/12/2024
6952,15,2025-01-01
171320,29,2024-08-20
6954,50,2024-07-19
6955,27,2024-11-04
6955,32,2024-11-13
6955,30,2025-04-03
6956,15,2025/01/26 00:00:00
6957,43,31/02/2025
6957,60,"April 25, 2025"
6958,23,2024-03-18
6959,31,2025-01-14
6960,56,2025-02-20
6960,37,2024-05-10
6961,41,2024-12-19
6962,34,2025-03-03
6963,15,2024-11-21
6964,7,2024-11-30
6964,36,2024-11-17
6964,33,"July 08, 2024"
6965,18,2024-11-04
6966,53,2025-05-09
6966,39,2025-03-11
6967,7,2024-09-13
6967,6,04-10-2024
6967,20,2024-12-29
6968,20,2028-07-19
6969,27,2024-03-17
6970,39,2025-03-21
6971,56,2025-05-28
6972,52,20 Jul 2025
6972,25,2024-03-22
6972,12,
6973,34,2024-11-17
6974,31,2025-04-27
6975,7,02-05-2024
6975,48,2024-10-20
6975,42,2025-03-02
6976,59,16 Feb 2025
6976,20,2025-06-10
6976,27,2024-03-14
6977,27,2025-07-24
6978,27,2024-09-24
6979,58,2025-13-05
6979,30,2024/03/26 00:00:00
6980,50,2024/03/10 00:00:00
6980,54,2025-04-18
6980,40,2025/04/16 00:00:00
6981,8,0000-00-00
6982,6,2024-12-24
6983,20,2024-07-27
6983,16,2025-01-05
6983,18,10 Feb 2025
6984,29,2025-03-25
6984,36,2024-09-29
6985,13,2024-06-14
6985,2,N/A
6986,23,2024-09-13
6986,12,2024-06-29
6986,41,2024/12/05 00:00:00
6987,7,2025-01-06
6988,27,
6989,10,12-18-2024
6989,31,2025-06-29
6990,7,2024-10-28
6991,12,2024-06-11
6992,19,07/06/2028
6993,19,2024-08-22
6994,50,2024-06-25
6995,26,2024-05-04
6995,2,2025-04-18
6995,1,2024-09-18
6996,32,2024-11-20
6996,52,2025-03-06
6996,12,2025-04-02
6997,26,2025-05-07
6997,12,"June 14, 2024"
6997,6,
6998,53,2024/06/16 00:00:00
6999,57,2025-03-09
7000,6,2024-11-15
7001,38,2024-09-21
7002,13,2025-06-30
7002,6,2025-02-06
7002,23,
7003,54,2025-01-28
7004,19,1900-01-01
7004,30,2025-03-02
7005,44,2025-03-26
7006,20,2024-10-27
7007,13,2024-12-07
7007,12,31/02/2025
7007,9,2024-04-29
7008,31,2024-03-26
7009,26,2024-11-29
7010,10,2024-05-30
7010,50,08 Apr 2024
7010,24,2024-09-12
7011,31,2025-05-06
7012,38,"January 04, 2025"
7013,26,2025-04-12
7013,13,18/12/2024
7014,37,2025-03-06
7014,51,09-02-2024
7014,17,2024-08-05
7015,30,2025-03-03
7015,36,2025-03-04
7016,25,0000-00-00
7017,36,2024-11-06
7017,42,2025-03-03
7018,1,"April 01, 2025"
7018,29,03-04-2030
7019,26,
7019,32,2024-06-25
7020,44,2025-09-21
7021,9,2024-07-25
7021,33,2024-12-30
7022,60,2025-04-13
7023,49,2024-09-28
7024,4,2024-12-04
7024,31,2025-01-06
7024,6,2025-06-01
7025,20,2024-05-25
7026,57,2024-09-17
7027,51,2024-09-17
7028,4,2024-08-21
7029,4,2029-09-20
7030,27,2025-09-10
7031,31,2024-10-24
7032,29,2025-03-07
7033,35,2024-07-31
7034,28,"March 18, 2025"
7035,18,2025-07-27
7035,26,2024-08-30
7036,4,2024-11-15
7037,18,22/10/2024
7037,1,2025-03-06
7038,39,2024/07/10 00:00:00
7038,13,03 Nov 2024
7038,57,01-01-1900
7039,53,2024-12-16
7039,31,2024-06-26
7040,38,2024-11-20
7041,34,2024-12-16
7041,24,2024-12-13
7041,18,2024-06-22
7042,47,2025-05-29
7043,21,02-16-2025
7044,44,2024-10-01
7045,30,2024-10-06
7046,3,04/02/2025
7047,40,2025-02-21
7048,39,2025-12-09
7049,22,2024-03-27
7050,29,2024-05-01
7050,38,2024-02-21
7050,35,13 Jun 2024
7051,29,2025-07-12
7052,5,2024-10-16
7052,39,2024-11-04
7052,35,2025-03-08
7053,10,
7053,25,2024-07-16
7053,20,2024-04-11
7054,50,2024-02-13
7055,38,2024-12-21
7056,57,2024-05-19
7057,39,2025/01/23 00:00:00
7058,55,2024-08-05
7059,31,
7060,35,
7060,17,12-16-2024
7061,12,2024-08-23
7061,51,2025-06-17
7061,27,2024-09-16
7062,36,2027-03-16
7063,32,2025-13-05
7064,39,2025-01-13
7064,58,2024-10-31
7064,16,2024-05-01
7065,2,2024-12-24
7065,46,2024-12-13
7065,51,21/05/2024
7066,18,2024-07-21
7067,7,
7068,44,07-05-2025
7069,19,2025-05-31
7069,25,2025-07-07
7070,14,2025/05/31 00:00:00
7070,60,2024-12-01
7071,11,2025-02-04
7072,32,2025/05/02 00:00:00
7073,28,2024-07-15
7074,31,2028/06/26 00:00:00
7075,24,2024-08-24
7075,54,
7075,43,2024-11-06
7076,31,2024-10-12
7077,20,1900-01-01
7078,54,2025-02-14
7079,4,2024-05-16
7079,34,0000-00-00
7080,27,2025-03-14
7081,48,2024-08-28
7082,36,2025-07-07
7083,27,28/01/2025
7083,59,
7083,20,2024-09-17
7084,8,1900/01/01 00:00:00
7085,13,N/A
7086,10,2025-02-15
7086,1,2024-04-15
7086,40,2025-03-20
7087,52,2025-03-09
7088,27,2025-12-10
7089,57,2025-05-27
7089,18,2024-01-26
7090,44,04-20-2025
7091,56,2024-06-30
7091,17,2025-03-11
7092,26,2024-11-02
7093,60,2025-04-19
7094,4,2024-05-01
7095,17,2024/10/17 00:00:00
7095,56,03-09-2025
7095,57,2025-03-21
7096,12,2024-05-09
135150,54,2024-07-07
7097,40,11 Jun 2024
7098,7,2024-11-25
7099,34,2025-06-24
7099,43,2024-03-10
7100,32,0000-00-00
7101,51,2024-09-11
7101,55,2024-05-10
7101,53,2024-08-18
7102,40,2025-02-11
7103,17,06-18-2024
7104,7,2024-08-08
7105,42,2024-08-11
7106,19,2025-05-25
7107,50,2024-05-27
7108,36,
7109,36,2024-06-29
7110,7,2025-01-17
7110,60,2024-08-23
7111,41,"June 29, 2024"
7111,34,2024-06-15
7111,18,2024-08-24
7112,20,2024-05-27
7113,15,2024-09-21
7113,28,02/08/2024
7113,12,2024-06-11
7114,54,2025-03-31
7114,2,2024-03-11
7114,11,2024-10-21
7115,31,2024-06-03
7115,26,2024-07-23
7116,54,2024-08-30
7116,53,2024-07-31
7117,4,15 Feb 2025
7118,38,2024-07-12
7118,3,2024-10-05
7118,16,2025-05-26
7119,17,2024-11-18
7120,9,2024-05-29
7121,50,2024-11-19
7121,15,2024-09-22
7121,60,2025-08-19
7122,40,2024/04/07 00:00:00
7123,43,2024-02-16
7123,4,2025-04-27
7123,39,2024-05-27
7124,12,2025-07-04
7124,20,N/A
7125,4,2024-12-04
7125,7,2024-12-28
7125,32,2025-03-10
7126,53,1970-01-01
7127,38,2025-02-20
7128,49,2025-07-25
7129,20,2025/01/08 00:00:00
7130,31,2025-02-23
7131,34,"December 12, 2024"
7132,20,2024-05-07
7132,50,2028-04-18
7133,47,11/05/2024
7133,15,2024-11-22
7133,9,2025-01-02
7134,56,30 Nov 2024
7135,44,29 Dec 2024
7136,39,2024-09-03
7136,43,2024-06-20
7136,18,2024-05-08
7137,60,"September 07, 2024"
7138,60,2024-09-18
7138,58,2025/03/02 00:00:00
7138,28,02-02-2025
7139,7,2024-10-07
7139,52,2025-06-04
7139,50,2024-10-16
7140,53,2025-02-23
7141,31,2024-07-21
7142,25,2024-10-19
7143,38,15 Jul 2024
7144,28,2024-12-01
7145,4,2024-05-16
7145,6,2025-02-04
7146,12,2024-02-25
7146,33,2028-12-04
7146,17,2025-03-04
7147,45,"August 19, 2024"
7148,54,2025-01-27
7148,26,2024-11-13
7149,40,2025-01-11
7149,56,06-04-2024
7150,41,13/05/2025
7151,37,2024-10-07
7151,29,2025-06-02
7151,13,27/07/2025
7152,18,2025-01-02
7152,20,2024-07-20
7153,18,2025-03-27
7153,39,2027-11-01
7153,27,2025-03-10
7154,52,2025-02-23
7155,49,"November 22, 2024"
7156,12,2024-03-30
7157,28,2025-03-28
7158,3,2024-08-26
7158,44,2027-12-19
7159,20,2025-02-18
7159,36,2024-02-17
7159,13,2025-04-24
7160,29,2024-09-13
7161,24,2025-01-07
7162,19,2024-07-30
7163,12,11 Aug 2024
7163,7,2024-05-27
7163,48,2025-04-06
7164,58,31/02/2025
7165,40,2024-04-04
7166,17,2025-03-17
7166,49,2025-06-23
7167,4,2024-04-03
7168,53,0000-00-00
7169,15,2024-04-13
7170,39,2024-06-09
7171,49,2024-10-11
7172,3,2025-01-27
7173,20,2024-05-20
7174,6,2024-07-04
7174,42,2024-12-11
7174,3,2024-06-26
7175,52,04/06/2024
7176,20,2025-03-02
7177,10,2025-13-05
7178,26,2024-12-28
7179,38,2025-01-07
7179,3,2024-08-17
7179,28,2024/11/21 00:00:00
7180,52,2024-09-10
7181,20,2024-12-25
7182,48,2025-03-11
7182,31,2025-01-17
7183,6,2024-06-10
7183,30,2024/05/02 00:00:00
7183,32,20/02/2024
7184,57,2025-02-27
7185,20,2025-02-08
7185,36,2024-06-25
7185,29,2024-10-09
7186,40,2024-08-16
7187,49,2025-05-26
7188,52,2024-11-05
7189,20,2024-02-26
7190,24,12-22-2024
7190,54,2024-11-20
7190,35,2025-01-05
7191,7,2025-04-03
7192,18,2024-09-26
7193,20,2024-09-25
7193,30,2025/02/02 00:00:00
7194,51,2025-13-05
7194,17,2024-10-19
7194,30,2026-01-15
7195,20,2025-09-09
7196,7,"March 09, 2025"
7197,12,1900-01-01
7198,16,2024-08-27
7198,27,2024-12-29
7198,28,2025-03-20
7199,17,2024-09-01
7200,50,2025-06-07
139090,7,2025-06-15
7201,40,2025/04/20 00:00:00
7201,13,2025-01-06
7202,32,2025-03-14
7203,16,06-23-2024
7203,54,2025-03-27
7203,22,2024-10-01
7204,31,2024-12-20
7204,44,06-23-2025
7205,54,2024-10-09
7205,25,10-21-2024
7206,9,"December 30, 2024"
7207,50,2024-12-13
7207,26,24 Jun 2024
7207,35,
7208,15,2024-11-25
7208,13,2024-09-22
7209,6,2025-03-18
7210,26,2024-09-01
7210,54,2024-08-11
7211,41,2024-10-12
7212,43,2024-05-16
7213,57,
7214,37,2024-09-14
7214,26,2025-07-07
7215,17,2025-05-18
7215,54,2024-07-30
7215,42,2024-07-07
7216,55,2025-01-29
7216,43,2025-08-11
7216,16,2024-11-07
7217,57,03-15-2025
7218,26,2025-02-11
7219,12,2024-02-17
7220,7,2024-07-04
7220,22,04/07/2025
7220,32,2024-04-27
7221,31,15 Sep 2024
7222,60,2024-11-24
7222,54,2025-05-30
7223,2,08/02/2025
7224,13,
7225,27,2025-06-25
7225,17,02 Jun 2024
7226,20,2024-12-28
7226,56,2024-10-12
7226,19,2024-10-18
7227,39,N/A
7227,29,2024-09-08
7228,34,2024-09-25
7228,6,2025-02-19
7228,41,2025-03-01
7229,42,2024-11-09
7230,9,2025-05-30
7231,37,2025-02-19
7232,4,13/01/2025
7232,7,2024-09-16
7232,30,2025-03-08
7233,37,31/02/2025
7233,15,"March 01, 2025"
7233,36,2024-12-17
7234,49,2024-09-23
184424,26,2025-04-18
7235,41,2025-02-06
7236,18,2025-06-06
7236,60,2024-07-04
7236,20,2025-05-07
7237,7,2025-11-15
7238,14,2025-02-27
7239,42,2024-04-29
127950,13,2025-02-27
7240,15,2024-12-05
7241,6,30 Oct 2025
7242,59,2025-01-03
7243,23,2025-02-04
7243,29,2024-05-29
7243,20,2024-08-06
7244,20,2025-01-15
7245,41,2024-09-08
7246,38,2025-02-22
7247,16,2025-07-25
7247,50,2024-10-29
7247,31,2024-03-26
7248,12,N/A
7249,54,2024-06-03
7250,35,2024-06-18
7250,29,2024-05-02
185816,4,2024-02-20
7252,36,2024-06-02
7252,57,2024-09-20
7253,26,2025-03-06
7254,6,2024-10-25
7255,26,2024-03-06
7255,41,2025-04-21
7255,10,2024-07-05
7256,54,2024-04-17
7257,57,N/A
7257,20,06-15-2024
7257,5,26 Jan 2025
7258,21,2024/07/31 00:00:00
7259,52,2024-10-31
7259,28,2025-04-23
7260,28,31/02/2025
7261,6,2024-12-02
7261,54,2024-11-30
7262,4,"June 20, 2025"
7262,37,2024-09-07
7263,50,2024-09-12
7263,5,2024-12-28
7263,55,2024-07-01
7264,12,2025-05-29
7265,51,2024-09-29
7265,6,2024-08-06
7266,44,2025-05-19
7267,48,0000-00-00
7268,28,2024-11-30
7268,13,2025-05-13
7268,4,2025-05-06
7269,35,2024-11-24
7270,12,2024-10-12
7271,47,2024-12-10
7272,47,
7273,46,2025-03-11
114199,25,2024-09-01
7274,57,2024/11/06 00:00:00
7275,13,2024-04-22
7275,14,2025-05-20
7275,15,2024-09-13
7276,31,"June 04, 2024"
7276,20,
7276,32,
7277,34,N/A
7278,16,2024-06-01
7278,42,2024-11-02
7278,44,2024-06-02
7279,43,28 Feb 2024
7280,45,2025-07-04
7280,18,2024-07-24
7281,44,2025-04-09
7281,56,2024-09-10
7281,13,"December 23, 2024"
7282,5,2024-08-27
7282,28,2025-13-05
7283,15,2025-06-18
7284,39,2025-03-29
7285,17,2024-04-04
7285,12,12-05-2024
7286,8,2025-06-27
7287,44,2024-04-13
7288,20,2025-04-23
7288,58,2024-08-31
7289,45,18 Jun 2024
7290,50,2024-08-15
7290,53,"July 20, 2024"
7290,15,2024-08-20
7291,12,2025-04-21
7292,44,2024-09-19
7292,12,2024-07-04
7292,15,2025-03-03
7293,50,2025-01-28
7294,54,2024-10-16
7294,6,2024-05-20
7294,10,2025-07-31
7295,5,2024-03-10
7296,28,31/08/2024
7296,24,2025-06-11
7297,7,07/12/2024
7298,9,2025-06-17
7299,53,04-17-2025
7300,11,2024-05-23
7301,41,2025-01-24
7302,53,05-28-2024
7302,35,24 Jul 2024
7303,57,2024-11-21
7304,4,0000-00-00
7305,46,2024-04-18
7306,15,2024-09-22
7306,27,2025-03-09
7306,4,09-04-2024
7307,53,2025/01/17 00:00:00
7308,36,2024-08-06
7309,13,2025-04-07
7310,50,1899-12-30
7311,37,2024/04/27 00:00:00
7312,6,2024-08-24
7313,40,2024/06/14 00:00:00
7313,28,2024-10-15
7314,20,2025-03-17
7315,28,2025-02-13
7316,38,2024-12-09
7316,23,2024-12-09
7317,3,2024-12-01
7317,21,2024-05-03
7318,30,2025-03-14
7318,46,06/02/2028
7319,27,02-08-2024
193179,6,2025-01-30
7320,34,2024-07-09
7320,40,2030-01-15
7321,29,12/04/2024
7322,42,2024-05-30
7322,7,
7322,45,2024-03-20
7323,26,2024-07-10
7323,15,"January 09, 2025"
7323,11,2025-01-29
7324,54,16/02/2025
7324,35,2025-03-21
7325,11,2024-04-11
7325,39,2025-02-01
7325,27,2024-05-14
7326,40,
7326,44,"November 17, 2024"
7327,19,2025-01-22
7328,54,12 Apr 2024
7329,27,2024-10-31
7330,54,2025-04-05
7331,6,2025-03-03
7332,6,2024-09-22
7332,59,2025-05-07
7332,36,2024-10-27
7333,25,2025-02-08
7333,49,2024-08-26
7334,30,1970-01-01
7335,32,2024-08-12
7335,3,2024-07-23
7335,54,2024-11-10
7336,15,2024-04-30
7337,9,2024-07-12
7337,2,2025-03-23
7337,28,2024-03-11
7338,27,2025-02-11
7339,6,2024-07-28
7339,36,1899-12-30
7339,34,2025-03-08
7340,31,13/03/2026
7341,7,0000-00-00
7341,18,2025-05-31
7342,53,2024-11-07
7343,3,2025-02-07
7343,7,2024-11-16
7344,9,2025-07-22
7344,12,0000-00-00
7344,29,20 Aug 2024
7345,36,2024-05-21
7346,33,0000-00-00
7347,4,12/10/2024
7347,23,2025-01-31
7348,10,25 Dec 2024
7348,3,2024-05-11
7349,19,2025-03-23
7349,29,"February 24, 2024"
7350,26,2024-05-02
7350,39,2025-06-14
7351,34,2025-05-11
7351,49,2025-02-01
7352,15,2024-11-20
7353,13,2024-03-27
7354,54,2024-07-17
7354,13,
7354,44,2024-07-23
7355,41,2025-01-17
7356,18,2024-12-26
7357,3,2025-04-16
7357,25,2026-01-04
7358,38,2024/10/08 00:00:00
7359,15,2025-08-11
186653,36,2024-05-26
7360,50,1970-01-01
7361,28,2025-07-03
7361,49,"August 14, 2024"
7361,40,28 Mar 2025
7362,54,2024-10-12
7363,41,2024-06-06
7364,32,2024-07-19
7365,40,2024-01-10
7365,17,2025-02-25
7366,27,"August 04, 2024"
7367,23,22 Nov 2024
7367,36,
7367,5,2024-12-30
7368,28,2024-11-27
7369,35,2025-02-19
7369,27,03 Oct 2024
7370,9,2024-05-02
7371,32,02-24-2025
7372,29,2024-03-05
7372,18,2024-01-29
7372,12,2024/11/25 00:00:00
7373,10,
7374,8,24 Mar 2025
7374,50,2024-06-15
7375,60,2024-12-19
7375,4,2024-07-07
7375,7,2025-02-22
7376,43,2025-01-14
7376,41,2024-05-13
7377,7,2024-02-08
7378,53,2024-08-09
7379,12,2025/03/21 00:00:00
7380,60,2024-05-02
7380,30,2025-03-21
7380,16,2025-01-01
7381,13,
7382,46,2024/05/26 00:00:00
7382,13,2024-07-10
7382,29,2024-06-16
7383,34,2024-08-21
7384,40,2026-04-27
7385,44,2024-09-30
7386,31,04-23-2024
7387,37,1970-01-01
7387,47,1900-01-01
7387,57,2025-03-01
7388,11,2025-09-02
7389,26,2024-05-29
7390,23,"November 03, 2024"
7390,20,31/02/2025
7391,13,2024-06-06
7391,40,2024-03-21
7391,12,2024-08-02
7392,50,2024-07-23
7392,11,16/07/2024
7392,19,"April 30, 2024"
7393,3,2025-04-30
7394,26,2025-01-13
7395,35,2024-05-12
7395,59,2024-09-08
7395,30,2024-10-30
7396,10,2025-03-09
7396,12,2024-08-03
7397,22,2024-10-09
7397,39,2024-04-14
7397,41,2024-04-07
7398,13,2024-07-27
7399,18,2025-05-14
7400,35,2024-12-27
7401,50,2024-06-04
7401,37,2024-06-22
7402,12,2024-09-20
7402,51,2025-05-06
7403,54,2025-02-21
7404,15,2024-04-24
7404,21,
7404,53,10/08/2024
7405,39,2025-01-30
7405,50,2024-11-26
7406,55,2024-08-19
7407,36,2025-01-05
7407,38,2025-01-24
7407,35,2025-07-22
7408,15,2025-02-12
7408,38,2025-08-27
7409,36,2025-06-16
7410,44,2025-01-26
7410,3,2025-06-20
7411,53,2025-04-28
7412,41,2024-05-31
7413,13,2024-04-18
7414,60,2025-06-14
7415,20,2025-12-06
7415,16,
7416,44,2025-06-28
114474,40,2025-01-11
7418,44,2024-11-23
7419,20,1900-01-01
7420,27,2024-09-07
7420,23,2024-12-19
7421,57,1900-01-01
7422,12,21/03/2024
7423,19,2024-09-26
7424,10,03-02-2025
7425,20,2024-05-01
144968,29,2024-08-02
7426,7,2024-08-13
7426,17,2025-07-03
7427,20,2025-01-12
7428,30,06-14-2024
7429,42,21/02/2025
7430,20,1899-12-30
7430,49,2024-11-08
7431,8,
7431,20,2025-02-11
7431,56,2024-01-23
7432,36,2024-10-09
7432,12,2025-03-20
7433,54,2025-03-03
7434,29,2025-01-14
7435,37,2024-12-22
7435,29,2024-04-03
7436,28,2025-01-06
7437,57,31/02/2025
7438,34,2024-05-12
127739,37,2024-06-13
7439,38,2024-05-16
7439,4,2025-04-03
7440,38,2024-10-30
7440,50,"April 12, 2024"
7441,40,2024-02-23
7441,32,08-10-2024
190817,7,2024-06-06
7442,16,2025-09-05
7443,4,2024-10-28
7443,50,2024-04-04
7443,11,2025-09-14
7444,12,2024-10-03
7444,60,2025-03-05
7445,18,10/06/2025
7446,12,2025-01-12
7447,19,31/02/2025
7448,29,2025-03-01
7448,52,2024-01-05
7448,59,2024-07-07
7449,38,01/01/1970
7450,50,2025-02-13
7451,27,2024-11-01
7452,53,2025-01-16
7453,31,0000-00-00
7454,24,2025-03-10
7455,58,2027-04-28
7456,60,
7457,37,2024-08-23
7458,44,2025-04-28
7459,15,2025-02-08
7459,14,2024-07-11
7459,11,2024-12-01
7460,55,07-12-2029
7461,38,2025-06-30
7461,30,2024-10-12
166183,16,25 Feb 2025
132662,53,2024-07-27
7463,51,2025-06-13
7463,30,2025-13-05
7464,27,2024-06-07
7464,7,2025-02-19
7464,48,27 Apr 2025
7465,28,2025-13-05
7466,28,21/08/2024
7467,29,2024-12-31
7468,19,2025-06-18
7469,50,2024-08-22
7470,24,2024-09-27
7470,17,2025-13-05
7470,14,2025-03-13
7471,27,2025-04-24
7472,15,2024-04-18
7472,27,06-21-2024
7473,20,2024-05-09
7473,44,2025-07-21
7473,18,2024-04-21
7474,17,2030-03-29
7475,20,2025-03-21
7476,49,2024-09-12
7477,4,
7477,54,2024-07-05
7477,12,2024-08-24
7478,18,2024-08-30
7478,32,2024-04-01
7479,53,
7479,29,2024-05-15
7479,27,10 Feb 2025
7480,30,2024-12-04
7481,12,2025-01-11
7482,18,16 Jul 2024
125357,2,2024-08-14
195195,9,2024-08-05
7485,57,2024-02-10
7486,12,2024-12-03
7486,29,2024-06-12
7487,18,2025-05-11
7487,15,2025/07/03 00:00:00
7487,32,06/03/2025
7488,13,2024-03-21
7489,58,
7490,36,2025-02-19
7490,30,11 Dec 2024
7490,41,2024-10-11
7491,50,2024-11-02
7492,2,2024-02-21
7493,52,2024-12-27
7494,5,2025-02-26
7495,12,2025-01-06
7496,34,13/06/2025
7497,42,2025-04-26
7498,7,2025-13-05
7499,20,2025-01-12
7499,23,2025/05/05 00:00:00
7499,30,2024-05-13
7500,59,2024-10-06
7501,35,2025-01-03
7501,36,2024-10-24
7502,20,2028-05-05
7502,58,2024-07-10
7503,46,2024-09-09
7503,4,2025/07/10 00:00:00
7504,26,2024-08-13
7504,50,05-29-2025
7504,38,01/01/1970
7505,34,2024-11-18
7505,18,2024-04-22
7506,44,04/05/2025
7507,7,2025-02-25
7507,20,03-29-2025
7508,46,"May 20, 2028"
7509,2,2024-05-24
7510,41,2024-11-10
7511,34,"February 09, 2024"
7512,39,
7513,44,2025-02-08
7514,25,2024-01-25
7515,59,2025-02-08
7515,29,2024-05-08
7516,12,2024-12-21
7516,47,2024-09-10
7517,38,2027-05-19
7518,30,2024-09-12
7519,29,2024-07-04
7519,54,2025-01-10
7520,38,07/12/2024
7521,49,2024-12-20
7522,32,31/02/2025
7523,19,2024-10-28
7524,57,2024-02-08
7524,49,2024-08-26
7524,20,01/01/2025
7525,49,2024-11-12
7526,10,2024-10-21
147261,32,0000-00-00
7526,50,2024-04-18
7527,49,2024-01-29
7528,57,2024-10-27
7529,31,0000-00-00
7530,28,2025-02-15
7530,11,05-30-2024
7531,36,2024-10-31
7532,13,2024-05-15
7533,48,"January 01, 1900"
7533,15,2024-07-07
7534,47,2024-09-23
7535,28,31/07/2025
7535,2,1899-12-30
7536,24,2025-03-08
7537,7,2025-04-18
7537,31,2024-06-10
7538,52,2025-05-21
7538,20,2025-01-19
7538,17,2024-02-07
7539,46,2025-01-13
7540,2,2024-12-09
7540,4,2024-08-04
7540,27,02 May 2024
7541,25,1900-01-01
7542,27,2024-11-21
7542,57,"February 14, 2025"
7542,50,2024-11-29
7543,39,07/01/2025
7544,35,03/10/2024
7545,28,2024-03-12
7545,36,2025/04/15 00:00:00
7546,23,2025-02-16
7546,24,
7546,56,2024-10-23
7547,13,2026-03-14
7548,20,2025-02-09
130834,50,2025-03-17
7550,16,2024-08-28
7551,4,2024-09-07
7552,19,2024-10-23
7553,35,2024-12-15
7553,42,2024-09-30
7553,44,2024-08-24
7554,4,14 Jul 2024
7554,52,2024-04-11
7555,4,2024-12-20
7556,32,2025-02-06
7557,29,01/01/1900
7558,27,2025-07-16
7558,47,2024-12-08
7559,13,2024-05-09
7559,27,2024-04-25
7560,42,2025-04-11
7560,36,2025-07-03
7561,30,10/06/2024
7562,46,2024-05-25
7562,53,
161554,50,2024-09-01
7563,18,2025-04-24
7564,50,2025-07-14
7565,7,2024-05-25
7565,20,2024-09-14
7565,26,24 Mar 2024
7566,34,2024-03-21
7567,39,2025-09-23
7567,60,2024-03-08
7568,31,2024-12-04
7568,7,2024-07-23
7568,38,2025-01-30
7569,54,2025-02-11
7570,7,2025-03-11
7570,47,2024-03-04
7570,44,2024-10-12
7571,19,2024-09-06
7572,30,2024-12-22
7573,27,"April 07, 2024"
7574,11,
7575,12,
7576,3,2024-12-04
7577,35,2025-02-21
7578,56,2025-02-11
7578,13,2025-01-21
7578,27,2024-08-13
7579,6,2024-07-03
7580,21,2028-09-07
7581,44,2024-03-05
7582,53,
7583,25,2025-03-07
7584,58,2024-12-30
7585,23,2025-04-28
7585,51,2025-04-27
7586,54,2024-12-02
7587,50,2024-05-21
7587,4,10/05/2025
7587,49,2024-09-04
7588,34,"November 07, 2024"
7588,19,2027-04-20
7588,28,2025-01-08
7589,48,2025-05-22
7590,7,2024-08-05
7590,42,2024/05/06 00:00:00
7591,50,05 Sep 2024
7592,11,2025-06-21
7593,60,2024-07-24
7594,51,2024-12-01
7594,8,2024-10-11
7594,35,2024-11-10
7595,3,2024-07-20
7596,20,23/11/2024
7597,10,2026-03-11
7598,50,2024-10-13
7599,34,2024-06-25
7599,12,2024-10-16
7599,16,2025-05-21
7600,58,05-14-2025
7601,43,2025-02-20
7602,20,2024-11-27
7603,6,2025-08-26
7604,18,2025-01-28
7605,1,2024-08-24
7606,27,2024-06-03
7606,18,2025-09-18
7607,36,2024-12-02
7608,17,10-05-2024
7608,12,2024-10-18
7608,26,2024-09-29
7609,20,13 Dec 2024
7609,42,"November 04, 2024"
7609,48,2024-11-02
7610,29,2024-09-16
7610,2,2025/01/10 00:00:00
7611,16,2024-01-21
7611,26,0000-00-00
7611,35,2024-10-19
7612,42,2024-08-28
7612,13,03-24-2024
7613,18,2024-07-31
7614,22,N/A
7614,32,2024/12/09 00:00:00
7615,27,2025-08-23
7616,29,2024-07-11
7617,5,09-19-2024
7618,3,2025-03-16
7619,9,0000-00-00
7620,12,2024-10-04
7621,5,2025-01-26
7621,26,2024/12/22 00:00:00
7621,30,2024-10-12
7622,31,2024-08-30
7623,31,2025-04-12
7623,50,2025-01-23
7624,7,03 Apr 2025
7624,39,2025-07-30
7624,30,2024-06-17
7625,18,2024-02-04
7626,16,N/A
7627,16,2024-08-28
7627,50,2024-11-15
7628,57,2025-05-13
7629,4,2025-04-08
7630,52,2025-02-13
7630,7,09 Dec 2024
7631,59,2024-09-30
7632,32,2027-05-16
7633,41,2025-03-20
7634,8,2024-05-04
7634,34,
7634,12,2025-03-12
7635,49,2024-10-12
7635,12,
7635,32,"January 24, 2024"
7636,37,
117776,18,2024-03-24
7636,36,2024-11-20
7637,51,"April 04, 2025"
7638,36,
7638,53,2024-06-05
7639,26,"May 16, 2025"
7640,26,2024-07-22
7640,27,01-05-2025
7641,5,2024-10-27
151238,28,2024-03-29
7642,30,2024-12-12
7642,29,2024/09/05 00:00:00
7643,38,02-08-2025
7644,1,04-14-2025
7644,30,2024-11-13
7644,29,2024/09/19 00:00:00
7645,27,2028-03-06
7645,20,2024-06-07
7646,14,2024-09-09
7647,32,2025-05-27
7648,45,2024-11-01
7648,33,03/09/2024
7649,10,"February 12, 2025"
7649,54,02 Jun 2024
7650,10,2024-12-01
7651,22,2024-03-19
7652,7,2029-01-24
7653,44,2024-10-17
7653,47,2024-02-20
7653,50,01 Jan 1900
7654,18,2024-10-04
7655,24,2024-08-19
7655,53,2024-10-15
7656,4,2025-04-29
7657,44,2025-02-07
7658,13,2024-05-14
7659,6,"April 20, 2025"
7659,44,2025-06-04
7659,59,20/03/2025
7660,41,2024/12/01 00:00:00
7661,5,2024-10-09
7662,28,08-14-2024
7663,7,2024-11-19
7664,3,23 Oct 2024
7664,27,2024-01-16
7664,45,2025-09-12
7665,60,25/10/2024
7666,13,2025-05-05
179412,20,2025-08-08
7667,8,2024-10-04
7667,34,2025-01-25
7668,37,2025-03-02
7668,4,2025-07-31
7669,13,2024-06-20
7669,7,2024-04-08
7670,58,09-15-2024
7671,27,2024-12-01
7672,36,09-22-2024
7672,29,2024-06-22
7672,15,2024-11-14
7673,50,2025-01-24
7673,31,
7674,50,2025-01-14
7674,12,2025-07-27
7675,38,2024-12-27
7676,32,2024/11/05 00:00:00
7677,30,2024-06-29
7677,60,2025-01-11
7678,54,2024-05-31
7679,35,2024/10/02 00:00:00
7680,54,2025-03-17
7681,20,2024-11-13
134622,28,
150339,31,2024-07-01
7682,27,2024-12-18
7683,28,2024-12-30
7683,31,2025-03-20
7684,11,2025-01-16
7685,31,2024/12/17 00:00:00
7686,40,2025-04-01
7687,60,2024-12-23
7687,40,26 Feb 2025
7688,27,20/11/2024
7688,60,05/08/2025
7688,52,2025-02-25
7689,12,2024-09-12
7689,39,"April 23, 2025"
7689,32,2024-09-26
7690,30,2025-04-01
7691,7,28 Mar 2024
7691,54,1899-12-30
7691,28,
7692,35,2024/11/18 00:00:00
7693,36,10/10/2024
7693,16,2024-12-21
7693,6,0000-00-00
7694,54,2025-03-31
7695,20,2024-09-18
7696,27,2025-03-13
7696,13,2024-06-27
7696,42,"March 07, 2024"
7697,27,2024-05-31
7697,50,1970-01-01
7697,40,2025-13-05
7698,60,2024-06-03
157639,6,2024-08-30
7700,30,2024-11-17
7701,18,N/A
7702,32,2024-10-23
7702,14,2025-03-05
7703,23,0000-00-00
7704,48,2024-10-15
7704,28,2024-10-12
7704,31,2024-04-22
7705,40,"September 15, 2024"
7705,11,2025-03-21
7705,43,2025-07-06
7706,13,2024-10-10
7707,18,"August 10, 2025"
7708,30,2024-12-12
7708,13,2025-01-07
7709,27,2024-04-13
7709,57,2024-05-30
7710,50,2025-06-24
7711,7,2025-09-01
7711,49,2025-02-09
162345,53,2025-02-09
7713,54,2025-08-03
7713,29,2024-10-09
7714,12,2024-05-17
7715,36,2025-07-20
7716,31,2024-06-20
7716,51,2025-02-24
7716,39,2024-10-27
7717,30,2025-05-19
7718,14,2024/05/22 00:00:00
7719,29,2025-01-11
7719,45,2024-08-26
7720,54,
7721,40,2024-08-28
7722,59,2025-05-07
7722,42,1900-01-01
7723,12,1899-12-30
7723,15,16 Mar 2024
7723,29,2025-01-23
7724,21,2025-03-26
7724,31,17/08/2024
7725,1,2024-12-04
7725,17,2025-05-23
7725,15,2025-03-12
7726,40,2024-04-10
7726,47,2024-02-19
7726,29,2024-08-04
7727,29,2024-06-06
134533,51,2025-08-05
7728,16,
7729,26,2025-04-13
7730,52,2024-11-19
7731,8,2025-01-26
7731,38,2025-05-01
7731,10,2025-04-03
7732,27,2025-04-28
7733,53,1899-12-30
7734,34,2024-10-23
7735,2,2025-02-09
7736,54,2024-05-17
7737,51,2024-12-09
7738,5,2024-06-03
7738,28,31/02/2025
7738,11,"August 29, 2024"
7739,32,2024-08-28
7739,37,"September 22, 2024"
7739,36,2025-07-24
7740,53,2025-02-07
7741,24,2025-01-03
7742,50,2025-04-27
7742,19,2025-03-17
7743,9,2024-08-02
7744,4,2024-09-18
7745,39,18/12/2024
7746,7,02-28-2025
7746,44,10/07/2024
7747,24,2024-07-16
7747,20,2024-04-22
7747,7,2025-06-12
7748,28,2024-02-13
7748,38,2024-07-31
7749,3,28 Oct 2024
7750,15,2025-05-07
7751,50,20/10/2024
7752,48,14/10/2025
7753,39,15/12/2024
7753,31,2024-01-25
7754,53,2024-07-24
7754,28,2025-02-08
7755,27,02-02-2025
7756,13,2024/12/17 00:00:00
7757,36,2025-02-10
7757,28,2024-09-08
7758,36,2024/11/12 00:00:00
7759,29,2024-12-05
7760,32,13/04/2025
7761,37,2025-02-14
7762,11,2025-03-06
7762,30,2024-09-14
7763,53,2025-05-15
7764,54,24 Aug 2025
7764,6,2025-04-17
7765,53,"October 16, 2024"
7766,38,2025-05-19
7766,50,2024-05-07
7767,46,2024-03-14
200998,41,2024-10-01
7767,60,
7768,16,2025/06/07 00:00:00
7768,59,2024-08-07
7768,2,2024-04-17
7769,20,2024-02-14
7769,42,2024-11-17
7770,3,"June 29, 2024"
7770,13,11-15-2024
7770,10,2024-09-01
7771,36,2024-09-21
7771,28,2024-03-30
7772,53,2024-07-15
7773,20,2024-12-06
7774,60,2024-09-24
7774,24,2024-10-15
7775,59,2025-13-05
7775,33,04-25-2024
7776,30,05 Apr 2025
7777,50,
7778,42,2024-09-24
7779,44,2024-06-22
7779,31,2024-08-17
7780,31,2025-06-03
7781,34,2024-11-30
7781,26,2024-10-30
7782,12,2025-13-05
7782,18,1900-01-01
7782,29,2024/02/15 00:00:00
7783,18,05 May 2025
7784,31,2024-12-20
7785,50,2025-03-25
7785,45,26 Apr 2025
7785,31,14 Feb 2025
7786,38,2024-04-30
7787,27,2024-10-19
7788,60,2026-09-07
7789,43,2024-12-31
7789,57,2025/05/14 00:00:00
7790,18,2024-12-07
7791,60,2024-11-05
7791,28,2024-08-05
7791,20,2024-08-14
7792,16,2024-08-14
7793,17,2024-06-05
7793,57,2024-07-20
7794,19,24 Dec 2024
7794,11,"May 30, 2024"
7795,8,2025-03-04
7796,54,2024-11-16
7797,18,2024-03-28
7798,38,2024-03-27
7799,9,2024-07-03
7800,12,2025-04-15
7801,18,2024-03-16
7802,10,2024-06-04
7802,55,14/08/2025
7802,27,2024-08-10
7803,56,2025-04-18
7804,16,09/03/2025
7805,12,2024-02-16
7805,31,2024/06/11 00:00:00
7806,52,
7806,42,
7806,5,1900-01-01
7807,60,2024-01-13
7807,41,2024-02-21
7808,26,2024-08-21
7809,12,2024-06-13
7810,12,2024-05-17
7810,59,2024-12-11
7811,10,2024-09-21
7811,7,31/02/2025
7811,52,"June 01, 2024"
7812,32,2024-03-13
7813,41,2024-12-26
7814,59,2024-05-18
7814,3,2025-06-14
7815,4,2024-06-15
7816,37,2025-03-02
7816,28,2024-01-22
7816,27,2024-06-27
7817,3,2024-07-03
7818,50,2025-02-04
7819,52,2025-13-05
7819,9,2025-07-23
7820,33,"November 07, 2024"
7821,35,2024-10-17
7822,44,2024-03-05
7822,7,2024-05-04
7823,21,12-08-2024
7824,3,2024-10-04
7824,13,2025-03-11
7825,43,2024-05-18
7826,17,2024-10-17
7826,27,2024-11-03
7826,57,2024-03-13
7827,18,2025/03/13 00:00:00
7827,20,2024-05-29
7828,27,"April 29, 2025"
7829,23,2024-09-17
7830,20,2024-07-19
7831,8,2025-03-08
7831,40,2024-05-21
7832,54,2024-04-09
7833,52,2025-09-09
7834,52,2024-07-25
7834,28,2025-09-12
7835,23,2025-09-06
7836,9,2025-01-05
7837,49,28 Nov 2024
7838,50,2025-05-06
7839,2,2024-08-18
7840,29,2024-08-31
7840,36,2025-09-18
7841,52,2024-09-03
7841,24,"February 25, 2025"
7842,34,2024-03-17
7843,40,2024-11-26
7844,41,2024-04-28
7844,31,2024-10-06
7845,6,2025-06-06
7846,12,
7847,17,2024-10-10
7848,20,2024-10-18
7848,47,2025-01-13
7848,4,2025-03-22
7849,19,2024-10-26
7849,32,0000-00-00
7850,12,05/09/2024
7851,26,2025-03-23
7851,36,2025-05-29
7852,54,2024-06-06
7852,10,2028-02-02
7853,39,2024-07-16
7854,13,2024-09-07
7855,44,2024-07-26
7855,17,2024-06-07
7855,12,2024-03-03
7856,60,"February 09, 2025"
7857,29,01 Apr 2024
7857,4,2024-05-10
7857,2,2024-07-31
7858,9,2025-04-30
7859,43,2024-05-10
7860,19,2024-12-26
7860,29,"November 17, 2024"
7860,6,2025-04-29
7861,42,11 Nov 2025
7861,44,2025/03/07 00:00:00
7862,50,2025-07-25
7863,3,"August 11, 2024"
7863,39,2025-07-20
7864,44,2024-04-10
7864,31,2025-06-01
7864,43,2025-07-12
7865,12,2025-05-05
7865,39,"March 13, 2025"
7865,37,2024-02-06
7866,34,2025-02-12
7867,47,2025-01-27
7868,27,"March 21, 2024"
7869,40,2024-08-05
7870,18,2024-06-12
7871,6,2024-06-20
7872,6,2025-03-14
7873,31,2024-08-04
7874,31,2024-05-15
7875,11,2024-05-01
131466,31,2024-09-15
7876,59,2025-12-23
7877,7,2024-03-16
7878,20,2025-01-14
7879,54,2024-12-10
7880,48,2025-02-19
7881,46,2025-02-07
7882,20,2024-10-14
7882,16,2024-06-28
7882,35,2024-06-19
7883,37,2024-11-08
7883,47,12 Aug 2024
7884,13,2024-08-07
7884,18,2024-06-20
7885,39,24/08/2025
7886,44,2024-08-18
7886,31,2025-04-21
7887,8,04-05-2024
7888,51,2025-02-09
7889,15,2024-04-10
7889,20,2024-05-05
7890,19,2024-09-22
7891,25,2024-12-05
7891,32,2024-07-08
7891,39,1900-01-01
7892,4,31/02/2025
7892,32,2025-01-30
7893,11,2025-03-19
7893,50,2024/07/08 00:00:00
7894,2,2025-06-11
7895,59,2024-09-15
7895,17,2025-05-20
7895,53,2025-01-14
7896,20,31/02/2025
7897,24,2024-07-13
7898,28,2024-12-16
7899,37,2024-07-25
7900,39,10-26-2024
7901,27,2030-03-14
7901,44,2024-08-19
7902,17,10 Jun 2024
7903,38,2025-03-09
7904,53,1900-01-01
7905,21,2025-01-09
7906,44,30 Jan 2025
7906,19,2024-07-12
7906,18,0000-00-00
7907,53,2024-03-01
7907,10,2024-12-28
7908,2,2025-02-19
7909,20,2025-01-19
7909,30,2025-04-25
7909,15,2025-02-16
7910,60,17/12/2024
7911,34,2024-07-23
7911,45,2024-08-23
7912,45,2025-03-13
7913,44,
7913,7,2024-12-11
7914,29,02-26-2025
7915,37,2025-03-23
7916,9,2025-04-16
7916,29,2024-09-08
7916,36,2024-06-27
7917,24,2025-01-10
7918,34,2024-12-14
7919,40,2025-05-26
7919,57,2025-03-13
7919,42,1899-12-30
7920,50,"January 17, 2025"
7921,30,2025-01-18
7922,38,2024-08-07
7923,12,2024-09-01
7923,60,2024-06-09
7924,51,2024-07-23
7924,52,2025-01-02
7925,4,1970-01-01
7926,20,"September 13, 2024"
7927,13,2024-10-26
7928,26,N/A
7929,32,2025-02-20
7929,40,2024-11-10
7930,7,2024-08-05
7931,48,2024-09-07
7931,26,2024-12-16
7931,29,2024-09-23
7932,6,2024-08-05
7933,37,2025-04-19
7934,41,2024-04-06
7935,52,2024-12-31
7935,13,2024-06-21
7936,18,2025-03-22
7937,7,2025-03-28
7937,41,2024-11-03
7937,51,2024-06-21
7938,50,2024-05-28
7939,49,2024-03-30
7940,10,2024-05-10
7941,51,
7942,11,12-19-2024
7943,30,2024-11-13
7943,58,16/11/2024
7943,54,02/04/2024
7944,5,2024-09-07
7944,54,2025-13-05
7944,16,2025-11-29
7945,57,2025-03-20
7945,3,2024-09-07
7945,2,N/A
7946,40,2024-10-17
7947,7,13/12/2024
7948,11,01/05/2025
7948,54,2025-03-20
7949,32,2024-12-21
7950,7,2024-12-15
7951,41,2025-03-30
7952,31,2024-08-21
7953,17,2024-04-29
7953,38,2025-05-23
7953,54,2024-12-03
7954,50,2024-08-29
7954,36,2025-01-24
7954,23,25/01/2024
7955,44,2024-04-01
7955,26,2025-02-09
7955,42,2024-11-15
7956,26,
7956,10,2024-07-22
7957,30,2024-04-24
7958,5,2025-04-05
7959,5,2025-07-04
7960,50,2025-03-22
7961,50,2024-09-29
7962,11,2024-08-07
7963,27,2025-02-07
121952,4,01/01/1970
7963,53,N/A
7964,37,11-26-2024
7964,54,2024-01-09
7964,50,2025-02-05
7965,24,2024-11-22
7966,57,2024-09-12
7966,12,31/02/2025
7966,29,2025-02-01
7967,12,24/05/2024
7968,52,"June 07, 2025"
150227,43,2025-07-12
7969,51,2025-05-28
7969,3,N/A
7970,3,2024-05-07
7971,12,
7972,55,2024-03-06
7972,54,28 Apr 2024
7973,53,10-29-2024
7973,5,2024-05-25
7973,38,2025-02-03
7974,40,2025-04-30
7975,12,2025-03-07
7976,8,2025-08-15
7976,39,2025-06-14
7977,20,2030-01-24
7977,8,"August 29, 2024"
7978,41,2024-05-29
7979,6,2025-06-09
7979,60,2025-04-04
7979,26,
7980,55,2024-04-17
7981,45,2024-10-21
7981,38,2024-04-12
7981,58,"July 22, 2025"
7982,30,2024-09-26
7983,1,2025-01-15
7983,10,07-20-2024
7983,27,27/02/2025
7984,54,2024-08-10
7985,35,2024-12-22
7986,23,2024-05-31
7987,50,2024-09-14
7987,45,2024-09-26
7988,35,2024-09-21
7989,7,2025-01-30
7989,9,2025-04-16
7989,41,"March 14, 2025"
120093,12,2024-08-06
7990,36,2024-12-19
7990,6,2025-06-09
7991,42,27/11/2024
7991,31,2025-02-17
7991,32,2025-01-17
7992,36,N/A
7993,32,
7994,12,2024-03-29
7994,32,"April 07, 2025"
7994,7,2025-04-16
7995,5,2025-02-17
7996,19,"July 26, 2026"
7996,18,2024-09-01
7997,28,"October 16, 2024"
7997,50,
7998,13,2028-07-13
7999,13,06-08-2025
8000,39,2025-08-05
8001,28,2024-11-17
8002,5,"December 22, 2024"
8003,60,2025-03-29
8004,54,2024-06-28
8005,18,2024-05-07
8005,39,2025-06-05
8006,7,2024-05-13
8007,13,2024-12-02
8008,20,2024-10-19
8008,5,2024-08-15
8009,19,2024-07-07
8010,41,2024-07-26
8010,27,2024-08-02
8011,36,2024-11-28
8011,29,03-24-2025
8012,57,2024-08-23
8013,3,2024/07/06 00:00:00
8014,26,2024-03-10
8014,49,2025-05-30
8015,31,2024-07-10
8015,19,2024-09-01
8015,44,09 Jun 2025
8016,26,31/02/2025
8017,9,02/05/2024
8017,17,06-28-2025
8017,53,2024-12-16
8018,32,2025-01-05
8019,20,2025-04-10
8020,41,"May 20, 2025"
8021,2,2024-11-14
8022,23,2024-10-14
8022,50,2025-07-04
8022,35,2025-03-23
8023,11,13 May 2024
8024,54,2025-07-16
8025,34,2025-03-20
8025,9,2024-06-05
8025,4,2024-05-06
8026,60,2024-03-12
8027,50,2024-10-03
8027,7,
8028,30,2029-06-16
8029,18,2026-01-05
8029,28,1900-01-01
8029,52,29 Aug 2024
8030,9,2025-03-30
8031,4,2024-06-03
8032,26,2024-08-06
8032,35,2025-03-11
8032,7,
8033,7,2024-09-03
8033,38,2025-01-04
8034,24,28/05/2025
8035,12,2024-03-17
8035,13,2024-09-27
8036,36,2024-11-09
8037,59,2024-11-08
8037,53,
8037,12,2024-05-03
8038,54,2025-02-12
8038,24,2024-11-11
8038,23,2024-08-21
8039,54,2024-09-07
8039,10,2025-02-19
8039,3,2024-11-24
8040,54,30 Aug 2024
8041,20,2025-02-25
8042,19,2024-10-03
8042,3,2024-07-24
8043,39,2024-02-20
8043,53,2024-03-18
8043,40,2025-06-26
8044,21,08/04/2025
8045,57,2025/06/24 00:00:00
8046,14,2024-06-25
8047,36,10-23-2024
8047,51,2024/08/18 00:00:00
8048,7,2024/03/13 00:00:00
8049,23,2024-07-16
8049,39,2024-04-09
8049,7,2024-08-11
8050,45,2024-07-29
8051,20,2024-03-20
8051,13,2025-02-01
8051,39,2025-01-07
8052,42,2025-03-11
8053,19,"October 28, 2024"
8054,16,2024-12-17
8054,52,31/02/2025
8054,60,2025-03-28
8055,44,2024-03-10
8056,54,2024-06-09
8056,13,2024-08-08
8057,32,2025-02-02
8057,57,2024-12-21
8057,20,1970-01-01
8058,43,06/06/2024
8059,23,2024-10-05
8059,16,2024-08-25
8060,20,2024-08-07
8061,20,
8061,1,2025-01-02
8062,18,2024-09-20
8063,41,2025-05-10
160341,20,2024-03-23
8065,27,N/A
8066,16,2024-03-27
8067,20,2025-05-04
8068,40,2024-08-29
8068,54,2024-10-12
8068,35,2025-06-02
8069,53,2024-12-21
8069,31,2025-07-30
8069,27,2024-09-11
8070,54,2025-04-23
8070,26,2025-06-27
8071,38,2025-08-12
8072,20,2025-03-15
8073,49,
118616,45,2024-03-05
8073,54,2024-10-04
8074,14,2024-09-14
8074,47,2024-07-13
8075,43,2025-02-18
8076,24,2024-07-02
8076,19,2024-12-13
8077,5,2025-02-20
8078,32,2024-12-05
8079,18,2025-02-13
8079,7,2025-05-28
8079,17,2024-10-31
8080,44,2024-03-27
8081,13,2024-10-26
8082,51,2025-05-20
8082,37,2024-04-10
8083,13,2024-02-15
8084,16,"December 16, 2024"
8084,49,2024-08-09
8085,30,2024-11-13
8086,16,2024-11-12
8086,20,"August 21, 2024"
8087,20,2024-12-26
177205,41,12-30-1899
8088,59,2024-07-17
8089,43,2024-06-04
8090,12,
8091,10,2024-08-11
8091,18,1900-01-01
8091,39,"May 10, 2024"
8092,10,29/05/2025
8092,57,2024-08-06
8092,13,2024-09-24
8093,29,2025-08-05
8094,32,2025-03-05
8095,42,2025-06-02
8096,20,27/02/2024
8097,44,2024-06-17
8097,6,2024-12-05
8098,46,2024-09-02
8098,36,2025-05-05
8099,19,2025-01-03
8100,2,2025-04-27
113921,33,"January 07, 2024"
8101,36,2024-02-09
8102,49,2024-08-02
8103,44,2025-05-25
8103,58,2024-09-14
8103,49,06-25-2024
8104,32,"April 09, 2024"
8105,2,2024-04-18
8106,38,2025-03-27
8106,9,2025-04-11
8107,29,2025-06-26
8108,12,2025-01-25
8108,17,2024-09-04
8108,10,2025-05-30
8109,30,2024-12-10
158990,31,2025/01/07 00:00:00
8109,50,2025-08-11
8110,33,2024-05-01
8111,48,2024-07-19
8112,18,2024-06-04
8112,38,2025-06-29
8113,5,2025-09-26
8114,31,31/02/2025
8114,43,2024-07-29
8115,46,04 Nov 2024
8116,30,2025-02-27
8117,45,2024-09-12
8118,15,2024-10-15
8119,16,2025-03-09
8120,21,2024-10-15
8121,30,
8121,24,2025-02-25
8122,30,2025-04-07
8123,3,2025-03-09
8123,32,2024-04-06
8123,50,"May 18, 2025"
8124,43,2025-06-19
8124,38,2024-12-31
8125,54,2024-10-08
8126,36,unknown
8127,21,21 Aug 2024
8128,17,2024-08-04
8129,41,2025-09-05
8130,16,2024-09-12
8131,17,2025-06-07
8131,5,"September 06, 2025"
8131,12,1900-01-01
8132,44,2025-01-12
8133,18,"June 02, 2025"
8134,50,2024-05-09
8135,60,2025-03-04
8135,1,"August 05, 2024"
8135,13,2025-03-21
8136,55,2024-06-18
8137,6,
8138,37,2025-04-07
8139,12,"April 02, 2024"
8140,22,
8140,5,2024/06/22 00:00:00
8140,40,2025-06-10
8141,13,2024-07-14
8141,23,2024-02-25
8141,39,25/12/2024
8142,14,31/02/2025
8143,40,2025-01-06
8144,49,2024-03-06
8144,50,2024-11-05
8145,31,N/A
8146,4,2024-06-11
8146,31,05-14-2024
8147,23,2024-11-02
8148,20,2025-07-12
8148,44,2025-02-26
8148,32,2024-12-13
8149,31,2024-07-16
8149,41,2024-03-29
8149,25,2025-03-27
8150,20,2025-03-24
8151,2,2024-05-08
8152,7,2024-06-23
8152,27,2024-07-16
8152,43,2024-06-16
8153,18,
8154,23,2024-09-26
8155,29,18/04/2024
8156,17,2024-05-12
8157,1,2024-08-11
8157,28,2025-01-30
8157,27,2025-09-21
8158,20,2024-03-14
8159,43,2024-08-10
8160,2,2024-09-05
8161,8,2025-03-09
8161,37,2025-04-12
8162,29,2024-12-11
8162,39,1970-01-01
8162,7,"July 31, 2025"
8163,41,2026-01-13
8163,12,2024-05-19
8164,25,01-20-2025
8165,7,2024-08-19
8166,16,2025-01-29
154132,40,2024-12-21
8168,16,2025-03-24
8169,50,2024-10-08
8170,31,
8170,30,2024-04-12
8170,22,08-16-2024
8171,42,2024-11-24
8171,27,2025-02-23
8171,2,2024-04-27
8172,26,"November 19, 2024"
8172,5,2025/05/02 00:00:00
172615,30,"March 11, 2024"
8173,50,1899-12-30
8173,15,2025-03-12
8174,5,2025-06-18
8175,31,
8176,44,2025-06-05
8177,42,2024-07-31
8178,32,2024-02-22
8178,18,2024-08-03
8179,10,2025-05-22
8180,9,19 Apr 2024
8180,20,2025-01-06
8181,32,2024-11-27
8182,40,04-20-2024
8183,53,2024/10/31 00:00:00
8184,50,2024-11-05
8185,16,2024-09-09
8186,18,05-05-2025
8187,30,2025-07-21
8188,18,2025-08-29
8189,24,2024-08-27
8190,18,30/07/2025
8190,54,2024-11-19
8191,32,2024-11-13
8191,22,"November 09, 2025"
8191,4,10-05-2024
8192,30,03-31-2024
8193,44,2025-04-07
8194,30,2024-10-31
8195,16,2024-09-10
144234,19,2024-08-20
8197,54,2025-03-21
8197,30,2024-11-24
8197,5,2024-05-11
8198,26,2024-03-04
8199,20,2024-09-25
8200,7,2024-12-02
8201,47,2024-03-30
8202,24,2025-06-10
8202,17,2024-08-14
8203,38,
8204,18,1899-12-30
8204,3,2024-11-26
8205,55,2025-05-21
8206,9,2025-04-24
8206,12,2025-06-29
8206,32,2025-07-05
8207,39,2024-04-11
8207,12,2025-05-28
8208,29,2024-10-01
8209,52,14 Oct 2024
8210,51,"May 02, 2025"
8211,13,2025-08-10
8212,15,2024-09-04
8213,17,2025-05-31
8213,60,2025-01-11
8213,1,2024-11-15
8214,29,2024-11-20
8215,57,2025-02-11
8216,15,2025-02-05
8216,20,2024-10-18
8217,47,31/02/2025
8217,30,13 Mar 2024
8218,12,2024-12-18
8219,24,2025-01-25
8220,42,2024-04-28
8220,7,2024-08-16
8220,34,2024-06-24
161922,17,2025-03-03
8222,40,2024-05-17
8223,39,2025-03-08
8223,50,2025-03-01
8224,58,2025-01-04
8224,32,2025-04-02
8224,44,2024-11-22
8225,10,2024-07-06
8226,10,2025-13-05
8227,20,11/04/2024
8228,26,2024-03-21
8228,41,2024-07-06
8229,9,2024-03-15
8230,54,2024-10-08
8231,27,01-01-1970
8231,2,2025-08-21
8232,15,2024-12-18
8233,19,2024-02-08
8234,39,2025-03-24
8235,13,2025-05-16
8235,15,2024/06/25 00:00:00
8236,7,2024/11/24 00:00:00
8237,54,2024-09-01
8237,27,2024-04-09
8238,58,2024-07-24
8238,17,05-10-2024
8239,40,2025-04-24
8239,20,2025-02-05
8239,60,07/03/2024
8240,10,2024-10-05
8241,55,2024-08-14
8242,50,2025-01-15
8243,22,2024-04-23
8244,31,2024-08-12
8245,48,2024-05-16
8246,16,07-24-2025
8246,22,2024-09-22
8246,50,06-18-2024
8247,25,2024-06-23
8248,17,2024-05-29
8248,4,2024-06-28
8249,19,31/02/2025
8250,30,2024-09-22
8250,31,2024-12-13
8251,26,2024-11-30
8252,20,
8253,42,
8253,36,2024-12-02
8254,11,2024-04-23
8255,45,2024-12-11
8255,27,2025-04-11
8255,50,2024-08-31
8256,60,"April 22, 2025"
8257,41,2025-13-05
8257,38,2025-06-12
8257,45,2024-12-25
8258,32,2024-05-26
8259,9,2024-09-23
8259,45,"January 03, 2025"
8259,7,2025-07-28
8260,13,2025-06-20
8261,31,30 Mar 2025
8261,57,2025-05-20
8262,49,2025-06-01
8262,4,
8263,45,2024-10-11
8264,59,2024-11-20
8265,3,2025-01-06
8266,16,2025-04-03
8267,27,2025-03-01
8268,12,N/A
8269,40,2024-12-21
8269,27,2024-05-08
8269,16,2024-05-26
8270,24,2024-10-20
8270,27,2024-08-22
8271,31,2024-12-20
8272,31,04-26-2025
8272,5,2024-08-07
8272,4,2024-12-31
8273,52,
8273,50,2024-08-22
8273,20,2025-06-30
8274,2,2024/03/16 00:00:00
8274,20,2024-12-09
8275,7,09-06-2024
8276,35,2025-06-14
175281,20,31/02/2025
8277,37,2024-12-22
8278,60,2025-05-19
8278,29,2024-03-01
8279,39,2024-08-12
8280,53,13 Oct 2024
8280,36,"August 09, 2024"
8281,12,2025-05-28
8282,14,2024-11-19
8283,47,2025-02-13
8283,20,2024-04-07
8284,43,2024-11-05
8284,58,2025-01-20
8284,41,2024-09-17
8285,48,
8286,2,07-09-2024
8287,20,2024-05-15
8287,30,2024/10/08 00:00:00
8288,50,2026-01-15
8288,37,2024-07-14
8289,15,2024-10-15
8289,53,2024-02-11
8290,42,2030-02-28
8291,19,2025-02-22
8292,29,10/03/2025
8292,4,2024/08/11 00:00:00
8292,52,2024-10-04
8293,46,2024-07-15
8294,29,2025-07-17
8295,43,2024-07-13
8295,50,2024-06-24
8295,7,
8296,35,2024-02-20
8296,19,2024/06/03 00:00:00
8296,30,2024-10-25
8297,14,2025/04/09 00:00:00
8298,32,
172968,57,2025-01-20
8298,51,2025-04-11
8299,59,2028-07-12
8300,54,22/07/2025
8300,47,2024-09-30
8300,37,05-18-2026
8301,41,"November 27, 2024"
8302,48,2024-10-05
8303,51,2025-07-10
8303,22,2024-05-30
8303,28,2024-07-20
8304,6,2024-03-17
8304,15,2024-05-15
8305,50,2025-01-09
8305,15,2025/05/24 00:00:00
8306,27,2024-11-22
8307,26,2024-02-02
8308,50,2024-08-25
8309,28,2024-09-23
8309,30,"July 19, 2024"
8309,22,2024-03-13
8310,50,2024-09-07
8310,27,2025-01-04
8311,38,2025-04-30
8311,20,2024-07-20
8312,20,2025-02-26
8313,18,2024-07-23
8314,9,2024-11-22
8314,6,27 Oct 2024
8314,47,2025-01-31
8315,50,2025-01-29
8316,51,2025-02-16
8317,10,"January 29, 2025"
8318,14,"January 06, 2025"
8319,50,2024-08-15
8319,34,05/08/2024
8319,6,2024-07-07
8320,5,2025-03-03
8320,36,2024/10/17 00:00:00
8321,51,2025-02-27
8322,27,2024-09-15
8323,39,2024-06-27
8323,25,2025-06-01
8323,20,2024-06-10
8324,16,2024-08-30
8325,19,2025-03-28
8326,40,2024-08-22
8327,41,1900-01-01
8327,50,2025-02-20
8327,23,2024-08-10
8328,26,1899-12-30
8329,37,2024-06-19
8330,29,2024-08-17
194567,26,2024-05-03
8330,35,2025/06/21 00:00:00
8331,51,1970-01-01
8332,44,2024-09-19
8332,60,2024-03-13
8333,17,2024-12-18
8333,24,2025-03-29
8333,2,2024-09-02
8334,9,2025-04-09
8335,54,2024-07-09
8335,29,2024-07-05
8335,30,2025-07-18
8336,32,2024-08-25
8337,17,2024-09-27
8337,12,2024-12-28
8338,13,2024-05-19
8338,50,07 Oct 2024
8339,29,2024-12-23
8339,34,2025-07-06
8339,2,12 Apr 2025
8340,8,2025-03-14
8340,46,2025-02-20
8341,2,2025-03-12
8341,12,2025-02-20
8342,9,2025-01-08
8343,39,"February 13, 2025"
8343,12,"December 01, 2024"
8344,8,2024-10-03
8344,57,2025-02-04
8345,55,
8346,41,2024/09/06 00:00:00
8346,42,2024-06-07
115695,60,N/A
8348,27,2024-11-04
8349,58,2024-09-28
8349,12,2024-09-01
8349,49,2025-05-12
8350,53,02-07-2025
8350,20,2024-03-24
8350,5,09-06-2024
8351,14,2025-04-14
8352,38,"July 08, 2024"
8352,44,06 Aug 2024
8352,35,2024-10-05
8353,53,2024-12-30
8353,22,2024-08-11
8353,51,2025-01-01
8354,2,1899-12-30
8355,18,2025-04-06
8356,36,2024-03-29
8357,32,2024-07-18
8358,44,2024-12-30
8358,11,2024-08-03
8359,54,27 Mar 2025
8360,44,2024-08-16
8360,38,2024-10-13
8360,27,"July 25, 2024"
8361,24,2025-06-03
8362,30,N/A
8362,36,2024-09-30
8363,53,2024-08-18
8363,15,2024-03-11
8363,17,2024-11-26
8364,39,
8365,52,2024-08-15
8365,10,2024-06-15
8365,21,2025-01-11
8366,11,2024-04-19
8367,44,2024-11-20
8367,30,2025-06-28
8367,46,2025-03-27
8368,16,2024-12-14
8368,32,2025-04-15
8368,17,2027-01-24
8369,36,2025-13-05
8370,46,2024-11-13
8371,54,2024-05-19
8372,14,2024-10-08
8373,20,2024-04-10
8373,58,2025-02-02
8373,3,2025-05-08
8374,31,2024-09-02
8375,41,2025-13-05
8375,51,2024-05-27
8376,46,2024-07-23
8377,25,06-04-2024
8377,32,2026-11-18
8378,30,2024-09-27
8378,4,2025-06-26
8378,60,07 Apr 2025
8379,44,2025-01-18
8380,9,
8381,26,
8382,10,2025-04-24
8383,7,2024-04-17
8384,16,
8384,17,N/A
8384,20,2024-12-24
8385,30,2025-03-13
8385,29,2024-02-03
8385,27,2024-12-26
8386,9,"May 01, 2024"
8387,27,2024-11-23
8388,34,2024-12-11
8388,18,2024-11-28
8389,53,"June 09, 2025"
8390,34,2024-06-05
8391,35,2025-03-29
8391,42,2025-02-07
8391,18,2024-03-12
8392,44,2024-10-16
8393,54,2024-05-28
8394,54,2024-11-07
8394,37,2025-01-31
8395,7,2024-08-02
8396,16,03/09/2024
8397,2,2024-06-23
8397,36,2024-05-03
8397,53,07 Jun 2024
8398,6,2024-10-22
8398,18,2024-06-16
8399,30,2024-12-31
8399,4,"March 30, 2024"
8399,34,2024/06/25 00:00:00
8400,52,2024-02-24
8400,59,2025-03-20
8400,12,2024-12-22
8401,15,2025-04-28
8401,49,2025-04-11
8402,48,2025-01-26
8403,13,07/09/2024
8403,38,
8404,51,2024-05-21
8405,4,1900-01-01
8406,54,2024-10-09
8407,42,2024-09-11
8407,57,2024-04-02
8407,3,"August 10, 2024"
8408,37,2024-10-30
8409,28,2024-08-15
8409,29,2025-01-29
8409,2,N/A
8410,7,2024-08-02
8411,29,2024-12-16
8411,15,2025-05-18
8412,21,2024-09-16
8412,39,2024-08-15
8413,7,2025-05-18
8414,41,
8415,15,2025-03-28
8416,28,2024-10-21
8417,19,
8418,18,2024-04-28
8418,17,2024-04-26
8419,6,2024-09-10
8419,14,2024-07-21
8419,52,2024-12-04
8420,24,2025/04/03 00:00:00
8420,44,2025-01-21
8421,53,2025-05-05
8422,30,2024-07-18
8422,31,2024-05-13
8423,12,2025-06-24
8424,48,2024-04-06
8424,7,2024-06-29
8424,20,2024-05-14
8425,50,2024-07-21
8425,48,2024-06-25
8426,20,2025-04-29
8426,44,2024-11-18
8426,54,2025-03-17
8427,53,2024-11-22
8428,53,08-03-2024
8428,20,2024-04-30
199923,58,2024-11-19
8429,23,2025-01-01
8429,7,2024-10-05
8429,6,2025-03-20
8430,17,2025-03-23
8430,50,2024-05-02
8431,50,17 Aug 2024
8432,16,2024-09-27
194647,31,2024-03-15
8433,11,2025-04-19
8434,32,2024-07-15
8435,44,2024-08-09
8435,7,2025-01-09
8436,51,"June 07, 2025"
8437,56,2025-04-05
8437,54,"July 24, 2024"
8438,28,2024-05-11
8438,10,2024-08-13
8438,50,2024-09-11
8439,18,2025-02-16
8439,15,2025-01-13
8439,51,2025-08-10
8440,27,2024-10-13
8440,49,2025-04-16
8441,24,2025-07-08
8442,7,"August 08, 2024"
8442,29,2025-02-27
8443,9,2024-09-04
8443,27,2025-04-16
8444,12,2024/04/27 00:00:00
8445,16,N/A
8446,19,2025-05-24
8447,12,2024-02-17
8447,31,20 Jul 2024
8448,6,13/07/2024
8449,29,"August 15, 2024"
8449,33,2024-09-12
8449,32,2024-10-17
8450,19,06-12-2024
8451,29,2025-02-06
8451,3,2024-05-09
8451,39,"December 29, 2024"
8452,10,2025-01-29
8453,29,2025-01-23
8454,7,2024-09-10
8455,60,2025-03-23
8456,36,2024-10-17
8456,10,2025-06-03
8457,28,22/06/2025
8457,13,2024-06-28
8457,6,2024-09-07
8458,4,2024-07-22
8459,27,2029-04-11
8460,14,
8460,54,05 May 2025
8461,41,2024-06-20
8462,10,2024-12-30
8462,27,0000-00-00
8463,6,2025-04-08
8464,7,2024-11-18
8464,12,2024-12-30
8465,58,2024-07-01
8466,20,2024-10-27
8466,19,2024-09-25
8466,50,2024-09-25
8467,3,"November 01, 2024"
8467,27,2024-09-15
8467,60,03-15-2025
8468,29,2024-10-13
8469,56,2025-08-05
8470,40,1900-01-01
8470,16,2024-03-04
8471,29,2025-06-03
8471,20,2024-06-13
8472,12,2024-12-31
8473,58,2024-08-13
8474,43,2024-07-05
8475,18,31 May 2025
8475,10,2024-08-14
8475,20,
167400,17,2024-08-27
8477,9,2024-06-20
8477,37,2025-03-28
8478,31,2024-06-24
8479,32,2024-09-13
8480,30,"April 26, 2024"
8480,5,31/02/2025
8481,50,2024-09-30
8482,32,2024-06-20
8482,20,2024-07-29
8483,26,2024-12-02
8484,45,2024-09-10
8485,50,2024-09-30
8486,32,2025-07-10
8487,40,
8487,23,2024-12-16
8488,31,2024-07-23
8489,22,2025-04-23
8490,7,2024-05-05
8491,44,2024-07-11
8491,27,2024-11-16
8492,2,2024-09-05
8492,32,2025-01-01
8492,45,2025-01-08
8493,18,2025-02-27
8493,27,2024/11/05 00:00:00
8494,2,2025/02/02 00:00:00
8494,19,14 Sep 2024
8495,12,2024-07-17
8496,12,2025-05-20
8497,2,"January 24, 2024"
8498,43,2025-01-12
8499,9,
8500,38,2025-02-18
8501,32,"February 13, 2025"
192366,5,2024-05-27
8502,43,2024/07/31 00:00:00
8503,7,"April 16, 2025"
8503,18,2024-07-11
8503,32,2025-01-19
8504,11,2025-05-16
8504,39,2024/12/12 00:00:00
8505,6,2025-05-20
8506,57,2024-09-06
8507,26,2024-10-22
8508,10,2024-11-05
8509,54,2024/11/11 00:00:00
8509,2,2025-08-23
8510,11,N/A
8510,22,N/A
8511,7,2025-04-14
8512,18,"November 21, 2028"
8513,25,2024-10-03
8514,50,2024-08-29
8515,30,2025-03-31
8516,22,2025-03-05
8517,39,2024-12-27
8517,30,2024-06-16
8517,6,2028/10/24 00:00:00
8518,31,2024-05-17
8518,38,2024-11-26
8519,24,2024-09-30
8520,50,2024-11-26
8521,16,2024-09-09
8522,29,2025-05-09
8523,40,2024/09/06 00:00:00
8523,43,2025-01-05
8524,17,2024-04-27
8525,24,2024-10-06
8526,54,2024-12-12
8527,17,
8527,30,2024-07-30
8527,20,2024-08-04
8528,6,
8529,53,11-24-2024
8529,1,2024-08-23
8529,7,
8530,26,2024-04-21
8530,13,2025-03-01
8531,24,2025-01-13
8531,15,2024-10-27
8531,4,2024-11-06
8532,4,2024-08-22
8533,34,2025-01-30
8533,56,25/06/2025
8534,27,2024-08-31
8535,42,2024-08-18
8536,28,2024-10-20
8536,29,2024-06-08
8537,24,2024-10-26
8538,21,21/11/2024
8539,52,2024-10-22
8539,27,2024-05-27
8540,51,2024-10-24
8541,53,2024-05-02
8541,41,2025-08-04
8542,54,2024-06-25
8543,36,2024-05-23
8544,54,2024-07-04
8544,39,2025-04-01
8545,14,11-03-2024
8545,54,2024-05-19
8546,30,2025-07-18
8547,57,2024-10-05
8547,31,2024-08-25
8548,5,2025-05-08
8549,13,2025-01-22
8549,17,2024/03/30 00:00:00
8549,37,2024-07-01
8550,19,2024-04-27
8551,25,2024-07-16
8552,50,31/02/2025
8553,37,2024-05-19
8554,6,2025-02-08
147289,34,2024-08-25
8555,23,2025-01-06
8556,17,
8557,46,2025-04-05
8558,29,2024-12-07
8558,26,"November 08, 2024"
8558,27,2025-01-03
8559,45,26/09/2024
164748,54,14 Sep 2024
8561,35,2024-03-07
8562,27,2024-09-08
8563,38,2025-01-20
8564,7,09-09-2024
8564,53,"September 16, 2024"
8565,60,01-25-2025
8565,27,2024/03/24 00:00:00
8565,12,2024-10-07
8566,48,2025-01-02
8566,9,2024-05-09
8567,45,09/02/2025
8567,42,2025-06-30
8567,30,2024-02-16
8568,54,2024-08-08
8568,29,2024-09-04
8568,13,2024-08-14
8569,18,2024-03-29
8569,28,2024-05-31
188497,26,2025-07-04
8570,31,2024-08-15
8571,36,2025-13-05
8571,19,2025-03-08
8572,19,06-26-2024
8573,32,2024-09-09
8574,50,2024-09-14
8574,27,2024-05-01
8574,18,2024-03-24
8575,29,2025-05-06
8575,37,2024-07-10
8576,15,2024-04-06
8576,29,1970-01-01
8577,41,2025-04-06
8578,32,2024-07-07
8579,2,2024-08-29
8580,2,2024-12-08
8581,7,2024-12-15
8582,30,21 May 2024
8583,55,2025-11-24
8583,16,"February 03, 2025"
8583,15,2024-09-18
8584,20,2024-12-20
8584,11,2025-09-01
8585,4,2024-10-12
8586,13,2025-01-17
8586,37,2025-01-09
8586,10,2024-04-12
8587,16,2024-10-12
8588,29,2024-12-21
8589,30,2024-10-10
8590,60,2024-05-19
8591,17,2024-05-09
8591,27,11/11/2024
8592,32,2024-07-25
8592,40,2025-02-06
8592,15,2024-09-08
8593,54,2025-06-15
8594,27,2025-05-21
8594,4,2024-05-21
8595,36,20/06/2024
8595,16,10 Dec 2024
8595,34,2024-07-10
8596,34,2024-09-15
8597,29,
8598,20,2025-07-28
8598,54,2024-06-08
8598,24,N/A
8599,5,15/10/2024
8600,41,2024-12-25
8600,44,2024/09/21 00:00:00
8601,46,2024-04-27
8601,52,2024-06-13
8601,21,1900-01-01
8602,43,1900-01-01
8603,53,2024-05-01
8603,36,2024-12-07
8604,46,
8604,29,2024-05-19
8605,3,2024-09-22
8606,27,1970-01-01
8607,39,2024-10-01
8608,37,2024/07/04 00:00:00
8608,54,1899-12-30
8608,30,2025-04-09
8609,60,2024-11-29
8609,22,2024-07-28
8610,12,N/A
8611,12,2024-08-18
8612,24,2024-03-05
8612,59,2025-05-15
8613,18,2025-07-04
8613,28,2025-05-02
8613,12,2024-12-14
8614,37,2024-10-17
8614,60,2024-10-10
8615,60,2024-12-11
8615,26,2024-04-05
8616,30,10-04-2024
8617,30,2024-04-28
8617,34,"June 21, 2025"
8618,25,2024-07-03
8619,27,2025-06-06
8619,41,2024-10-08
8619,9,12/11/2024
8620,31,2024-12-04
8620,19,2025-06-17
8620,52,2024-07-10
8621,36,2024-10-31
8621,60,"October 29, 2024"
8621,13,2024-02-07
8622,52,2025-01-19
8623,32,2024-10-01
8624,26,2028-07-13
8624,20,2024-07-29
8624,13,2025-04-13
8625,27,05 Nov 2024
8626,7,1900-01-01
8627,11,2025-02-12
8628,30,2025-01-13
8628,54,2024-11-10
8629,12,2025-03-10
8629,32,2024-03-09
8630,43,2024-12-10
177714,54,2024-10-12
8630,5,2025-05-20
8631,54,2024-06-14
8631,38,2025-07-14
8631,29,2025-02-28
8632,7,2024-06-12
8632,3,05/06/2025
8633,10,03-17-2025
8634,51,2024-12-23
8634,60,2024-12-19
8634,20,2025-01-01
8635,12,2024-07-22
8636,51,N/A
8637,32,"March 16, 2025"
8637,13,2025-05-11
8637,27,2024-04-29
8638,4,2025-03-17
8639,22,2025-13-05
8640,29,2027/04/07 00:00:00
8641,16,2024-12-20
8642,17,"December 28, 2024"
8643,32,02 Oct 2024
8643,14,2025-02-13
8643,43,2025-06-23
8644,44,
8644,13,2025-04-30
8644,4,2025-05-10
8645,9,06 Feb 2024
8645,14,2025-13-05
8645,22,2024/02/28 00:00:00
134788,9,2024-06-17
8647,20,2024-07-06
8647,49,2024-08-25
8648,36,2024-09-22
8648,20,2025-06-17
8649,30,2024-12-16
8650,17,16 Jul 2025
8651,38,2024-10-03
8651,33,2025-03-13
8651,36,2024-10-22
8652,29,2024-11-08
8652,28,2025-02-17
8652,2,31/02/2025
8653,12,05 Jul 2025
8654,41,2025-01-30
8655,52,2024-01-11
8656,16,2024-12-09
8656,54,"July 11, 2025"
171663,43,2025-05-16
8657,41,2024-05-12
8658,60,2024/11/26 00:00:00
8658,10,2025-07-03
8659,40,2024-04-12
8660,14,2025-03-06
8661,18,2024-09-09
8661,1,2024-11-28
8662,14,2025-01-13
8662,52,2025-02-22
8663,50,2025-07-10
8664,28,14/02/2025
8665,7,2024-10-16
8666,44,"January 30, 2025"
8666,40,19/04/2024
8666,6,2024-06-27
8667,40,1899-12-30
8667,38,2024-08-26
8667,18,2025-05-16
8668,11,N/A
8668,29,2025-05-28
8668,30,2024/06/19 00:00:00
8669,54,10 Jan 2025
8670,60,2024-09-10
8671,14,2024-12-04
8671,52,2025-07-08
8672,46,2024-06-10
8672,2,2025-07-17
8673,8,0000-00-00
8674,20,2024-10-29
8675,6,2024-07-14
8676,17,2025/09/08 00:00:00
8677,36,2025-04-29
8678,2,26 Jan 2024
8679,25,"January 24, 2025"
8679,24,2024-06-08
8679,26,2025/03/26 00:00:00
8680,12,2025-05-13
8681,19,21/10/2024
8682,20,2025-03-30
8683,12,2025-01-25
8684,39,"April 10, 2024"
8684,37,2025-05-20
8685,53,26 Jul 2024
8685,12,2025-04-07
8686,4,31/02/2025
8687,58,2024-09-16
8687,38,2024-09-13
8687,29,
8688,50,2024-11-23
8689,50,2025-06-19
8690,20,
8691,32,12-02-2024
8691,5,2024-06-16
8692,10,2024-10-02
8693,13,2024-06-27
8693,33,2024-11-25
8693,44,2024-11-18
8694,2,2024-04-03
8694,41,2024-05-29
8694,57,2024-10-27
8695,50,2024-10-02
8695,40,10 Sep 2024
8695,44,2024-09-28
8696,54,2024-07-20
8696,26,2024-10-12
8696,39,25/03/2024
8697,48,2024-09-10
8698,25,
8699,29,1899-12-30
8700,20,2024-03-19
8701,50,2024/12/08 00:00:00
126148,51,2024-09-04
8702,2,2025-01-13
8703,50,2025/05/10 00:00:00
8703,27,2025-06-08
8704,5,
8705,13,2024-12-04
8706,29,26 May 2025
8707,17,2024-11-28
8708,11,2024-08-18
8708,32,2024-10-29
8708,33,19 Jun 2025
8709,46,2024-07-17
8709,54,2024-02-08
170141,16,N/A
8711,9,2024/08/15 00:00:00
8712,38,2024-06-02
8713,6,
8713,15,2024-04-19
8714,32,2025-03-06
8715,4,
8715,33,2024-05-16
8716,44,2025-05-14
8716,12,2025-05-06
8717,44,23/02/2025
8718,27,2024-09-22
8719,17,2025-04-07
8719,54,2025-04-24
8719,31,2024-08-17
8720,15,2024-07-11
8720,13,07/08/2024
8720,28,N/A
8721,29,2025-01-25
8722,50,2024-06-22
8722,37,2025-03-27
8723,3,"October 17, 2024"
8724,4,2025-03-03
8724,33,01-12-2025
8724,3,
8725,50,2024-04-25
8725,4,2024-07-02
8726,37,2025-01-24
8727,3,2024-10-25
8727,26,2024-04-14
8727,32,2024-11-02
8728,50,2024-03-23
8728,27,22/01/2025
8728,16,2025-07-17
8729,27,2024-05-19
8730,31,"August 01, 2024"
8731,28,2025-03-15
8732,32,2024-07-04
8732,50,
8733,26,2025-02-23
8733,54,2025-03-09
8733,18,"May 11, 2024"
160869,6,2024-11-06
8735,42,2024-09-10
8736,58,2024-07-20
8736,51,1899-12-30
8736,54,
8737,45,2024-10-19
8738,25,10-14-2024
8738,30,
8738,59,2024-12-06
8739,8,2024-04-02
8740,13,04/07/2024
8740,48,2025-05-27
8740,52,2025-04-03
8741,28,11-29-2024
8742,44,2025-02-28
8742,3,2026-10-31
8743,2,"May 24, 2024"
8743,51,2025-01-07
8743,19,2025-05-23
8744,26,2024-11-08
8745,41,2024/10/24 00:00:00
8745,28,2025-02-15
8745,49,2025-01-19
8746,18,2024-02-17
8746,3,2025-02-09
8746,43,2025-06-03
8747,10,03/05/2025
8747,37,2024-08-17
8747,48,2024-07-02
8748,41,2029-01-20
8749,42,2024-10-08
8750,27,2024-09-02
8750,47,2024-06-18
8750,6,2024-03-08
8751,20,2024-08-30
8752,18,2024-03-22
8753,23,2025-04-22
8754,29,2024-12-11
8754,50,2024-05-07
8754,13,2024-04-28
8755,49,2025-03-15
8756,29,2024-12-08
8757,24,2024-09-11
8757,31,"July 10, 2024"
8758,40,2029-01-26
8758,13,05-09-2025
8758,25,2024-10-08
8759,32,2024-06-06
8759,52,2024-07-29
8760,6,2025-03-09
8760,53,2024-12-31
8760,24,2024-11-06
8761,38,2025-03-27
8762,27,2025-05-12
8762,42,"February 16, 2025"
8763,41,2024-05-10
8763,18,2024-02-05
8763,40,2024-09-28
8764,15,22 Apr 2025
8765,37,2025-04-04
8766,32,10/12/2024
8766,11,30 Sep 2024
8766,38,2024-08-20
8767,28,2025-07-20
8768,2,2024-12-23
8768,6,2025-01-19
8769,29,24/07/2025
8770,9,09-02-2024
8771,41,24/08/2024
8771,2,2024-05-08
8772,44,2024-05-14
8772,10,2025-03-12
8772,46,28/12/2024
8773,38,2024-04-24
8773,29,2024-09-13
8774,42,
8775,12,2024-12-29
8776,40,2024-06-04
8776,36,2024-07-04
8777,34,2025-01-30
8778,53,2024-09-12
8778,17,2025-12-31
8778,41,2024-04-03
163635,35,2024-07-19
8779,50,22/09/2025
8779,30,
8780,13,2024-08-24
8780,29,2025-03-31
8780,57,2025-01-09
8781,34,
8781,42,2024-11-20
8782,10,2024-10-01
8782,50,2024-12-03
8783,55,2025-02-04
8783,12,2024-08-14
8783,17,2024-11-07
8784,27,1970-01-01
8784,13,2024-12-30
8785,43,04-10-2025
8785,17,2024-11-08
8786,24,
8787,54,
8788,44,2025-05-22
124423,32,2024-04-26
8790,53,
8790,27,2024-06-22
8791,34,20 Apr 2025
8791,38,2024-03-05
8792,44,2024-09-08
8792,20,2024-10-11
8792,38,
8793,50,0000-00-00
8794,20,15 Sep 2025
8795,57,2024-07-09
8796,7,2025-01-06
8797,18,2024-03-11
8797,51,2024-01-17
8798,29,2024-10-14
8798,27,12 May 2024
8798,12,2025-04-02
8799,33,2024-03-17
8800,2,2024-10-05
8801,19,2025-08-15
8802,26,05-29-2024
8803,6,2024-09-05
8804,19,2025-04-26
8805,51,2024-03-14
8805,12,2025-01-28
8806,28,
125592,54,2024-08-24
8807,27,2024-12-17
8808,19,2024-12-02
8809,26,0000-00-00
8810,1,2024-09-24
8811,44,2024-12-22
8811,18,12 Feb 2025
186235,16,2024-08-02
8812,52,2024-11-29
8813,34,2024-05-20
8814,44,07 Jul 2024
8815,58,2025-06-27
8816,36,2025-02-20
8817,21,2024-09-28
8818,28,2025-06-19
8818,32,2025-06-11
8818,60,2024-05-20
8819,34,2025-04-25
8819,44,2024-10-28
8820,35,0000-00-00
8821,54,2024-11-27
171589,53,2024-10-26
8823,32,2025-06-04
8824,58,2024/04/03 00:00:00
8824,59,2024-08-22
8825,44,17 Dec 2024
8825,3,31/02/2025
163765,6,2024-08-21
8826,9,2025-06-06
8826,53,2024-08-30
8827,54,2024-06-06
8828,36,2024-07-12
8828,16,2024-07-13
8829,40,2024/11/08 00:00:00
8829,58,2024-10-01
8829,42,1970-01-01
8830,54,"June 09, 2024"
8831,38,2024-09-15
8832,18,2024-06-23
8833,24,2024-08-14
8833,6,2025-04-14
8833,32,2024-04-03
8834,40,2025-01-10
8835,50,2025-05-13
8835,3,2024-12-03
8835,47,21 Oct 2024
8836,23,2025-05-09
8837,9,2025-04-18
8838,38,2025-03-07
8839,41,N/A
8839,17,1970-01-01
8839,5,2024-07-31
8840,29,2025-03-20
8841,32,1899-12-30
8841,11,2025-03-22
8841,18,2024-06-22
8842,10,28/07/2025
8842,20,
8843,5,2024-04-13
8844,35,2024-12-18
8845,13,2025-02-02
8846,29,2024-04-07
8846,6,2025-06-04
8847,52,2024-06-21
8848,13,2024-07-01
8848,27,2024-06-03
8849,46,2024-12-19
8850,11,2024-05-27
8851,12,2025-06-27
8851,24,2024-12-31
145576,58,2024-02-14
8853,60,2024-11-09
8854,36,2029-03-28
8855,4,"March 06, 2025"
8856,13,2024-11-27
8857,56,2024-11-12
8858,18,2025-05-25
8859,13,2024-10-01
8860,20,02/03/2024
8860,18,2024-07-04
8861,48,2025-04-08
8862,51,2024-11-24
8863,44,2024/11/20 00:00:00
8864,2,2024-12-10
8865,29,2024-04-04
8865,35,
8866,29,2025-03-07
8867,13,2024-07-23
8868,11,16/01/2025
8868,34,2024-12-13
8869,44,2024-06-23
8870,16,2025-02-25
8870,31,31/02/2025
8870,32,2024-09-02
8871,32,2025-02-17
8872,54,2024-04-17
8872,60,"September 27, 2024"
8873,40,2024-08-03
8874,39,2024-05-11
8875,24,10 Apr 2024
8876,12,2024-09-07
8876,3,2025-03-02
8877,45,11 Oct 2024
8878,2,2024-12-27
8878,39,2024-10-03
8878,7,"July 12, 2025"
8879,10,2024-03-16
8879,49,2025-01-12
8880,40,14 Feb 2025
8880,23,22/06/2024
8880,3,2024/02/12 00:00:00
8881,12,2025-05-25
171325,36,05-23-2024
8881,42,"October 06, 2024"
8882,27,
8883,47,2025-03-21
8884,50,2024/12/29 00:00:00
8884,24,0000-00-00
8884,20,2024-12-20
8885,35,2024-09-07
8885,29,2024-09-03
8886,20,"February 20, 2025"
8887,34,2024-08-07
8887,4,2024-05-31
8888,27,2024-08-26
8888,28,2024-12-29
8889,42,
8889,6,N/A
8890,4,2024-12-12
8890,27,2025-03-09
8890,6,2025/03/31 00:00:00
8891,42,2025-01-29
8892,48,2024-07-17
8892,34,2025-02-25
8892,31,
8893,13,04-07-2025
8894,60,2024-08-27
8895,28,2024-08-11
8896,57,2024-08-12
8897,33,2025-07-08
8897,26,2024-05-29
8897,13,2024-07-19
8898,34,2024-10-19
8899,12,2025-03-30
8899,19,
8900,26,2025-03-27
8901,17,2024-08-18
8901,2,2025-02-18
8901,32,2025-04-04
8902,6,2024-06-21
8902,33,2024-11-28
8903,50,
8904,60,2024-07-25
8905,3,1899-12-30
8906,27,
8907,49,2024-08-30
8908,26,2024-10-21
8909,12,2024-11-02
8910,43,2024-10-23
8911,50,2024-09-16
8912,12,2024-12-08
8913,44,2025-01-06
8914,32,"March 20, 2025"
8914,20,2025-03-28
8914,53,2024-10-25
8915,56,09-09-2024
8916,30,2025-02-09
8916,60,
8916,29,2025/03/24 00:00:00
8917,60,2025-06-22
8917,37,2024-06-26
8917,34,2024-08-10
8918,31,2024-07-06
8919,16,"July 20, 2024"
8920,32,2025-05-02
8920,33,"October 30, 2024"
8920,40,2025-05-27
8921,4,2024-08-13
8922,30,2025-01-08
8923,20,2024-04-23
8923,30,"March 18, 2025"
8923,53,2024/06/27 00:00:00
8924,6,2024-12-30
8924,34,2026-03-31
8924,28,2024-12-24
8925,17,2025-01-02
8926,17,
8926,18,
8927,29,2025-08-12
8927,34,2024-06-13
8927,11,2024-03-09
8928,31,2024-11-12
8929,48,2024-06-03
8930,45,2024-08-02
8930,44,2024/01/26 00:00:00
8930,9,2025-06-04
8931,56,2024-05-30
8932,3,2024-06-27
8933,36,2024-04-23
8934,43,"May 22, 2025"
8934,28,2025-04-05
8935,7,2024-05-25
8936,43,2024/12/27 00:00:00
8937,31,2024-11-20
8938,30,2025/04/09 00:00:00
8939,5,2024-06-22
8939,43,2024-09-12
8939,17,"October 11, 2024"
8940,56,2025-07-13
8940,7,2025-04-19
8941,6,2025-05-01
8942,15,2024-10-28
8943,31,2024-11-10
8944,31,12-15-2024
8945,26,2024-11-18
8945,51,2025-12-17
8946,38,21 May 2025
8946,4,2024-04-26
135838,30,2025-13-05
8947,58,2025-02-25
8948,48,2025-09-08
8949,32,2025-04-15
8950,24,2025-01-28
8951,7,13 Feb 2024
8951,3,2024/05/28 00:00:00
8952,17,31/02/2025
8953,41,17 Jun 2024
8954,31,2024-07-28
8955,56,2025-01-20
8955,16,16 Aug 2024
8956,5,31/02/2025
8956,45,2025-03-31
8956,36,2025-02-15
8957,27,2025-03-15
8957,10,2025-02-16
8958,31,2025-05-07
8958,12,0000-00-00
8958,50,2024-11-03
8959,7,2024-02-11
8960,6,2024-03-02
8961,50,2025-02-12
8962,42,2024-12-18
8963,59,2025-05-25
8964,20,2025-04-24
8965,30,2025-05-31
8966,2,
8966,13,1970-01-01
8967,38,2025-04-10
8967,39,12-29-2024
8968,20,28/07/2025
8969,52,2024-05-14
8970,27,2025-03-26
8971,4,2025-01-07
8971,17,2025-05-05
8971,32,2025-02-14
8972,11,06/03/2025
8973,54,2024-12-12
8974,29,
8975,37,07 Oct 2024
8975,11,2025-04-10
8976,13,22/11/2024
8977,29,2025-02-26
8978,50,2029-10-17
8978,14,2024/10/14 00:00:00
8978,54,2024-10-11
8979,29,2025-04-19
8980,13,2024-07-02
8980,31,2024-12-11
8980,49,2024-07-14
8981,11,2024-11-22
8981,8,2025/06/28 00:00:00
8981,20,2024-04-24
8982,44,2025-01-22
8983,4,20/05/2025
8984,7,"November 21, 2024"
8985,40,2024-07-24
8985,42,"July 18, 2024"
8986,32,2025-08-02
8987,11,2024/07/16 00:00:00
8987,4,2024-09-11
8988,22,2025-04-12
8989,51,2024-09-02
8990,30,2025-02-11
8991,14,2024/06/13 00:00:00
8992,57,2024-04-25
8992,30,2025-08-30
8992,11,2024/06/21 00:00:00
8993,19,2024-09-26
8994,4,2025-07-24
8995,13,2024-09-29
8996,6,2025-07-09
8996,31,2024-12-19
8996,15,2024-02-21
8997,13,2025-06-28
8997,57,03/05/2024
8997,53,2024-12-01
8998,18,20/09/2024
8999,20,2024-11-19
9000,23,2025-04-13
9001,29,2025-01-14
9001,4,2024-07-19
9002,25,2025-04-09
9003,9,2025-02-23
9004,20,2025-08-05
9005,25,2024-01-25
9005,36,2025-02-17
9005,12,2024-12-31
9006,49,1970-01-01
9006,31,2025-03-09
9006,10,2024-09-21
9007,50,2025-05-15
9008,10,2024-08-16
9009,36,2025-03-26
9010,31,N/A
9011,60,2025-01-06
9012,13,2024/11/21 00:00:00
9012,30,2024-07-19
9013,31,2024-06-05
9013,43,2025-06-21
9014,53,2024-11-24
9014,21,2025-03-29
9014,15,0000-00-00
9015,7,2024-08-26
9016,40,2025-01-12
9017,27,2024-03-22
9018,12,13 Mar 2025
9019,9,2025-09-04
9020,36,2024-10-25
9021,60,2025-12-06
9021,45,2028/10/21 00:00:00
190347,56,02-25-2025
9023,31,2025-07-13
9024,26,2024-12-10
9024,21,15 Nov 2024
9025,5,2025-07-01
9026,17,2024-05-28
9027,48,2025-04-14
9027,26,2024-06-14
9027,12,2024-07-31
9028,27,2024-11-28
9029,31,2024-12-02
9029,43,2025-08-05
9030,6,2025-05-31
9031,17,2025-04-23
9032,18,2029-02-18
9033,23,2024-05-31
9034,11,2025-13-05
9035,13,17/06/2024
9036,4,2024-04-02
9037,19,2024-12-12
9038,53,2024-08-08
9039,13,2024-04-21
164537,41,2024/08/04 00:00:00
9039,36,2024/10/11 00:00:00
9040,6,03 Aug 2024
9040,48,2024-03-10
9040,7,
9041,32,2025-03-24
9041,14,2024-05-01
9041,58,2025-04-14
9042,53,2024-12-18
9043,34,0000-00-00
9043,46,2025-04-11
9044,54,"March 30, 2024"
9045,5,2025-01-08
9045,36,2024-05-21
9046,57,12-19-2024
9047,27,"July 16, 2024"
9047,6,N/A
9048,49,2024-05-18
9049,14,2024-09-01
9050,37,2028-08-17
9050,48,2024-12-23
9050,23,2024-09-01
9051,1,2024-11-25
9051,25,2024-11-01
9051,27,2024-11-09
9052,8,10-09-2024
9052,53,
9052,50,0000-00-00
9053,35,2024-09-29
9053,15,2024-05-03
9053,44,2024-04-07
9054,26,
9054,50,2025-04-10
9055,29,2025-01-01
9056,57,2024-08-08
9057,29,2025-02-11
9057,18,2025-03-08
9057,24,N/A
9058,35,2025-04-12
9058,53,"January 25, 2025"
9059,27,2025-03-07
118975,18,2025-06-05
9059,26,2025-06-08
9060,60,2024-05-29
9061,57,2024-05-30
9061,49,2025-03-26
9062,41,2028-06-29
9063,34,2024-04-23
9063,10,2025-02-28
9063,20,2024-06-07
9064,60,2024-08-02
9065,32,"August 26, 2024"
9066,2,2024-12-11
9067,3,2025-01-07
9068,3,2024-08-23
9068,29,2025-07-01
9068,7,2025/05/07 00:00:00
9069,20,2024-09-25
9070,44,2024-04-30
9071,7,2024-07-22
9071,59,2024-06-11
9072,50,2024-12-25
9072,4,2025-02-09
9073,26,2024/08/20 00:00:00
9074,6,2024-08-25
9075,11,2025-02-19
9075,53,
9076,49,09-30-2024
9076,37,1900-01-01
9076,48,"May 29, 2025"
9077,7,31/02/2025
9078,20,2024/07/17 00:00:00
9078,31,2025-07-10
9079,30,2024-11-14
9080,29,17 Nov 2024
9081,26,2024-04-07
9081,20,2024-11-26
9081,27,31/02/2025
9082,30,2024-12-02
9082,13,13 Nov 2024
9083,39,2024-10-29
9083,36,2024-12-03
9083,31,2024-01-15
9084,45,2025-06-30
9085,33,2025-06-16
9085,54,2025-05-25
9086,13,2024-12-21
9087,7,2024-09-13
9087,27,2025-05-25
9088,42,05-26-2024
9088,2,2025-04-15
9089,52,10 Oct 2026
9090,28,
9090,23,2025-01-15
9091,9,2025-01-01
9092,53,2024-04-19
9093,17,2025-07-24
9094,20,2024-05-27
9095,19,2025-02-06
9096,48,06 Jun 2024
9097,35,2024-09-16
9098,4,2024-09-12
9099,17,2024-07-10
9099,19,2025/03/07 00:00:00
9099,35,2024-05-30
9100,55,2024-04-14
9101,17,2025-06-23
9102,59,2025-01-04
9102,1,2024/02/27 00:00:00
9102,18,2024-10-15
9103,6,2024-12-17
9103,17,2024-07-08
9103,38,2027-02-24
9104,28,2024-11-17
9105,33,2025-08-03
9106,33,2024-12-29
9106,9,2024-06-11
9107,53,2024-08-11
9108,58,2024-03-12
9108,30,2024-12-25
9109,41,2025-07-05
9110,41,2024-12-20
9110,20,2024-03-20
9111,57,2024-12-01
9111,19,08-03-2024
9111,54,2024-07-12
9112,23,2024-04-01
9113,14,2024-06-02
9113,53,2025-07-30
9114,44,N/A
9114,41,2024-08-31
9115,32,2025-02-28
9116,44,2024-05-24
9116,48,2026/09/12 00:00:00
9116,20,2025-04-21
9117,42,2024-07-18
9118,42,2024-08-04
9119,1,2024-06-18
9119,34,2025-03-13
9119,26,2024-12-19
9120,29,2024-03-22
9120,50,
9121,16,04-12-2024
9121,5,2025-01-21
9122,27,2024-10-10
9123,18,2025-02-09
9123,27,
189939,15,2025-01-09
9125,56,2024-03-21
9126,53,2025-01-17
9126,26,2024-07-01
9127,37,2024-06-24
9127,16,2025-03-13
9127,4,2024-08-27
9128,6,2025-04-13
9129,33,2024-10-14
9130,11,2025-02-18
9131,37,2024-05-21
9132,12,08/11/2024
9133,44,2025-02-18
9134,19,2024-10-20
9134,42,2024-05-08
9134,32,18/07/2025
9135,41,
9136,20,2024-06-30
9137,37,2025-02-23
9137,15,2024-08-21
9138,13,2025-03-10
9138,29,2024-06-07
9138,37,2024-11-22
9139,13,2025-11-12
9140,12,2025-01-09
9140,54,2024-08-15
9141,20,2024-05-23
9142,56,2025-05-29
9143,10,2025-04-03
9144,43,2024-05-10
115911,54,2024-08-20
9145,26,2025-04-10
9146,23,2025-03-23
9147,12,2025/02/26 00:00:00
9147,36,2024-04-12
9148,31,09-05-2024
9148,50,N/A
9149,39,11/04/2024
9150,29,2025-02-02
9151,11,1970-01-01
9152,17,2024-09-08
9152,55,2024-02-07
9153,50,2024-10-19
9154,44,2025-13-05
9155,53,2025-06-25
9156,39,2024-07-08
9156,21,2028-07-06
9156,2,01-26-2024
9157,53,2025-02-04
9157,16,2024-06-14
9158,36,2025-04-11
9159,44,15 Jul 2024
9160,42,2024-06-14
9161,27,2024-09-17
9161,28,2025-08-10
9162,10,2024/10/20 00:00:00
9163,2,31/02/2025
119420,7,2024-07-25
9165,10,2025-06-25
9166,51,2025-05-28
9167,44,2024-06-17
9167,57,2025-02-18
9167,54,2024-08-23
9168,36,2025-03-04
9168,49,2024-12-11
9169,50,2024-06-23
9170,31,2024/11/04 00:00:00
9170,5,20 Dec 2024
9171,29,2025-08-17
9172,20,2024/02/25 00:00:00
146484,37,2024-06-22
9173,7,2024-07-26
9173,24,2024-11-26
9174,41,2025-01-30
9175,33,2025-07-28
9176,54,2024-08-18
9176,15,2024-07-05
147120,60,2024-05-01
9177,14,2024-06-23
9177,12,2024/09/24 00:00:00
9177,44,2024-11-01
9178,29,05-31-2024
9179,25,2025-05-19
9180,15,2024-09-10
9180,8,2025-05-29
9181,53,2024-07-24
9181,1,2024-08-05
9182,29,2024-05-19
9183,50,2024-05-19
9184,37,2025-02-23
9184,36,2024-05-10
9185,21,2025-09-04
9186,36,09 Mar 2024
132993,9,2024-06-25
9186,44,2024-08-12
9187,29,2024-12-19
9188,8,
9189,44,2025-01-04
9190,15,2024-08-21
9191,20,2024-10-07
9191,44,2025/11/09 00:00:00
9192,44,2024-12-23
9193,27,2024-07-23
9194,12,2025-09-23
9194,22,2024-11-24
9195,56,2025-05-01
9196,53,2024-05-07
9197,56,31/02/2025
9198,6,13/03/2024
9199,53,
9200,20,
9201,7,2025-04-21
9202,9,2024-06-13
9203,42,1899-12-30
9204,29,0000-00-00
9205,17,2024-11-17
9206,50,2024-08-25
9207,19,2024-03-25
9208,24,2024-06-04
9209,50,"July 11, 2024"
9209,27,22 Aug 2024
9209,26,2024-08-14
9210,3,
9211,45,2024-10-19
9212,58,2025-12-19
9213,43,2024-04-11
9214,40,2024-07-18
9215,18,2024-05-31
9215,15,2024-08-11
9215,4,2024-04-07
9216,27,2024-09-20
9216,11,2025-03-13
9216,24,2024-08-26
9217,2,2024-08-24
9217,31,2024-11-13
9217,4,2024-04-25
160321,41,2025-02-18
9219,41,2024-08-05
9220,45,2024-07-20
9220,6,2024-08-25
9221,36,2024-08-02
9221,54,2024-12-27
9221,13,2024-06-24
9222,36,31/02/2025
9223,6,10-26-2024
9224,51,2024-10-07
9225,26,1970-01-01
9226,10,2025-03-29
9227,36,2024-04-13
9228,53,2024-12-16
9229,57,2024-09-24
9229,12,2025-02-06
9230,12,2024-10-02
9231,44,2025-02-25
9232,28,2024-09-04
9233,53,2024-11-13
9234,27,2024-08-20
9235,38,2024-11-24
9235,28,2024-08-21
9235,14,2024-02-04
9236,7,unknown
9237,32,2025-07-22
9238,35,2024-02-28
9238,46,2025-01-02
9239,15,"September 02, 2025"
9239,6,2024-02-18
9240,46,2024-07-18
9241,12,03-16-2025
9242,40,2024-04-21
9242,30,2024-10-10
9243,18,2024-09-27
9244,46,2024-10-01
9245,31,2025-08-04
9246,49,2024/07/05 00:00:00
9247,13,2029-03-30
9247,59,2024-09-02
9247,22,2025-05-06
9248,17,2025-04-04
9249,3,2024-02-04
9249,39,
9249,42,N/A
9250,53,2024-04-30
9251,17,2024-08-17
9252,60,2024-10-28
9253,20,2024-11-03
9253,50,28 Jan 2025
9253,38,2024-07-15
9254,53,2024-08-01
9254,8,2025-02-18
9255,17,0000-00-00
9256,19,2024-08-15
9256,50,2025/05/21 00:00:00
9256,38,2025-04-01
9257,7,0000-00-00
9258,50,06-03-2025
9259,29,2024-11-27
9260,11,2024-11-07
9260,20,2025-04-11
9260,16,2025/01/12 00:00:00
9261,26,
9262,12,2024-11-08
9263,3,2024-10-04
9264,15,2025-03-06
9265,58,2024-01-27
9266,29,2024-07-05
9266,33,"July 29, 2024"
9267,6,2024-07-03
9268,43,2024-12-23
9269,6,2024-08-05
9270,5,08 Jul 2024
9270,32,2025-03-11
9270,26,2024-03-10
9271,12,2025-04-03
9272,33,
9272,45,2024-07-15
9272,16,30/07/2024
9273,20,0000-00-00
9274,3,2024-06-02
9275,58,2024-12-12
9276,58,"April 23, 2024"
9276,47,2024-08-12
9276,45,2025-02-18
9277,41,1970-01-01
9277,25,
9278,35,2024/11/01 00:00:00
9279,25,22 Mar 2024
9279,45,1970-01-01
9280,43,2025-07-04
9281,30,2025-05-22
9282,32,2024-09-11
9282,60,2024-02-08
9283,31,2024-11-10
9284,16,2025-08-26
9284,51,2024-05-17
9285,1,2024-03-20
9286,23,2024-11-01
9286,10,2025/05/11 00:00:00
9286,36,2024-08-11
9287,41,2025-03-28
9288,7,2025-04-17
9289,9,2024-09-22
9289,52,2025-06-02
9289,60,2025-06-29
9290,17,2024-10-30
9291,37,2024-04-10
9292,17,2024-11-02
9292,49,2024-10-03
9293,36,2024/09/04 00:00:00
9294,5,2024-12-11
9295,37,2024-06-17
9296,38,2025-02-01
9297,30,2025-07-23
9298,38,2024-08-02
9299,12,08-22-2024
9300,41,2024-06-15
9301,56,11-09-2024
9301,53,2025-04-25
9302,10,2024-07-31
9303,36,2025-04-12
9303,20,2024-07-20
9303,12,06-23-2024
9304,7,2024-11-20
9304,18,31/02/2025
9305,16,2025-04-14
9306,46,2024-08-30
170881,26,2025/02/15 00:00:00
9307,27,2024-10-14
9308,24,"March 17, 2025"
9308,12,2025-01-18
9309,23,
9309,20,2024-12-21
9310,53,2024-05-31
9311,30,2024-10-09
9311,24,2025-03-08
9312,58,2024-03-21
9312,40,2024/12/10 00:00:00
194342,2,03-20-2025
9314,30,2024-04-25
9315,10,2025-07-13
9315,46,2025-06-03
9315,36,"November 03, 2024"
9316,4,2024/10/01 00:00:00
9317,20,31/07/2024
9318,20,2024-05-26
9319,9,2024-11-10
9320,27,2024-07-04
9321,20,2024-08-06
9322,57,06 Oct 2024
9323,21,2024-01-31
9324,50,2024-04-24
9325,4,
9325,44,2024-04-17
9326,4,2024-07-22
9326,18,2025-01-02
9326,31,
9327,11,2024-06-28
9328,13,2024-05-08
9328,44,2024-08-04
9328,48,
9329,52,2024-10-16
9329,45,2024-11-23
9330,14,2025-01-21
9330,35,03-24-2025
9331,2,2024-08-28
9332,43,2024-08-25
9332,31,2024-07-15
9332,18,0000-00-00
9333,4,2024-10-02
9333,34,2024-11-04
9334,30,04-24-2025
9334,42,2024-12-26
9335,19,08-31-2024
9336,13,2024-08-28
9337,10,2024-08-20
9337,8,2024-09-26
9337,54,"April 12, 2025"
9338,42,2025-01-14
9339,24,2024-12-07
9339,28,2024-09-26
9340,40,2025-05-19
9340,13,"March 25, 2028"
9341,31,2024-07-18
9342,49,2024-12-29
9343,37,2024-09-14
9343,59,2024-05-08
9343,43,2024-03-29
9344,10,07-02-2024
9345,36,1899/12/30 00:00:00
9346,27,31/02/2025
9346,12,2024-07-28
9346,45,2025-04-24
9347,33,
9347,32,2025-05-02
9348,36,2024/10/13 00:00:00
9348,13,"September 12, 2024"
9349,52,2025-06-26
9350,38,2024-10-27
9351,17,2024-09-04
9351,50,2025-03-12
9352,28,2025-03-28
9353,44,2024-12-17
9353,15,2024-12-06
9354,52,2024-09-08
9354,42,2024-08-20
9355,3,2024-09-01
9355,36,2024-11-03
9356,43,2025-04-04
9357,39,02/04/2024
9357,42,10 Feb 2024
9358,50,25 Apr 2024
9358,60,22 Jan 2026
9358,36,2024-04-04
178995,54,2025-03-26
9360,58,05/09/2024
9360,28,"November 07, 2024"
9361,36,2024-12-01
9361,9,2024-07-31
9362,57,2024-04-19
9362,17,2025-04-17
9363,14,2027-07-01
9363,35,2024-09-21
9364,44,2024-08-13
9364,49,2024-09-07
9364,37,2024-11-09
9365,2,
9365,43,2024-06-26
9366,23,2024-08-06
9366,60,0000-00-00
9366,38,2024-09-16
9367,38,25 Dec 2024
9368,15,2024-05-11
9369,41,2025-07-27
9369,42,2024-03-12
9370,11,2025-02-26
9370,9,
9371,26,2025-01-31
9371,25,2025-11-07
9372,3,2025-05-11
9372,42,2024-08-18
9372,60,2024-07-31
9373,28,2024-06-12
9374,47,
9374,39,2024-08-01
9374,48,1900-01-01
9375,7,
9376,4,"July 02, 2025"
9376,57,2024-08-13
9376,12,2025-01-19
9377,58,2024-04-30
9377,29,"October 24, 2024"
9378,12,2024-04-28
9378,50,2024-03-18
9379,29,2025-04-27
9380,20,2027-12-09
9380,5,2024-07-12
9381,39,2024-06-18
9382,30,2024-07-07
9383,50,2024/10/03 00:00:00
9384,14,2025/02/26 00:00:00
9384,29,2024-10-18
9384,60,2025-03-20
9385,7,2024-03-23
9386,44,2025-05-12
9386,55,0000-00-00
154669,29,2024-08-15
9387,51,0000-00-00
9388,9,2025-04-13
9389,36,2024-09-05
9389,28,2024-03-26
9389,4,2024-10-09
9390,20,2025-01-09
9391,5,2024-11-05
9391,27,2024-07-01
9391,26,2025-09-10
9392,29,2024-11-20
9393,47,
9394,12,"June 19, 2025"
9394,17,2024-06-14
9394,60,2025-06-06
9395,56,2024-05-06
9396,50,30/05/2024
9397,29,2025-05-13
9398,53,2024-08-09
9399,20,2024-12-30
9400,12,2024-07-20
9401,51,
9402,24,2024-10-31
9403,38,2024-10-17
9403,22,
9403,39,2024-10-29
9404,54,
9405,41,2025-07-19
9406,25,2025-03-30
9407,48,N/A
9408,7,0000-00-00
9408,17,2025-01-10
9409,40,2024-08-05
9410,26,2024-11-14
9411,6,2025-03-10
9412,28,2027-12-16
9413,12,2024-03-10
9414,13,
9415,39,2025-08-22
9416,36,2025-06-20
9417,11,2024-07-30
9418,50,2025-01-09
9419,29,20 Feb 2025
9420,13,"September 30, 2024"
9421,12,07/11/2024
9421,30,2024-05-25
9421,38,2025-02-07
9422,54,2025-01-04
9422,20,2024-08-29
9422,14,04-19-2024
9423,3,2024-10-04
9424,38,2024-09-07
9424,46,2024-06-28
9425,27,2025-05-04
140246,21,2025/06/04 00:00:00
9426,42,2024-09-04
9426,32,10 Jun 2025
9427,53,2025-08-30
9427,26,2024-05-15
9428,54,2024-05-23
9428,30,2024-10-08
9429,60,2024-05-17
9430,26,2025-05-15
9431,29,2025-05-28
9432,30,2024/12/05 00:00:00
9433,42,2025-07-24
9434,2,2025-05-05
9435,23,2024-11-02
9435,38,2024-08-12
9435,53,2024-09-21
9436,27,2025-03-31
9437,50,2025-02-08
9438,20,2025-08-09
9438,29,2024-07-07
196131,50,2025-04-18
9440,31,2024-07-02
9440,25,2024-11-21
9441,37,10/08/2024
9442,16,2025-09-20
9443,52,21/06/2025
9443,38,2025-13-05
9444,26,2024-06-28
9445,12,2024-04-20
175560,39,2025-03-21
9445,46,2024-05-26
9446,49,2025-04-05
9446,39,2025/02/01 00:00:00
9447,49,2025-03-20
9447,36,
9448,34,12/06/2025
9449,8,10/04/2024
9449,28,2025-01-26
9449,52,
9450,7,2024-09-25
9450,12,2025-04-04
9451,46,2024-08-14
9452,60,2025/02/19 00:00:00
9452,44,2024-04-19
9452,46,2024-05-15
9453,22,2025-01-22
9454,24,2024-06-30
9455,59,2025-03-06
9455,29,2024-11-19
9455,34,2024-07-10
9456,2,2024-07-21
9456,6,2024-02-29
9456,36,
9457,46,2024-05-13
9458,36,03/10/2024
9459,7,2024-12-14
9460,29,2024-11-07
9461,60,2025/05/15 00:00:00
9462,14,2024-12-07
9463,27,2025-04-06
9464,54,2025/01/18 00:00:00
9464,10,2025-03-20
9465,8,2024-08-17
9466,30,2024-07-16
9467,29,"December 26, 2024"
9468,50,"April 13, 2024"
9468,52,2025-07-25
9468,10,
9469,41,2025-08-04
9469,34,
9469,16,1900-01-01
9470,46,2024-09-20
9471,39,2025-01-31
9471,50,2025-03-28
9472,20,13 Jul 2024
9473,8,2024-10-14
9473,5,2024-09-17
9474,29,2024-08-07
9474,45,2024-06-22
9475,15,"December 27, 2024"
9476,48,
9476,10,2024-09-08
9476,19,2024-10-08
9477,38,
9478,15,2024-04-14
9479,13,2024-06-05
9480,36,2024-07-22
9481,48,2025-13-05
9481,9,2025-09-20
9482,47,2025-03-05
9482,17,2025-04-25
9482,29,2025/04/16 00:00:00
9483,17,01-05-2025
9484,25,2025-03-08
9484,18,2024-06-24
9484,4,"February 21, 2025"
9485,39,2024-09-07
9486,58,06/08/2025
9487,41,2024-11-26
9488,2,09-02-2024
9489,31,2025-08-07
9490,34,N/A
9491,35,2024/11/04 00:00:00
9491,29,2025-05-07
9491,54,2024-11-06
9492,39,2024-09-20
9492,44,2024-09-03
9493,7,2024-03-16
9494,25,2024-07-23
9494,30,
9495,12,2024-03-12
9495,33,2025-05-13
9495,53,2025-03-09
9496,6,31/12/2024
9497,31,2025-02-23
9498,25,2025-01-29
9499,39,2024-02-22
9500,56,29 Mar 2024
9501,37,2024-09-02
9502,31,05/11/2024
9502,48,2024-03-29
9503,4,2024-05-14
9504,44,2024-12-29
9505,20,2024-08-18
9506,31,2024-11-11
9506,39,2024-12-02
9507,13,2024-06-09
9507,30,2024-03-15
9508,48,
9508,4,2025-04-03
9508,3,
9509,39,2024-08-05
9509,18,2024-08-10
9510,32,2024-05-17
9511,4,2024-12-10
9512,25,"November 28, 2024"
9512,54,2024-05-17
9513,12,2024-07-31
9513,5,2024-09-11
9514,50,2025-01-12
9515,20,N/A
9516,20,2024-10-17
9516,10,2025-11-13
9516,22,31/02/2025
9517,15,22 Apr 2025
9517,34,2025-03-24
9517,27,2025-03-07
9518,20,2025-02-25
9518,5,2025-02-12
9518,48,2024-12-30
9519,27,2025-03-09
9520,57,2024-11-05
9520,4,2025-06-04
9521,18,2024-09-19
9522,10,2024-09-15
9522,11,2024-07-03
9522,17,
9523,28,0000-00-00
9524,42,2025/02/26 00:00:00
9525,24,2024-03-21
9526,39,
9526,54,2024-12-29
9526,29,2024-04-06
9527,20,2024-08-27
9527,44,29/03/2024
9527,12,2024-09-18
9528,53,2024-12-21
9528,57,2024-06-30
9528,12,0000-00-00
9529,31,04-11-2025
9530,5,1899-12-30
9530,18,
9531,8,2025-01-27
9531,10,2025-08-18
9532,37,2025-03-25
9532,18,2024-05-23
9532,53,2024-07-18
9533,18,2024-10-10
9533,27,2025-01-20
9533,5,2025-05-30
9534,57,2024-11-01
9534,44,2025-03-19
9535,58,2024-12-06
9536,18,09-24-2024
9537,24,2024-03-10
9538,19,2024-07-13
9538,28,29/07/2024
185265,27,1970-01-01
9539,50,2024/09/04 00:00:00
9540,44,2024-05-13
9541,54,"April 19, 2025"
9542,3,"January 01, 1900"
9542,10,2025-05-03
9542,12,2025-02-09
9543,38,2024-09-23
9543,39,2024-05-05
9544,33,
9545,50,2024-05-29
9546,50,1899-12-30
9546,19,31/02/2025
9547,11,2025/02/10 00:00:00
9547,15,2024-12-16
9548,40,31/02/2025
9548,60,2024-09-20
9548,17,2025-01-18
9549,32,2024-12-04
9550,29,2024-05-25
9550,13,2024-04-18
9550,53,2025-03-01
9551,35,2024-10-31
9552,19,2025/02/20 00:00:00
9553,41,2024-08-19
9553,23,2024-10-10
9554,19,"September 06, 2025"
9554,33,2024-06-16
9554,45,2024-04-17
9555,17,2024-03-12
9556,33,2025-07-08
9557,12,2024-11-14
9558,54,2025-05-12
9559,59,
9559,31,2024-05-22
9560,38,01 Jan 1900
9561,13,2024-12-08
9562,3,"October 16, 2024"
190339,52,2024-05-29
9564,28,08-14-2024
175447,36,2024-10-19
9565,40,2024-09-19
9566,37,2024-11-25
9567,11,2025-02-10
9568,28,"June 09, 2025"
9569,33,2024-06-02
9569,30,2025-01-11
9569,17,2024-11-13
9570,53,2024-10-24
9570,60,2024/07/15 00:00:00
9571,36,2025-01-18
9572,4,2024-10-13
9573,4,
9573,16,2025-02-17
9574,45,2024-12-27
9575,30,2024-10-30
9576,44,2024-05-02
9577,19,"April 01, 2025"
9578,54,2024-08-15
9579,44,2024-06-26
9579,24,2025-05-21
9579,23,2024-12-26
9580,51,"August 02, 2024"
9581,56,2025-07-03
9582,38,2024-06-25
9582,12,N/A
9583,57,2024-09-30
9583,20,2024-07-18
9584,18,14 Jul 2024
9585,9,
9585,45,2024-11-06
9586,6,2025-01-09
9587,35,2024-12-28
9588,11,2025-06-19
9588,12,2025-06-19
9589,32,2024-12-20
9590,31,2024-07-27
9591,43,2024-04-16
9592,2,2025-04-28
9593,7,10/06/2025
9594,46,2024-07-18
9595,42,2025/08/18 00:00:00
9595,15,2025-02-20
9596,9,2024-11-13
9596,52,2024-03-03
9597,44,2024-10-27
9598,39,2025-03-31
9598,53,2024-12-17
9599,50,2024-12-14
9600,28,07-07-2024
9600,3,2024/11/27 00:00:00
9601,8,2024-04-04
9601,40,2025-03-20
9602,56,2024-05-06
9603,41,2025-08-21
9604,25,2025-06-22
9605,27,12/05/2025
9605,13,08 Mar 2025
9605,3,2024-02-20
9606,34,2025-06-03
9606,40,2024-07-24
9606,58,2025-01-12
9607,60,2024-09-21
9608,4,28 Mar 2024
9609,7,1970-01-01
9609,28,2025-04-10
9609,44,2024-07-15
9610,28,2024-10-15
9610,27,2025-01-04
9610,10,2024-04-30
9611,33,"December 25, 2024"
9612,20,2024-05-20
9612,57,2025-05-04
9613,52,2025-13-05
9613,38,2024-04-29
9613,39,2025-02-24
9614,20,2024-12-22
9615,30,N/A
9615,32,01-15-2025
9615,43,2025/04/12 00:00:00
9616,7,2024-05-21
9616,44,2025-08-20
9617,29,2025-07-11
9618,50,2024-03-23
9618,41,2024-08-17
9619,8,2025-02-26
9620,11,11-07-2024
9620,29,
9621,39,1970-01-01
9622,7,2024-11-17
9622,27,2024-10-20
9623,16,03 Sep 2024
9624,19,2028-07-14
9625,36,2024-06-01
9626,19,27 Nov 2024
9627,18,31/10/2024
9628,51,2025-05-05
9629,38,
9630,3,2025-03-31
9630,16,2024-11-17
9630,53,2024-09-19
9631,16,2024-10-05
9632,29,2025-03-04
191277,60,N/A
9633,34,2025-07-23
9633,23,2025-08-08
9634,19,2024-03-24
9635,37,2024-12-29
9635,20,
9635,12,2025-04-30
9636,7,2024-08-16
9637,9,2024-04-16
9638,13,2024-02-26
9638,37,2025-05-24
9638,50,2024-10-28
9639,9,2024-11-18
9639,31,16 Dec 2024
9640,15,1970-01-01
9641,50,18/06/2024
9642,50,2024-08-17
9643,4,
9643,17,2025-09-15
9644,58,23/06/2025
9645,13,2024-07-09
9646,9,2025-02-24
9647,28,1970-01-01
9648,3,2025-01-23
9649,7,
9650,6,"July 25, 2025"
9651,45,2025-13-05
9652,12,"August 19, 2024"
9653,28,2025-01-14
9653,37,2024-04-01
9653,44,2025/02/24 00:00:00
9654,60,2024-08-24
9655,50,21 Jun 2025
9656,48,2024-07-30
144051,51,2025-02-22
9656,39,2024-10-19
9657,28,"September 06, 2024"
9658,44,2024-09-07
9659,20,2024-12-16
9660,20,2024-09-14
9661,34,2025-05-12
9661,35,2024-10-13
9662,41,2024-06-27
9662,34,2024-10-26
142894,18,2024-08-25
9663,3,2024-09-25
9664,39,2025-03-20
9665,12,2024-02-25
9666,40,2024-05-24
9667,59,2024-05-19
9668,43,2024-12-23
9669,49,08-26-2024
9670,26,31/02/2025
9671,20,2024-07-10
9672,27,2025-03-19
9673,9,2024-10-31
9674,13,2024-10-13
9675,29,18 Feb 2025
9675,17,1899-12-30
9675,19,2024-05-30
9676,16,"August 03, 2024"
9677,20,2024-11-14
9678,57,2025-08-12
9679,13,2024-03-25
9679,27,2025-03-10
162849,1,31/02/2025
9680,12,2024/05/27 00:00:00
9680,3,2024-11-18
135393,24,30 Nov 2024
9682,32,2024-08-12
9683,16,2024-03-23
9684,50,2024-11-12
9684,32,2025-01-28
9684,34,2025-01-09
9685,18,03/07/2025
9685,9,2025/06/28 00:00:00
9685,7,26/09/2024
9686,29,2025-02-19
9687,7,31/02/2025
9688,4,2024-04-02
9689,19,2025-03-30
9690,33,2024-06-27
9691,46,
9691,12,2025-08-18
9692,7,
9693,42,2024-05-17
9694,4,2024-04-17
9694,13,N/A
9695,10,2024-06-21
9695,40,2025-07-23
9695,6,2025-02-17
9696,31,2025-01-09
9696,42,
9697,6,2025-01-01
9698,16,2024-04-08
9699,17,2024-08-18
9700,60,2025-03-11
9700,5,2025-03-03
9700,56,2025/02/19 00:00:00
9701,49,2024-11-06
9701,13,2025-08-06
9702,50,2025-01-15
9702,7,2024-07-17
9703,20,2024-05-22
9704,50,2025-03-19
9704,7,2024-08-19
9705,48,2025-07-17
9705,13,20/07/2024
9706,7,2024-09-29
9707,23,2025-03-06
9707,42,2024-05-23
9707,20,
9708,18,2024-11-17
9708,33,2024-04-28
9708,51,2025-04-26
9709,20,2024-01-11
9709,29,2024-12-29
9710,51,2025-02-28
9711,56,2025-03-03
9711,36,2025-04-14
9712,13,2024-04-30
114391,26,N/A
9713,21,2025-08-11
9713,10,2024/02/01 00:00:00
9714,34,2024-10-11
9715,38,2024/08/31 00:00:00
9715,44,2025-03-29
9715,51,13 Mar 2025
9716,7,2025-09-22
9717,37,2024-12-08
9717,41,2025-02-27
9718,44,2025-04-10
9718,18,2024-09-09
9718,1,26/03/2025
9719,29,03-01-2024
9719,38,2025-04-08
118032,53,2025-05-30
9721,28,
9721,45,2025-02-21
9722,20,2024-08-13
9723,34,2026-04-28
9724,2,"February 12, 2025"
9724,13,2025-05-21
9725,11,2024-08-05
9726,8,2024-07-25
9727,25,2024-08-20
9727,34,N/A
9727,42,2024-05-17
9728,51,2024-11-02
9729,41,2024-05-04
9729,26,2025-02-18
9730,4,2025-01-29
9730,48,2024-04-24
9731,50,2024-03-25
9731,17,2025-04-12
9731,29,2024-05-02
9732,3,
9732,19,2024-07-12
9732,49,26/06/2024
9733,56,2024-08-03
9733,35,2024-04-02
9734,17,2024-04-13
9735,41,2024-05-29
188185,16,2024-12-07
9737,52,2024-11-03
9738,18,2025-02-08
9738,45,
9739,57,2027-01-05
9740,40,2024-05-30
9741,45,2025-02-21
9742,3,2024-09-09
9742,11,2025-04-04
9742,45,2024-07-21
9743,20,"August 24, 2024"
9743,31,2025-04-06
9743,9,2024-09-17
9744,44,2025-05-22
9745,18,2024/04/21 00:00:00
9745,32,2025-05-03
9746,30,2024-08-02
9747,27,2025-01-10
9747,10,2024-05-15
9748,36,2030-01-28
9749,58,0000-00-00
9749,23,2024-03-03
9750,34,"January 21, 2024"
9751,24,2024-11-11
9751,44,2025-01-17
9751,37,12/09/2024
9752,50,"September 15, 2024"
9752,18,2024-12-11
9753,7,2025-04-08
9753,47,2024-09-21
9754,4,2024-08-24
9755,2,2024-08-20
9755,17,2025-03-13
9755,27,12-22-2024
9756,17,2025-04-20
9756,58,2025-06-27
9757,28,2024-10-26
9758,11,2024-06-16
9759,18,30 Aug 2024
9760,53,2024-11-18
9760,39,2024-06-07
9761,3,
9761,32,2024-09-16
9762,9,2025-13-05
9763,36,31 Aug 2024
9764,42,2024-07-29
9765,27,2024-11-10
9765,2,2024-11-15
9765,43,2024-09-15
9766,30,2025/02/08 00:00:00
9767,25,2025-05-31
9768,12,2024-07-14
9769,31,2025-06-06
9770,13,2024-06-14
9771,12,2024-10-23
9772,34,2024-12-05
9773,20,2024-06-20
9773,30,2024-05-30
9773,43,2024-11-21
9774,12,2024-11-15
9774,11,2025-13-05
9775,32,2025-02-15
9776,10,2024-07-28
9776,54,2024-07-02
9776,55,2025-01-11
9777,4,2025-12-04
9778,36,2024-07-07
9779,27,2024-01-26
9780,32,2025-01-18
9781,12,2024-10-12
9782,35,2024-03-11
9783,29,1970/01/01 00:00:00
9784,4,2024/10/25 00:00:00
9785,7,2025-02-05
9785,32,2025-06-09
9786,7,2024-09-22
9786,56,
9787,24,2024-10-08
9787,34,2025-02-24
9787,11,2024-12-23
9788,18,2025-03-28
9788,4,2024-03-31
9788,20,2024-09-19
9789,43,28 Mar 2024
9789,2,15 Nov 2028
9790,26,1900-01-01
9790,12,2024-08-24
9791,20,2024-10-11
9792,44,2024-10-22
9792,41,04/07/2025
9793,18,09 Aug 2024
9794,30,2025-02-23
9794,49,
9795,20,01/01/1970
9795,55,2024-12-20
9795,18,0000-00-00
9796,23,"December 10, 2025"
9796,10,2025-04-20
9796,30,2025-02-14
9797,34,21/03/2025
9798,32,2028-10-18
9799,56,2024-08-04
9800,18,2024/03/03 00:00:00
9801,6,2024-11-05
9802,41,2025-04-11
9803,42,2025-02-06
9804,19,2024-12-27
9804,55,2024-12-13
9804,32,N/A
159538,37,08-21-2024
9806,6,2024-07-04
9807,12,2024-06-16
9807,25,2025-07-27
9808,43,N/A
9809,59,2024-11-12
9809,41,
9810,54,2025-02-07
9811,44,2024-07-25
9812,44,2025-04-20
9812,4,2024-12-17
9813,13,2025-07-12
9814,50,31/02/2025
9814,6,02-11-2025
157319,49,18 Jun 2025
9815,25,2024-10-08
9816,27,2024-09-30
9817,39,2025-11-20
9817,10,2024-07-21
9818,20,2024-10-21
9818,11,2024/10/11 00:00:00
9819,38,2024-02-13
9819,18,2024-06-15
9820,18,2025-05-13
9821,31,24 Mar 2025
9821,8,1970-01-01
9821,2,2025-01-17
9822,38,N/A
9822,36,11-22-2024
9823,47,2025-03-16
9824,40,2024-11-19
9825,30,2024-03-02
9826,2,2024-03-05
9826,29,2024/10/25 00:00:00
9827,52,2024-10-13
9828,8,2024-11-22
9829,38,2024-09-16
9830,39,2025-13-05
9831,31,2025-06-13
9831,19,2024-07-18
9832,20,2025-09-19
9833,16,2024-08-23
9834,4,2025/03/19 00:00:00
9835,6,"September 06, 2024"
9836,39,2025-03-18
9836,52,0000-00-00
9837,31,2025-04-24
9837,13,08/07/2024
9838,44,2024-02-19
9838,54,2024-08-30
129451,46,2024-05-08
9840,44,2025-06-07
9841,11,2025-02-13
9842,30,2024-05-29
146772,57,2024-11-10
9844,34,2024-08-20
9845,52,
9845,51,2025/03/06 00:00:00
9846,60,2025-04-01
9846,20,2024-05-26
9846,3,2024-11-03
9847,3,2025-02-13
172705,10,2024-10-21
9848,15,2024-11-18
9849,36,2024-08-14
9849,6,2025-01-08
9849,16,2025-01-24
9850,41,2024-04-14
9851,53,2024/11/16 00:00:00
9851,30,2025-01-29
9851,17,2024-09-03
9852,60,2024-08-16
9852,50,2024/05/13 00:00:00
9853,36,2024-06-06
9854,4,
9855,29,
9855,60,2024-12-08
9855,31,2024-08-15
9856,22,2025-03-31
9856,54,2024-02-26
9856,20,2024-09-20
9857,60,2024-09-18
9857,20,
9858,44,2024-10-28
9858,15,2025-06-11
9858,52,2024-09-18
9859,12,1970-01-01
9860,11,01-31-2025
9861,7,2024/11/03 00:00:00
9861,47,2024-10-22
9862,31,1970-01-01
9863,12,"June 21, 2025"
9864,6,2024-07-14
9864,20,2025-01-08
9864,2,2025-06-21
9865,27,05 Oct 2024
9865,20,16 Aug 2024
9865,7,2024-10-13
9866,54,2024-04-04
9867,25,2026-08-13
9867,3,2024-10-05
9868,16,1900-01-01
9869,4,2024-12-22
9870,4,2025-03-21
9870,59,2025-04-11
9871,20,2024-10-30
9871,44,2025-03-09
9871,37,14/12/2024
9872,3,2024-12-13
9873,10,2024-06-30
9873,4,2029-05-01
9873,32,2024-12-04
9874,19,2024-10-04
9875,47,2024-12-08
9876,42,09 Feb 2024
9876,17,1900-01-01
9877,19,2024-11-05
9878,2,2024-01-10
9878,36,2025-05-24
9878,27,0000-00-00
9879,15,12-10-2024
9880,22,2024-09-24
9881,39,2024-08-24
9882,51,2024-08-21
9882,39,
9882,9,2024-10-12
9883,5,2024-01-21
9883,31,2025-02-13
9883,11,2024-11-17
131098,20,"March 05, 2024"
9884,60,2024-02-28
9884,18,2024-03-19
9885,14,21 Jun 2025
9886,45,2024-09-10
9886,4,2024-09-24
9887,18,2025-03-10
9887,9,
9888,51,2024-10-28
9888,38,07-13-2025
9889,12,2024-08-14
9890,16,2024-06-03
9891,33,26/07/2025
163359,4,05-05-2024
9892,32,2024-05-28
9893,18,2024-06-04
9893,41,2024-02-25
9893,12,2024-03-27
185256,20,2025-03-06
9895,60,2025-01-07
9896,46,2024-12-17
9897,39,2024-12-10
9897,36,2024-07-28
9898,28,0000-00-00
9898,7,20 Apr 2025
9898,41,2024-09-01
9899,12,2024-05-23
9899,29,2024-10-04
9900,13,2024-12-10
9901,24,2024-10-14
9902,27,12-25-2024
9902,50,01-07-2025
9903,49,2024-08-05
9904,11,2028-07-22
9905,9,2024-07-09
9906,18,2025-01-05
9907,44,2024-07-25
9908,3,"August 03, 2024"
9909,54,30 Jan 2025
9909,29,2024-09-10
9909,11,2024-09-13
9910,20,18 Mar 2024
9910,16,2024-11-27
9911,4,2024-12-06
9912,40,25/09/2024
9913,7,2025-06-24
9914,51,2025-02-22
9915,10,
9916,26,2024-12-21
9917,37,2024-07-16
9917,42,2024-05-19
9917,58,2024-08-03
9918,11,2024-02-17
9918,20,2025-03-06
9919,28,2025-10-19
9920,30,2024-09-25
9921,54,2024-08-18
9921,9,2024-07-13
9922,49,2024-07-17
9923,10,2025-06-13
9924,53,
9925,29,2025-02-05
9925,17,"June 08, 2024"
9925,14,2024-05-25
9926,20,10 Jan 2025
9927,9,2024-08-05
9927,32,"March 28, 2024"
9928,20,2024-03-22
9929,22,2024-10-13
9930,46,2025-03-26
9930,34,2024-10-06
189527,21,2025-06-02
9931,60,2025-01-30
9931,17,2025-13-05
9932,38,11/02/2025
9933,52,2024-12-03
9933,40,2024-12-12
9934,7,2024-10-08
9934,52,2024-07-05
9935,36,2024-07-31
9936,50,2024-05-01
9937,26,2024-12-09
9937,14,2024-10-28
9937,29,2024-09-09
9938,11,03 Dec 2024
9938,5,2024-03-25
9939,4,2024-07-15
9939,29,2025-11-09
9940,29,2024-08-27
9941,13,2024-11-10
9941,31,2024-09-03
9941,6,30 Mar 2025
9942,50,2024/08/25 00:00:00
9943,39,09 May 2024
9943,57,2024-02-18
9943,25,"October 02, 2024"
9944,29,2025-01-27
9944,27,2024-07-15
9944,17,2024-09-04
9945,6,2024-09-27
9945,54,2024-07-15
9945,31,2024-08-05
9946,30,2024-06-10
9947,39,2025-13-05
9948,2,2024-09-29
9949,41,16 Sep 2024
9949,26,25 Oct 2024
9949,53,2024-12-29
9950,12,
9950,37,2029-07-27
9951,7,"December 06, 2024"
9952,5,2024-02-01
9953,24,2024-10-16
9954,23,2025-06-27
9955,13,06-09-2024
9956,20,
9957,19,2024-06-19
9957,35,2024-11-28
9957,31,2025-05-28
9958,29,2024-12-05
9959,39,09/11/2024
9959,31,2025-04-19
9959,19,2025-05-06
9960,32,2025-01-27
9960,44,"October 01, 2024"
9960,28,2024-07-08
9961,6,2025-02-13
9962,60,11-18-2024
9962,20,N/A
9962,6,2025-01-04
9963,17,26/09/2024
9963,27,2025-01-10
9964,30,2024-11-26
9964,14,2025-02-22
9964,24,2025-03-16
9965,2,2025-06-21
9965,3,2024-09-23
9965,18,01-21-2025
9966,30,2025-06-17
9967,49,2024-09-27
153893,2,2024-12-26
9969,18,2025-13-05
9970,35,2024-12-26
9971,32,2024-02-23
9971,26,2024-12-08
9971,58,2024-11-07
9972,48,2025-01-15
9973,12,2025-02-09
9974,9,2025-01-27
9975,27,2024-12-27
189368,9,
9975,23,2024-11-20
9976,43,2024-07-09
9977,50,2025-09-20
9977,33,2024-11-20
9977,48,2025-03-29
9978,10,2025-06-16
9979,47,2024-08-01
9979,52,2024-02-21
9979,26,2024-10-21
9980,41,2024-12-27
9981,54,27/12/2024
167708,51,2025-07-08
9981,3,2024/09/07 00:00:00
9982,15,2025-03-28
9982,30,2024-11-01
9983,31,2024-06-29
9983,60,2024-10-23
9984,41,2024-10-09
9984,12,2025-02-13
9985,54,2024-05-16
9986,16,2025-02-23
9987,13,2024/06/01 00:00:00
9987,8,2024-04-02
9988,20,2024-07-25
9989,31,2025-05-26
9990,11,2024-07-18
9991,51,2024-10-19
9992,7,2024-06-15
9992,47,2024-10-10
9992,30,
9993,39,2025-01-09
130524,27,31/02/2025
9994,50,"January 13, 2025"
9995,30,05-20-2025
9995,16,2024-10-26
9995,10,
9996,29,2024-11-04
9996,7,2025-02-16
9996,52,2025-02-13
9997,50,2024-08-05
9998,48,2025-02-25
9998,52,31/02/2025
9998,20,2025-04-09
9999,20,0000-00-00
139386,5,
9999,57,2024-06-13
10000,16,2025/08/08 00:00:00
10000,33,2024-11-05
10000,54,2025-04-10
10001,49,2025-09-08
10002,38,2025-08-27
10002,36,2024-09-04
10003,23,2024/03/13 00:00:00
10003,50,2024-05-27
10003,37,2024-11-20
10004,32,2024-03-11
10005,38,2024-07-20
10006,6,2025-01-12
10007,60,2024-11-17
10007,34,2024-06-25
10008,39,2025-02-02
10008,26,2025-08-23
10008,51,2024-08-18
10009,35,2024/08/04 00:00:00
10010,36,2024/12/23 00:00:00
10011,53,2024-09-28
199457,46,21 Jul 2025
10012,31,03-10-2024
10013,39,2024-08-27
10014,12,2025-07-02
10015,29,2025-05-19
10016,51,2024-11-30
10017,34,2024-12-23
10018,16,2024-09-29
10019,1,N/A
10019,50,2025-04-10
10019,52,2024-08-30
10020,52,2025-08-27
10020,39,2024/12/27 00:00:00
10021,51,2024-11-18
10022,19,2025-08-11
10022,54,2024-09-29
10022,18,2024-09-15
10023,58,2024-09-20
10024,60,2024-07-15
10024,15,2024-11-10
10024,45,N/A
10025,29,
10025,32,2025-06-10
10026,51,05-30-2024
10027,7,2025-03-14
10027,27,2024-11-21
10028,54,2024-04-29
10028,38,2024-05-11
10029,16,2024-12-21
10030,28,2024-04-18
10031,33,2025-02-23
10032,3,2024/07/02 00:00:00
10033,38,05-22-2025
10033,53,2025-06-03
10033,21,2024-08-15
10034,18,2024-05-27
10035,11,2025-07-03
10035,21,2025-02-05
10035,29,
10036,50,2025-06-09
10037,51,27 Jan 2024
10037,25,2024-02-09
10038,50,2025-04-07
10038,39,2024-03-09
10039,57,2024/08/04 00:00:00
10040,60,20/03/2024
10041,44,2028-11-20
10042,24,2024/09/28 00:00:00
10043,17,"January 07, 2025"
10044,32,2024-04-25
10044,1,2024-05-21
10044,42,2024-07-14
10045,28,2025-05-04
10046,37,2025-03-16
10047,15,04/02/2025
10048,18,2024-06-11
10048,53,2025-01-24
10049,20,2024-12-03
10050,10,2025-02-26
10051,37,2025-04-26
10051,27,2024-11-13
10052,19,2024-08-17
10052,18,1970-01-01
10052,60,2024-05-05
10053,18,2025-09-27
10054,20,2024-11-30
10055,27,2025-02-12
10056,16,04-22-2024
10057,56,2025-03-21
10058,20,2024-04-09
10058,50,"November 10, 2024"
10059,20,2024-08-15
10060,35,2025-03-21
10060,30,2024-12-23
10060,50,2024-05-29
10061,20,30/01/2025
10062,20,2024-08-03
10063,27,2025-07-26
10063,33,2025/03/10 00:00:00
10064,7,2024-11-30
10065,32,2024-11-21
10065,45,2024-04-12
10065,9,2024-10-21
10066,17,2025-01-26
10066,27,2024-09-16
10067,28,2025-02-16
10068,22,2024-07-06
10069,11,2025-03-27
10070,31,2025-07-06
10071,60,2025-01-21
10071,20,2025-04-09
10071,29,2024-09-29
10072,20,2027-06-20
10073,59,2024-11-03
10073,42,2025/01/31 00:00:00
130069,4,2024-08-25
10074,24,2028-12-01
10075,13,2024-08-09
10075,50,2025-05-18
10075,54,2024-03-18
10076,40,2025-04-30
10077,3,2024-11-28
10078,9,2024-12-05
10079,32,2024-08-16
10080,40,0000-00-00
10080,7,"March 16, 2024"
10081,31,2025-02-06
10081,32,2024-11-04
10082,37,2024-02-13
10083,36,2025-07-20
10083,24,2024-11-22
10083,44,31/05/2025
10084,39,2028-03-13
10084,16,2024-06-20
10085,11,1899-12-30
10086,12,2024-03-22
10086,31,2025-06-22
10086,56,2025-02-06
10087,37,2024-11-26
10087,50,1970-01-01
10088,25,2024-09-26
10088,29,2028-08-12
10088,35,2025-02-15
10089,29,23 Oct 2024
10090,55,20/01/2025
10091,4,2024-04-12
10092,50,2024-12-22
10092,25,24/07/2024
10092,8,2024-06-07
10093,49,01-11-2025
10094,32,2025-01-10
10094,29,2025-01-13
10095,13,2025-06-04
10096,7,"November 07, 2024"
136160,26,2025-03-22
10098,39,09-03-2024
10098,41,26 Aug 2024
10099,33,1900-01-01
10099,21,2024-03-09
10099,26,2025/05/14 00:00:00
10100,50,0000-00-00
10100,54,2025-10-07
10101,54,2024-12-22
10101,1,21 Aug 2024
10102,28,2025-03-08
10102,7,2025-06-21
10103,36,25/11/2024
10103,25,2025-03-27
10103,20,2024-11-08
10104,13,2024-12-23
10104,44,0000-00-00
10105,21,2024-05-14
10106,50,2024-10-14
10107,36,31/02/2025
10107,9,2024-01-29
10108,54,1900-01-01
10109,8,2025-08-02
10109,9,2024-07-01
10109,5,2025-03-19
10110,39,2025-01-17
10110,44,2024-11-22
10110,49,2024-10-08
10111,60,2024-04-19
202197,45,2024-08-04
10111,17,2024-11-11
10112,57,2025-02-21
10113,12,
10114,45,2024/12/08 00:00:00
10115,4,2024-07-15
10115,50,2024-05-30
10116,27,16 Aug 2024
10117,26,2024-07-24
10117,2,0000-00-00
10117,31,
123280,20,2024-10-02
10119,20,2024-05-12
10119,2,2025-05-09
10120,4,2025-07-10
10120,29,2025-08-12
10120,13,2024-10-16
10121,60,27/04/2024
10122,19,2024-06-02
10122,18,10-30-2024
10122,42,2024-06-18
10123,32,2024-08-25
10124,20,2025-03-03
10124,38,04/12/2024
10125,49,2024-04-11
10126,44,07-16-2025
10127,42,2025-02-17
10128,24,2024-08-05
10128,28,2025-04-20
10128,26,2024-07-14
10129,18,
10130,3,2025-03-30
10131,18,2024-09-17
164780,5,2024-07-31
10132,7,N/A
10133,11,2024-07-24
10134,44,2024-09-27
10135,31,2025-04-11
10135,20,2024-05-06
10136,52,2025-05-24
10137,54,2025-04-28
10138,54,2025-02-12
10139,45,2025-04-12
10140,54,2025-02-24
10140,48,
10140,39,02-02-2025
10141,11,2024-07-12
10142,31,2024-12-16
10143,4,2025-01-24
10143,38,2024-05-31
10144,48,2024-06-26
10145,50,2024-12-08
10145,12,08-14-2024
10146,18,2024-12-17
10147,10,2025-08-06
10148,44,2025-05-04
10149,58,2024-08-26
10149,11,2024-02-15
10149,10,0000-00-00
10150,37,2024-06-04
10151,40,N/A
10152,10,2024-09-07
10152,13,2025-03-03
10152,54,2025-05-06
10153,26,2024-11-17
10154,54,2024-12-01
10155,17,1899-12-30
10155,50,2025-09-06
10156,36,2024-08-12
10157,11,2024-06-03
10157,41,2025-08-23
10157,29,2025-01-18
10158,43,2024-07-14
10159,32,2024-07-20
10160,54,2024-02-12
10161,47,2024-12-13
10162,41,2025-04-11
10163,7,28/01/2025
10164,60,2024/12/10 00:00:00
10165,34,2025-01-17
10165,27,2024-12-20
10165,20,2024-07-07
10166,40,2024-09-14
10167,32,2024-12-25
10168,36,2025-06-11
10169,26,2024-11-30
10169,56,
10170,5,2024-12-24
10171,41,2025-04-02
10172,35,2024-07-29
115558,57,2024-10-16
10174,13,2025-07-19
10175,38,"June 25, 2024"
10176,50,2025-02-03
10176,43,31/02/2025
10177,59,
10178,42,2024-09-01
10179,7,"October 03, 2024"
10179,27,2024-07-07
10180,34,16 Oct 2024
10180,36,14/08/2024
10180,52,2025-05-13
10181,57,07 Jun 2024
10181,41,2024-07-14
10181,31,2024-06-24
10182,3,2024-10-04
10182,21,2024-06-04
10183,50,2025/05/04 00:00:00
10183,42,2024-02-24
10183,34,2024-02-25
10184,56,03-24-2025
10185,40,2024-12-07
10186,44,2025-13-05
10186,2,2025-13-05
10186,12,2024-03-13
10187,47,2025-05-17
10187,39,2025-04-08
10188,9,2024-09-04
10189,16,"November 17, 2024"
10189,10,2025-03-06
10189,38,2025-03-05
10190,41,07/06/2024
10191,37,"December 03, 2024"
10192,36,2025/02/23 00:00:00
10192,1,N/A
10193,24,"April 20, 2024"
10194,57,08 May 2024
10195,38,2024-02-09
10195,49,2025-01-10
10196,3,2025-01-07
10197,41,2024-03-10
10198,27,2025-03-24
10199,15,2024-04-17
10200,3,2025-05-09
10201,13,N/A
10202,40,"June 22, 2024"
10202,60,2024-07-20
10202,36,2024-10-27
10203,12,2025-01-18
10203,33,2024-04-06
10204,5,2024-07-16
10205,37,2024-07-29
10206,20,2024-02-20
10206,14,2025-06-25
10206,10,2024-08-01
10207,39,25 Apr 2024
10207,19,2024-05-13
10208,41,2024-09-04
10208,15,2024-12-04
10209,43,2024-12-13
10209,18,2024-06-10
10210,44,"May 24, 2025"
10211,25,2024-04-04
10212,20,2025/06/05 00:00:00
10213,27,2025-04-01
10214,35,2025-12-20
10214,4,07 Oct 2024
10214,20,2024-01-28
10215,22,2025-13-05
10216,19,2025-03-29
10217,49,
10218,38,2024/07/13 00:00:00
10219,1,2025-02-08
10220,39,2024-03-03
10221,4,2024-07-07
10221,60,2024-12-01
10221,36,2024-09-23
10222,20,2025-02-20
10222,44,2025-02-26
10223,38,2024-07-21
10224,24,2024-10-23
10225,32,2024-12-31
10226,3,2025-03-06
10227,29,2024/12/24 00:00:00
10228,22,06 Nov 2024
10228,54,2024-09-17
10228,36,2025-04-19
10229,3,2025-04-11
10229,50,2025-03-25
10229,48,2024-08-29
10230,29,1899-12-30
10231,15,2025-01-27
10231,24,2024-04-09
10232,29,2024-07-21
10233,15,2024-06-08
10233,31,2024-05-01
10233,12,2024-07-27
10234,42,2024-12-25
10235,57,2025-02-09
10236,4,11-03-2024
10236,39,2025-05-05
10236,40,2026-08-18
10237,17,0000-00-00
10237,49,2024-03-04
10238,44,16/07/2025
10239,51,2025-07-06
10240,41,2024-11-05
10240,39,2025-02-21
10241,48,2024-09-02
10241,42,
10241,43,2025-13-05
10242,34,2025-08-04
10242,9,2025/04/04 00:00:00
10242,39,
10243,44,
10243,28,2025-01-20
10244,40,2024-12-04
10244,41,2024-08-13
10245,42,2025-06-11
10245,43,N/A
10246,27,2025-03-27
10247,20,2024-12-29
10247,2,2025-09-03
10247,52,2024-04-01
10248,18,05-15-2024
10248,36,2024-12-03
10249,34,2024-12-19
10250,16,2024-02-16
10250,57,2025-02-20
10251,39,04/12/2024
10252,17,2024-10-25
10253,20,2025-07-16
10254,29,
10255,36,2024-11-19
10255,46,2025-01-17
10256,6,2025-02-12
10256,53,
10256,35,
10257,4,2024-05-02
10258,41,2024-11-25
10259,12,2025-04-08
10259,27,2025-13-05
10260,35,2024-10-01
10261,17,2026-06-06
10261,30,2024-10-12
10261,9,2025-02-01
10262,41,02-25-2025
10263,57,2024-03-10
10263,20,2024-11-08
10264,27,
10265,5,
10266,24,2025-02-11
10266,15,2024-07-06
10267,42,2024-11-13
10268,53,2024-05-27
10269,38,2025-06-01
10270,36,2025-01-14
10271,32,2024-07-15
10271,4,2025-07-17
10272,27,
10273,30,2025-06-20
10274,13,10-11-2024
10274,24,2024-02-15
10274,26,2025-08-12
10275,17,2024-10-03
10275,4,21/05/2025
10276,44,2024-10-24
10276,8,2025-03-01
10276,12,2025-09-03
10277,12,2024-11-03
10278,60,2024-03-03
10278,29,2025-08-04
10279,43,2025-02-03
10279,52,
10280,50,"October 01, 2025"
10280,10,2025-07-22
10280,48,2026/03/21 00:00:00
10281,48,07 May 2024
10282,13,09/07/2024
10282,12,2025-05-10
10282,20,2024-04-01
10283,15,2024/10/26 00:00:00
10283,40,2024-07-19
10283,54,2025-06-09
10284,36,2028-05-28
10285,4,2024-11-06
10286,52,22/07/2024
10286,49,31/02/2025
10286,5,2024-11-03
10287,39,2025-05-31
10288,24,2025-03-19
10289,32,2025-03-03
10290,4,2024-06-28
10291,54,2025-01-14
10291,12,11 Aug 2025
10292,23,2024-04-16
10293,51,2025-05-29
10294,20,1970-01-01
10295,57,2025-01-20
10296,11,2024-05-25
10297,40,2024-12-02
10298,29,2024-12-21
10298,18,19/08/2024
10299,23,27/01/2025
10299,7,2024-11-09
10300,3,1899-12-30
10300,20,02-28-2025
10300,15,2025-05-18
10301,28,02/02/2025
10301,15,"October 04, 2024"
10301,18,2024-09-16
10302,5,2024-01-05
10303,34,2024-01-18
10303,20,2024-07-11
10303,18,2024-02-16
10304,11,2025-02-03
10304,37,
10305,29,2024-07-06
10305,23,2025-04-23
10305,20,2024-06-29
10306,60,2025-06-14
10307,42,16 Oct 2024
10308,18,
10309,25,2024-11-26
10309,39,2024-05-22
10309,4,1899-12-30
10310,13,2024-10-26
10311,5,2025-01-31
10311,50,2024-04-24
171014,8,2024-11-18
10312,12,2025-03-24
10313,32,2025-01-02
10314,25,2024-01-30
10315,27,2025-08-10
10316,41,2025-03-08
10316,6,2024-06-15
10317,39,2024-07-16
10317,53,2024-11-19
10318,32,2025-03-01
10319,33,0000-00-00
10319,54,N/A
10320,49,17/08/2025
10320,50,2024-05-06
10321,27,2024-12-05
10321,28,2025/03/07 00:00:00
10322,35,2025-02-02
10323,58,2024-04-16
10324,49,2024-07-07
10324,27,2024-05-05
10324,55,2024-05-27
10325,12,0000-00-00
10325,47,"February 27, 2025"
10325,54,2024-06-06
10326,29,2025-01-08
10326,7,26 Oct 2024
10327,43,2024-02-16
10328,20,
10329,12,2025-05-20
10330,40,2025-05-30
10331,44,2024-04-11
10332,5,2025-05-12
10333,6,2026-02-18
10333,24,2024-07-13
10333,30,2024-04-21
10334,9,1970-01-01
10335,16,23/03/2025
10336,20,2025-03-15
10336,25,2025-03-11
10336,31,2024-09-13
10337,42,2024-10-07
10338,26,2024-06-28
10338,54,2025-03-04
10338,6,2025-01-06
10339,20,"October 14, 2024"
10340,15,2024-11-29
10341,58,2024-06-23
10342,43,"November 06, 2024"
10343,9,06 Mar 2025
10343,32,
10344,18,2025-04-27
10345,44,2025-07-24
10345,3,2024-11-27
10346,29,2024-05-20
10346,43,2024-06-14
10347,10,
10348,22,2025-03-31
10349,50,2025-04-16
10350,31,2025-02-17
10351,28,2024-04-15
10352,59,
10353,48,2024-10-02
10353,52,2024-07-04
10353,30,2024-08-12
10354,42,31/02/2025
10354,27,2024-09-30
10354,20,N/A
10355,29,2024-07-27
10356,12,2025-06-19
10356,25,2025-03-05
10356,60,
10357,33,2025-01-19
10358,54,31/02/2025
10359,35,2024-11-07
10359,18,08/03/2025
10359,4,2024-10-21
10360,32,
10360,25,22 Jan 2025
10361,20,04-25-2025
10362,22,01-02-2025
10363,10,2025-02-05
10364,12,2024-06-21
195199,42,2024-09-25
10364,50,2024-06-23
10365,57,"November 08, 2024"
10366,39,2024-07-20
10367,49,2025-04-10
10367,15,2025-03-17
10368,21,2025-08-06
10368,50,2025-04-20
10369,17,2024-12-27
10369,32,2024-10-05
10369,4,2024-04-12
147973,17,"August 22, 2024"
10371,39,2025-01-01
10372,30,2024-06-04
10372,4,2024-10-22
10373,55,05/10/2024
10373,60,23 Nov 2024
10374,50,2024-07-03
10375,35,04 Nov 2024
10376,29,2025/01/31 00:00:00
10377,4,2025-03-23
10378,17,2025-02-16
10378,27,2024-08-30
10378,50,2024-03-24
166118,12,
10379,17,2024-07-18
10379,13,04 Oct 2024
10380,10,2024-04-20
10380,33,2024-11-30
10380,7,08-07-2024
10381,13,09-25-2024
10382,46,2024-12-31
10383,45,"September 02, 2024"
10383,29,2024-09-02
10384,43,2024-09-09
10384,34,2025-03-12
10384,49,2025-01-12
10385,10,2025-07-26
10386,7,2025-03-05
10387,11,09/09/2024
10388,54,2024/12/13 00:00:00
10389,19,
10389,51,07-16-2024
10389,39,
10390,2,05-02-2024
10390,54,2025-01-12
10390,50,2024-08-24
10391,37,2025-01-11
10392,18,2024-10-06
10392,48,2024-03-09
10392,36,23/01/2025
10393,34,2025-09-02
10394,41,2024-09-21
10394,16,2024-09-10
10394,58,2024-02-18
10395,15,0000-00-00
10396,7,2025-07-09
10397,24,2024-05-05
10398,28,"January 03, 2025"
10399,33,2024-04-11
10399,54,2024-09-04
10400,26,2027-12-06
10400,39,2024-03-30
10400,57,2024-08-16
10401,56,2025-03-27
10402,32,2024-04-01
10402,29,2025-05-20
130468,50,2025-06-15
10403,48,2025-03-05
10404,29,2025-02-11
10404,8,unknown
10404,45,2025-01-17
10405,11,2024-10-05
10405,35,2024-12-16
10405,12,2024-10-23
10406,29,2025-02-20
10406,53,2024-12-06
10406,16,2025/05/16 00:00:00
10407,13,2024-06-03
10407,37,"August 18, 2024"
10407,51,2024-10-04
10408,17,2024-05-20
10409,8,2025/01/21 00:00:00
10410,20,2024-10-12
10410,27,2024-11-14
10410,43,2024-08-30
10411,20,2024-09-28
10411,47,2024-09-26
10411,14,
10412,53,2024-02-10
10413,51,2024-05-09
10414,31,02/04/2024
10414,53,2024-08-19
10415,27,2025-07-26
10415,44,2024-11-12
10415,12,2024-08-28
10416,54,2024-08-05
10416,10,2024-12-16
10417,27,2024-07-29
10417,44,"November 30, 2024"
10417,32,2024-08-09
10418,13,2024-09-23
10419,8,2024-08-06
10419,50,2025-06-14
10419,15,2024-03-25
10420,57,2024-09-02
10421,31,2024-06-08
10421,32,2024-10-25
10421,5,
10422,54,2025-07-08
10423,9,2024-08-15
10423,30,N/A
10423,7,2024-09-22
10424,36,2024-08-15
10425,7,"June 07, 2024"
10426,27,2025-05-25
10426,50,2025-05-10
10427,17,2024-03-24
10428,44,2024-10-14
10429,38,2024-09-03
10430,57,2024-12-07
10430,6,2025/01/03 00:00:00
10431,46,2024-11-12
10432,25,2024-08-31
10433,47,2024-02-15
10433,35,18/07/2024
10433,29,2024-07-15
10434,17,2025/02/05 00:00:00
10435,22,2024-12-29
10436,53,2024-07-28
10436,30,2024-06-04
10436,11,"June 13, 2024"
10437,28,21 Dec 2024
10437,4,2024-10-24
10437,9,2025-05-12
10438,16,
10439,29,2024-01-23
10440,12,2025-01-13
10441,31,2025-02-13
10442,29,2025-01-28
10443,34,2024-10-21
10444,4,2024-11-15
10444,1,07-30-2024
10445,26,N/A
10445,50,2024-07-27
10446,13,2025-02-13
10446,21,2024-02-20
10446,23,2025-02-04
10447,11,2024-06-13
10448,21,2024-12-16
10449,29,2024-02-13
10450,47,2024-09-15
10451,14,2025-04-13
10451,51,"June 16, 2024"
10451,12,2024-02-21
10452,6,2024-06-01
10452,17,2024-03-15
10453,20,2024-12-10
10454,6,"September 17, 2024"
10455,15,
10455,9,2024-03-22
10456,13,2024-06-25
10457,52,2024-08-16
10457,54,
196824,38,2024-12-15
10459,26,2025-07-03
10460,27,2024-10-09
10461,13,2025-05-23
10462,15,29/07/2025
10462,50,2024-04-06
10463,38,31/02/2025
10464,7,2024-11-18
10465,22,2025-01-26
10466,32,2024-08-01
10466,27,2025-05-26
10467,29,2025-05-04
10468,50,2025-03-12
10468,27,2025-02-08
10469,52,2024-10-14
10470,5,
10470,17,2027-09-22
10470,50,2024-08-17
10471,18,04-04-2025
10472,12,07/06/2025
10472,24,17/11/2024
10473,30,2025-03-01
10474,6,26 Sep 2024
10474,18,2025-07-28
10475,13,2024-12-05
10475,5,2024-05-05
10475,27,2024-08-23
10476,33,2024-10-06
10476,16,2025-01-02
10477,41,2024-10-04
10478,25,2025-03-27
10479,36,23 Apr 2025
10479,25,2024-12-03
10479,50,
10480,38,2024-09-27
10480,10,11-22-2025
10480,43,2025-04-18
10481,32,"January 07, 2025"
10481,28,
10482,29,2024-04-09
10482,38,2024-10-18
10482,4,2024-11-06
10483,25,
10484,59,2024-11-08
10485,43,2025-04-05
10486,39,"June 02, 2024"
10486,12,2024/07/20 00:00:00
10487,13,2024-11-28
10487,58,2026-04-01
10487,51,2025-02-06
10488,54,2024-05-07
10489,60,27/07/2024
10489,36,"April 21, 2024"
10489,17,2025-01-12
10490,43,2024-11-03
10491,49,2024-05-21
10491,8,02-28-2025
10492,23,"August 28, 2024"
151058,39,
10493,38,2025-06-29
10493,50,2024-04-04
10493,9,"April 26, 2024"
10494,12,1900/01/01 00:00:00
184934,13,01/07/2030
10496,28,2024-05-19
10497,16,2024-02-26
10498,26,2028-06-30
10499,40,2025-02-06
10499,59,"May 21, 2024"
10499,58,2024-08-29
10500,6,2024-03-15
10501,12,01/01/1970
10501,2,2024-09-21
10501,50,2024-06-27
10502,42,"May 09, 2025"
10502,11,"September 12, 2024"
10503,15,2024-08-02
10503,36,2024-05-22
10504,7,2025-05-07
10504,29,2024-07-07
10505,44,2029-08-15
10505,20,2025-02-20
10505,10,2024-09-15
10506,19,2024-09-10
10506,40,"June 17, 2025"
10506,27,2024-06-02
10507,60,2024-07-04
10508,50,23/02/2025
10509,25,2024-11-06
10510,40,15/09/2024
10511,5,2025-06-19
10511,45,2025-09-07
10511,9,2024-12-17
10512,43,
10513,10,2024-07-09
10513,48,2028-04-26
10514,17,2024-02-29
10515,6,26 Mar 2025
10515,27,2024-05-07
10515,49,
10516,6,2025-05-15
10516,32,"April 29, 2024"
10516,15,2024-12-21
10517,29,2025-04-28
10518,54,2024-06-27
10519,31,2025-01-24
10519,44,2024-02-28
10519,50,2025/05/13 00:00:00
10520,58,2024-11-26
10521,49,2024-11-30
10522,30,2025-01-11
10522,2,2025-02-23
10522,7,2024-02-28
10523,42,2025-02-15
10523,13,11 Apr 2025
10523,23,2024-12-20
10524,49,2025-03-24
10525,40,2025-05-03
10525,31,"July 17, 2024"
10526,58,2024-09-03
10527,43,2025-01-19
10528,31,2024-10-07
10529,20,N/A
10530,46,2024-09-11
10531,26,2025-01-05
10532,2,0000-00-00
10532,54,2024/06/02 00:00:00
10533,48,2030-03-02
10534,27,2025-05-23
10535,48,"December 27, 2024"
10536,28,2024-08-07
10537,8,2024-11-01
10537,12,2025-05-13
10537,4,1900-01-01
10538,31,2025-05-11
10539,9,2024-12-21
10540,42,2025-02-22
10541,5,2025-05-06
10542,50,2024-11-21
10542,20,2025-04-05
10542,8,2025-07-17
10543,33,2024-06-26
10544,9,2024-01-22
10544,19,2024-08-05
10544,57,2024-11-17
10545,5,2024-03-14
10545,54,2025-04-24
10545,44,2024-09-25
10546,16,2024-05-20
10546,31,2024-11-26
10546,54,2025-03-01
10547,9,2024/09/25 00:00:00
10547,7,2025-06-09
10547,41,12-24-2024
10548,15,26/05/2025
10548,29,2024-09-18
10548,11,2024-09-19
10549,32,2024-08-25
10549,44,2024-12-26
10550,39,2025-02-10
10550,20,2024-06-15
10551,44,2024-12-15
10551,20,2024-10-21
10551,18,2025-02-20
10552,31,N/A
10552,30,
10552,17,2025-06-17
10553,25,2024-12-05
10554,60,2025-03-22
10554,9,22 Nov 2024
10554,17,2024-04-29
10555,43,05/03/2025
10556,16,08/02/2025
10557,6,2025-07-04
10557,20,2025-02-18
10558,27,2024-04-20
10558,37,2024-07-18
10559,31,2024-09-06
10560,36,2024-02-17
10560,35,2024-09-14
10561,30,2024-11-03
10562,28,2025-04-24
10563,35,2024-10-06
10563,60,2025-03-18
10564,55,28 Aug 2024
10565,49,2025-03-19
10565,30,2025-02-03
10565,10,2024-03-30
10566,34,2025-04-13
10567,3,2024-06-08
10568,49,0000-00-00
10568,51,17 Sep 2024
10568,21,2024-10-13
10569,23,04-18-2025
10570,51,2024-03-16
10570,39,2024-11-03
10570,2,2025-01-03
10571,29,2024-09-16
10572,5,2024-08-18
10572,22,2025-03-05
10572,40,02-14-2026
10573,22,2024-04-10
10573,13,2024-02-20
10573,37,2024-06-07
10574,14,2024-09-21
10575,6,2024-09-01
10576,40,2029-06-24
10576,12,2025-09-01
10576,29,2024-04-26
10577,41,27/07/2025
10577,59,2024/10/02 00:00:00
10577,39,2025-04-14
10578,8,2024-09-22
10578,48,2025-01-23
10579,48,unknown
10579,39,2029-07-16
10579,2,2024-05-24
10580,42,2024-11-29
10580,44,2024-07-22
10580,37,2024-11-02
10581,31,2025-06-20
10582,57,01 Sep 2024
10583,35,2024-12-01
10583,13,2025-06-01
10583,12,
10584,58,2025-06-08
10585,39,2025-01-01
10586,50,2024-08-23
10587,13,31/02/2025
10587,9,25/09/2024
10587,20,2024-12-20
10588,3,2025-04-10
10588,13,2025-01-16
10589,48,2024-04-23
10590,8,2024-02-20
10590,35,2024-06-11
10591,7,2024-01-29
185740,8,2024-12-25
10591,31,2024-11-01
10592,13,10 Sep 2024
10593,51,2024-02-23
10593,20,2024-10-13
10593,26,2025-05-07
10594,28,2024-11-14
10594,45,2024-04-21
10594,7,2025-08-07
10595,45,22 May 2024
10595,23,2024-07-26
10595,17,
10596,10,"January 07, 2025"
10597,6,N/A
10598,16,2025-04-14
10599,18,2024-08-10
10599,29,2025-03-14
10599,6,2024-07-03
10600,43,2024/10/06 00:00:00
10601,30,
10601,54,2025-04-24
10602,35,2024-05-01
10602,58,2024-08-25
10602,44,2028-04-13
10603,56,
10604,49,2025-04-09
10605,23,2024-06-06
10606,58,2029-12-18
10607,47,2024-03-19
10608,56,12-16-2026
10608,21,2025-03-17
10609,29,2024-09-03
10609,2,2024-12-06
10610,16,19/12/2024
10610,15,2024-03-20
10610,44,2024-03-14
10611,37,"May 19, 2025"
10611,12,2025-05-11
10611,5,2025-01-23
10612,37,21 Apr 2025
10613,42,2024-12-13
10614,27,N/A
10615,57,14 Nov 2024
10615,16,2025-05-17
10616,53,09/04/2025
10616,18,2024-11-20
10616,37,2024-05-20
10617,44,2024-11-20
10618,18,2024-10-30
10619,12,2025-03-26
10620,30,2024-09-06
10620,16,2024/10/04 00:00:00
10621,15,2024-10-28
10621,32,2024-04-05
10622,56,2024-05-29
10622,9,2025-02-26
10622,45,2025/05/19 00:00:00
10623,25,2024-11-26
10624,20,24/12/2024
10625,40,2024-11-11
10626,3,2025/02/04 00:00:00
10627,31,2024-03-29
10628,50,
10628,20,2024-09-05
10629,20,2024-08-18
10630,24,2025-04-29
10631,52,2024-12-17
10632,57,2024-02-27
10632,34,0000-00-00
10633,28,2024-12-11
10634,9,2024-10-03
10634,17,2025-01-09
10634,37,
10635,2,2024/04/28 00:00:00
10635,60,2025-10-18
10636,27,2024/07/19 00:00:00
10637,6,2024-10-09
10637,38,2024-03-31
10637,1,2025-05-30
10638,27,2024-12-13
10638,43,2025-02-05
10638,31,2030-02-21
10639,29,2024/05/25 00:00:00
10639,32,2024-09-01
10639,31,2025-01-18
10640,32,N/A
10641,30,2024-08-04
10642,20,2024-01-05
10643,39,2025-04-27
10643,27,2024-07-26
10643,54,2025-05-08
10644,37,29 Aug 2024
10644,38,2025-01-22
10645,55,2026/02/10 00:00:00
10645,44,2024-07-29
10645,31,0000-00-00
10646,18,2024-08-02
10646,38,2025-01-16
10647,39,2028-06-05
10648,29,2025-03-04
10648,12,2025-08-16
10649,51,
10649,18,2024-09-07
10650,9,31/02/2025
10651,17,20 May 2024
10652,54,2024-12-26
10653,4,2024-08-08
10653,31,2024-11-30
10654,37,"October 11, 2024"
10654,8,19 Dec 2024
10655,12,
10656,41,12-09-2024
183983,36,2024-05-09
10658,11,2024-06-08
10659,27,2024-11-16
10660,22,2025-01-05
10661,48,2024-07-29
10661,36,2025-02-06
10662,18,2024-02-26
10663,34,2024-08-05
10664,54,15 Jun 2024
10664,44,2025-05-06
10665,36,2025-01-24
10666,8,06-06-2024
10666,25,2024-12-25
10667,18,2025-07-11
10668,40,2024-11-27
10668,7,2024-04-04
10669,33,2025-13-05
10670,20,2025-02-06
10671,13,2024-08-19
10671,44,"March 11, 2025"
10672,44,2028/05/04 00:00:00
10672,22,2024-06-01
10672,27,2025-04-10
10673,37,2024-10-29
10673,17,2025-01-12
10673,26,12-27-2024
10674,32,2024-06-28
10674,4,2025-03-06
10675,30,2024-02-10
10676,20,2024-09-27
10676,21,2024-12-02
10676,43,2024-08-06
10677,18,2024-03-20
10678,6,2025-03-12
10678,59,2025-02-14
10679,36,2024-08-05
10680,1,2024-05-09
10680,60,2024-08-20
10681,45,2025-03-04
10682,38,2024-03-18
10682,17,2024-12-15
10682,37,2025-02-10
10683,43,03/11/2024
10684,51,2025-05-13
10685,42,2024-12-05
10686,31,2024-04-20
10686,26,19 Oct 2024
10687,39,2024-12-06
10688,52,31/02/2025
10688,54,2024-11-18
10689,3,04/03/2025
10690,56,22 Feb 2025
10690,39,2024-11-06
10690,41,"June 16, 2025"
10691,12,2024-08-25
10692,36,2024-08-08
10693,53,2025-03-08
10694,36,2024/12/09 00:00:00
194754,24,2024-07-07
10695,27,2024-05-15
10696,15,2025-05-25
10696,32,2024-04-20
10697,29,02 Mar 2025
10697,54,2024-11-02
10697,16,2025-01-20
10698,54,2024-07-19
198578,34,2024-05-01
10700,6,2024-08-21
10701,4,2024-09-18
10702,59,29 Aug 2024
10703,45,2025/02/10 00:00:00
10704,4,18/12/2024
10705,17,2025-04-30
10705,6,
10706,39,2025-01-24
10707,39,2024-11-25
10707,30,2024-08-01
10707,42,2024-06-18
10708,3,0000-00-00
10709,33,2024-02-23
10709,18,2025-03-06
10710,18,2024-07-22
10711,10,2025-05-22
10712,49,2024-09-19
10712,50,2024-02-08
10713,16,2025-02-12
10713,50,2024-02-10
10713,38,2025-05-12
10714,4,2024-11-16
10715,7,2024-03-28
10716,18,2025-04-02
10716,12,2024-08-13
10716,34,2025-04-17
10717,36,2025-07-21
10718,40,2025-06-21
10719,21,2024-05-08
10720,46,2024-09-10
10721,17,2024-05-12
123679,32,28/07/2024
10721,2,2024-08-23
10722,12,2025/03/15 00:00:00
10723,45,01 Jan 1970
10724,54,2024-11-01
10725,3,2024-09-03
10726,29,01/10/2024
10727,5,
10728,39,2024-10-17
10729,7,18/05/2024
10730,4,2024/10/02 00:00:00
10731,18,2024-07-12
10732,4,2025-02-17
10732,50,2025-05-10
10733,12,2025-03-17
10733,37,01-02-2025
10733,48,2024-11-18
10734,22,2024-12-04
10734,58,2025-07-08
10735,23,N/A
10735,29,2025-01-21
10736,32,
10736,52,2025-08-01
10737,6,2025-05-06
10737,27,2024-06-28
10738,4,2024-06-02
10739,6,2024-06-09
10739,56,2024-03-13
10739,42,2024-12-16
10740,36,2024-08-06
10741,54,2024-07-10
10742,29,06 Aug 2024
10742,20,2025-02-25
10742,42,2024-04-09
10743,3,2024-10-14
10744,17,05/06/2025
10745,28,2025-06-29
10746,38,2025-01-01
10747,31,2024-09-20
10747,8,"February 07, 2025"
10747,14,25 May 2024
10748,60,2024/12/08 00:00:00
10749,47,2024-06-01
10749,44,2025-07-05
10750,49,2025-01-21
10750,9,2025-02-23
10751,51,2024-10-16
10751,16,2024-11-05
10752,30,2024-08-23
10752,60,"September 10, 2024"
10752,12,2025-06-13
10753,20,2025-01-19
10753,28,2024-10-22
10754,42,2024-05-01
10755,44,2024-10-05
10755,20,2025-05-25
10755,12,"January 30, 2025"
10756,29,02-01-2024
10757,26,2024/06/04 00:00:00
10757,24,2024-12-03
10757,17,2025-06-07
10758,29,06-08-2024
10758,17,2025-03-21
10759,42,12 Nov 2024
10760,30,01-26-2025
10761,28,2025-03-01
10762,7,2025-02-18
10762,48,2024-04-27
10763,10,"November 19, 2024"
10764,31,2024-08-31
10765,27,08-22-2024
10766,50,0000-00-00
10766,52,N/A
10766,14,2024-10-05
10767,32,2025-01-09
10768,60,2025-08-12
10769,19,2024-10-25
10770,4,2025-03-19
10771,39,2025-08-09
10772,6,2025-01-09
10773,37,06-02-2025
10773,10,2025-01-24
10773,16,
10774,39,2025-03-15
10775,7,2025-03-11
10776,35,11/12/2024
10776,9,2025-02-18
10776,26,2024-12-04
10777,26,2024-02-25
10778,33,"November 24, 2024"
10779,5,2024-07-08
10780,52,2025-03-03
10780,6,unknown
10780,60,
10781,26,1900-01-01
10781,35,1970-01-01
10782,36,2025-02-10
10782,32,18/08/2024
10783,4,2024-03-14
10784,31,2024-02-20
10785,50,2024-05-26
10786,5,2024-11-18
10787,32,2025-05-19
10787,12,2024-10-01
10787,4,
10788,37,2024-08-10
10789,35,2025-13-05
10790,35,2024-08-15
10790,20,2024-07-31
10790,23,2025-06-04
10791,44,06/06/2024
10792,13,2025-04-23
10793,9,
10793,32,2024-03-21
10794,32,
10794,48,2024-10-19
10795,20,2024-09-05
10796,18,2025-02-25
10797,34,2024-12-25
10798,20,2024-02-12
10798,31,2024-04-15
10799,12,09 Mar 2025
10799,22,01-20-2025
10799,30,2024-07-10
10800,44,2024-12-22
10801,39,2024-12-03
10802,10,2024-08-21
10802,56,"November 04, 2024"
10802,35,2024-09-21
10803,47,2024-01-29
10804,57,2024-12-05
10805,54,2024-07-18
10806,5,2024-06-23
10807,31,2024-08-01
10808,27,2025-09-25
10808,42,06 Apr 2025
10808,32,2025-04-03
10809,27,2025/05/05 00:00:00
10810,29,23/10/2024
10811,36,2025-01-13
10811,34,2024-06-26
10811,44,20/02/2025
10812,5,2024-08-26
10812,54,2025-07-23
10812,58,04-15-2025
10813,7,2024-06-15
10814,30,2024-08-07
10814,27,22 Dec 2024
10815,29,2025/02/21 00:00:00
10815,19,
10815,32,2025-04-29
10816,18,2024-12-26
10817,6,2025-08-10
10817,27,2024/09/11 00:00:00
10817,5,2024-12-12
10818,38,31/02/2025
10818,50,2024-10-25
10818,36,2024-03-09
10819,36,05/10/2024
10819,30,2025-01-16
10819,2,N/A
10820,7,2024-07-27
10821,6,2025-02-21
10822,30,2024-05-01
10822,24,2024-05-25
10823,20,2024-04-25
10824,15,2024-10-22
10825,25,2025-03-05
10825,28,2024-04-28
10825,12,2025-04-01
10826,2,2024-09-06
10826,39,
10826,3,2025-01-02
10827,24,2024-08-20
10828,37,2024-08-23
10828,32,2025-02-17
10828,18,2024/12/29 00:00:00
10829,42,2024-11-07
10830,7,2025-02-20
10831,5,2025-01-09
10831,53,31/02/2025
10831,50,2024-08-19
10832,43,2024-09-08
10833,45,2025-07-25
10834,18,2024-10-08
10835,30,2024-05-30
10836,56,2024-07-25
10837,60,2025-04-30
201748,44,2025-01-22
10838,45,2025-09-06
10838,44,2025-02-04
10839,46,2025-09-13
10840,5,2025-01-28
10840,30,2025-02-19
10840,33,2025-09-08
10841,4,"August 07, 2025"
10842,60,2025-06-09
10843,37,
10843,60,2024-06-20
10844,20,2025-07-18
10844,6,2024-09-28
10845,54,"June 22, 2029"
10845,37,2024/12/12 00:00:00
10845,13,2024-02-12
10846,21,24/09/2029
10847,10,16 Jan 2025
10847,27,2024-02-24
115844,44,31/02/2025
10849,16,2024-11-28
10850,35,2026-01-10
10851,31,2024-09-02
10851,18,2025-04-21
10852,13,2024-05-17
10853,7,2024-11-20
128447,13,01-08-2025
10854,40,2025-02-08
10854,36,2024-04-08
10855,7,2024-06-07
10855,20,2024-07-12
10855,27,2024-10-10
10856,10,2025-03-08
10857,41,
171267,27,2024-11-30
10859,19,31/05/2024
10860,38,2024-08-20
10861,6,2024/06/30 00:00:00
10861,30,2024-02-25
10862,42,
10863,39,N/A
10864,16,2025-01-25
10864,37,2024-09-18
10864,9,2024-04-12
10865,14,2024-11-16
10866,57,2024-10-19
10866,13,2024-04-20
10867,26,01-01-1970
10868,26,2025-04-25
10869,30,2024-06-06
10870,60,2025-04-08
10871,12,2025-06-12
10872,47,2024-07-01
10873,10,2024-11-22
10874,50,2024-11-08
10874,31,2025-03-21
10875,36,2024-09-28
10876,9,03/10/2024
10877,4,2024-08-22
10877,20,2024/09/27 00:00:00
10877,29,2024-07-16
10878,17,2025-02-28
10878,38,"April 20, 2025"
10879,32,07-28-2025
10879,50,2025-08-22
10880,57,2024-06-17
10881,28,2025-03-26
10881,46,"December 12, 2024"
10882,57,13/11/2024
10882,41,2024/12/17 00:00:00
10882,50,2025-03-19
10883,33,2025-04-06
10884,12,2024/08/30 00:00:00
10885,28,2024-12-08
10885,13,2024-09-07
10886,23,2025/03/25 00:00:00
10887,40,06/11/2024
10887,15,2024-06-28
10887,59,2025-03-05
10888,20,
10889,19,2024-06-11
10889,32,2025-07-01
10890,34,2024-04-23
10891,21,2025-13-05
10891,4,2024-02-28
10892,27,2025-05-08
10893,7,"July 06, 2025"
10894,39,2024-06-22
10895,41,2024-11-26
10896,39,2024-12-02
10896,2,2024-06-08
10896,53,06-05-2024
10897,7,2025-04-14
10897,29,2025-02-01
10897,27,11 Mar 2025
10898,31,2024-07-02
10899,7,2024-02-21
10899,39,2025-03-18
10900,27,2024-11-20
10900,12,2025-01-19
10901,36,2024-04-07
10902,27,2024-05-15
10903,12,2024-09-05
10904,49,2024-10-09
10905,54,2025-03-24
10906,53,2024-10-16
10907,47,2024-08-20
10908,2,2024-11-06
10909,38,2024-07-03
10909,51,2025-05-15
10910,41,2025-02-09
10910,29,2025-05-19
10910,25,2024-04-17
10911,12,2025-05-02
10912,44,2030-07-02
10912,28,2024-02-16
10913,54,1970-01-01
10913,48,2024-05-05
10913,20,2024-12-31
10914,58,20/11/2025
10914,12,2024-07-09
10914,37,2024-11-25
10915,7,2025-01-31
10916,43,2024-09-16
10917,37,0000-00-00
10918,24,2024-09-04
10919,47,2024-08-02
10920,38,2024-09-07
10921,35,1900-01-01
10921,40,2024-12-01
10921,36,2025-02-10
10922,12,2024-10-04
10923,50,2024-09-24
10923,41,2025-05-07
10923,28,2024-03-23
10924,27,2025-13-05
10924,26,2025-02-19
10925,29,2024-08-20
10926,11,2024-07-25
10926,8,2024-08-13
10926,13,2024-10-09
10927,59,2025-01-23
10928,20,2024-07-18
10928,7,2025-06-07
10928,60,2025-05-06
10929,41,2024-11-06
10930,42,2025-03-09
10930,39,2024-07-09
10931,4,2024-09-24
10932,9,"April 01, 2025"
10933,48,2025-10-17
10934,36,2024-08-29
10934,32,2025-02-15
10935,7,N/A
10935,32,2024-03-03
10935,29,2024-10-09
10936,41,2025-01-14
10936,28,06-18-2024
10937,18,2025-01-07
10937,50,2024-05-29
156053,16,
10939,25,2024-12-12
10940,17,12-07-2024
10941,44,03-30-2025
10942,4,2025/03/01 00:00:00
10943,21,2025-07-14
10943,28,2024-08-08
10944,48,2025-03-28
10945,18,"June 27, 2024"
10945,39,2025-03-27
10945,50,2025-02-19
10946,5,2024-04-06
10946,42,2024-05-08
10947,25,2024-05-13
10948,54,2025-02-13
10949,28,2025-06-01
10950,35,25/04/2025
10950,36,2024-07-04
10951,7,2025-06-05
10951,8,2025-07-21
10951,6,2025-02-02
10952,40,2025-03-27
10952,44,2024-06-12
10953,15,2025-03-22
10954,31,2025-06-09
10954,3,2024-06-15
10954,29,2024-06-11
10955,3,2024-07-04
10955,32,2024-06-10
10956,44,2024-05-11
10956,20,2024-04-20
10956,29,2025-05-11
10957,7,01-01-1900
10958,15,15 Jul 2024
10958,44,2025-04-30
10958,10,
10959,2,2024-07-04
10959,18,2024-11-30
10959,42,10-21-2024
10960,12,2024-08-14
10961,29,2025-06-14
10961,26,"May 27, 2024"
10962,57,2024-08-22
10962,41,
10963,12,2024-10-03
10963,49,2025-13-05
10963,44,2024-08-30
10964,25,2025-01-02
10965,12,2024-08-07
10965,10,2024-07-04
10965,37,2025-03-03
10966,11,
10967,44,2024-06-04
10968,12,2025-02-17
10969,14,2025-03-04
10970,44,2024-09-22
10971,20,2024-06-11
10972,57,2025-01-26
10973,1,2024-05-19
10974,40,2024-10-04
10974,5,
10975,14,
10976,20,2024-07-10
10976,55,2024-08-04
10977,31,2025-03-15
10978,29,06/08/2024
10979,27,2024-03-11
10980,7,2025-07-08
10981,47,2025-02-21
10982,13,2024-07-31
195142,51,2025-01-09
10982,9,
10983,31,2024-08-26
10984,7,2024-10-12
10984,60,0000-00-00
10985,47,2025-02-20
10985,41,2024-08-21
10986,36,25 Sep 2024
10986,6,2025-06-14
10986,40,2025-03-07
10987,36,2025-01-13
10988,11,2025-02-02
10989,36,2024-10-26
10989,43,2025-04-29
10989,60,2025-01-21
10990,53,2025-02-27
10990,27,2024-12-20
10991,22,26 Sep 2024
10992,9,2025-02-17
10993,44,2025-05-06
10994,59,29 Mar 2030
10995,4,2025-04-23
10996,24,2024-08-24
10996,3,2024/10/16 00:00:00
10997,31,19/07/2024
10997,25,2024-11-20
10998,2,2025-02-19
10998,43,2024-09-20
10999,29,2025-06-19
11000,39,N/A
11001,42,2025-05-27
11002,33,
11003,28,1899-12-30
11003,41,2025-05-05
11004,44,21 Aug 2025
11004,36,2024-09-10
11004,54,
11005,38,2025-02-18
11006,35,1900-01-01
11007,52,2025/02/26 00:00:00
11007,2,2025-08-22
11008,50,2024-07-17
11008,36,2024-08-16
11008,39,2024-07-10
11009,36,2025-09-06
11010,26,2025-04-12
11011,27,2025-04-14
11012,6,2024-08-07
11013,9,2025-04-01
11013,47,2025-04-27
11014,39,2024-03-25
11015,13,2024-01-28
11016,30,2024-11-10
11017,23,2025-03-09
11018,12,2024-10-19
11019,50,2024-12-08
11020,17,2024-08-06
11020,54,2024-09-04
11021,55,2025-03-03
11022,33,2024-06-07
11023,12,2025-03-01
11023,53,1899-12-30
11023,7,2024-07-22
11024,31,2024-09-13
11025,5,"June 23, 2025"
11026,54,2024-12-25
11027,42,2025-07-08
11028,12,2024-05-10
11029,41,02-16-2024
11029,29,2024-12-28
11030,17,2025-01-01
11031,16,2024-11-24
11032,7,2024-07-05
11033,20,25/10/2024
11033,56,2025/03/16 00:00:00
11034,52,2025-02-04
11034,50,05 Mar 2025
11035,11,12/08/2024
11036,48,06/05/2024
11036,17,2024-05-19
11037,40,2025-07-09
11037,30,2024-11-09
11037,42,2024-09-06
11038,34,2024-11-28
11039,44,10-07-2024
11039,49,2024-11-26
11040,41,2024-06-26
11040,12,2025-08-19
11041,20,09/06/2024
11041,8,2025-04-01
11042,12,2025-09-08
11043,37,2025-04-20
11043,16,"January 01, 1970"
11043,12,2025-05-29
11044,45,2025-05-25
11045,7,2024-09-30
11046,17,2024-10-28
11047,14,2024-10-13
11047,59,2024-06-26
11048,32,"November 04, 2024"
11049,7,2024-09-06
11050,19,2025-05-28
11051,28,1900-01-01
11052,60,2025-02-11
11052,36,
11053,10,2025-01-16
11053,23,2024-10-01
11053,18,2025-08-19
11054,30,2025-01-16
11055,42,
11056,15,2026-06-28
11057,37,2025-02-21
11057,26,2024-04-17
11058,53,2024-08-20
11058,23,2024/09/30 00:00:00
11058,13,2025-03-07
11059,38,2024-08-24
11059,58,2024-03-07
11060,12,2024-11-21
11060,31,2024-11-13
11061,8,2025-06-02
11061,44,2024-11-05
11062,48,2025-07-01
11063,50,
11063,14,2024/12/18 00:00:00
11063,30,2024-02-16
11064,11,2024-12-13
11065,53,2025-05-07
11066,59,2024-06-01
11066,16,2024-12-06
11067,5,N/A
11067,54,2024-11-26
11068,12,2025-02-17
11069,29,2025-01-17
11070,53,2025-05-04
11071,41,2026-07-25
11072,37,2024-06-28
11073,41,2025-02-02
11073,43,"June 01, 2025"
11073,5,2024-12-03
11074,45,2024-06-29
11075,51,09-05-2025
11076,51,2024-08-29
11076,53,2024-03-07
11077,19,2024-01-25
11077,45,2025-10-11
11077,50,2024-11-09
11078,17,2024-02-24
11078,19,2024-07-17
11078,13,2025-04-27
11079,50,2025-05-19
11079,12,2024-05-05
11079,49,2024-12-08
11080,31,2024-08-15
11081,29,2024-10-03
11081,26,2025-01-06
11082,18,2029-07-29
11082,17,2024-12-13
11083,32,1970-01-01
11083,19,19/09/2024
11084,3,2025-03-19
11084,39,2024-12-11
11084,59,2024-10-13
11085,21,2024-10-13
11085,37,2024-07-04
11085,31,2024-12-09
11086,17,2025-09-02
11087,53,2024-10-10
11087,33,"September 27, 2024"
11088,37,2024-08-02
11089,15,2025-13-05
11089,25,2024-03-02
11089,53,2024-10-15
11090,24,2024/02/09 00:00:00
11091,21,2024-03-25
11092,37,2024-06-08
11093,33,2025-06-09
11094,32,2025-04-19
11094,40,2024-06-13
11094,16,17 Jul 2024
11095,52,2024-11-19
11095,29,2025-08-28
11095,22,2024-08-12
11096,52,2025-04-10
11097,43,13/07/2024
11097,32,2024-02-13
11098,43,N/A
11099,37,2025-05-15
11100,23,2025-05-05
11101,6,2025-02-13
11102,38,17/05/2024
11102,11,2024-07-04
11102,7,2024-06-13
11103,19,2024-06-13
116790,36,
11104,14,2024-11-09
11104,8,2024-11-01
11105,32,2025-02-01
11105,49,2024-09-21
11105,24,24 Feb 2025
11106,18,2025-02-09
11107,27,12/05/2025
11108,12,2024-05-31
11109,29,2024-11-06
11109,34,2024-03-25
11110,55,2024/02/14 00:00:00
139549,32,11/02/2025
11111,1,2024-12-27
11111,20,2024-03-01
11112,34,2024-09-02
11113,29,2025-01-12
171958,35,2024-11-30
11114,44,unknown
11114,53,0000-00-00
11115,20,2024-11-11
11115,10,2024-07-25
11116,1,2025-06-07
11116,23,2025-01-26
11116,19,2024-10-18
11117,7,2025-08-18
11117,35,2024-10-19
146903,12,2025-06-24
11118,32,2025-02-23
11118,38,2028-07-24
11119,37,18/03/2024
11120,32,2025-02-26
11120,53,
11121,7,2025/01/31 00:00:00
11121,26,
11121,42,2024-09-27
11122,42,1899-12-30
11122,41,N/A
11123,53,2024/09/05 00:00:00
11124,40,2024-03-30
11125,50,2024-05-05
11126,17,2025-02-23
11127,38,2024-11-21
11128,17,2024-11-27
11129,38,2024-09-26
11130,9,2024-08-01
11130,18,2024-12-02
11130,16,2024-09-20
11131,30,2024-08-14
11132,28,2024-04-19
11133,18,2024-05-07
11134,16,2025-01-29
11134,2,2024-10-08
11134,40,2024/05/06 00:00:00
11135,12,2024-12-14
11135,37,2025-07-04
11136,37,08-29-2025
11137,20,2024-09-02
11137,47,2024-04-16
11137,60,18 Apr 2025
11138,29,
11139,51,2024-12-19
11139,38,2025-13-05
11140,37,"June 25, 2025"
11141,13,2025-07-24
11142,47,2025-07-02
11142,40,2024-11-29
11142,13,2024-11-29
11143,31,2025-05-09
11143,30,2025-02-06
11144,40,12-12-2024
11145,50,2024-08-19
11145,31,2025-04-26
11146,7,2024-11-23
11147,56,2025-04-22
11147,4,2024/08/04 00:00:00
11147,18,2025-06-26
11148,29,2025-03-05
11149,45,2024-08-24
11150,28,2024-06-27
11151,18,2024-10-11
11152,44,2024-05-22
11152,12,1899-12-30
11153,18,31/02/2025
11153,16,2024-01-30
134202,12,2024-10-21
11154,19,2025-03-15
11154,40,"March 28, 2025"
11155,24,2024-03-12
11156,18,2025-05-29
11157,7,
11158,41,2025-01-21
11158,12,28 Aug 2024
11159,18,
11160,36,2024-12-27
11161,57,03-18-2024
11162,35,2028-10-04
11162,20,2025-02-15
11163,37,11-02-2024
11163,11,2024-08-07
11163,44,"March 25, 2024"
11164,29,2024-08-23
11165,15,2024-05-20
11166,26,2024-03-17
11166,13,2024-06-29
11166,37,2024-05-16
11167,57,2024-06-05
11168,25,2024-05-09
11168,44,2024-08-01
11169,12,2024-05-13
11170,17,2024-06-25
11171,4,2025-04-07
11172,44,2025-02-02
11173,36,2025-09-15
11174,10,09/12/2024
11174,21,2025-06-05
11175,32,2025-05-26
11175,40,31/02/2025
11175,19,2024-12-17
11176,52,2025-06-13
11176,17,1899-12-30
11176,7,26 Jul 2025
11177,15,2024-06-30
11177,35,2025-03-22
11178,20,2024-06-15
11179,32,2024-06-13
11180,20,31/02/2025
11181,32,2024-05-24
11182,34,2025-03-26
11183,57,2025-03-28
11184,19,2024-12-19
11184,13,2025-05-07
11185,9,2024-12-02
11185,50,1899-12-30
11186,38,2024-03-25
11186,24,2024-12-13
11187,37,1900-01-01
11187,4,2024-04-03
11188,42,2026-10-21
11188,43,2024-06-24
11189,44,
11190,49,2024/10/14 00:00:00
11190,17,1900-01-01
11190,16,2024-05-02
11191,9,2025-03-12
11192,27,05-29-2024
11193,15,0000-00-00
11194,10,2025-05-09
11195,4,03/11/2025
11196,20,
11196,48,
11197,13,2030-05-06
11198,6,
11199,54,2024-09-17
11200,49,2025-03-25
11200,17,2025-04-06
11200,15,2024-04-29
11201,56,2024-08-16
11202,49,2025-03-19
11202,26,0000-00-00
11202,20,2025-05-10
11203,29,2025-07-12
11204,4,10-16-2024
11205,16,2024-11-04
11206,4,11/08/2024
11206,42,2024-08-05
11207,50,2025-02-20
11208,7,"March 12, 2025"
11209,29,2025-02-08
11209,52,1900-01-01
11210,39,2024-11-16
11210,11,2024-09-09
11211,22,2025-06-02
11211,16,07-10-2025
11212,42,"August 14, 2024"
11213,54,2024-10-17
11213,40,2024-09-18
11213,17,29/04/2024
11214,25,2024-07-11
11215,51,11/11/2024
11215,28,2024-03-18
11215,46,
11216,31,2024-12-08
11217,25,2025-03-04
11218,15,2025-01-31
11218,30,2025-02-24
11219,24,2024-08-19
11219,60,2025-03-26
11219,6,2025-06-25
11220,27,2025-02-14
11221,13,2024-06-22
11222,39,2024-06-26
11222,34,2024-12-25
11222,43,2024-05-03
11223,59,2024-11-09
11224,30,2024-02-28
11224,48,06 Sep 2024
11225,7,2025-04-16
11225,41,
11225,40,2024/06/25 00:00:00
11226,29,2024-10-03
11226,30,2024-12-05
11226,28,2024-10-27
11227,31,25 Apr 2025
11228,9,2024-06-04
11228,58,2024-12-29
11229,48,2024-03-13
11230,20,"June 18, 2024"
11230,43,2024-02-19
11230,51,08/11/2024
11231,41,2025-07-08
11232,53,2024-08-17
11233,41,2024-10-26
11234,25,2025-04-04
11235,18,2024-08-24
11236,30,2024-10-24
11236,27,2025-03-11
11237,36,2024-08-18
11238,34,2025-05-26
11239,54,2025-01-06
11240,7,2025-01-11
11241,55,2024-04-09
11242,15,2025-03-05
11243,52,"July 26, 2024"
11244,57,2024-09-10
11245,49,07/05/2024
11245,5,2024-08-10
11246,23,2024-12-30
11246,12,2024-04-09
11246,28,2025-06-14
11247,16,N/A
11248,13,2025-03-11
11249,7,2024-10-07
11250,41,2024-10-25
11250,54,2024-08-27
11251,50,2024-10-14
11251,31,06/08/2024
11252,46,2024-07-19
11253,45,2024-04-07
11254,12,2024-04-10
11254,17,2024-08-31
11254,20,2025/08/01 00:00:00
11255,1,2025-09-06
11255,20,2024-03-12
11255,32,2025-03-04
11256,16,2024-10-12
11256,31,2025-07-03
11257,4,2025-13-05
11257,12,2024-08-31
11258,27,14 Jul 2025
11259,44,12-17-2024
11259,12,2024-10-23
11260,54,2024-01-20
11260,18,2025/02/01 00:00:00
11261,7,2024-12-21
11261,17,2024-08-29
11261,32,2024-12-29
11262,24,2024-10-23
11262,35,2024-07-26
11263,39,2025-05-26
11264,35,
11265,4,2025-08-10
11265,3,2025-06-12
11265,10,2024/06/14 00:00:00
11266,12,02-27-2025
11266,9,2025-01-05
11266,51,2024-11-04
11267,17,N/A
11268,12,2024-07-02
11269,5,02 Jan 2025
11269,31,2024-06-25
11270,44,2024-07-20
11271,7,0000-00-00
11272,59,2025-02-20
11273,58,15/04/2025
11274,51,N/A
11275,38,2024-12-17
11276,38,2024-11-19
11276,5,03-25-2025
11276,28,2025-13-05
11277,19,2024-09-27
11277,39,2024-04-07
11277,13,2025-09-06
11278,34,2024-09-27
11278,14,2025-06-20
11279,42,2024-09-24
11280,17,
11281,49,2025-04-04
11281,51,2024-10-28
11282,27,2024-09-01
11283,59,07/02/2025
11283,44,1900-01-01
11284,60,2024-01-30
11285,7,"October 18, 2024"
11285,26,2024-05-25
11285,30,2025-05-06
11286,29,2024-11-30
11287,4,"February 08, 2024"
11288,48,2024-03-29
199240,30,"March 11, 2024"
11290,40,2024-07-22
11290,50,2024-09-06
11290,5,2024-08-28
11291,26,2024-11-10
11292,28,2029-03-15
11293,26,03-26-2024
11294,32,23 Jan 2025
11295,30,02-25-2025
11296,13,2024-10-28
11296,36,"June 28, 2025"
11297,42,2024-08-18
11298,13,2024-12-06
11298,50,
11299,3,2025-01-12
11299,29,2024-08-14
11299,8,"April 16, 2025"
11300,40,2024-12-01
11301,5,2025-01-04
11302,58,2024-12-08
11302,35,2024-03-07
11302,50,2024-08-29
11303,37,2025-06-27
11303,6,2025-01-18
11303,15,2024/11/30 00:00:00
11304,39,2024-12-04
11304,27,2024-06-10
11305,31,"September 07, 2024"
11306,58,
11306,10,2024/06/06 00:00:00
11306,18,2024-12-08
11307,59,14 Aug 2024
11307,49,2024-02-16
11307,37,2024-11-30
11308,52,12/04/2024
11309,12,2024-08-12
11310,12,2024-10-16
11311,4,2024-09-25
11312,55,2024-11-10
11313,24,2024-12-05
11314,33,2025-05-10
11314,16,2024-03-15
128396,35,2024-06-22
11315,3,2024-04-19
11316,13,2024-09-14
11317,58,09 Oct 2024
11317,2,"March 19, 2025"
11318,57,2024-11-24
11318,27,2024-05-20
11318,35,2024-03-10
11319,60,2025-07-20
11320,29,24/02/2025
11321,54,2025-04-09
11321,46,2025-05-08
11322,25,
11323,53,2025-04-18
11324,3,2029-07-11
11325,50,2025-01-10
11326,12,07-24-2024
11327,53,31/02/2025
11328,35,2024-04-22
11328,4,2025-06-02
11328,7,"April 17, 2025"
11329,42,2024/06/29 00:00:00
11330,32,2024-09-03
11330,14,2024-12-10
128913,15,2025-03-19
11332,56,2024-11-15
11333,6,
11334,26,2025-03-07
11334,48,12/08/2024
11335,4,2024-12-22
11335,50,07/11/2024
11336,10,2024-12-31
11337,37,12/11/2024
11337,3,2025-07-03
11337,34,2025-08-03
11338,36,2024-09-09
11339,55,
11340,53,2024/05/21 00:00:00
11341,50,2024-08-06
11341,27,2025-09-05
11342,53,2024-05-25
11342,50,2024-07-23
11343,41,2024-12-15
11343,29,2025-02-13
11343,27,2024-08-11
11344,8,2025-04-01
11345,7,29/06/2024
11346,37,2024-03-11
11347,6,2025-04-07
11348,39,2024-10-05
11349,6,2024-10-01
11349,41,07-27-2024
11350,10,2024-09-14
11351,13,12 Sep 2024
11351,40,2025-02-20
11352,26,2025-02-28
11352,41,2024-12-22
11353,4,2024-06-23
11354,50,2024-09-25
11355,50,"August 24, 2024"
11355,26,2024-04-20
11355,32,31/02/2025
11356,18,28 Oct 2024
11357,54,2024-08-26
11358,36,2024-08-20
11358,29,2025-03-03
199715,27,2024-08-19
11360,39,2024-06-10
11360,27,2024-10-20
11360,60,2024-05-11
11361,28,2024-06-26
11362,51,2024-11-02
11363,3,03-01-2025
11363,39,2024-10-29
11363,6,2024-11-05
11364,3,2024/07/20 00:00:00
11364,6,03-12-2025
11364,41,2024-12-16
11365,32,2024-06-04
11366,27,
11367,55,2025-07-03
11368,38,28/07/2024
11369,50,1899-12-30
11369,36,2024-11-26
11370,60,2024-04-24
11370,5,2025-05-07
11370,26,2024-11-25
11371,10,30/12/2024
11371,58,N/A
11372,29,2024/05/12 00:00:00
11372,20,2024-10-11
11373,9,2024-11-20
11374,9,2025-01-17
11374,27,2024-11-04
11374,2,2024-08-23
11375,41,2024-11-28
11376,40,2024-10-12
11377,43,2025-02-24
11377,34,29 Apr 2024
11377,13,2024-08-07
11378,10,2024-02-22
11378,38,2025-04-04
11378,17,2024/11/08 00:00:00
11379,37,2024-01-18
11380,57,04-17-2024
11381,43,2024-12-19
11381,51,"November 27, 2024"
11382,37,2025-05-05
11383,44,2025-01-31
11383,46,1900-01-01
11384,36,2025-04-29
11385,12,2025-06-03
11386,60,2025-02-22
11387,28,2025/04/17 00:00:00
11388,34,2024-11-03
11389,60,"November 11, 2024"
11390,42,2024-06-20
11390,29,02-25-2025
11390,26,2024-07-16
11391,53,2024-07-31
11392,39,2024-06-21
11393,22,2025-03-09
11393,39,07/11/2024
11393,53,2024-10-14
11394,40,30 Dec 1899
11395,23,2024-06-21
11396,44,2024-02-16
11397,30,2024-11-21
11398,17,2024-06-11
11399,30,
11400,32,2025-04-03
11400,2,2024-12-20
11401,43,2024-09-09
11401,13,N/A
11401,57,04-18-2029
11402,36,2024-11-20
11402,50,2025-09-20
11402,29,2025-02-17
11403,7,08-06-2024
11404,35,2025-04-03
11404,13,2024-08-01
11405,50,2024-07-19
11406,50,2025-03-07
11406,45,
11407,39,2024/09/16 00:00:00
11408,39,2029-11-28
11409,18,2024-09-16
11410,3,30/05/2024
11411,5,2024-03-19
11411,15,2025-06-26
11411,20,
11412,41,2024-12-14
11413,10,12-17-2024
11414,51,2025-06-29
11415,7,2024-08-05
11416,14,2025-02-25
11416,7,04/08/2024
11416,16,31/02/2025
11417,37,2024-06-22
11417,26,2024-04-17
11418,42,2024-12-06
11419,41,2025-05-09
11419,13,2024-12-08
11420,37,2024-03-14
11421,54,2025-01-28
11422,37,31/02/2025
11422,50,"July 16, 2024"
11423,13,2024-06-29
11423,29,2024/12/04 00:00:00
11423,50,2024-08-04
11424,39,2025-08-03
11424,12,09-20-2024
11424,13,2025-04-23
142346,12,2024-10-17
11426,50,2024-09-29
11426,20,2024-07-16
11426,33,1970-01-01
11427,30,2026-09-03
11427,48,2025-06-06
11427,12,2025-04-18
156359,59,2024-08-09
11428,13,09/03/2024
11428,15,2026-03-10
11429,27,
11430,12,2024-04-01
11430,25,2024-07-22
11431,11,2024-12-19
11432,38,2028-12-10
11433,16,2025-08-24
11434,31,2024-10-01
11435,50,"November 11, 2024"
11436,27,2024-08-03
11437,60,2025-02-20
11438,34,2025-02-21
11439,5,2025-06-10
11439,50,2024-09-26
11440,37,2025-05-30
11441,29,2024-06-14
11442,29,2025-03-08
11443,20,31/02/2025
11444,25,2024-04-06
11444,32,2024-06-20
11444,10,2024-12-05
11445,58,2024-02-10
11445,13,2024-11-10
11445,50,2024-03-15
11446,50,2024-09-21
11447,34,2024-05-25
11447,7,2024-12-05
11447,14,2024-04-16
11448,31,"May 16, 2024"
11448,5,2025-08-15
11449,9,08-02-2024
11449,18,2024-11-09
11449,47,2024-12-10
11450,46,2024-02-14
11450,54,2024-01-08
11450,31,2024-06-14
11451,6,2025-04-09
11452,45,2028-05-31
11452,35,11/01/2025
11453,60,06-02-2025
11454,29,2024-07-05
11455,12,2025-05-21
11455,38,2025/02/11 00:00:00
11455,53,
11456,54,2024-12-18
11457,34,2025-05-07
11458,29,2024-07-30
11459,44,2024-07-19
11459,60,2025-08-04
11460,20,2025-03-26
11461,5,2025-02-18
11462,58,2024-10-20
11463,39,2025-02-12
11464,37,2025-01-19
11465,10,2025-02-23
11466,34,10-03-2024
11467,8,
11468,41,2025-03-08
11468,35,01-06-2025
11468,12,2024-12-27
11469,50,2024-04-19
11470,59,31 Dec 2024
11471,6,03 Dec 2024
11472,22,2024-10-11
11472,20,2024-07-22
11473,29,2025-06-02
11474,30,N/A
11474,16,2024-11-16
11474,27,2024-06-17
11475,26,2024-03-23
11475,50,2024/02/08 00:00:00
11475,35,2024-10-14
11476,32,2024-04-26
11476,52,2025-02-14
11476,20,"May 25, 2024"
11477,27,20/05/2025
11477,25,"March 26, 2024"
11477,20,2025-08-02
11478,33,2024-02-08
11479,3,2024-10-26
11480,56,2024-07-08
11481,6,2024-10-31
11481,18,2024/05/26 00:00:00
11482,12,2024-08-09
11482,1,
11483,26,2024-09-29
11483,56,2024-05-11
11483,35,11-03-2024
11484,41,"October 17, 2024"
11485,15,04-26-2025
11486,50,2024-03-31
11486,13,2025-03-09
11486,12,2024-08-09
11487,20,2025-06-01
11488,19,09-25-2024
151203,4,2025-13-05
11489,35,10 Feb 2025
11489,28,2024-06-24
11490,13,2024-12-19
11491,27,2024-04-16
11491,6,2024-04-01
11491,18,2024-09-22
179915,23,2025-03-06
11493,2,2024-12-23
11493,10,
11494,37,09-08-2024
11494,8,28/10/2024
11495,57,2024-12-27
11496,19,2025-05-10
11497,30,09-26-2024
11498,9,2025-01-28
11498,43,2024-04-06
11499,34,2025-02-11
11500,13,2025-06-29
11500,41,
11501,13,2024-05-07
11502,13,2024-06-24
11503,17,04-13-2024
11504,38,2024/10/18 00:00:00
11505,32,2024-07-08
11506,26,N/A
11507,18,2028-12-12
11507,20,2025-02-12
11507,29,2024-07-27
11508,35,2024-05-28
11509,35,2024-09-23
11510,43,2025-08-14
11511,44,2024-12-19
11512,49,2024-08-18
11512,28,2025-03-24
11513,26,
189002,13,28 Aug 2024
11514,16,
11514,20,2024-06-14
11515,38,2025-03-28
11515,7,2024-09-30
11515,26,2024-11-06
11516,17,2025-03-14
11516,38,2024/04/17 00:00:00
11516,14,2025-03-23
11517,30,2024-08-23
11517,42,2025-06-01
11517,50,1970-01-01
11518,54,11-15-2024
11519,40,2025-01-05
11519,58,2024-07-29
11520,33,2024-10-10
11520,48,2025-01-30
11521,28,2025-01-30
11522,6,2024-03-09
11523,48,
11524,54,2025-06-14
11524,28,25 Jun 2024
11524,20,02-22-2025
11525,39,2024-04-04
11525,20,2024-10-11
11526,40,2024-05-17
11527,7,2024-11-24
11528,36,2024-10-09
11529,34,2024-12-06
11530,27,2025-03-08
11531,2,2024/12/22 00:00:00
11532,55,2024-11-16
11532,14,12/03/2025
11533,41,2025-06-14
11534,52,2024-09-27
11535,33,2024-05-14
11536,3,2025-02-25
11537,43,2024-03-26
11538,18,2024-12-28
11539,10,2024-04-13
126982,9,02-16-2025
11540,12,
11540,2,2024-09-24
11541,52,2024-08-02
11541,5,2024-09-13
11542,30,2024-12-13
11543,14,2024-12-24
11543,42,1899-12-30
143936,27,2025-04-22
11544,40,2024-05-24
11544,39,24/12/2024
11545,29,2024-07-01
11546,25,2024-05-05
11547,54,2025/01/28 00:00:00
11548,33,2025-01-19
11549,1,2024-05-13
11549,38,2024/12/02 00:00:00
11550,31,2025-08-07
11550,59,2024-03-24
11551,6,
11551,30,2025-04-13
11552,4,
11553,18,2024-06-22
11553,2,2024-05-21
11554,18,2024-10-18
11555,2,N/A
11555,4,23 Jul 2024
11555,40,2025-01-26
11556,30,2025-03-28
11556,56,2024-12-05
11556,37,1970-01-01
11557,22,2024-08-18
11557,28,2024-09-26
11558,15,2024/03/25 00:00:00
11558,51,2024-10-30
11558,26,2024-04-16
11559,52,2025-03-08
11559,34,2025-03-11
11560,16,31/02/2025
11560,23,2024-01-27
11561,15,27/04/2026
11561,30,2024-12-14
11561,33,2024-09-14
11562,18,"October 24, 2024"
11563,26,0000-00-00
11563,13,
11563,24,2024-12-27
11564,3,
11565,42,2024-05-25
11566,20,19 Mar 2025
11567,50,2025-01-28
11568,43,2024-05-16
11568,17,"December 16, 2024"
11569,16,
11569,22,2024-08-24
11569,18,2024-05-10
11570,51,
11570,13,2025-05-19
11571,57,2024-10-01
11572,57,2025-10-02
11573,39,02-12-2025
11574,39,2025-03-23
11575,42,2025-04-13
11575,52,2025-03-18
11575,26,2024-03-16
11576,27,2024-10-19
11577,37,2024-09-17
11577,20,26 Mar 2025
11577,40,2025-06-07
11578,33,"January 14, 2025"
11579,33,31 Mar 2024
11580,11,2025-01-03
11580,9,2024-05-04
11581,36,2024-04-21
11582,37,
11583,44,21 Sep 2025
11584,18,2024-08-28
11585,17,2024-11-19
141122,31,2024-09-08
11585,2,2024-10-01
11586,15,1970-01-01
11586,54,
11586,44,2024-06-24
11587,20,2024-05-16
11588,54,2024-07-30
11588,2,2025-06-26
11589,4,2024-07-21
11589,54,2025-05-31
11590,41,2025-05-23
11590,30,2025-06-11
11590,9,2024/10/03 00:00:00
11591,4,2024-09-11
11591,34,2024-09-25
11592,27,2024-04-07
11592,40,07 Jul 2024
11593,45,2024-12-20
11593,37,2024-09-11
11593,31,0000-00-00
11594,53,2025-01-04
180326,35,2024-11-02
11595,49,2029-01-16
11595,28,2024-08-12
11596,42,05-17-2024
11597,58,2024-04-18
11598,50,30 Oct 2024
11599,60,07-08-2025
11600,37,2024-11-03
11600,22,2024-01-25
11601,25,2024-06-26
11602,7,2024-12-02
11603,34,2025-01-07
11604,49,2024-03-17
11604,35,2025-09-18
11604,42,23/07/2025
11605,7,2025-06-01
11605,40,2024-04-25
11606,57,N/A
11606,32,2024-09-27
11607,31,2024-04-12
11608,40,2024-04-03
11609,3,2024-09-05
11609,34,04-20-2024
11610,48,
11611,44,2025-05-13
11612,2,2024-12-08
11612,50,2025-08-10
11613,12,2024-08-05
11614,5,2024-11-08
11615,43,2024-10-22
11616,33,2025-05-06
11617,58,12/07/2024
11618,20,2024-05-15
11618,7,2025-04-27
11619,28,2024-11-08
11620,56,08-09-2024
11620,57,2024-09-03
11621,27,2025-01-06
11622,18,2024-06-12
11623,16,2024-12-28
11623,11,2024-12-12
11624,15,2024-04-01
11624,20,2027-11-13
11625,38,2024-05-15
11625,1,2024-07-05
116323,48,2024-06-24
11627,42,2024-04-07
11627,18,14/03/2024
11628,41,2024-04-07
11629,23,20/07/2025
11629,4,2024-08-18
11630,22,2024-01-16
11631,40,2025-01-06
11631,29,2024-12-08
11632,43,07-17-2025
11633,5,2024-12-01
11634,32,2025-04-18
11635,1,2024-08-11
11636,18,2025-02-17
11636,48,2024-07-19
11637,20,N/A
11638,52,31/02/2025
11639,55,2024-09-21
11639,21,2024-02-21
11639,44,2024-06-08
11640,41,2024-09-13
11641,27,2024-07-26
11642,29,
11642,52,2024-06-09
11642,20,01/09/2024
11643,53,2024-11-05
11644,7,2024-12-30
11645,6,
11645,54,
11645,34,2024-03-13
11646,50,2025-06-19
11647,30,2025-04-12
11647,38,2025-03-13
11647,39,2024-09-19
11648,44,2024-08-29
11649,12,2025-02-14
11649,57,2024-07-23
11650,37,11/06/2025
11650,32,2024-08-13
11650,3,2024-05-20
11651,19,2024-06-26
11651,60,2024-05-14
11651,9,2025-06-17
11652,52,2024-08-19
11653,38,N/A
11654,27,2024-07-08
11655,18,2025-05-27
11655,13,2024-09-03
11656,42,2025-01-25
11656,26,2024-04-27
11656,2,2024-08-21
11657,7,2024-11-21
11657,20,07 Apr 2024
11658,2,2025-02-13
11659,50,2025-03-23
11660,16,2025-09-13
11660,4,2025-01-14
11661,23,2024-07-28
11662,15,
11662,46,2024-10-14
11662,22,2024-07-07
11663,20,
11664,18,2024-10-14
11665,12,2024-08-25
11666,32,N/A
11667,54,2024-05-11
11667,49,2024-07-12
11667,46,2024-04-25
11668,6,2025-07-09
11669,38,28/06/2024
11669,27,2024-05-16
11670,31,2025-03-09
11671,18,2024/10/16 00:00:00
11672,38,
11672,22,2024-10-14
11673,26,2024-11-06
11674,54,2025-05-30
11675,35,03-04-2025
11676,10,2024-07-10
11676,44,"August 16, 2024"
11677,25,2025-13-05
11678,52,07-11-2025
11678,40,2025-04-13
11678,60,2024-08-27
11679,13,2024-04-29
11680,17,2024-09-07
11680,34,2025-02-04
11680,28,2025-01-31
11681,28,2024-09-12
11681,12,2025-01-29
11682,58,2024-11-16
11683,37,2024-02-26
11684,13,2024-04-29
11685,27,01-25-2025
11686,31,02-18-2024
11687,7,2025-04-15
11688,40,22 Jun 2024
11689,37,2025-02-13
11689,40,2024-08-08
11690,39,2025-02-19
11690,11,2025-06-04
11690,35,"October 01, 2024"
11691,38,2025-02-18
11692,8,05 Feb 2025
11692,30,
11692,9,05-03-2024
11693,15,2024-09-20
11693,12,2024-07-03
11694,31,2024-07-07
11694,29,2024-05-05
11695,10,03-11-2024
11695,30,13 Nov 2024
11696,21,2025-05-03
11697,2,unknown
11698,60,2024-10-27
11698,17,2024-07-29
11699,57,2025-02-18
11699,25,2025-01-03
11699,13,2024-06-14
11700,6,1970-01-01
11700,29,2024-11-06
11700,18,2024-09-18
11701,33,2025/01/27 00:00:00
11702,42,2024-10-31
11703,44,2024-12-06
11703,2,2024-11-28
11704,1,08/01/2025
11705,15,2025-05-28
11706,34,2024-09-04
11707,43,2025-04-13
11708,19,2025-04-27
11708,4,2024-05-02
11708,15,
11709,46,29 Mar 2024
11710,53,18/06/2024
11710,33,03-13-2025
11710,54,2025-04-17
11711,7,2024-03-11
11712,26,2024-09-13
11712,20,2024-04-29
11713,2,2024-11-20
11714,59,2025-02-25
11715,52,"August 06, 2024"
11715,20,2025-07-31
11716,32,28/04/2024
11717,29,2024-04-17
11717,4,2024-12-09
11718,24,2024-10-28
11719,16,
11720,36,2025-08-09
11721,53,2025-04-13
11722,35,2024-06-10
11723,36,2024-11-26
11724,20,03/04/2024
132236,7,
11725,47,2025-03-30
11725,49,"May 31, 2024"
11725,20,2025-01-18
11726,41,2024/09/13 00:00:00
11727,16,2024-04-26
11728,53,2025-01-05
11728,32,2025/04/11 00:00:00
11728,34,2024/05/11 00:00:00
11729,33,"October 28, 2024"
157043,35,2024-08-21
11729,45,2025-01-03
11730,10,"November 05, 2024"
11731,3,2024-05-19
11731,45,1899-12-30
11732,4,
11732,11,
11733,44,2024-07-27
11733,42,2026-02-03
11733,26,2025-04-18
11734,19,18/05/2024
11734,17,2024-11-26
11735,24,2025-03-13
11735,30,2025-01-14
11735,1,2024-06-22
11736,18,2029-01-17
11737,19,14/08/2024
11737,30,19/04/2025
11738,27,25/11/2024
11738,5,22 Aug 2024
11739,31,2026-07-05
11740,58,2024-12-21
11741,22,2024-08-15
11742,30,2024-10-06
11743,57,2024-03-09
11744,36,2025-05-29
169911,24,2025-01-21
11745,29,2024-12-02
11746,40,2024-08-01
11747,60,2025/02/07 00:00:00
11748,24,2024-07-25
11748,52,2025-06-11
11748,33,2024-06-18
11749,11,2024-11-05
11749,42,2024-05-23
11750,29,2025-06-10
11751,43,2024-10-29
11752,41,2024-10-02
11753,36,2024-12-17
11754,29,2028-09-18
11755,58,2024-09-29
11756,53,14/04/2024
11757,54,2024-05-04
11758,3,2024-10-12
11758,12,2024-08-14
11759,25,2024-10-26
11759,32,2024-08-09
11760,13,2025-02-08
11761,22,2024-12-27
11762,17,08-28-2024
11763,30,2024-03-19
11763,54,N/A
11764,10,2027-09-28
11765,16,10-11-2024
11765,44,2025-06-05
115744,3,2025-03-12
11766,20,0000-00-00
11766,41,2025-04-24
11767,39,2024-11-08
11767,30,"July 05, 2024"
11767,36,02-22-2024
11768,14,2024-08-10
11768,50,2024-09-14
11769,48,2025-02-13
11769,53,2024-06-15
11769,4,2024-11-10
11770,45,N/A
11770,20,2025-02-28
11771,15,2024-11-15
11771,56,"January 10, 2025"
11771,13,2024-03-28
11772,27,2024-12-17
11773,18,2024-09-19
11774,36,2025-04-15
11774,48,
11775,13,2024-03-17
11776,35,2024-12-26
11777,25,2025-08-01
11778,50,2025-07-15
11779,2,2025-02-12
11780,50,
11780,17,2024-07-08
11781,29,2024-12-18
11782,46,2024-03-11
11782,26,2024-07-01
11783,32,2024-08-30
11783,28,2025-04-07
11784,4,2024-12-06
11785,15,2025-02-05
11785,55,2024-04-29
11786,50,
11786,9,1899-12-30
11787,38,03-11-2025
11787,5,2024-10-25
11788,18,"June 17, 2029"
11789,47,2024-09-07
11790,4,2024-08-03
11790,48,2024-02-29
117678,31,2024-08-29
11791,31,2024-06-11
11792,28,
11793,38,2024-11-17
11794,14,2025-04-21
11794,48,2024-12-31
11795,54,16 Jan 2025
11796,18,2024-10-06
11797,18,2024-11-26
11798,19,2024-11-24
11798,22,2025-07-10
11798,3,2024-10-25
11799,10,2025-04-02
11799,16,2024-12-19
11800,15,2024-05-24
11801,28,2024-04-17
11801,44,2024-07-27
11801,17,2025-01-03
11802,59,2024-10-14
11802,40,2024-07-27
11802,27,2025-05-02
11803,20,2025-02-11
11803,52,2025-01-08
11803,29,2024/07/14 00:00:00
11804,34,2024-09-02
11805,20,2025-03-01
11806,49,2025-01-11
11807,12,04/06/2025
11807,56,2025-05-25
11807,8,2024-05-22
11808,6,2024-07-10
11809,54,2024-05-12
11810,38,2024-08-11
11811,49,2024-09-13
11811,53,2025-03-04
11811,15,2024-02-06
11812,12,2024-04-12
11812,39,2025-05-24
11812,26,2025-04-08
11813,36,2025-05-24
11813,8,2024-06-04
11813,48,2025-04-16
11814,34,2024-12-27
11814,18,2024-08-03
11814,36,2024-10-20
11815,11,2024-04-05
11816,54,01/11/2024
11816,40,2025-05-08
11817,15,2024-04-15
11818,32,"October 28, 2024"
11818,29,2024-10-21
11818,50,
11819,4,25/10/2024
11820,54,2024-07-17
11821,54,2024-12-24
11822,36,2025-01-16
11822,32,2024-06-28
11822,14,2025-05-21
11823,19,2024-11-20
11824,39,10-21-2024
11824,23,2024-08-20
11825,14,
11825,8,05-29-2026
11825,17,2024-12-28
11826,16,
11827,30,2025-03-26
11827,44,2024-11-04
11828,38,2024-08-05
11828,53,11/07/2025
11829,12,2024-01-27
11830,42,2024/08/06 00:00:00
11831,57,2024-08-14
11831,29,2024-08-11
11831,52,2025-03-28
11832,28,"July 19, 2024"
11832,5,2024-07-19
11833,50,2024-10-29
11834,32,2024-11-16
11834,20,2029-01-22
11834,52,2024-09-04
11835,54,2025-07-20
11836,39,2024-04-19
11836,15,2025-03-22
11837,53,"March 30, 2025"
118197,20,19/02/2025
11839,18,2024-09-19
11840,44,2024-12-29
11840,4,2025-13-05
11841,26,2024-01-14
11841,24,2025-02-19
11842,16,2024-10-03
11843,7,2024-03-23
11843,28,2025-01-24
11844,32,2024-12-17
11845,33,2025-08-11
11846,24,2024-12-05
11846,29,2024-10-06
11847,54,2024-11-23
11848,53,2024-07-18
11849,12,2025-05-16
11850,31,2024-05-29
11851,28,2024-09-03
11851,20,2025-07-05
148968,22,2024-11-16
11852,20,2024-05-21
11853,20,2024-08-09
11853,49,2025-05-23
11853,7,2025-01-24
11854,29,2024-08-31
11854,55,2024-10-31
11854,13,2026-09-12
11855,31,2025-02-13
11855,17,2024-11-28
11855,48,2024-07-29
11856,13,2024-11-03
188171,34,0000-00-00
11858,19,2024-07-02
11859,39,2024-03-15
11859,26,2025-04-04
11860,50,2024-09-02
11861,20,2024-08-15
11861,34,01/01/1970
11861,59,2025-01-22
11862,25,2025-05-01
11862,54,2024-04-10
11862,27,2024-06-04
11863,47,2024-06-29
11864,20,2025-01-11
11865,48,2024-07-03
11866,24,
11866,60,2025-06-04
11867,9,2024-07-20
11868,49,2025-06-22
11868,39,2025-01-15
11869,54,2024-10-11
11870,44,
11871,35,09-04-2024
11871,57,"June 28, 2024"
11871,30,1970-01-01
11872,15,2024-11-13
11873,28,2025-04-05
11873,26,2024-08-02
11874,36,2024-07-22
11875,34,2025-07-07
11876,38,2025-07-12
11877,20,2024-09-24
11877,10,2025-06-25
11878,39,2024-07-29
11878,29,2024-08-13
11879,43,2024-10-13
11880,28,
11880,48,2025-05-10
11880,39,2024-12-23
11881,30,2024-06-06
11881,20,2024-04-24
11881,28,2024-08-17
11882,29,2025-01-15
11883,29,2024-10-03
11884,34,2026-01-11
11885,40,2024-06-26
11886,36,2024-07-14
11886,13,2024-12-28
11887,7,2024-08-02
11888,26,2024-04-21
11889,7,2024-06-21
11890,9,"July 20, 2024"
11891,18,2024-03-27
11892,9,2024-07-08
11892,10,2025-07-09
11893,48,2024-05-19
11893,27,2024-12-26
11894,12,2024-10-31
11894,30,2024-07-15
11894,28,21 Oct 2024
11895,7,2024-08-24
11896,48,2025-02-25
11896,16,2024-09-26
11897,50,2030-06-12
11898,50,2024-07-15
122258,16,2025-01-06
11899,20,"May 05, 2025"
11900,34,19/03/2025
11901,56,2024-11-29
11902,52,2024-09-11
11903,29,2024-06-05
11904,20,2025-06-24
11905,22,1900-01-01
11906,50,2025-02-24
11907,36,2024-06-18
11908,38,2024-05-16
11908,20,2024-10-25
11909,40,0000-00-00
11909,44,2024-03-18
11910,29,2024-09-23
11910,33,2025-04-11
11911,44,12-20-2024
11911,18,2024-11-14
11912,3,2024-08-03
11913,39,2024-02-14
170665,50,2024-06-07
11914,10,2024-12-11
11914,22,2024-11-06
11915,31,2025-02-14
11916,40,"June 05, 2025"
11917,6,2024-12-01
11917,53,2024-08-05
11917,3,2024-12-07
11918,44,24 Jan 2025
11919,38,2024-03-29
11920,20,2024-05-12
11921,17,2025-05-03
11922,39,2025-04-23
11923,37,2024-07-26
11923,29,2024-08-05
11924,15,2024-09-25
11924,20,2024-11-28
11925,27,
11926,11,2025-05-07
11927,48,2025-03-19
11928,49,2024-11-23
11929,19,
11930,43,2024-07-17
11930,42,2024-12-02
11931,9,2024-10-09
11932,30,2024-10-14
11932,50,2024-08-11
11933,48,2025-07-02
11934,32,
11935,42,"January 23, 2025"
11935,34,09 Sep 2024
11936,44,2024-08-13
11937,44,2024-08-13
11937,18,2024-02-12
11937,12,2025-04-13
11938,4,2024-12-08
11939,20,2024-10-26
11940,4,2024-12-27
11941,24,
11942,38,2024-12-05
11943,27,2024-10-12
11944,35,"August 02, 2025"
11945,39,01-08-2025
11946,26,2024/10/27 00:00:00
152019,44,2024-09-03
11947,12,2024-12-31
11948,27,03-23-2024
11949,17,2024-03-08
11949,6,17 Jul 2024
11950,12,2025-06-21
11950,28,2024-08-09
11951,15,2024-10-28
11952,18,12/01/2025
11953,36,2024-03-30
11954,31,2025-02-03
11955,37,31/02/2025
11955,57,2024-09-21
11955,48,2025-01-31
11956,37,"April 10, 2025"
11956,26,2024-11-20
11957,58,2025-06-02
11958,32,08-12-2024
11958,44,N/A
11958,29,2025-04-09
11959,34,04-23-2024
11960,30,2024-02-26
11960,41,11 May 2025
11961,59,2024-12-11
11962,23,2024-07-28
11962,31,2024-09-07
11962,14,2025-02-20
11963,10,05/05/2024
11964,31,2029-04-11
11964,32,2025-01-18
11965,17,2025-01-14
11965,47,2025-03-24
11966,59,2025-04-25
11967,5,2024-05-14
11967,28,03-23-2024
11968,9,2024-09-28
11968,35,2024-06-24
11969,37,31/02/2025
11970,18,2024-03-26
145119,3,2024-02-25
11972,10,2024-05-06
11973,59,2024-11-21
11974,42,2024-09-08
11975,13,2024/06/13 00:00:00
11976,56,"November 27, 2024"
11977,7,2025-06-27
11977,12,2024-11-11
11977,54,"April 09, 2025"
11978,28,2024-05-23
11979,33,2025-03-01
11980,13,2025-02-06
11981,39,2024-08-13
11982,44,2024-11-05
11983,18,02 Aug 2024
11983,37,2025-02-03
11984,6,2025-13-05
11985,32,N/A
156499,54,31/02/2025
11985,20,2025/06/05 00:00:00
11986,5,2024-12-28
11986,41,07-30-2024
11987,31,2024-07-02
11988,16,2025-01-06
11988,14,2024-07-07
11988,8,2024-11-21
11989,10,2025-01-27
11990,5,2025-04-25
11991,18,2025/03/13 00:00:00
11991,37,2024-07-09
11992,21,2025-01-19
11993,58,1899-12-30
11994,26,2024-12-02
11995,26,2024-06-03
11996,13,2024-07-19
11997,44,2025-06-06
11998,53,2024/04/29 00:00:00
11999,23,2024-08-14
12000,59,2024-07-08
12001,25,2025-03-13
12002,21,2025-10-09
12003,7,2025-01-25
12004,33,2025-06-16
12005,30,2025-02-12
12006,10,2025-07-20
12007,52,2024-11-11
12008,6,2025-06-07
158184,15,2025-08-06
12010,36,2029-06-11
12011,9,2026-01-10
12012,9,2025-10-19
12013,17,2026/02/18 00:00:00
12014,29,2024-10-04
12015,26,10/07/2025
12016,42,2025-08-09
12017,16,2024-08-22
12018,59,2026-01-23
12019,46,08-02-2025
12020,44,2024-11-21
12021,7,06 May 2025
12022,23,"April 03, 2025"
12023,32,2025-03-01
12024,56,2025-04-20
12025,43,2025-08-07
12026,38,2024-10-02
12027,51,2025-08-27
12028,17,2024-09-07
12029,35,2025-05-23
12030,8,2025/02/07 00:00:00
12031,16,2025-03-08
12032,32,2025-10-01
12033,23,
12034,27,2025/10/13 00:00:00
12035,35,
12036,57,2025-06-10
12037,28,"January 01, 2027"
12038,14,"February 08, 2026"
12039,13,29 Dec 2024
12040,37,2026-03-27
12041,26,09-27-2025
12042,20,2024-12-22
12043,35,2026-01-31
12044,3,31/02/2025
12045,60,2025-01-10
12046,36,2025-02-08
12047,2,2025-09-10
12048,10,2024-09-23
12049,17,2024-09-05
12050,58,2025-08-12
12051,1,2024-09-30
12052,6,2024-12-11
12053,12,2025-03-17
12054,36,2025-01-04
12055,16,2025-08-04
12056,28,2025-03-31
12057,25,
12058,34,10-29-2025
12059,25,2024-12-28
12060,24,2025-04-23
12061,45,2025-05-07
12062,53,"June 20, 2025"
133924,25,2024-04-18
12064,9,04/06/2025
12065,38,22/01/2025
12066,29,2025-01-10
12067,8,2024-07-24
12068,53,2025-01-29
12069,11,2025-07-28
12070,4,2025-11-07
12071,56,2025-07-29
123043,11,2024-09-17
12073,60,2025-12-24
12074,6,2024-12-31
12075,34,2024-07-18
12076,2,2025-08-08
12077,4,2025-09-12
12078,42,
12079,53,2025-10-16
12080,51,2025-13-05
12081,53,2025-11-09
12082,33,1900-01-01
12083,21,2025-07-08
12084,47,2025-10-15
12085,12,12-31-2024
12086,15,2025-05-18
12087,14,08-21-2025
12088,16,2024-08-18
12089,23,2025-04-06
12090,42,2025-11-28
12091,16,2025-04-21
12092,39,0000-00-00
12093,16,2025-04-14
12094,45,1970-01-01
12095,59,2025-01-11
12096,11,2024-10-05
12097,22,2026-03-14
12098,56,2025-08-21
12099,57,2025-02-05
12100,26,2025-04-01
12101,37,2024-10-08
12102,60,31/02/2025
12103,18,09/05/2025
12104,11,2025-08-07
12105,21,2025-06-12
12106,33,2025-07-21
12107,9,2025/01/27 00:00:00
12108,48,2024-09-30
12109,11,2026-04-22
12110,50,2024-12-25
12111,17,2025-02-21
12112,58,2024-08-05
12113,13,N/A
12114,19,2025/06/25 00:00:00
12115,22,2024-12-23
12116,40,2026-01-07
12117,9,2025-07-19
12118,30,2024-11-10
12119,47,"April 05, 2025"
12120,46,
12121,17,2025/01/30 00:00:00
12122,33,2025-07-17
12123,6,0000-00-00
12124,38,2025-10-28
12125,11,11/08/2024
12126,29,2025-11-15
12127,49,2024-11-30
12128,45,2025-06-27
12129,34,2025-05-08
12130,28,12-30-1899
12131,22,2026-01-16
12132,43,2025-09-30
12133,48,2024-07-25
12134,21,2025-01-13
12135,38,N/A
12136,33,2024-08-11
12137,13,16 Mar 2025
12138,11,2025-09-16
12139,58,2026-03-11
12140,3,2025-06-22
12141,24,2024-12-08
12142,13,2024-12-11
12143,15,2025-05-29
12144,27,2025-05-19
12145,27,2025-05-12
12146,14,2025-08-16
12147,11,2025-05-25
12148,19,2025-03-30
12149,27,2024-08-02
12150,47,04/12/2025
12151,54,2025-07-11
12152,29,2025-04-06
12153,44,
12154,22,
12155,4,2024-09-07
12156,7,2025-07-24
12157,5,22/11/2024
119113,46,2025-02-14
12159,37,26 Jan 2025
12160,37,2024-10-07
12161,16,2024-09-30
12162,53,2025-01-27
12163,50,2025-02-15
12164,10,2025-01-09
12165,14,2024-11-10
12166,59,2025-04-02
12167,27,2025-08-25
12168,16,2025-05-21
12169,54,2025-04-28
12170,60,"November 03, 2025"
12171,34,2025-08-15
12172,18,2026-03-18
12173,4,2025-02-14
12174,23,2025-05-09
12175,58,06/09/2025
12176,57,2025-03-16
12177,20,2026-03-18
12178,43,2025-02-06
12179,24,
12180,8,2025-11-11
12181,26,2029-05-05
12182,18,2024-07-13
12183,15,"March 11, 2025"
12184,30,2024-05-04
12185,8,2025-02-02
12186,16,2024-10-26
12187,24,"April 24, 2025"
12188,57,2024-08-17
12189,10,2024-10-17
12190,13,2025/01/12 00:00:00
12191,37,0000-00-00
12192,60,2024-10-10
12193,22,2025-12-04
12194,20,
12195,28,2025-01-24
12196,9,2025-08-15
12197,39,N/A
12198,23,30/12/1899
12199,18,2025-03-27
12200,15,2025-05-30
12201,23,2030-01-30
12202,41,2025-08-25
12203,9,2025/10/20 00:00:00
12204,40,
169536,52,2025-09-07
12206,23,2026-01-21
12207,13,2025-06-01
12208,24,2025-05-04
12209,31,2024/09/13 00:00:00
12210,29,2024-08-22
12211,16,2025-03-12
12212,32,2025-07-18
12213,50,2024-11-18
12214,37,2025-05-05
12215,16,2025-13-05
12216,52,30 May 2025
167638,45,12/07/2025
12218,1,2024-09-16
12219,48,2025-02-16
12220,55,"May 04, 2024"
12221,46,2025-02-20
12222,24,2025-07-19
12223,48,2025-11-03
12224,42,2025-09-04
12225,56,
12226,55,2024-09-27
12227,33,2025-05-24
12228,48,15/02/2026
12229,22,2024-12-23
12230,52,2025-10-12
12231,4,2025-05-30
12232,28,04-12-2025
12233,11,2025-13-05
12234,10,12/11/2024
12235,11,2025-02-07
12236,6,2024/10/30 00:00:00
12237,50,2026-05-02
12238,5,2025-06-24
12239,8,2026-01-24
12240,38,2025-09-19
115206,4,2025-10-16
12242,52,07 Oct 2025
12243,54,2025-03-02
12244,27,N/A
12245,15,2025-03-20
12246,26,
12247,10,
12248,38,"September 21, 2027"
12249,36,2028-01-29
12250,45,2025-08-11
12251,54,0000-00-00
12252,28,2024-11-06
12253,10,2024-08-21
12254,24,2025-06-27
12255,39,22/03/2025
12256,47,2025-04-29
12257,40,2025-07-13
12258,40,
12259,24,2025-08-23
12260,48,2025-04-10
12261,15,2024-12-02
12262,46,2026-01-10
12263,14,
12264,31,2025-06-07
145799,1,2026/01/09 00:00:00
12266,29,2025-02-01
12267,26,2025-10-08
12268,34,2024-05-25
12269,55,N/A
12270,50,2025-01-07
12271,52,2025-03-08
12272,31,2025-02-13
12273,25,2025-06-05
12274,4,2024-11-24
12275,46,2025-10-28
12276,17,2025-04-16
12277,27,2025-12-11
12278,30,13 Dec 2025
12279,42,12-15-2024
12280,50,2025-06-08
12281,47,2024-09-18
12282,31,2024-11-20
12283,60,01-19-2025
12284,39,2024-10-03
12285,58,2026-02-10
12286,15,2024-05-22
12287,19,15/04/2024
12288,29,24 Sep 2025
12289,50,2025-05-15
12290,41,N/A
12291,14,2024-11-24
12292,3,2025-10-15
12293,12,2025-01-14
12294,39,2025-07-27
12295,24,2025-04-22
12296,13,2024-07-09
12297,41,31/02/2025
12298,19,2024-08-26
12299,49,2025-09-06
12300,24,2024-10-27
12301,45,2025-05-19
12302,14,2024-08-09
12303,36,
12304,12,2025-04-19
12305,10,2025-04-03
12306,36,N/A
12307,21,2024-07-24
12308,58,2025-09-23
12309,30,2024-09-16
12310,48,2025-06-29
12311,60,2025-11-27
12312,8,2025-04-06
12313,44,2025-02-21
12314,1,2025-02-12
12315,43,2025-13-05
12316,40,2024/08/25 00:00:00
12317,6,2025-08-26
12318,10,2029-02-10
12319,13,2024-09-05
12320,33,2024-11-06
12321,33,2025-01-24
12322,20,2029-07-03
12323,33,2025-11-20
12324,45,2025-04-17
12325,51,2026-01-02
12326,23,2025-07-29
12327,50,2025-08-02
12328,38,2024-07-27
12329,24,2024/04/14 00:00:00
12330,53,11-06-2025
12331,27,2024-12-06
12332,48,2027-06-20
12333,27,15/05/2025
12334,51,2025-02-07
12335,2,2025-08-21
12336,38,2024-10-27
12337,49,2024-07-17
12338,2,2024-06-27
12339,4,26/09/2025
12340,38,01-01-1900
12341,49,
12342,16,2025-01-04
12343,36,2025-09-13
12344,14,2025-02-06
12345,22,2026-09-28
12346,19,2025-01-03
12347,16,2025-07-15
12348,25,2025-06-17
12349,46,08 Apr 2025
12350,60,2025-04-24
12351,42,2025-11-08
12352,44,2025-04-22
12353,21,"April 05, 2025"
12354,20,2025-02-06
12355,9,2025-02-03
12356,11,2025-09-15
12357,33,2030-06-06
12358,15,2026-09-03
12359,53,2025-06-04
12360,55,2024-12-08
12361,32,03-13-2025
120033,58,16 Nov 2024
12363,14,29 Sep 2024
12364,36,2025-12-04
12365,54,2025-10-07
12366,50,2025-08-01
12367,38,2025-08-22
12368,13,
12369,5,01-12-2025
12370,33,"June 11, 2025"
12371,53,2024-11-08
12372,46,2025-10-07
12373,37,
12374,47,2025-07-01
12375,25,2025-09-25
12376,28,2025-02-03
12377,55,2025-02-01
12378,33,2025-12-07
12379,54,"October 16, 2024"
12380,59,2025-08-25
12381,52,31/02/2025
12382,27,2024-12-03
12383,17,2025-02-02
12384,54,2024-12-31
12385,20,2025-09-20
12386,37,2025-03-08
12387,56,"May 17, 2025"
12388,10,2025-10-23
12389,48,2025-08-26
12390,49,1899-12-30
12391,32,1899-12-30
12392,52,
12393,46,09-04-2024
12394,17,2025-13-05
12395,52,
12396,5,2025-03-04
12397,6,2025-08-02
12398,39,2027-06-10
12399,40,2025-03-28
12400,45,08 Sep 2025
12401,4,2025-05-29
12402,49,2025-08-06
12403,31,2025-06-09
12404,39,2024-11-14
12405,9,
12406,42,N/A
12407,11,2024-12-14
12408,39,2025-05-19
12409,3,N/A
12410,17,2025-03-19
194734,49,2025-03-20
12412,45,2025-01-26
12413,10,2024-11-24
12414,52,2025/01/08 00:00:00
12415,34,2025-09-04
12416,35,01 Dec 2025
12417,55,2024-12-03
12418,37,2024-10-12
12419,9,0000-00-00
12420,43,2025-07-03
12421,53,0000-00-00
12422,19,2025-04-23
12423,25,2025-08-01
12424,30,
12425,48,2026-01-07
12426,57,2024-08-11
12427,47,2024-12-02
12428,3,28 Jan 2025
12429,29,2025-01-31
12430,40,"November 15, 2025"
12431,59,2024-10-16
12432,30,2026-03-08
12433,47,2025-04-25
12434,18,14/06/2025
12435,58,2025-03-06
12436,24,2025-10-05
12437,31,"July 10, 2024"
12438,12,2025-04-28
12439,4,05 Nov 2024
12440,33,2025-09-04
12441,47,2025-10-16
12442,10,2025-07-17
12443,31,2025-07-02
12444,23,2025-03-07
12445,31,2025-08-01
12446,33,2024-12-19
12447,4,2025-01-18
12448,53,2025-06-16
12449,46,
12450,35,2025-01-12
12451,49,05/09/2025
12452,4,2024-08-08
127072,31,01-09-2026
12454,12,2025-07-02
12455,26,13/11/2025
12456,30,2025-05-24
12457,11,2025-04-10
12458,30,2025-07-01
12459,16,2025-12-01
12460,60,01-30-2025
12461,3,2025-03-08
12462,14,"November 30, 2024"
12463,4,2025-01-05
12464,14,2025-05-18
12465,43,2025-06-14
12466,37,2025-06-17
12467,50,06-07-2025
12468,6,2025-08-04
12469,36,2024-08-17
12470,58,2025-08-05
12471,56,2025-09-03
12472,7,"November 27, 2024"
12473,25,29 Jul 2025
12474,60,2025-09-20
12475,40,"January 26, 2025"
12476,21,12/11/2025
12477,13,2025-10-02
12478,29,2025-07-11
12479,56,2025-09-08
12480,36,2025-08-20
12481,14,12-02-2025
12482,58,2025-11-21
12483,14,27 Mar 2025
12484,36,2025-05-10
12485,46,12 Jan 2025
12486,54,2025-06-10
12487,35,08/08/2025
12488,15,2025-02-25
12489,42,2024-12-22
12490,11,2025-03-27
12491,42,2025-04-13
12492,38,2025-12-29
12493,35,2025-05-20
12494,28,2025-09-10
12495,5,2025-10-26
12496,37,2025-07-08
12497,6,2025/07/01 00:00:00
12498,44,2024-07-28
12499,19,2025-07-24
12500,49,2024-07-14
12501,44,31/02/2025
12502,40,2025-01-18
12503,48,2025-12-01
113776,41,2025-09-18
12505,16,2025-05-02
12506,14,2024-10-24
12507,16,
12508,43,"June 27, 2025"
12509,26,2025-03-05
12510,42,2026-01-03
12511,12,2024-11-16
12512,14,2024/12/07 00:00:00
12513,28,2024-07-18
12514,57,2024/09/26 00:00:00
12515,54,2026-01-14
12516,58,2024-09-03
12517,47,2024-10-13
12518,59,2024-10-12
12519,60,2026-01-12
12520,27,N/A
12521,42,2025-02-02
12522,42,2025-06-29
12523,39,19 Aug 2025
12524,15,2025/10/19 00:00:00
12525,57,2025-12-30
12526,23,31/02/2025
12527,59,06-26-2025
12528,57,2025-03-24
12529,5,2025-06-02
169017,11,2024-03-09
12531,34,unknown
12532,30,2025-06-27
12533,6,2025-01-18
12534,32,07-29-2025
12535,10,
12536,8,2026-04-28
12537,4,2024-10-06
12538,17,"July 21, 2028"
12539,27,2025-04-01
12540,42,2025-01-27
1173,60,2024-07-03
8022,35,2025-03-23
2067,42,
139365,56,2024-07-21
1126,60,2025-03-24
4740,3,2024-06-12
354,17,2024-06-28
5100,38,2025-05-01
6906,23,2024-04-08
5714,25,2024-05-26
8813,34,20 May 2024
11759,25,"October 26, 2024"
5589,19,2024-04-12
10954,31,"June 09, 2025"
11023,53,30/12/1899
7929,32,2025-02-20
1904,3,2025-04-19
10957,7,01 Jan 1900
3674,16,2024-11-28
2286,31,2025-06-18
6416,21,2025-07-06
11133,18,2024-05-07
2716,57,2025-01-22
2399,42,2025-02-16
4529,34,2024-10-13
10551,44,15 Dec 2024
8754,50,2024-05-07
7978,41,29/05/2024
4525,14,2025-06-04
8338,13,2024-05-19
2210,29,2025-13-05
1109,38,2024-04-12
11580,11,2025-01-03
2022,10,2025-02-05
1980,45,08/05/2025
5894,36,2025-03-29
2165,35,2025-02-06
8256,60,2025-04-22
3692,51,2024-07-24
9543,39,2024-05-05
9453,22,2025-01-22
1186,56,2024-05-04
9254,53,2024-08-01
8655,52,2024-01-11
2031,9,2025-02-13
4972,41,2025-05-29
5838,7,1899-12-30
920,7,
11541,52,0000-00-00
10060,35,2025-03-21
126530,5,N/A
3559,54,
6976,59,2025-02-16
10954,3,2024-06-15
2755,33,2029-03-26
8243,22,2024-04-23
11483,35,0000-00-00
10924,27,2025-03-09
5286,11,
404,12,07-05-2025
9253,20,"November 03, 2024"
8696,26,2024-10-12
9098,4,09-12-2024
7182,48,2025-03-11
12073,60,2025-12-24
6854,60,2025-03-06
12351,42,2025-11-08
3311,42,2024-11-13
8787,54,
9071,59,2024-06-11
1784,52,2024-08-06
3083,3,2025-02-17
7314,20,17 Mar 2025
12022,23,2025-04-03
3714,46,2024-07-27
10603,56,
3337,39,2025-02-05
8407,3,2024-08-10
8636,51,2024-10-15
6386,10,2025-01-31
7739,36,24/07/2025
11430,12,2024/04/01 00:00:00
8570,31,"August 15, 2024"
4001,26,2025-04-01
2056,60,29/10/2024
6212,11,2024-09-14
12118,30,31/02/2025
10926,11,2024-07-25
9694,13,24 Oct 2024
321,60,2024-08-21
5020,4,2024/04/08 00:00:00
4116,14,2024-12-02
1752,49,2025-13-05
4703,19,2024-06-25
10027,27,21/11/2024
2113,4,31/02/2025
3084,32,29/08/2024
1358,28,2025-03-17
116,53,2024-05-05
8918,31,2024-07-06
2043,14,2025-03-27
5952,8,2025-06-10
6190,28,2024-06-24
11874,36,2024-07-22
12184,30,31/02/2025
8864,2,2024-12-10
9610,27,2025-01-04
11148,29,2025-03-05
10757,26,04/06/2024
5692,54,"October 20, 2024"
680,60,2025-03-24
1925,29,2024-12-05
8209,52,2024-10-14
7540,4,2024-08-04
8365,21,2025-01-11
11693,12,2024-07-03
389,12,2024-05-20
2323,27,2024/09/08 00:00:00
11079,50,2025-05-19
1884,20,2024-07-20
362,6,2024-04-30
3589,60,2024-08-12
6256,47,2025-01-03
2718,34,2024-12-20
1996,13,2024/11/03 00:00:00
11868,39,2025-01-15
1613,16,2025-06-24
8287,20,2024-05-15
8103,49,2024-06-25
11682,58,2024-11-16
7560,36,2025-07-03
12170,60,"November 03, 2025"
107,43,"April 16, 2024"
6729,4,2024-05-03
337,37,2025-06-24
11695,10,2024/03/11 00:00:00
1760,38,2024-07-04
4946,1,16 Feb 2025
1246,45,2024-03-30
3554,38,0000-00-00
9334,30,2025-04-24
5397,52,"March 16, 2025"
3452,30,2025-01-09
8778,53,2024-09-12
3376,41,2025-02-07
9994,50,2025-01-13
11166,13,2024-06-29
1179,6,2024-10-11
11952,18,12 Jan 2025
11380,57,2024-04-17
629,42,2024-08-06
5919,50,2024-10-09
11582,37,0000-00-00
5313,7,2025-04-11
8417,19,
3927,17,2024-04-15
903,24,2026-03-30
1085,7,2025-02-17
8223,50,2025-03-01
10508,50,2025-02-23
1825,49,2024-05-18
11558,15,N/A
9324,50,24 Apr 2024
487,24,2025-04-05
8173,50,1899-12-30
1653,59,04/10/2024
8480,30,2024-04-26
1690,13,2025/04/10 00:00:00
3116,3,2025-07-30
6265,12,2025-01-14
11708,19,2025-04-27
4192,15,2025-05-01
6708,57,2025-06-21
6305,39,2025-06-25
210,30,2024-11-20
9130,11,2025-02-18
8401,15,2025-04-28
188,24,01-05-2025
440,40,2024-12-19
10579,2,2024-05-24
1845,45,03/06/2024
1633,36,2025-01-21
1342,44,2024-09-17
11137,20,2024-09-02
12256,47,04-29-2025
4734,50,2025-02-19
2801,54,2024-05-23
12505,16,2025-05-02
10723,45,01 Jan 1970
6929,57,2024-07-01
11979,33,2025-03-01
2621,50,11-07-2024
7132,50,2028-04-18
5220,26,2024-09-23
11555,40,2025-01-26
3289,31,2024-06-17
7487,32,2025-03-06
9776,10,2024-07-28
11578,33,2025-01-14
10202,36,"October 27, 2024"
6369,26,2025-05-17
11423,29,2024-12-04
1508,51,2024-11-13
90,32,2024-08-04
418,10,2024-12-05
7130,31,2025-02-23
740,31,30 Dec 1899
8534,27,2024-08-31
6861,29,2025-02-21
9363,14,2027-07-01
5906,58,2024-11-12
8101,36,2024-02-09
3343,4,2024-10-28
7203,16,2024-06-23
1077,57,2024-10-29
771,2,2025-06-24
5243,6,1970-01-01
1226,20,2024-05-13
10604,49,2025-04-09
8986,32,2025-08-02
6520,50,2025-01-11
9474,29,2024-08-07
3181,39,2024-07-03
12311,60,2025-11-27
10825,28,2024-04-28
5663,46,2024-09-05
10237,17,2025-01-25
2684,9,2025-01-02
1797,23,16/03/2025
6914,30,2024-07-21
8840,29,2025-03-20
8608,54,1899-12-30
175447,36,2024-10-19
6141,37,2025-02-04
4413,13,2025-03-25
3204,24,2024-10-20
5430,40,2025-07-27
3081,15,2024-11-17
5044,47,2025-06-07
372,11,"January 03, 2025"
4336,15,11 Oct 2024
1920,3,2024-06-21
11828,38,2024-08-05
11594,53,2025-01-04
188497,26,"July 04, 2025"
7700,30,2024/11/17 00:00:00
10489,60,2024-07-27
5757,26,2024-11-21
3737,20,2024-05-30
8341,2,2025-03-12
7937,51,2024-06-21
6433,4,
12145,27,2025-05-12
2542,13,2024-11-03
4452,53,2024-12-25
11827,44,2024-11-04
2129,20,2025-01-15
11807,12,2025-06-04
2252,52,2024-12-14
7286,8,2025-06-27
10462,50,2024-04-06
3064,30,2024-08-16
8538,21,2024-11-21
8531,15,2024-10-27
2464,23,2025-06-18
1046,27,2024-03-10
528,59,2024-12-09
11058,13,2025-03-07
2309,60,2024-11-07
254,35,2024-09-11
107,59,2024-04-19
174553,32,2025-01-05
9875,47,2024-12-08
9306,46,08-30-2024
3665,59,2024-12-25
614,44,2025-04-16
12374,47,2025-07-01
4120,7,2024-02-26
441,13,2024-10-30
3403,20,
9365,43,2024-06-26
1225,60,2025-04-27
9450,12,2025-04-04
9531,10,2025-08-18
3826,60,2024-09-24
2549,17,31/02/2025
7947,7,2024-12-13
5860,35,2024-10-27
2975,52,31/02/2025
4651,29,2024-12-29
9073,26,2024-08-20
237,17,2025-03-11
2093,39,2024-12-06
11309,12,2024-08-12
9056,57,08 Aug 2024
9933,52,2024-12-03
10103,36,2024-11-25
5862,47,2025-02-18
